AXIOM_AUDIT|DECL|IUTThreeClosures.ABCBidirectionalEnergyPythagoreanObstruction20260903|IUTThreeClosures.ABCBidirectionalEnergyPythagoreanObstruction20260903.PrimeHypotenuseDatum|propext
AXIOM_AUDIT|DECL|IUTThreeClosures.ABCBidirectionalEnergyPythagoreanObstruction20260903|IUTThreeClosures.ABCBidirectionalEnergyPythagoreanObstruction20260903.PrimeHypotenuseDatum.X|propext
AXIOM_AUDIT|DECL|IUTThreeClosures.ABCBidirectionalEnergyPythagoreanObstruction20260903|IUTThreeClosures.ABCBidirectionalEnergyPythagoreanObstruction20260903.PrimeHypotenuseDatum.X_coprime_Y|Classical.choice,Quot.sound,propext
AXIOM_AUDIT|DECL|IUTThreeClosures.ABCBidirectionalEnergyPythagoreanObstruction20260903|IUTThreeClosures.ABCBidirectionalEnergyPythagoreanObstruction20260903.PrimeHypotenuseDatum.X_factorization|propext
AXIOM_AUDIT|DECL|IUTThreeClosures.ABCBidirectionalEnergyPythagoreanObstruction20260903|IUTThreeClosures.ABCBidirectionalEnergyPythagoreanObstruction20260903.PrimeHypotenuseDatum.X_le_p|Quot.sound,propext
AXIOM_AUDIT|DECL|IUTThreeClosures.ABCBidirectionalEnergyPythagoreanObstruction20260903|IUTThreeClosures.ABCBidirectionalEnergyPythagoreanObstruction20260903.PrimeHypotenuseDatum.X_le_p._proof_1_1|Quot.sound,propext
AXIOM_AUDIT|DECL|IUTThreeClosures.ABCBidirectionalEnergyPythagoreanObstruction20260903|IUTThreeClosures.ABCBidirectionalEnergyPythagoreanObstruction20260903.PrimeHypotenuseDatum.X_odd|Classical.choice,Quot.sound,propext
AXIOM_AUDIT|DECL|IUTThreeClosures.ABCBidirectionalEnergyPythagoreanObstruction20260903|IUTThreeClosures.ABCBidirectionalEnergyPythagoreanObstruction20260903.PrimeHypotenuseDatum.X_pos|propext
AXIOM_AUDIT|DECL|IUTThreeClosures.ABCBidirectionalEnergyPythagoreanObstruction20260903|IUTThreeClosures.ABCBidirectionalEnergyPythagoreanObstruction20260903.PrimeHypotenuseDatum.Y|propext
AXIOM_AUDIT|DECL|IUTThreeClosures.ABCBidirectionalEnergyPythagoreanObstruction20260903|IUTThreeClosures.ABCBidirectionalEnergyPythagoreanObstruction20260903.PrimeHypotenuseDatum.Y_le_p|Classical.choice,Quot.sound,propext
AXIOM_AUDIT|DECL|IUTThreeClosures.ABCBidirectionalEnergyPythagoreanObstruction20260903|IUTThreeClosures.ABCBidirectionalEnergyPythagoreanObstruction20260903.PrimeHypotenuseDatum.Y_pos|Classical.choice,Quot.sound,propext
AXIOM_AUDIT|DECL|IUTThreeClosures.ABCBidirectionalEnergyPythagoreanObstruction20260903|IUTThreeClosures.ABCBidirectionalEnergyPythagoreanObstruction20260903.PrimeHypotenuseDatum._sizeOf_1|propext
AXIOM_AUDIT|DECL|IUTThreeClosures.ABCBidirectionalEnergyPythagoreanObstruction20260903|IUTThreeClosures.ABCBidirectionalEnergyPythagoreanObstruction20260903.PrimeHypotenuseDatum._sizeOf_inst|propext
AXIOM_AUDIT|DECL|IUTThreeClosures.ABCBidirectionalEnergyPythagoreanObstruction20260903|IUTThreeClosures.ABCBidirectionalEnergyPythagoreanObstruction20260903.PrimeHypotenuseDatum.casesOn|propext
AXIOM_AUDIT|DECL|IUTThreeClosures.ABCBidirectionalEnergyPythagoreanObstruction20260903|IUTThreeClosures.ABCBidirectionalEnergyPythagoreanObstruction20260903.PrimeHypotenuseDatum.coprime|propext
AXIOM_AUDIT|DECL|IUTThreeClosures.ABCBidirectionalEnergyPythagoreanObstruction20260903|IUTThreeClosures.ABCBidirectionalEnergyPythagoreanObstruction20260903.PrimeHypotenuseDatum.ctorIdx|propext
AXIOM_AUDIT|DECL|IUTThreeClosures.ABCBidirectionalEnergyPythagoreanObstruction20260903|IUTThreeClosures.ABCBidirectionalEnergyPythagoreanObstruction20260903.PrimeHypotenuseDatum.endpointSinkPrime_dvd_X_or_Y|Classical.choice,Quot.sound,propext
AXIOM_AUDIT|DECL|IUTThreeClosures.ABCBidirectionalEnergyPythagoreanObstruction20260903|IUTThreeClosures.ABCBidirectionalEnergyPythagoreanObstruction20260903.PrimeHypotenuseDatum.endpointSinkPrime_fourth_le_p_cube|Classical.choice,Quot.sound,propext
AXIOM_AUDIT|DECL|IUTThreeClosures.ABCBidirectionalEnergyPythagoreanObstruction20260903|IUTThreeClosures.ABCBidirectionalEnergyPythagoreanObstruction20260903.PrimeHypotenuseDatum.endpointSinkPrime_le_m_add_n|Classical.choice,Quot.sound,propext
AXIOM_AUDIT|DECL|IUTThreeClosures.ABCBidirectionalEnergyPythagoreanObstruction20260903|IUTThreeClosures.ABCBidirectionalEnergyPythagoreanObstruction20260903.PrimeHypotenuseDatum.endpointSinkPrime_le_m_add_n._proof_1_1|Classical.choice,Quot.sound,propext
AXIOM_AUDIT|DECL|IUTThreeClosures.ABCBidirectionalEnergyPythagoreanObstruction20260903|IUTThreeClosures.ABCBidirectionalEnergyPythagoreanObstruction20260903.PrimeHypotenuseDatum.endpointSourcePrime_eq_p|Classical.choice,Quot.sound,propext
AXIOM_AUDIT|DECL|IUTThreeClosures.ABCBidirectionalEnergyPythagoreanObstruction20260903|IUTThreeClosures.ABCBidirectionalEnergyPythagoreanObstruction20260903.PrimeHypotenuseDatum.four_le_p|Quot.sound,propext
AXIOM_AUDIT|DECL|IUTThreeClosures.ABCBidirectionalEnergyPythagoreanObstruction20260903|IUTThreeClosures.ABCBidirectionalEnergyPythagoreanObstruction20260903.PrimeHypotenuseDatum.four_le_p._proof_1_1|Quot.sound,propext
AXIOM_AUDIT|DECL|IUTThreeClosures.ABCBidirectionalEnergyPythagoreanObstruction20260903|IUTThreeClosures.ABCBidirectionalEnergyPythagoreanObstruction20260903.PrimeHypotenuseDatum.four_log_endpointSinkPrime_le_three_log_p|Classical.choice,Quot.sound,propext
AXIOM_AUDIT|DECL|IUTThreeClosures.ABCBidirectionalEnergyPythagoreanObstruction20260903|IUTThreeClosures.ABCBidirectionalEnergyPythagoreanObstruction20260903.PrimeHypotenuseDatum.m|propext
AXIOM_AUDIT|DECL|IUTThreeClosures.ABCBidirectionalEnergyPythagoreanObstruction20260903|IUTThreeClosures.ABCBidirectionalEnergyPythagoreanObstruction20260903.PrimeHypotenuseDatum.m_add_n_sq_le_two_mul_p|Classical.choice,Quot.sound,propext
AXIOM_AUDIT|DECL|IUTThreeClosures.ABCBidirectionalEnergyPythagoreanObstruction20260903|IUTThreeClosures.ABCBidirectionalEnergyPythagoreanObstruction20260903.PrimeHypotenuseDatum.m_pos|propext
AXIOM_AUDIT|DECL|IUTThreeClosures.ABCBidirectionalEnergyPythagoreanObstruction20260903|IUTThreeClosures.ABCBidirectionalEnergyPythagoreanObstruction20260903.PrimeHypotenuseDatum.mk|propext
AXIOM_AUDIT|DECL|IUTThreeClosures.ABCBidirectionalEnergyPythagoreanObstruction20260903|IUTThreeClosures.ABCBidirectionalEnergyPythagoreanObstruction20260903.PrimeHypotenuseDatum.mk._flat_ctor|propext
AXIOM_AUDIT|DECL|IUTThreeClosures.ABCBidirectionalEnergyPythagoreanObstruction20260903|IUTThreeClosures.ABCBidirectionalEnergyPythagoreanObstruction20260903.PrimeHypotenuseDatum.mk.inj|propext
AXIOM_AUDIT|DECL|IUTThreeClosures.ABCBidirectionalEnergyPythagoreanObstruction20260903|IUTThreeClosures.ABCBidirectionalEnergyPythagoreanObstruction20260903.PrimeHypotenuseDatum.mk.injEq|propext
AXIOM_AUDIT|DECL|IUTThreeClosures.ABCBidirectionalEnergyPythagoreanObstruction20260903|IUTThreeClosures.ABCBidirectionalEnergyPythagoreanObstruction20260903.PrimeHypotenuseDatum.mk.noConfusion|propext
AXIOM_AUDIT|DECL|IUTThreeClosures.ABCBidirectionalEnergyPythagoreanObstruction20260903|IUTThreeClosures.ABCBidirectionalEnergyPythagoreanObstruction20260903.PrimeHypotenuseDatum.mk.sizeOf_spec|propext
AXIOM_AUDIT|DECL|IUTThreeClosures.ABCBidirectionalEnergyPythagoreanObstruction20260903|IUTThreeClosures.ABCBidirectionalEnergyPythagoreanObstruction20260903.PrimeHypotenuseDatum.mod_four|propext
AXIOM_AUDIT|DECL|IUTThreeClosures.ABCBidirectionalEnergyPythagoreanObstruction20260903|IUTThreeClosures.ABCBidirectionalEnergyPythagoreanObstruction20260903.PrimeHypotenuseDatum.n|propext
AXIOM_AUDIT|DECL|IUTThreeClosures.ABCBidirectionalEnergyPythagoreanObstruction20260903|IUTThreeClosures.ABCBidirectionalEnergyPythagoreanObstruction20260903.PrimeHypotenuseDatum.n_lt_m|propext
AXIOM_AUDIT|DECL|IUTThreeClosures.ABCBidirectionalEnergyPythagoreanObstruction20260903|IUTThreeClosures.ABCBidirectionalEnergyPythagoreanObstruction20260903.PrimeHypotenuseDatum.n_pos|propext
AXIOM_AUDIT|DECL|IUTThreeClosures.ABCBidirectionalEnergyPythagoreanObstruction20260903|IUTThreeClosures.ABCBidirectionalEnergyPythagoreanObstruction20260903.PrimeHypotenuseDatum.n_sq_lt_m_sq|propext
AXIOM_AUDIT|DECL|IUTThreeClosures.ABCBidirectionalEnergyPythagoreanObstruction20260903|IUTThreeClosures.ABCBidirectionalEnergyPythagoreanObstruction20260903.PrimeHypotenuseDatum.noConfusion|propext
AXIOM_AUDIT|DECL|IUTThreeClosures.ABCBidirectionalEnergyPythagoreanObstruction20260903|IUTThreeClosures.ABCBidirectionalEnergyPythagoreanObstruction20260903.PrimeHypotenuseDatum.noConfusionType|propext
AXIOM_AUDIT|DECL|IUTThreeClosures.ABCBidirectionalEnergyPythagoreanObstruction20260903|IUTThreeClosures.ABCBidirectionalEnergyPythagoreanObstruction20260903.PrimeHypotenuseDatum.oppositeParity|propext
AXIOM_AUDIT|DECL|IUTThreeClosures.ABCBidirectionalEnergyPythagoreanObstruction20260903|IUTThreeClosures.ABCBidirectionalEnergyPythagoreanObstruction20260903.PrimeHypotenuseDatum.p|propext
AXIOM_AUDIT|DECL|IUTThreeClosures.ABCBidirectionalEnergyPythagoreanObstruction20260903|IUTThreeClosures.ABCBidirectionalEnergyPythagoreanObstruction20260903.PrimeHypotenuseDatum.p_ne_two|Quot.sound,propext
AXIOM_AUDIT|DECL|IUTThreeClosures.ABCBidirectionalEnergyPythagoreanObstruction20260903|IUTThreeClosures.ABCBidirectionalEnergyPythagoreanObstruction20260903.PrimeHypotenuseDatum.p_ne_two._proof_1_1|Quot.sound,propext
AXIOM_AUDIT|DECL|IUTThreeClosures.ABCBidirectionalEnergyPythagoreanObstruction20260903|IUTThreeClosures.ABCBidirectionalEnergyPythagoreanObstruction20260903.PrimeHypotenuseDatum.p_pos|propext
AXIOM_AUDIT|DECL|IUTThreeClosures.ABCBidirectionalEnergyPythagoreanObstruction20260903|IUTThreeClosures.ABCBidirectionalEnergyPythagoreanObstruction20260903.PrimeHypotenuseDatum.point|Classical.choice,Quot.sound,propext
AXIOM_AUDIT|DECL|IUTThreeClosures.ABCBidirectionalEnergyPythagoreanObstruction20260903|IUTThreeClosures.ABCBidirectionalEnergyPythagoreanObstruction20260903.PrimeHypotenuseDatum.point._proof_1|propext
AXIOM_AUDIT|DECL|IUTThreeClosures.ABCBidirectionalEnergyPythagoreanObstruction20260903|IUTThreeClosures.ABCBidirectionalEnergyPythagoreanObstruction20260903.PrimeHypotenuseDatum.point._proof_2|Classical.choice,Quot.sound,propext
AXIOM_AUDIT|DECL|IUTThreeClosures.ABCBidirectionalEnergyPythagoreanObstruction20260903|IUTThreeClosures.ABCBidirectionalEnergyPythagoreanObstruction20260903.PrimeHypotenuseDatum.point._proof_3|propext
AXIOM_AUDIT|DECL|IUTThreeClosures.ABCBidirectionalEnergyPythagoreanObstruction20260903|IUTThreeClosures.ABCBidirectionalEnergyPythagoreanObstruction20260903.PrimeHypotenuseDatum.point_a|Classical.choice,Quot.sound,propext
AXIOM_AUDIT|DECL|IUTThreeClosures.ABCBidirectionalEnergyPythagoreanObstruction20260903|IUTThreeClosures.ABCBidirectionalEnergyPythagoreanObstruction20260903.PrimeHypotenuseDatum.point_b|Classical.choice,Quot.sound,propext
AXIOM_AUDIT|DECL|IUTThreeClosures.ABCBidirectionalEnergyPythagoreanObstruction20260903|IUTThreeClosures.ABCBidirectionalEnergyPythagoreanObstruction20260903.PrimeHypotenuseDatum.point_c|Classical.choice,Quot.sound,propext
AXIOM_AUDIT|DECL|IUTThreeClosures.ABCBidirectionalEnergyPythagoreanObstruction20260903|IUTThreeClosures.ABCBidirectionalEnergyPythagoreanObstruction20260903.PrimeHypotenuseDatum.point_conductor_le_three_log_p|Classical.choice,Quot.sound,propext
AXIOM_AUDIT|DECL|IUTThreeClosures.ABCBidirectionalEnergyPythagoreanObstruction20260903|IUTThreeClosures.ABCBidirectionalEnergyPythagoreanObstruction20260903.PrimeHypotenuseDatum.point_endpointCore_eq_p|Classical.choice,Quot.sound,propext
AXIOM_AUDIT|DECL|IUTThreeClosures.ABCBidirectionalEnergyPythagoreanObstruction20260903|IUTThreeClosures.ABCBidirectionalEnergyPythagoreanObstruction20260903.PrimeHypotenuseDatum.point_totalRadical_le_p_cube|Classical.choice,Quot.sound,propext
AXIOM_AUDIT|DECL|IUTThreeClosures.ABCBidirectionalEnergyPythagoreanObstruction20260903|IUTThreeClosures.ABCBidirectionalEnergyPythagoreanObstruction20260903.PrimeHypotenuseDatum.prime|propext
AXIOM_AUDIT|DECL|IUTThreeClosures.ABCBidirectionalEnergyPythagoreanObstruction20260903|IUTThreeClosures.ABCBidirectionalEnergyPythagoreanObstruction20260903.PrimeHypotenuseDatum.pythagorean_identity|Classical.choice,Quot.sound,propext
AXIOM_AUDIT|DECL|IUTThreeClosures.ABCBidirectionalEnergyPythagoreanObstruction20260903|IUTThreeClosures.ABCBidirectionalEnergyPythagoreanObstruction20260903.PrimeHypotenuseDatum.quarter_le_endpoint_relativeLogDrop|Classical.choice,Quot.sound,propext
AXIOM_AUDIT|DECL|IUTThreeClosures.ABCBidirectionalEnergyPythagoreanObstruction20260903|IUTThreeClosures.ABCBidirectionalEnergyPythagoreanObstruction20260903.PrimeHypotenuseDatum.quarter_log_p_le_endpointBidirectionalEnergy|Classical.choice,Quot.sound,propext
AXIOM_AUDIT|DECL|IUTThreeClosures.ABCBidirectionalEnergyPythagoreanObstruction20260903|IUTThreeClosures.ABCBidirectionalEnergyPythagoreanObstruction20260903.PrimeHypotenuseDatum.quarter_mul_carriedMass_le_endpointDownwardCost|Classical.choice,Quot.sound,propext
AXIOM_AUDIT|DECL|IUTThreeClosures.ABCBidirectionalEnergyPythagoreanObstruction20260903|IUTThreeClosures.ABCBidirectionalEnergyPythagoreanObstruction20260903.PrimeHypotenuseDatum.rec|propext
AXIOM_AUDIT|DECL|IUTThreeClosures.ABCBidirectionalEnergyPythagoreanObstruction20260903|IUTThreeClosures.ABCBidirectionalEnergyPythagoreanObstruction20260903.PrimeHypotenuseDatum.recOn|propext
AXIOM_AUDIT|DECL|IUTThreeClosures.ABCBidirectionalEnergyPythagoreanObstruction20260903|IUTThreeClosures.ABCBidirectionalEnergyPythagoreanObstruction20260903.PrimeHypotenuseDatum.sq_add_sq|propext
AXIOM_AUDIT|DECL|IUTThreeClosures.ABCBidirectionalEnergyPythagoreanObstruction20260903|IUTThreeClosures.ABCBidirectionalEnergyPythagoreanObstruction20260903.PrimeHypotenuseDatum.square_point_pairwise|Classical.choice,Quot.sound,propext
AXIOM_AUDIT|DECL|IUTThreeClosures.ABCBidirectionalEnergyPythagoreanObstruction20260903|IUTThreeClosures.ABCBidirectionalEnergyPythagoreanObstruction20260903.exists_primeHypotenuseDatum_gt|Classical.choice,Quot.sound,propext
AXIOM_AUDIT|DECL|IUTThreeClosures.ABCBidirectionalEnergyPythagoreanObstruction20260903|IUTThreeClosures.ABCBidirectionalEnergyPythagoreanObstruction20260903.not_uniformBidirectionalEndpointEnergyBound|Classical.choice,Quot.sound,propext
AXIOM_AUDIT|DECL|IUTThreeClosures.ABCBidirectionalEnergyPythagoreanObstruction20260903|IUTThreeClosures.ABCBidirectionalEnergyPythagoreanObstruction20260903.primeHypotenuseDatum_exists|Classical.choice,Quot.sound,propext
AXIOM_AUDIT|DECL|IUTThreeClosures.ABCBidirectionalEnergyPythagoreanObstruction20260903|IUTThreeClosures.ABCBidirectionalEnergyPythagoreanObstruction20260903.primeHypotenuseDatum_exists._proof_1_1|Quot.sound,propext
AXIOM_AUDIT|DECL|IUTThreeClosures.ABCBidirectionalEnergyPythagoreanObstruction20260903|IUTThreeClosures.ABCBidirectionalEnergyPythagoreanObstruction20260903.primeHypotenuseDatum_exists._proof_1_2|Quot.sound,propext
AXIOM_AUDIT|DECL|IUTThreeClosures.ABCBidirectionalEnergyPythagoreanObstruction20260903|IUTThreeClosures.ABCBidirectionalEnergyPythagoreanObstruction20260903.twoSquare_coprime|Classical.choice,Quot.sound,propext
AXIOM_AUDIT|DECL|IUTThreeClosures.ABCBidirectionalEnergyPythagoreanObstruction20260903|IUTThreeClosures.ABCBidirectionalEnergyPythagoreanObstruction20260903.twoSquare_coprime._proof_1_1|Quot.sound,propext
AXIOM_AUDIT|DECL|IUTThreeClosures.ABCBidirectionalEnergyPythagoreanObstruction20260903|IUTThreeClosures.ABCBidirectionalEnergyPythagoreanObstruction20260903.twoSquare_left_pos|Classical.choice,Quot.sound,propext
AXIOM_AUDIT|DECL|IUTThreeClosures.ABCBidirectionalEnergyPythagoreanObstruction20260903|IUTThreeClosures.ABCBidirectionalEnergyPythagoreanObstruction20260903.twoSquare_oppositeParity|Classical.choice,Quot.sound,propext
AXIOM_AUDIT|DECL|IUTThreeClosures.ABCBidirectionalEnergyPythagoreanObstruction20260903|IUTThreeClosures.ABCBidirectionalEnergyPythagoreanObstruction20260903.twoSquare_right_pos|Classical.choice,Quot.sound,propext
AXIOM_AUDIT|DECL|IUTThreeClosures.ABCBidirectionalPrimeTransportSuccessor20260903|IUTThreeClosures.ABCBidirectionalPrimeTransportSuccessor20260903.BidirectionalWeightedFlow|Classical.choice,Quot.sound,propext
AXIOM_AUDIT|DECL|IUTThreeClosures.ABCBidirectionalPrimeTransportSuccessor20260903|IUTThreeClosures.ABCBidirectionalPrimeTransportSuccessor20260903.BidirectionalWeightedFlow.downwardCost|Classical.choice,Quot.sound,propext
AXIOM_AUDIT|DECL|IUTThreeClosures.ABCBidirectionalPrimeTransportSuccessor20260903|IUTThreeClosures.ABCBidirectionalPrimeTransportSuccessor20260903.BidirectionalWeightedFlow.downwardCost_nonneg|Classical.choice,Quot.sound,propext
AXIOM_AUDIT|DECL|IUTThreeClosures.ABCBidirectionalPrimeTransportSuccessor20260903|IUTThreeClosures.ABCBidirectionalPrimeTransportSuccessor20260903.BidirectionalWeightedFlow.positivePart_source_sub_sink_le_unmatchedMass|Classical.choice,Quot.sound,propext
AXIOM_AUDIT|DECL|IUTThreeClosures.ABCBidirectionalPrimeTransportSuccessor20260903|IUTThreeClosures.ABCBidirectionalPrimeTransportSuccessor20260903.BidirectionalWeightedFlow.toUnorderedMassRelaxation|Classical.choice,Quot.sound,propext
AXIOM_AUDIT|DECL|IUTThreeClosures.ABCBidirectionalPrimeTransportSuccessor20260903|IUTThreeClosures.ABCBidirectionalPrimeTransportSuccessor20260903.BidirectionalWeightedFlow.toUnorderedMassRelaxation._proof_1|Classical.choice,Quot.sound,propext
AXIOM_AUDIT|DECL|IUTThreeClosures.ABCBidirectionalPrimeTransportSuccessor20260903|IUTThreeClosures.ABCBidirectionalPrimeTransportSuccessor20260903.BidirectionalWeightedFlow.toUnorderedMassRelaxation._proof_2|Classical.choice,Quot.sound,propext
AXIOM_AUDIT|DECL|IUTThreeClosures.ABCBidirectionalPrimeTransportSuccessor20260903|IUTThreeClosures.ABCBidirectionalPrimeTransportSuccessor20260903.BidirectionalWeightedFlow.toUnorderedMassRelaxation._proof_3|Classical.choice,Quot.sound,propext
AXIOM_AUDIT|DECL|IUTThreeClosures.ABCBidirectionalPrimeTransportSuccessor20260903|IUTThreeClosures.ABCBidirectionalPrimeTransportSuccessor20260903.EndpointBidirectionalFlow|Classical.choice,Quot.sound,propext
AXIOM_AUDIT|DECL|IUTThreeClosures.ABCBidirectionalPrimeTransportSuccessor20260903|IUTThreeClosures.ABCBidirectionalPrimeTransportSuccessor20260903.UniformBidirectionalEndpointEnergyBound|Classical.choice,Quot.sound,propext
AXIOM_AUDIT|DECL|IUTThreeClosures.ABCBidirectionalPrimeTransportSuccessor20260903|IUTThreeClosures.ABCBidirectionalPrimeTransportSuccessor20260903.UniformUnorderedEndpointRelaxationBound|Classical.choice,Quot.sound,propext
AXIOM_AUDIT|DECL|IUTThreeClosures.ABCBidirectionalPrimeTransportSuccessor20260903|IUTThreeClosures.ABCBidirectionalPrimeTransportSuccessor20260903.UnorderedMassRelaxation|Classical.choice,Quot.sound,propext
AXIOM_AUDIT|DECL|IUTThreeClosures.ABCBidirectionalPrimeTransportSuccessor20260903|IUTThreeClosures.ABCBidirectionalPrimeTransportSuccessor20260903.UnorderedMassRelaxation._sizeOf_1|Classical.choice,Quot.sound,propext
AXIOM_AUDIT|DECL|IUTThreeClosures.ABCBidirectionalPrimeTransportSuccessor20260903|IUTThreeClosures.ABCBidirectionalPrimeTransportSuccessor20260903.UnorderedMassRelaxation._sizeOf_inst|Classical.choice,Quot.sound,propext
AXIOM_AUDIT|DECL|IUTThreeClosures.ABCBidirectionalPrimeTransportSuccessor20260903|IUTThreeClosures.ABCBidirectionalPrimeTransportSuccessor20260903.UnorderedMassRelaxation.carried|Classical.choice,Quot.sound,propext
AXIOM_AUDIT|DECL|IUTThreeClosures.ABCBidirectionalPrimeTransportSuccessor20260903|IUTThreeClosures.ABCBidirectionalPrimeTransportSuccessor20260903.UnorderedMassRelaxation.carried_le_sink|Classical.choice,Quot.sound,propext
AXIOM_AUDIT|DECL|IUTThreeClosures.ABCBidirectionalPrimeTransportSuccessor20260903|IUTThreeClosures.ABCBidirectionalPrimeTransportSuccessor20260903.UnorderedMassRelaxation.carried_le_source|Classical.choice,Quot.sound,propext
AXIOM_AUDIT|DECL|IUTThreeClosures.ABCBidirectionalPrimeTransportSuccessor20260903|IUTThreeClosures.ABCBidirectionalPrimeTransportSuccessor20260903.UnorderedMassRelaxation.carried_nonneg|Classical.choice,Quot.sound,propext
AXIOM_AUDIT|DECL|IUTThreeClosures.ABCBidirectionalPrimeTransportSuccessor20260903|IUTThreeClosures.ABCBidirectionalPrimeTransportSuccessor20260903.UnorderedMassRelaxation.casesOn|Classical.choice,Quot.sound,propext
AXIOM_AUDIT|DECL|IUTThreeClosures.ABCBidirectionalPrimeTransportSuccessor20260903|IUTThreeClosures.ABCBidirectionalPrimeTransportSuccessor20260903.UnorderedMassRelaxation.ctorIdx|Classical.choice,Quot.sound,propext
AXIOM_AUDIT|DECL|IUTThreeClosures.ABCBidirectionalPrimeTransportSuccessor20260903|IUTThreeClosures.ABCBidirectionalPrimeTransportSuccessor20260903.UnorderedMassRelaxation.mk|Classical.choice,Quot.sound,propext
AXIOM_AUDIT|DECL|IUTThreeClosures.ABCBidirectionalPrimeTransportSuccessor20260903|IUTThreeClosures.ABCBidirectionalPrimeTransportSuccessor20260903.UnorderedMassRelaxation.mk._flat_ctor|Classical.choice,Quot.sound,propext
AXIOM_AUDIT|DECL|IUTThreeClosures.ABCBidirectionalPrimeTransportSuccessor20260903|IUTThreeClosures.ABCBidirectionalPrimeTransportSuccessor20260903.UnorderedMassRelaxation.mk.inj|Classical.choice,Quot.sound,propext
AXIOM_AUDIT|DECL|IUTThreeClosures.ABCBidirectionalPrimeTransportSuccessor20260903|IUTThreeClosures.ABCBidirectionalPrimeTransportSuccessor20260903.UnorderedMassRelaxation.mk.injEq|Classical.choice,Quot.sound,propext
AXIOM_AUDIT|DECL|IUTThreeClosures.ABCBidirectionalPrimeTransportSuccessor20260903|IUTThreeClosures.ABCBidirectionalPrimeTransportSuccessor20260903.UnorderedMassRelaxation.mk.noConfusion|Classical.choice,Quot.sound,propext
AXIOM_AUDIT|DECL|IUTThreeClosures.ABCBidirectionalPrimeTransportSuccessor20260903|IUTThreeClosures.ABCBidirectionalPrimeTransportSuccessor20260903.UnorderedMassRelaxation.mk.sizeOf_spec|Classical.choice,Quot.sound,propext
AXIOM_AUDIT|DECL|IUTThreeClosures.ABCBidirectionalPrimeTransportSuccessor20260903|IUTThreeClosures.ABCBidirectionalPrimeTransportSuccessor20260903.UnorderedMassRelaxation.noConfusion|Classical.choice,Quot.sound,propext
AXIOM_AUDIT|DECL|IUTThreeClosures.ABCBidirectionalPrimeTransportSuccessor20260903|IUTThreeClosures.ABCBidirectionalPrimeTransportSuccessor20260903.UnorderedMassRelaxation.noConfusionType|Classical.choice,Quot.sound,propext
AXIOM_AUDIT|DECL|IUTThreeClosures.ABCBidirectionalPrimeTransportSuccessor20260903|IUTThreeClosures.ABCBidirectionalPrimeTransportSuccessor20260903.UnorderedMassRelaxation.optimal|Classical.choice,Quot.sound,propext
AXIOM_AUDIT|DECL|IUTThreeClosures.ABCBidirectionalPrimeTransportSuccessor20260903|IUTThreeClosures.ABCBidirectionalPrimeTransportSuccessor20260903.UnorderedMassRelaxation.optimal._proof_1|Classical.choice,Quot.sound,propext
AXIOM_AUDIT|DECL|IUTThreeClosures.ABCBidirectionalPrimeTransportSuccessor20260903|IUTThreeClosures.ABCBidirectionalPrimeTransportSuccessor20260903.UnorderedMassRelaxation.optimal_unmatched_eq_positivePart|Classical.choice,Quot.sound,propext
AXIOM_AUDIT|DECL|IUTThreeClosures.ABCBidirectionalPrimeTransportSuccessor20260903|IUTThreeClosures.ABCBidirectionalPrimeTransportSuccessor20260903.UnorderedMassRelaxation.positivePart_le_unmatched|Classical.choice,Quot.sound,propext
AXIOM_AUDIT|DECL|IUTThreeClosures.ABCBidirectionalPrimeTransportSuccessor20260903|IUTThreeClosures.ABCBidirectionalPrimeTransportSuccessor20260903.UnorderedMassRelaxation.rec|Classical.choice,Quot.sound,propext
AXIOM_AUDIT|DECL|IUTThreeClosures.ABCBidirectionalPrimeTransportSuccessor20260903|IUTThreeClosures.ABCBidirectionalPrimeTransportSuccessor20260903.UnorderedMassRelaxation.recOn|Classical.choice,Quot.sound,propext
AXIOM_AUDIT|DECL|IUTThreeClosures.ABCBidirectionalPrimeTransportSuccessor20260903|IUTThreeClosures.ABCBidirectionalPrimeTransportSuccessor20260903.UnorderedMassRelaxation.unmatched|Classical.choice,Quot.sound,propext
AXIOM_AUDIT|DECL|IUTThreeClosures.ABCBidirectionalPrimeTransportSuccessor20260903|IUTThreeClosures.ABCBidirectionalPrimeTransportSuccessor20260903.abc_of_uniformBidirectionalEndpointEnergyBound|Classical.choice,Quot.sound,propext
AXIOM_AUDIT|DECL|IUTThreeClosures.ABCBidirectionalPrimeTransportSuccessor20260903|IUTThreeClosures.ABCBidirectionalPrimeTransportSuccessor20260903.abc_of_uniformUnorderedEndpointRelaxationBound|Classical.choice,Quot.sound,propext
AXIOM_AUDIT|DECL|IUTThreeClosures.ABCBidirectionalPrimeTransportSuccessor20260903|IUTThreeClosures.ABCBidirectionalPrimeTransportSuccessor20260903.endpointBidirectionalEnergy|Classical.choice,Quot.sound,propext
AXIOM_AUDIT|DECL|IUTThreeClosures.ABCBidirectionalPrimeTransportSuccessor20260903|IUTThreeClosures.ABCBidirectionalPrimeTransportSuccessor20260903.endpointBidirectionalEnergy_nonneg|Classical.choice,Quot.sound,propext
AXIOM_AUDIT|DECL|IUTThreeClosures.ABCBidirectionalPrimeTransportSuccessor20260903|IUTThreeClosures.ABCBidirectionalPrimeTransportSuccessor20260903.endpointBidirectionalFlow_nonempty|Classical.choice,Quot.sound,propext
AXIOM_AUDIT|DECL|IUTThreeClosures.ABCBidirectionalPrimeTransportSuccessor20260903|IUTThreeClosures.ABCBidirectionalPrimeTransportSuccessor20260903.endpointBidirectionalFlow_sinkMass_eq_log_externalRadical|Classical.choice,Quot.sound,propext
AXIOM_AUDIT|DECL|IUTThreeClosures.ABCBidirectionalPrimeTransportSuccessor20260903|IUTThreeClosures.ABCBidirectionalPrimeTransportSuccessor20260903.endpointBidirectionalFlow_sourceMass_eq_log_core|Classical.choice,Quot.sound,propext
AXIOM_AUDIT|DECL|IUTThreeClosures.ABCBidirectionalPrimeTransportSuccessor20260903|IUTThreeClosures.ABCBidirectionalPrimeTransportSuccessor20260903.endpointDownwardCost|Classical.choice,Quot.sound,propext
AXIOM_AUDIT|DECL|IUTThreeClosures.ABCBidirectionalPrimeTransportSuccessor20260903|IUTThreeClosures.ABCBidirectionalPrimeTransportSuccessor20260903.endpointDownwardCost_nonneg|Classical.choice,Quot.sound,propext
AXIOM_AUDIT|DECL|IUTThreeClosures.ABCBidirectionalPrimeTransportSuccessor20260903|IUTThreeClosures.ABCBidirectionalPrimeTransportSuccessor20260903.endpointOptimalScalarRelaxation|Classical.choice,Quot.sound,propext
AXIOM_AUDIT|DECL|IUTThreeClosures.ABCBidirectionalPrimeTransportSuccessor20260903|IUTThreeClosures.ABCBidirectionalPrimeTransportSuccessor20260903.endpointOptimalScalarRelaxation._proof_1|Classical.choice,Quot.sound,propext
AXIOM_AUDIT|DECL|IUTThreeClosures.ABCBidirectionalPrimeTransportSuccessor20260903|IUTThreeClosures.ABCBidirectionalPrimeTransportSuccessor20260903.endpointOptimalScalarRelaxation._proof_2|Classical.choice,Quot.sound,propext
AXIOM_AUDIT|DECL|IUTThreeClosures.ABCBidirectionalPrimeTransportSuccessor20260903|IUTThreeClosures.ABCBidirectionalPrimeTransportSuccessor20260903.endpointOptimalScalarRelaxation_unmatched|Classical.choice,Quot.sound,propext
AXIOM_AUDIT|DECL|IUTThreeClosures.ABCBidirectionalPrimeTransportSuccessor20260903|IUTThreeClosures.ABCBidirectionalPrimeTransportSuccessor20260903.endpointPrimeFlowToBidirectional|Classical.choice,Quot.sound,propext
AXIOM_AUDIT|DECL|IUTThreeClosures.ABCBidirectionalPrimeTransportSuccessor20260903|IUTThreeClosures.ABCBidirectionalPrimeTransportSuccessor20260903.endpointPrimeFlowToBidirectional._proof_1|Classical.choice,Quot.sound,propext
AXIOM_AUDIT|DECL|IUTThreeClosures.ABCBidirectionalPrimeTransportSuccessor20260903|IUTThreeClosures.ABCBidirectionalPrimeTransportSuccessor20260903.endpointPrimeFlowToBidirectional._proof_2|Classical.choice,Quot.sound,propext
AXIOM_AUDIT|DECL|IUTThreeClosures.ABCBidirectionalPrimeTransportSuccessor20260903|IUTThreeClosures.ABCBidirectionalPrimeTransportSuccessor20260903.endpointPrimeFlowToBidirectional._proof_3|Classical.choice,Quot.sound,propext
AXIOM_AUDIT|DECL|IUTThreeClosures.ABCBidirectionalPrimeTransportSuccessor20260903|IUTThreeClosures.ABCBidirectionalPrimeTransportSuccessor20260903.endpointPrimeFlowToBidirectional._proof_4|Classical.choice,Quot.sound,propext
AXIOM_AUDIT|DECL|IUTThreeClosures.ABCBidirectionalPrimeTransportSuccessor20260903|IUTThreeClosures.ABCBidirectionalPrimeTransportSuccessor20260903.endpointPrimeFlow_toBidirectional_downwardCost_eq_zero|Classical.choice,Quot.sound,propext
AXIOM_AUDIT|DECL|IUTThreeClosures.ABCBidirectionalPrimeTransportSuccessor20260903|IUTThreeClosures.ABCBidirectionalPrimeTransportSuccessor20260903.endpointUnorderedOptimalUnmatched|Classical.choice,Quot.sound,propext
AXIOM_AUDIT|DECL|IUTThreeClosures.ABCBidirectionalPrimeTransportSuccessor20260903|IUTThreeClosures.ABCBidirectionalPrimeTransportSuccessor20260903.endpointUnorderedOptimalUnmatched_eq_positive_height_defect|Classical.choice,Quot.sound,propext
AXIOM_AUDIT|DECL|IUTThreeClosures.ABCBidirectionalPrimeTransportSuccessor20260903|IUTThreeClosures.ABCBidirectionalPrimeTransportSuccessor20260903.endpointUnorderedOptimalUnmatched_le_unmatchedMass|Classical.choice,Quot.sound,propext
AXIOM_AUDIT|DECL|IUTThreeClosures.ABCBidirectionalPrimeTransportSuccessor20260903|IUTThreeClosures.ABCBidirectionalPrimeTransportSuccessor20260903.height_le_conductor_add_bidirectionalEnergy|Classical.choice,Quot.sound,propext
AXIOM_AUDIT|DECL|IUTThreeClosures.ABCBidirectionalPrimeTransportSuccessor20260903|IUTThreeClosures.ABCBidirectionalPrimeTransportSuccessor20260903.height_le_conductor_add_bidirectionalUnmatchedMass|Classical.choice,Quot.sound,propext
AXIOM_AUDIT|DECL|IUTThreeClosures.ABCBidirectionalPrimeTransportSuccessor20260903|IUTThreeClosures.ABCBidirectionalPrimeTransportSuccessor20260903.primeExcessTokenWeight_nonneg|Classical.choice,Quot.sound,propext
AXIOM_AUDIT|DECL|IUTThreeClosures.ABCBidirectionalPrimeTransportSuccessor20260903|IUTThreeClosures.ABCBidirectionalPrimeTransportSuccessor20260903.primeSupportTokenWeight_nonneg|Classical.choice,Quot.sound,propext
AXIOM_AUDIT|DECL|IUTThreeClosures.ABCBidirectionalPrimeTransportSuccessor20260903|IUTThreeClosures.ABCBidirectionalPrimeTransportSuccessor20260903.relativeLogDrop|Classical.choice,Quot.sound,propext
AXIOM_AUDIT|DECL|IUTThreeClosures.ABCBidirectionalPrimeTransportSuccessor20260903|IUTThreeClosures.ABCBidirectionalPrimeTransportSuccessor20260903.relativeLogDrop_eq_zero_of_le|Classical.choice,Quot.sound,propext
AXIOM_AUDIT|DECL|IUTThreeClosures.ABCBidirectionalPrimeTransportSuccessor20260903|IUTThreeClosures.ABCBidirectionalPrimeTransportSuccessor20260903.relativeLogDrop_nonneg|Classical.choice,Quot.sound,propext
AXIOM_AUDIT|DECL|IUTThreeClosures.ABCBidirectionalPrimeTransportSuccessor20260903|IUTThreeClosures.ABCBidirectionalPrimeTransportSuccessor20260903.signedEndpointCoreDefect_le_bidirectionalUnmatchedMass|Classical.choice,Quot.sound,propext
AXIOM_AUDIT|DECL|IUTThreeClosures.ABCBidirectionalPrimeTransportSuccessor20260903|IUTThreeClosures.ABCBidirectionalPrimeTransportSuccessor20260903.singleEdgeBidirectionalWeightedFlow|Classical.choice,Quot.sound,propext
AXIOM_AUDIT|DECL|IUTThreeClosures.ABCBidirectionalPrimeTransportSuccessor20260903|IUTThreeClosures.ABCBidirectionalPrimeTransportSuccessor20260903.singleEdgeBidirectionalWeightedFlow._proof_1|Classical.choice,Quot.sound,propext
AXIOM_AUDIT|DECL|IUTThreeClosures.ABCBidirectionalPrimeTransportSuccessor20260903|IUTThreeClosures.ABCBidirectionalPrimeTransportSuccessor20260903.singleEdgeBidirectionalWeightedFlow._proof_2|Classical.choice,Quot.sound,propext
AXIOM_AUDIT|DECL|IUTThreeClosures.ABCBidirectionalPrimeTransportSuccessor20260903|IUTThreeClosures.ABCBidirectionalPrimeTransportSuccessor20260903.singleEdgeBidirectionalWeightedFlow._proof_3|Classical.choice,Quot.sound,propext
AXIOM_AUDIT|DECL|IUTThreeClosures.ABCBidirectionalPrimeTransportSuccessor20260903|IUTThreeClosures.ABCBidirectionalPrimeTransportSuccessor20260903.singleEdgeBidirectionalWeightedFlow._proof_4|Classical.choice,Quot.sound,propext
AXIOM_AUDIT|DECL|IUTThreeClosures.ABCBidirectionalPrimeTransportSuccessor20260903|IUTThreeClosures.ABCBidirectionalPrimeTransportSuccessor20260903.singleEdgeBidirectionalWeightedFlow_selected|Classical.choice,Quot.sound,propext
AXIOM_AUDIT|DECL|IUTThreeClosures.ABCBidirectionalPrimeTransportSuccessor20260903|IUTThreeClosures.ABCBidirectionalPrimeTransportSuccessor20260903.uniformUnorderedEndpointRelaxationBound_iff_abc|Classical.choice,Quot.sound,propext
AXIOM_AUDIT|DECL|IUTThreeClosures.ABCBidirectionalPrimeTransportSuccessor20260903|IUTThreeClosures.ABCBidirectionalPrimeTransportSuccessor20260903.uniformUnorderedEndpointRelaxationBound_of_abc|Classical.choice,Quot.sound,propext
AXIOM_AUDIT|DECL|IUTThreeClosures.ABCBidirectionalPrimeTransportSuccessor20260903|IUTThreeClosures.ABCBidirectionalPrimeTransportSuccessor20260903.unmatchedMass_le_endpointBidirectionalEnergy|Classical.choice,Quot.sound,propext
AXIOM_AUDIT|DECL|IUTThreeClosures.ABCBidirectionalPrimeTransportSuccessor20260903|IUTThreeClosures.ABCBidirectionalPrimeTransportSuccessor20260903.zeroBidirectionalWeightedFlow|Classical.choice,Quot.sound,propext
AXIOM_AUDIT|DECL|IUTThreeClosures.ABCBidirectionalPrimeTransportSuccessor20260903|IUTThreeClosures.ABCBidirectionalPrimeTransportSuccessor20260903.zeroBidirectionalWeightedFlow._proof_1|Classical.choice,Quot.sound,propext
AXIOM_AUDIT|DECL|IUTThreeClosures.ABCBidirectionalPrimeTransportSuccessor20260903|IUTThreeClosures.ABCBidirectionalPrimeTransportSuccessor20260903.zeroBidirectionalWeightedFlow._proof_2|Classical.choice,Quot.sound,propext
AXIOM_AUDIT|DECL|IUTThreeClosures.ABCBidirectionalPrimeTransportSuccessor20260903|IUTThreeClosures.ABCBidirectionalPrimeTransportSuccessor20260903.zeroBidirectionalWeightedFlow._proof_3|Classical.choice,Quot.sound,propext
AXIOM_AUDIT|DECL|IUTThreeClosures.ABCBidirectionalPrimeTransportSuccessor20260903|IUTThreeClosures.ABCBidirectionalPrimeTransportSuccessor20260903.zeroBidirectionalWeightedFlow._proof_4|Classical.choice,Quot.sound,propext
AXIOM_AUDIT|DECL|IUTThreeClosures.ABCBidirectionalPrimeTransportSuccessor20260903|IUTThreeClosures.ABCBidirectionalPrimeTransportSuccessor20260903.zeroEndpointBidirectionalFlow|Classical.choice,Quot.sound,propext
AXIOM_AUDIT|DECL|IUTThreeClosures.ABCBidirectionalPrimeTransportSuccessor20260903|IUTThreeClosures.ABCBidirectionalPrimeTransportSuccessor20260903.zeroEndpointBidirectionalFlow._proof_1|Classical.choice,Quot.sound,propext
AXIOM_AUDIT|DECL|IUTThreeClosures.ABCBidirectionalPrimeTransportSuccessor20260903|IUTThreeClosures.ABCBidirectionalPrimeTransportSuccessor20260903.zeroEndpointBidirectionalFlow._proof_2|Classical.choice,Quot.sound,propext
AXIOM_AUDIT|DECL|IUTThreeClosures.ABCPrimePacketBoundaryLinnikObstruction20260903|IUTThreeClosures.ABCPrimePacketBoundaryLinnikObstruction20260903.LinnikPrimeNeighborEscape|Classical.choice,Quot.sound,propext
AXIOM_AUDIT|DECL|IUTThreeClosures.ABCPrimePacketBoundaryLinnikObstruction20260903|IUTThreeClosures.ABCPrimePacketBoundaryLinnikObstruction20260903.LinnikPrimeNeighborEscape._proof_1|propext
AXIOM_AUDIT|DECL|IUTThreeClosures.ABCPrimePacketBoundaryLinnikObstruction20260903|IUTThreeClosures.ABCPrimePacketBoundaryLinnikObstruction20260903.PrimePacketAssignment.clippedReward|Classical.choice,Quot.sound,propext
AXIOM_AUDIT|DECL|IUTThreeClosures.ABCPrimePacketBoundaryLinnikObstruction20260903|IUTThreeClosures.ABCPrimePacketBoundaryLinnikObstruction20260903.PrimePacketAssignment.packetMass_eq_of_unique_sink|Classical.choice,Quot.sound,propext
AXIOM_AUDIT|DECL|IUTThreeClosures.ABCPrimePacketBoundaryLinnikObstruction20260903|IUTThreeClosures.ABCPrimePacketBoundaryLinnikObstruction20260903.PrimePacketAssignment.packetResidual_eq_source_sub_min|Classical.choice,Quot.sound,propext
AXIOM_AUDIT|DECL|IUTThreeClosures.ABCPrimePacketBoundaryLinnikObstruction20260903|IUTThreeClosures.ABCPrimePacketBoundaryLinnikObstruction20260903.PrimePacketAssignment.sum_sub_cap_le_totalResidual_of_unique_sink|Classical.choice,Quot.sound,propext
AXIOM_AUDIT|DECL|IUTThreeClosures.ABCPrimePacketBoundaryLinnikObstruction20260903|IUTThreeClosures.ABCPrimePacketBoundaryLinnikObstruction20260903.PrimePacketAssignment.totalResidual_eq_sourceMass_sub_clippedReward|Classical.choice,Quot.sound,propext
AXIOM_AUDIT|DECL|IUTThreeClosures.ABCPrimePacketBoundaryLinnikObstruction20260903|IUTThreeClosures.ABCPrimePacketBoundaryLinnikObstruction20260903.finitePrimeProduct|Quot.sound,propext
AXIOM_AUDIT|DECL|IUTThreeClosures.ABCPrimePacketBoundaryLinnikObstruction20260903|IUTThreeClosures.ABCPrimePacketBoundaryLinnikObstruction20260903.forcedEndpointToken|Classical.choice,Quot.sound,propext
AXIOM_AUDIT|DECL|IUTThreeClosures.ABCPrimePacketBoundaryLinnikObstruction20260903|IUTThreeClosures.ABCPrimePacketBoundaryLinnikObstruction20260903.forcedEndpointToken._proof_1|Classical.choice,Quot.sound,propext
AXIOM_AUDIT|DECL|IUTThreeClosures.ABCPrimePacketBoundaryLinnikObstruction20260903|IUTThreeClosures.ABCPrimePacketBoundaryLinnikObstruction20260903.forcedEndpointTokenEmbedding|Classical.choice,Quot.sound,propext
AXIOM_AUDIT|DECL|IUTThreeClosures.ABCPrimePacketBoundaryLinnikObstruction20260903|IUTThreeClosures.ABCPrimePacketBoundaryLinnikObstruction20260903.forcedEndpointTokenEmbedding._proof_1|Classical.choice,Quot.sound,propext
AXIOM_AUDIT|DECL|IUTThreeClosures.ABCPrimePacketBoundaryLinnikObstruction20260903|IUTThreeClosures.ABCPrimePacketBoundaryLinnikObstruction20260903.forcedPrimeLogSum_sub_cap_le_packetResidual|Classical.choice,Quot.sound,propext
AXIOM_AUDIT|DECL|IUTThreeClosures.ABCPrimePacketBoundaryLinnikObstruction20260903|IUTThreeClosures.ABCPrimePacketBoundaryLinnikObstruction20260903.log_prime_le_forcedEndpointToken_weight|Classical.choice,Quot.sound,propext
AXIOM_AUDIT|DECL|IUTThreeClosures.ABCPrimePacketBoundaryLinnikObstruction20260903|IUTThreeClosures.ABCPrimePacketBoundaryLinnikObstruction20260903.log_prime_le_forcedEndpointToken_weight._proof_1_1|Quot.sound,propext
AXIOM_AUDIT|DECL|IUTThreeClosures.ABCPrimePacketBoundaryLinnikObstruction20260903|IUTThreeClosures.ABCPrimePacketBoundaryLinnikObstruction20260903.log_prime_le_forcedEndpointToken_weight._proof_1_2|Classical.choice,Quot.sound,propext
AXIOM_AUDIT|DECL|IUTThreeClosures.ABCPrimePacketBoundaryLinnikObstruction20260903|IUTThreeClosures.ABCPrimePacketBoundaryLinnikObstruction20260903.not_uniformEndpointPrimePacketBound_of_linnikEscape|Classical.choice,Quot.sound,propext
AXIOM_AUDIT|DECL|IUTThreeClosures.ABCPrimePacketBoundaryLinnikObstruction20260903|IUTThreeClosures.ABCPrimePacketBoundaryLinnikObstruction20260903.primeNeighborPoint|Classical.choice,Quot.sound,propext
AXIOM_AUDIT|DECL|IUTThreeClosures.ABCPrimePacketBoundaryLinnikObstruction20260903|IUTThreeClosures.ABCPrimePacketBoundaryLinnikObstruction20260903.primeNeighborPoint._proof_1|Quot.sound,propext
AXIOM_AUDIT|DECL|IUTThreeClosures.ABCPrimePacketBoundaryLinnikObstruction20260903|IUTThreeClosures.ABCPrimePacketBoundaryLinnikObstruction20260903.primeNeighborPoint._proof_2|Quot.sound,propext
AXIOM_AUDIT|DECL|IUTThreeClosures.ABCPrimePacketBoundaryLinnikObstruction20260903|IUTThreeClosures.ABCPrimePacketBoundaryLinnikObstruction20260903.primeNeighborPoint._proof_3|Classical.choice,Quot.sound,propext
AXIOM_AUDIT|DECL|IUTThreeClosures.ABCPrimePacketBoundaryLinnikObstruction20260903|IUTThreeClosures.ABCPrimePacketBoundaryLinnikObstruction20260903.primeNeighborPoint._proof_4|Quot.sound,propext
AXIOM_AUDIT|DECL|IUTThreeClosures.ABCPrimePacketBoundaryLinnikObstruction20260903|IUTThreeClosures.ABCPrimePacketBoundaryLinnikObstruction20260903.primeNeighborPoint._proof_5|Quot.sound,propext
AXIOM_AUDIT|DECL|IUTThreeClosures.ABCPrimePacketBoundaryLinnikObstruction20260903|IUTThreeClosures.ABCPrimePacketBoundaryLinnikObstruction20260903.primeNeighborPoint._proof_6|Quot.sound,propext
AXIOM_AUDIT|DECL|IUTThreeClosures.ABCPrimePacketBoundaryLinnikObstruction20260903|IUTThreeClosures.ABCPrimePacketBoundaryLinnikObstruction20260903.primeNeighborPoint_a|Classical.choice,Quot.sound,propext
AXIOM_AUDIT|DECL|IUTThreeClosures.ABCPrimePacketBoundaryLinnikObstruction20260903|IUTThreeClosures.ABCPrimePacketBoundaryLinnikObstruction20260903.primeNeighborPoint_b|Classical.choice,Quot.sound,propext
AXIOM_AUDIT|DECL|IUTThreeClosures.ABCPrimePacketBoundaryLinnikObstruction20260903|IUTThreeClosures.ABCPrimePacketBoundaryLinnikObstruction20260903.primeNeighborPoint_c|Classical.choice,Quot.sound,propext
AXIOM_AUDIT|DECL|IUTThreeClosures.ABCPrimePacketBoundaryLinnikObstruction20260903|IUTThreeClosures.ABCPrimePacketBoundaryLinnikObstruction20260903.primeNeighborPoint_endpoint_even|Classical.choice,Quot.sound,propext
AXIOM_AUDIT|DECL|IUTThreeClosures.ABCPrimePacketBoundaryLinnikObstruction20260903|IUTThreeClosures.ABCPrimePacketBoundaryLinnikObstruction20260903.primeNeighborPoint_pairwise_coprime|Classical.choice,Quot.sound,propext
AXIOM_AUDIT|DECL|IUTThreeClosures.ABCPrimePacketBoundaryLinnikObstruction20260903|IUTThreeClosures.ABCPrimePacketBoundaryLinnikObstruction20260903.primeNeighborPoint_positive|Classical.choice,Quot.sound,propext
AXIOM_AUDIT|DECL|IUTThreeClosures.ABCPrimePacketBoundaryLinnikObstruction20260903|IUTThreeClosures.ABCPrimePacketBoundaryLinnikObstruction20260903.primeNeighborSinkToken|Classical.choice,Quot.sound,propext
AXIOM_AUDIT|DECL|IUTThreeClosures.ABCPrimePacketBoundaryLinnikObstruction20260903|IUTThreeClosures.ABCPrimePacketBoundaryLinnikObstruction20260903.primeNeighborSinkToken._proof_1|Classical.choice,Quot.sound,propext
AXIOM_AUDIT|DECL|IUTThreeClosures.ABCPrimePacketBoundaryLinnikObstruction20260903|IUTThreeClosures.ABCPrimePacketBoundaryLinnikObstruction20260903.primeNeighborSinkToken_unique|Classical.choice,Quot.sound,propext
AXIOM_AUDIT|DECL|IUTThreeClosures.ABCPrimePacketBoundaryLinnikObstruction20260903|IUTThreeClosures.ABCPrimePacketBoundaryLinnikObstruction20260903.primeNeighbor_conductor_le_two_log_succ|Classical.choice,Quot.sound,propext
AXIOM_AUDIT|DECL|IUTThreeClosures.ABCPrimePacketBoundaryLinnikObstruction20260903|IUTThreeClosures.ABCPrimePacketBoundaryLinnikObstruction20260903.primeNeighbor_height_le_conductor_of_ne_two|Classical.choice,Quot.sound,propext
AXIOM_AUDIT|DECL|IUTThreeClosures.ABCPrimePacketBoundaryLinnikObstruction20260903|IUTThreeClosures.ABCPrimePacketBoundaryLinnikObstruction20260903.primeNeighbor_height_le_conductor_of_ne_two._proof_1_1|Quot.sound,propext
AXIOM_AUDIT|DECL|IUTThreeClosures.ABCPrimePacketBoundaryLinnikObstruction20260903|IUTThreeClosures.ABCPrimePacketBoundaryLinnikObstruction20260903.primeNeighbor_height_le_conductor_of_ne_two._proof_1_3|Classical.choice,Quot.sound,propext
AXIOM_AUDIT|DECL|IUTThreeClosures.ABCPrimePacketBoundaryLinnikObstruction20260903|IUTThreeClosures.ABCPrimePacketBoundaryLinnikObstruction20260903.primeNeighbor_positive_height_defect_eq_zero|Classical.choice,Quot.sound,propext
AXIOM_AUDIT|DECL|IUTThreeClosures.ABCPrimePacketBoundaryLinnikObstruction20260903|IUTThreeClosures.ABCPrimePacketBoundaryLinnikObstruction20260903.primeNeighbor_totalRadical_le_product|Classical.choice,Quot.sound,propext
AXIOM_AUDIT|DECL|IUTThreeClosures.ABCPrimePacketBoundaryLinnikObstruction20260903|IUTThreeClosures.ABCPrimePacketBoundaryLinnikObstruction20260903.primeSquare_dvd_endpoint_of_product_sq_dvd|Classical.choice,Quot.sound,propext
AXIOM_AUDIT|DECL|IUTThreeClosures.ABCPrimePacketBoundaryLinnikObstruction20260903|IUTThreeClosures.ABCPrimePacketBoundaryLinnikObstruction20260903.primeSquare_dvd_finitePrimeProduct_sq|Classical.choice,Quot.sound,propext
AXIOM_AUDIT|DECL|IUTThreeClosures.ABCPrimePacketBoundaryTransportSuccessor20260903|IUTThreeClosures.ABCPrimePacketBoundaryTransportSuccessor20260903.EndpointPowerPrimeToken|Classical.choice,Quot.sound,propext
AXIOM_AUDIT|DECL|IUTThreeClosures.ABCPrimePacketBoundaryTransportSuccessor20260903|IUTThreeClosures.ABCPrimePacketBoundaryTransportSuccessor20260903.EndpointPrimePacketAssignment|Classical.choice,Quot.sound,propext
AXIOM_AUDIT|DECL|IUTThreeClosures.ABCPrimePacketBoundaryTransportSuccessor20260903|IUTThreeClosures.ABCPrimePacketBoundaryTransportSuccessor20260903.PrimePacketAssignment|
AXIOM_AUDIT|DECL|IUTThreeClosures.ABCPrimePacketBoundaryTransportSuccessor20260903|IUTThreeClosures.ABCPrimePacketBoundaryTransportSuccessor20260903.PrimePacketAssignment._sizeOf_1|
AXIOM_AUDIT|DECL|IUTThreeClosures.ABCPrimePacketBoundaryTransportSuccessor20260903|IUTThreeClosures.ABCPrimePacketBoundaryTransportSuccessor20260903.PrimePacketAssignment._sizeOf_inst|
AXIOM_AUDIT|DECL|IUTThreeClosures.ABCPrimePacketBoundaryTransportSuccessor20260903|IUTThreeClosures.ABCPrimePacketBoundaryTransportSuccessor20260903.PrimePacketAssignment.allSinksTo|
AXIOM_AUDIT|DECL|IUTThreeClosures.ABCPrimePacketBoundaryTransportSuccessor20260903|IUTThreeClosures.ABCPrimePacketBoundaryTransportSuccessor20260903.PrimePacketAssignment.allSinksTo_packetMass_of_ne|Classical.choice,Quot.sound,propext
AXIOM_AUDIT|DECL|IUTThreeClosures.ABCPrimePacketBoundaryTransportSuccessor20260903|IUTThreeClosures.ABCPrimePacketBoundaryTransportSuccessor20260903.PrimePacketAssignment.allSinksTo_packetMass_self|Classical.choice,Quot.sound,propext
AXIOM_AUDIT|DECL|IUTThreeClosures.ABCPrimePacketBoundaryTransportSuccessor20260903|IUTThreeClosures.ABCPrimePacketBoundaryTransportSuccessor20260903.PrimePacketAssignment.allSinksTo_totalResidual_of_unique|Classical.choice,Quot.sound,propext
AXIOM_AUDIT|DECL|IUTThreeClosures.ABCPrimePacketBoundaryTransportSuccessor20260903|IUTThreeClosures.ABCPrimePacketBoundaryTransportSuccessor20260903.PrimePacketAssignment.allocatedMass|Classical.choice,Quot.sound,propext
AXIOM_AUDIT|DECL|IUTThreeClosures.ABCPrimePacketBoundaryTransportSuccessor20260903|IUTThreeClosures.ABCPrimePacketBoundaryTransportSuccessor20260903.PrimePacketAssignment.allocatedMass.match_1|
AXIOM_AUDIT|DECL|IUTThreeClosures.ABCPrimePacketBoundaryTransportSuccessor20260903|IUTThreeClosures.ABCPrimePacketBoundaryTransportSuccessor20260903.PrimePacketAssignment.allocatedMass_le_sinkMass|Classical.choice,Quot.sound,propext
AXIOM_AUDIT|DECL|IUTThreeClosures.ABCPrimePacketBoundaryTransportSuccessor20260903|IUTThreeClosures.ABCPrimePacketBoundaryTransportSuccessor20260903.PrimePacketAssignment.casesOn|
AXIOM_AUDIT|DECL|IUTThreeClosures.ABCPrimePacketBoundaryTransportSuccessor20260903|IUTThreeClosures.ABCPrimePacketBoundaryTransportSuccessor20260903.PrimePacketAssignment.ctorIdx|
AXIOM_AUDIT|DECL|IUTThreeClosures.ABCPrimePacketBoundaryTransportSuccessor20260903|IUTThreeClosures.ABCPrimePacketBoundaryTransportSuccessor20260903.PrimePacketAssignment.empty|
AXIOM_AUDIT|DECL|IUTThreeClosures.ABCPrimePacketBoundaryTransportSuccessor20260903|IUTThreeClosures.ABCPrimePacketBoundaryTransportSuccessor20260903.PrimePacketAssignment.empty_packetMass|Classical.choice,Quot.sound,propext
AXIOM_AUDIT|DECL|IUTThreeClosures.ABCPrimePacketBoundaryTransportSuccessor20260903|IUTThreeClosures.ABCPrimePacketBoundaryTransportSuccessor20260903.PrimePacketAssignment.mk|
AXIOM_AUDIT|DECL|IUTThreeClosures.ABCPrimePacketBoundaryTransportSuccessor20260903|IUTThreeClosures.ABCPrimePacketBoundaryTransportSuccessor20260903.PrimePacketAssignment.mk._flat_ctor|
AXIOM_AUDIT|DECL|IUTThreeClosures.ABCPrimePacketBoundaryTransportSuccessor20260903|IUTThreeClosures.ABCPrimePacketBoundaryTransportSuccessor20260903.PrimePacketAssignment.mk.inj|
AXIOM_AUDIT|DECL|IUTThreeClosures.ABCPrimePacketBoundaryTransportSuccessor20260903|IUTThreeClosures.ABCPrimePacketBoundaryTransportSuccessor20260903.PrimePacketAssignment.mk.injEq|propext
AXIOM_AUDIT|DECL|IUTThreeClosures.ABCPrimePacketBoundaryTransportSuccessor20260903|IUTThreeClosures.ABCPrimePacketBoundaryTransportSuccessor20260903.PrimePacketAssignment.mk.noConfusion|
AXIOM_AUDIT|DECL|IUTThreeClosures.ABCPrimePacketBoundaryTransportSuccessor20260903|IUTThreeClosures.ABCPrimePacketBoundaryTransportSuccessor20260903.PrimePacketAssignment.mk.sizeOf_spec|
AXIOM_AUDIT|DECL|IUTThreeClosures.ABCPrimePacketBoundaryTransportSuccessor20260903|IUTThreeClosures.ABCPrimePacketBoundaryTransportSuccessor20260903.PrimePacketAssignment.noConfusion|
AXIOM_AUDIT|DECL|IUTThreeClosures.ABCPrimePacketBoundaryTransportSuccessor20260903|IUTThreeClosures.ABCPrimePacketBoundaryTransportSuccessor20260903.PrimePacketAssignment.noConfusionType|
AXIOM_AUDIT|DECL|IUTThreeClosures.ABCPrimePacketBoundaryTransportSuccessor20260903|IUTThreeClosures.ABCPrimePacketBoundaryTransportSuccessor20260903.PrimePacketAssignment.owner|
AXIOM_AUDIT|DECL|IUTThreeClosures.ABCPrimePacketBoundaryTransportSuccessor20260903|IUTThreeClosures.ABCPrimePacketBoundaryTransportSuccessor20260903.PrimePacketAssignment.packetMass|Classical.choice,Quot.sound,propext
AXIOM_AUDIT|DECL|IUTThreeClosures.ABCPrimePacketBoundaryTransportSuccessor20260903|IUTThreeClosures.ABCPrimePacketBoundaryTransportSuccessor20260903.PrimePacketAssignment.packetResidual|Classical.choice,Quot.sound,propext
AXIOM_AUDIT|DECL|IUTThreeClosures.ABCPrimePacketBoundaryTransportSuccessor20260903|IUTThreeClosures.ABCPrimePacketBoundaryTransportSuccessor20260903.PrimePacketAssignment.packetResidual_nonneg|Classical.choice,Quot.sound,propext
AXIOM_AUDIT|DECL|IUTThreeClosures.ABCPrimePacketBoundaryTransportSuccessor20260903|IUTThreeClosures.ABCPrimePacketBoundaryTransportSuccessor20260903.PrimePacketAssignment.rec|
AXIOM_AUDIT|DECL|IUTThreeClosures.ABCPrimePacketBoundaryTransportSuccessor20260903|IUTThreeClosures.ABCPrimePacketBoundaryTransportSuccessor20260903.PrimePacketAssignment.recOn|
AXIOM_AUDIT|DECL|IUTThreeClosures.ABCPrimePacketBoundaryTransportSuccessor20260903|IUTThreeClosures.ABCPrimePacketBoundaryTransportSuccessor20260903.PrimePacketAssignment.sinkMass|Classical.choice,Quot.sound,propext
AXIOM_AUDIT|DECL|IUTThreeClosures.ABCPrimePacketBoundaryTransportSuccessor20260903|IUTThreeClosures.ABCPrimePacketBoundaryTransportSuccessor20260903.PrimePacketAssignment.sourceMass|Classical.choice,Quot.sound,propext
AXIOM_AUDIT|DECL|IUTThreeClosures.ABCPrimePacketBoundaryTransportSuccessor20260903|IUTThreeClosures.ABCPrimePacketBoundaryTransportSuccessor20260903.PrimePacketAssignment.sourceMass_sub_sinkMass_le_totalResidual|Classical.choice,Quot.sound,propext
AXIOM_AUDIT|DECL|IUTThreeClosures.ABCPrimePacketBoundaryTransportSuccessor20260903|IUTThreeClosures.ABCPrimePacketBoundaryTransportSuccessor20260903.PrimePacketAssignment.source_sub_packetMass_le_packetResidual|Classical.choice,Quot.sound,propext
AXIOM_AUDIT|DECL|IUTThreeClosures.ABCPrimePacketBoundaryTransportSuccessor20260903|IUTThreeClosures.ABCPrimePacketBoundaryTransportSuccessor20260903.PrimePacketAssignment.sum_packetMass_eq_allocatedMass|Classical.choice,Quot.sound,propext
AXIOM_AUDIT|DECL|IUTThreeClosures.ABCPrimePacketBoundaryTransportSuccessor20260903|IUTThreeClosures.ABCPrimePacketBoundaryTransportSuccessor20260903.PrimePacketAssignment.totalResidual|Classical.choice,Quot.sound,propext
AXIOM_AUDIT|DECL|IUTThreeClosures.ABCPrimePacketBoundaryTransportSuccessor20260903|IUTThreeClosures.ABCPrimePacketBoundaryTransportSuccessor20260903.UniformEndpointPrimePacketBound|Classical.choice,Quot.sound,propext
AXIOM_AUDIT|DECL|IUTThreeClosures.ABCPrimePacketBoundaryTransportSuccessor20260903|IUTThreeClosures.ABCPrimePacketBoundaryTransportSuccessor20260903.abc_of_uniformEndpointPrimePacketBound|Classical.choice,Quot.sound,propext
AXIOM_AUDIT|DECL|IUTThreeClosures.ABCPrimePacketBoundaryTransportSuccessor20260903|IUTThreeClosures.ABCPrimePacketBoundaryTransportSuccessor20260903.emptyEndpointPrimePacketAssignment|Classical.choice,Quot.sound,propext
AXIOM_AUDIT|DECL|IUTThreeClosures.ABCPrimePacketBoundaryTransportSuccessor20260903|IUTThreeClosures.ABCPrimePacketBoundaryTransportSuccessor20260903.endpointExternalPrimeWeight_nonneg|Classical.choice,Quot.sound,propext
AXIOM_AUDIT|DECL|IUTThreeClosures.ABCPrimePacketBoundaryTransportSuccessor20260903|IUTThreeClosures.ABCPrimePacketBoundaryTransportSuccessor20260903.endpointPacket_sinkMass_eq_log_externalRadical|Classical.choice,Quot.sound,propext
AXIOM_AUDIT|DECL|IUTThreeClosures.ABCPrimePacketBoundaryTransportSuccessor20260903|IUTThreeClosures.ABCPrimePacketBoundaryTransportSuccessor20260903.endpointPacket_sourceMass_eq_log_core|Classical.choice,Quot.sound,propext
AXIOM_AUDIT|DECL|IUTThreeClosures.ABCPrimePacketBoundaryTransportSuccessor20260903|IUTThreeClosures.ABCPrimePacketBoundaryTransportSuccessor20260903.endpointPowerPrimeWeight|Classical.choice,Quot.sound,propext
AXIOM_AUDIT|DECL|IUTThreeClosures.ABCPrimePacketBoundaryTransportSuccessor20260903|IUTThreeClosures.ABCPrimePacketBoundaryTransportSuccessor20260903.endpointPowerPrimeWeight_nonneg|Classical.choice,Quot.sound,propext
AXIOM_AUDIT|DECL|IUTThreeClosures.ABCPrimePacketBoundaryTransportSuccessor20260903|IUTThreeClosures.ABCPrimePacketBoundaryTransportSuccessor20260903.endpointPrimePacketAssignment_nonempty|Classical.choice,Quot.sound,propext
AXIOM_AUDIT|DECL|IUTThreeClosures.ABCPrimePacketBoundaryTransportSuccessor20260903|IUTThreeClosures.ABCPrimePacketBoundaryTransportSuccessor20260903.height_le_conductor_add_packetResidual|Classical.choice,Quot.sound,propext
AXIOM_AUDIT|DECL|IUTThreeClosures.ABCPrimePacketBoundaryTransportSuccessor20260903|IUTThreeClosures.ABCPrimePacketBoundaryTransportSuccessor20260903.one_le_twoSourceOneSink_totalResidual|Classical.choice,Quot.sound,propext
AXIOM_AUDIT|DECL|IUTThreeClosures.ABCPrimePacketBoundaryTransportSuccessor20260903|IUTThreeClosures.ABCPrimePacketBoundaryTransportSuccessor20260903.primeSquarePacketToken|Classical.choice,Quot.sound,propext
AXIOM_AUDIT|DECL|IUTThreeClosures.ABCPrimePacketBoundaryTransportSuccessor20260903|IUTThreeClosures.ABCPrimePacketBoundaryTransportSuccessor20260903.primeSquarePacketToken._proof_1|Classical.choice,Quot.sound,propext
AXIOM_AUDIT|DECL|IUTThreeClosures.ABCPrimePacketBoundaryTransportSuccessor20260903|IUTThreeClosures.ABCPrimePacketBoundaryTransportSuccessor20260903.primeSquarePacketToken_unique|Classical.choice,Quot.sound,propext
AXIOM_AUDIT|DECL|IUTThreeClosures.ABCPrimePacketBoundaryTransportSuccessor20260903|IUTThreeClosures.ABCPrimePacketBoundaryTransportSuccessor20260903.primeSquarePacketWeight|Classical.choice,Quot.sound,propext
AXIOM_AUDIT|DECL|IUTThreeClosures.ABCPrimePacketBoundaryTransportSuccessor20260903|IUTThreeClosures.ABCPrimePacketBoundaryTransportSuccessor20260903.primeSquare_allSinks_totalResidual|Classical.choice,Quot.sound,propext
AXIOM_AUDIT|DECL|IUTThreeClosures.ABCPrimePacketBoundaryTransportSuccessor20260903|IUTThreeClosures.ABCPrimePacketBoundaryTransportSuccessor20260903.signedEndpointCoreDefect_le_packetResidual|Classical.choice,Quot.sound,propext
AXIOM_AUDIT|DECL|IUTThreeClosures.ABCPrimePacketBoundaryTransportSuccessor20260903|IUTThreeClosures.ABCPrimePacketBoundaryTransportSuccessor20260903.twoSourceOneSinkPacket|
AXIOM_AUDIT|DECL|IUTThreeClosures.ABCPrimePacketBoundaryTransportSuccessor20260903|IUTThreeClosures.ABCPrimePacketBoundaryTransportSuccessor20260903.twoSourceOneSinkPacket_totalResidual|Classical.choice,Quot.sound,propext
AXIOM_AUDIT|DECL|IUTThreeClosures.ABCPrimePacketBoundaryTransportSuccessor20260903|IUTThreeClosures.ABCPrimePacketBoundaryTransportSuccessor20260903.twoSourceOneSink_scalarDefect_eq_zero|Classical.choice,Quot.sound,propext
AXIOM_AUDIT|DECL|IUTThreeClosures.ABCSharedCRTIncidenceSuccessor20260903|IUTThreeClosures.ABCSharedCRTIncidenceSuccessor20260903.AggregatePooledAllocation|Classical.choice,Quot.sound,propext
AXIOM_AUDIT|DECL|IUTThreeClosures.ABCSharedCRTIncidenceSuccessor20260903|IUTThreeClosures.ABCSharedCRTIncidenceSuccessor20260903.AggregatePooledAllocation._sizeOf_1|Classical.choice,Quot.sound,propext
AXIOM_AUDIT|DECL|IUTThreeClosures.ABCSharedCRTIncidenceSuccessor20260903|IUTThreeClosures.ABCSharedCRTIncidenceSuccessor20260903.AggregatePooledAllocation._sizeOf_inst|Classical.choice,Quot.sound,propext
AXIOM_AUDIT|DECL|IUTThreeClosures.ABCSharedCRTIncidenceSuccessor20260903|IUTThreeClosures.ABCSharedCRTIncidenceSuccessor20260903.AggregatePooledAllocation.boundary|Classical.choice,Quot.sound,propext
AXIOM_AUDIT|DECL|IUTThreeClosures.ABCSharedCRTIncidenceSuccessor20260903|IUTThreeClosures.ABCSharedCRTIncidenceSuccessor20260903.AggregatePooledAllocation.casesOn|Classical.choice,Quot.sound,propext
AXIOM_AUDIT|DECL|IUTThreeClosures.ABCSharedCRTIncidenceSuccessor20260903|IUTThreeClosures.ABCSharedCRTIncidenceSuccessor20260903.AggregatePooledAllocation.credit|Classical.choice,Quot.sound,propext
AXIOM_AUDIT|DECL|IUTThreeClosures.ABCSharedCRTIncidenceSuccessor20260903|IUTThreeClosures.ABCSharedCRTIncidenceSuccessor20260903.AggregatePooledAllocation.credit_le_sink|Classical.choice,Quot.sound,propext
AXIOM_AUDIT|DECL|IUTThreeClosures.ABCSharedCRTIncidenceSuccessor20260903|IUTThreeClosures.ABCSharedCRTIncidenceSuccessor20260903.AggregatePooledAllocation.credit_le_source|Classical.choice,Quot.sound,propext
AXIOM_AUDIT|DECL|IUTThreeClosures.ABCSharedCRTIncidenceSuccessor20260903|IUTThreeClosures.ABCSharedCRTIncidenceSuccessor20260903.AggregatePooledAllocation.credit_nonneg|Classical.choice,Quot.sound,propext
AXIOM_AUDIT|DECL|IUTThreeClosures.ABCSharedCRTIncidenceSuccessor20260903|IUTThreeClosures.ABCSharedCRTIncidenceSuccessor20260903.AggregatePooledAllocation.ctorIdx|Classical.choice,Quot.sound,propext
AXIOM_AUDIT|DECL|IUTThreeClosures.ABCSharedCRTIncidenceSuccessor20260903|IUTThreeClosures.ABCSharedCRTIncidenceSuccessor20260903.AggregatePooledAllocation.maximal|Classical.choice,Quot.sound,propext
AXIOM_AUDIT|DECL|IUTThreeClosures.ABCSharedCRTIncidenceSuccessor20260903|IUTThreeClosures.ABCSharedCRTIncidenceSuccessor20260903.AggregatePooledAllocation.maximal._proof_1|Classical.choice,Quot.sound,propext
AXIOM_AUDIT|DECL|IUTThreeClosures.ABCSharedCRTIncidenceSuccessor20260903|IUTThreeClosures.ABCSharedCRTIncidenceSuccessor20260903.AggregatePooledAllocation.maximal_boundary_eq_scalarDefect|Classical.choice,Quot.sound,propext
AXIOM_AUDIT|DECL|IUTThreeClosures.ABCSharedCRTIncidenceSuccessor20260903|IUTThreeClosures.ABCSharedCRTIncidenceSuccessor20260903.AggregatePooledAllocation.mk|Classical.choice,Quot.sound,propext
AXIOM_AUDIT|DECL|IUTThreeClosures.ABCSharedCRTIncidenceSuccessor20260903|IUTThreeClosures.ABCSharedCRTIncidenceSuccessor20260903.AggregatePooledAllocation.mk._flat_ctor|Classical.choice,Quot.sound,propext
AXIOM_AUDIT|DECL|IUTThreeClosures.ABCSharedCRTIncidenceSuccessor20260903|IUTThreeClosures.ABCSharedCRTIncidenceSuccessor20260903.AggregatePooledAllocation.mk.inj|Classical.choice,Quot.sound,propext
AXIOM_AUDIT|DECL|IUTThreeClosures.ABCSharedCRTIncidenceSuccessor20260903|IUTThreeClosures.ABCSharedCRTIncidenceSuccessor20260903.AggregatePooledAllocation.mk.injEq|Classical.choice,Quot.sound,propext
AXIOM_AUDIT|DECL|IUTThreeClosures.ABCSharedCRTIncidenceSuccessor20260903|IUTThreeClosures.ABCSharedCRTIncidenceSuccessor20260903.AggregatePooledAllocation.mk.noConfusion|Classical.choice,Quot.sound,propext
AXIOM_AUDIT|DECL|IUTThreeClosures.ABCSharedCRTIncidenceSuccessor20260903|IUTThreeClosures.ABCSharedCRTIncidenceSuccessor20260903.AggregatePooledAllocation.mk.sizeOf_spec|Classical.choice,Quot.sound,propext
AXIOM_AUDIT|DECL|IUTThreeClosures.ABCSharedCRTIncidenceSuccessor20260903|IUTThreeClosures.ABCSharedCRTIncidenceSuccessor20260903.AggregatePooledAllocation.noConfusion|Classical.choice,Quot.sound,propext
AXIOM_AUDIT|DECL|IUTThreeClosures.ABCSharedCRTIncidenceSuccessor20260903|IUTThreeClosures.ABCSharedCRTIncidenceSuccessor20260903.AggregatePooledAllocation.noConfusionType|Classical.choice,Quot.sound,propext
AXIOM_AUDIT|DECL|IUTThreeClosures.ABCSharedCRTIncidenceSuccessor20260903|IUTThreeClosures.ABCSharedCRTIncidenceSuccessor20260903.AggregatePooledAllocation.rec|Classical.choice,Quot.sound,propext
AXIOM_AUDIT|DECL|IUTThreeClosures.ABCSharedCRTIncidenceSuccessor20260903|IUTThreeClosures.ABCSharedCRTIncidenceSuccessor20260903.AggregatePooledAllocation.recOn|Classical.choice,Quot.sound,propext
AXIOM_AUDIT|DECL|IUTThreeClosures.ABCSharedCRTIncidenceSuccessor20260903|IUTThreeClosures.ABCSharedCRTIncidenceSuccessor20260903.AggregatePooledAllocation.scalarDefect_le_boundary|Classical.choice,Quot.sound,propext
AXIOM_AUDIT|DECL|IUTThreeClosures.ABCSharedCRTIncidenceSuccessor20260903|IUTThreeClosures.ABCSharedCRTIncidenceSuccessor20260903.EndpointOnceChargedCertificate|Classical.choice,Quot.sound,propext
AXIOM_AUDIT|DECL|IUTThreeClosures.ABCSharedCRTIncidenceSuccessor20260903|IUTThreeClosures.ABCSharedCRTIncidenceSuccessor20260903.EndpointSharedAdmissibility|Classical.choice,Quot.sound,propext
AXIOM_AUDIT|DECL|IUTThreeClosures.ABCSharedCRTIncidenceSuccessor20260903|IUTThreeClosures.ABCSharedCRTIncidenceSuccessor20260903.OnceChargedCertificate|Classical.choice,Quot.sound,propext
AXIOM_AUDIT|DECL|IUTThreeClosures.ABCSharedCRTIncidenceSuccessor20260903|IUTThreeClosures.ABCSharedCRTIncidenceSuccessor20260903.OnceChargedCertificate._sizeOf_1|Classical.choice,Quot.sound,propext
AXIOM_AUDIT|DECL|IUTThreeClosures.ABCSharedCRTIncidenceSuccessor20260903|IUTThreeClosures.ABCSharedCRTIncidenceSuccessor20260903.OnceChargedCertificate._sizeOf_inst|Classical.choice,Quot.sound,propext
AXIOM_AUDIT|DECL|IUTThreeClosures.ABCSharedCRTIncidenceSuccessor20260903|IUTThreeClosures.ABCSharedCRTIncidenceSuccessor20260903.OnceChargedCertificate.boundary|Classical.choice,Quot.sound,propext
AXIOM_AUDIT|DECL|IUTThreeClosures.ABCSharedCRTIncidenceSuccessor20260903|IUTThreeClosures.ABCSharedCRTIncidenceSuccessor20260903.OnceChargedCertificate.boundary_nonneg|Classical.choice,Quot.sound,propext
AXIOM_AUDIT|DECL|IUTThreeClosures.ABCSharedCRTIncidenceSuccessor20260903|IUTThreeClosures.ABCSharedCRTIncidenceSuccessor20260903.OnceChargedCertificate.casesOn|Classical.choice,Quot.sound,propext
AXIOM_AUDIT|DECL|IUTThreeClosures.ABCSharedCRTIncidenceSuccessor20260903|IUTThreeClosures.ABCSharedCRTIncidenceSuccessor20260903.OnceChargedCertificate.ctorIdx|Classical.choice,Quot.sound,propext
AXIOM_AUDIT|DECL|IUTThreeClosures.ABCSharedCRTIncidenceSuccessor20260903|IUTThreeClosures.ABCSharedCRTIncidenceSuccessor20260903.OnceChargedCertificate.mk|Classical.choice,Quot.sound,propext
AXIOM_AUDIT|DECL|IUTThreeClosures.ABCSharedCRTIncidenceSuccessor20260903|IUTThreeClosures.ABCSharedCRTIncidenceSuccessor20260903.OnceChargedCertificate.mk._flat_ctor|Classical.choice,Quot.sound,propext
AXIOM_AUDIT|DECL|IUTThreeClosures.ABCSharedCRTIncidenceSuccessor20260903|IUTThreeClosures.ABCSharedCRTIncidenceSuccessor20260903.OnceChargedCertificate.mk.inj|Classical.choice,Quot.sound,propext
AXIOM_AUDIT|DECL|IUTThreeClosures.ABCSharedCRTIncidenceSuccessor20260903|IUTThreeClosures.ABCSharedCRTIncidenceSuccessor20260903.OnceChargedCertificate.mk.injEq|Classical.choice,Quot.sound,propext
AXIOM_AUDIT|DECL|IUTThreeClosures.ABCSharedCRTIncidenceSuccessor20260903|IUTThreeClosures.ABCSharedCRTIncidenceSuccessor20260903.OnceChargedCertificate.mk.noConfusion|Classical.choice,Quot.sound,propext
AXIOM_AUDIT|DECL|IUTThreeClosures.ABCSharedCRTIncidenceSuccessor20260903|IUTThreeClosures.ABCSharedCRTIncidenceSuccessor20260903.OnceChargedCertificate.mk.sizeOf_spec|Classical.choice,Quot.sound,propext
AXIOM_AUDIT|DECL|IUTThreeClosures.ABCSharedCRTIncidenceSuccessor20260903|IUTThreeClosures.ABCSharedCRTIncidenceSuccessor20260903.OnceChargedCertificate.noConfusion|Classical.choice,Quot.sound,propext
AXIOM_AUDIT|DECL|IUTThreeClosures.ABCSharedCRTIncidenceSuccessor20260903|IUTThreeClosures.ABCSharedCRTIncidenceSuccessor20260903.OnceChargedCertificate.noConfusionType|Classical.choice,Quot.sound,propext
AXIOM_AUDIT|DECL|IUTThreeClosures.ABCSharedCRTIncidenceSuccessor20260903|IUTThreeClosures.ABCSharedCRTIncidenceSuccessor20260903.OnceChargedCertificate.rec|Classical.choice,Quot.sound,propext
AXIOM_AUDIT|DECL|IUTThreeClosures.ABCSharedCRTIncidenceSuccessor20260903|IUTThreeClosures.ABCSharedCRTIncidenceSuccessor20260903.OnceChargedCertificate.recOn|Classical.choice,Quot.sound,propext
AXIOM_AUDIT|DECL|IUTThreeClosures.ABCSharedCRTIncidenceSuccessor20260903|IUTThreeClosures.ABCSharedCRTIncidenceSuccessor20260903.OnceChargedCertificate.sinkCharge|Classical.choice,Quot.sound,propext
AXIOM_AUDIT|DECL|IUTThreeClosures.ABCSharedCRTIncidenceSuccessor20260903|IUTThreeClosures.ABCSharedCRTIncidenceSuccessor20260903.OnceChargedCertificate.sinkCharge_le|Classical.choice,Quot.sound,propext
AXIOM_AUDIT|DECL|IUTThreeClosures.ABCSharedCRTIncidenceSuccessor20260903|IUTThreeClosures.ABCSharedCRTIncidenceSuccessor20260903.OnceChargedCertificate.sinkCharge_nonneg|Classical.choice,Quot.sound,propext
AXIOM_AUDIT|DECL|IUTThreeClosures.ABCSharedCRTIncidenceSuccessor20260903|IUTThreeClosures.ABCSharedCRTIncidenceSuccessor20260903.OnceChargedCertificate.sinkMass|Classical.choice,Quot.sound,propext
AXIOM_AUDIT|DECL|IUTThreeClosures.ABCSharedCRTIncidenceSuccessor20260903|IUTThreeClosures.ABCSharedCRTIncidenceSuccessor20260903.OnceChargedCertificate.sourceCredit|Classical.choice,Quot.sound,propext
AXIOM_AUDIT|DECL|IUTThreeClosures.ABCSharedCRTIncidenceSuccessor20260903|IUTThreeClosures.ABCSharedCRTIncidenceSuccessor20260903.OnceChargedCertificate.sourceCredit_le|Classical.choice,Quot.sound,propext
AXIOM_AUDIT|DECL|IUTThreeClosures.ABCSharedCRTIncidenceSuccessor20260903|IUTThreeClosures.ABCSharedCRTIncidenceSuccessor20260903.OnceChargedCertificate.sourceCredit_nonneg|Classical.choice,Quot.sound,propext
AXIOM_AUDIT|DECL|IUTThreeClosures.ABCSharedCRTIncidenceSuccessor20260903|IUTThreeClosures.ABCSharedCRTIncidenceSuccessor20260903.OnceChargedCertificate.sourceMass|Classical.choice,Quot.sound,propext
AXIOM_AUDIT|DECL|IUTThreeClosures.ABCSharedCRTIncidenceSuccessor20260903|IUTThreeClosures.ABCSharedCRTIncidenceSuccessor20260903.OnceChargedCertificate.sourceMass_sub_sinkMass_le_boundary|Classical.choice,Quot.sound,propext
AXIOM_AUDIT|DECL|IUTThreeClosures.ABCSharedCRTIncidenceSuccessor20260903|IUTThreeClosures.ABCSharedCRTIncidenceSuccessor20260903.OnceChargedCertificate.totalCredit_le_sinkMass|Classical.choice,Quot.sound,propext
AXIOM_AUDIT|DECL|IUTThreeClosures.ABCSharedCRTIncidenceSuccessor20260903|IUTThreeClosures.ABCSharedCRTIncidenceSuccessor20260903.OnceChargedCertificate.totalCredit_le_totalCharge|Classical.choice,Quot.sound,propext
AXIOM_AUDIT|DECL|IUTThreeClosures.ABCSharedCRTIncidenceSuccessor20260903|IUTThreeClosures.ABCSharedCRTIncidenceSuccessor20260903.OnceChargedCertificate.zero|Classical.choice,Quot.sound,propext
AXIOM_AUDIT|DECL|IUTThreeClosures.ABCSharedCRTIncidenceSuccessor20260903|IUTThreeClosures.ABCSharedCRTIncidenceSuccessor20260903.OnceChargedCertificate.zero._proof_1|Classical.choice,Quot.sound,propext
AXIOM_AUDIT|DECL|IUTThreeClosures.ABCSharedCRTIncidenceSuccessor20260903|IUTThreeClosures.ABCSharedCRTIncidenceSuccessor20260903.OnceChargedCertificate.zero._proof_2|Classical.choice,Quot.sound,propext
AXIOM_AUDIT|DECL|IUTThreeClosures.ABCSharedCRTIncidenceSuccessor20260903|IUTThreeClosures.ABCSharedCRTIncidenceSuccessor20260903.OnceChargedCertificate.zero_boundary|Classical.choice,Quot.sound,propext
AXIOM_AUDIT|DECL|IUTThreeClosures.ABCSharedCRTIncidenceSuccessor20260903|IUTThreeClosures.ABCSharedCRTIncidenceSuccessor20260903.UniformAdmissibleSharedCRTBoundary|Classical.choice,Quot.sound,propext
AXIOM_AUDIT|DECL|IUTThreeClosures.ABCSharedCRTIncidenceSuccessor20260903|IUTThreeClosures.ABCSharedCRTIncidenceSuccessor20260903.abc_of_uniformAdmissibleSharedCRTBoundary|Classical.choice,Quot.sound,propext
AXIOM_AUDIT|DECL|IUTThreeClosures.ABCSharedCRTIncidenceSuccessor20260903|IUTThreeClosures.ABCSharedCRTIncidenceSuccessor20260903.duplicatedCredit_not_le_singleCharge|Classical.choice,Quot.sound,propext
AXIOM_AUDIT|DECL|IUTThreeClosures.ABCSharedCRTIncidenceSuccessor20260903|IUTThreeClosures.ABCSharedCRTIncidenceSuccessor20260903.duplicatedReportedBoundary_breaks_massBridge|Classical.choice,Quot.sound,propext
AXIOM_AUDIT|DECL|IUTThreeClosures.ABCSharedCRTIncidenceSuccessor20260903|IUTThreeClosures.ABCSharedCRTIncidenceSuccessor20260903.duplicatedReportedBoundary_eq_zero|Classical.choice,Quot.sound,propext
AXIOM_AUDIT|DECL|IUTThreeClosures.ABCSharedCRTIncidenceSuccessor20260903|IUTThreeClosures.ABCSharedCRTIncidenceSuccessor20260903.duplicatedSourceCredit|Classical.choice,Quot.sound,propext
AXIOM_AUDIT|DECL|IUTThreeClosures.ABCSharedCRTIncidenceSuccessor20260903|IUTThreeClosures.ABCSharedCRTIncidenceSuccessor20260903.duplicatedSourceCredit_sum|Classical.choice,Quot.sound,propext
AXIOM_AUDIT|DECL|IUTThreeClosures.ABCSharedCRTIncidenceSuccessor20260903|IUTThreeClosures.ABCSharedCRTIncidenceSuccessor20260903.endpointSharedBoundary|Classical.choice,Quot.sound,propext
AXIOM_AUDIT|DECL|IUTThreeClosures.ABCSharedCRTIncidenceSuccessor20260903|IUTThreeClosures.ABCSharedCRTIncidenceSuccessor20260903.endpointSinkMass_eq_log_externalRadical|Classical.choice,Quot.sound,propext
AXIOM_AUDIT|DECL|IUTThreeClosures.ABCSharedCRTIncidenceSuccessor20260903|IUTThreeClosures.ABCSharedCRTIncidenceSuccessor20260903.endpointSourceMass_eq_log_core|Classical.choice,Quot.sound,propext
AXIOM_AUDIT|DECL|IUTThreeClosures.ABCSharedCRTIncidenceSuccessor20260903|IUTThreeClosures.ABCSharedCRTIncidenceSuccessor20260903.height_le_conductor_add_sharedBoundary|Classical.choice,Quot.sound,propext
AXIOM_AUDIT|DECL|IUTThreeClosures.ABCSharedCRTIncidenceSuccessor20260903|IUTThreeClosures.ABCSharedCRTIncidenceSuccessor20260903.signedEndpointCoreDefect_le_sharedBoundary|Classical.choice,Quot.sound,propext
AXIOM_AUDIT|DECL|IUTThreeClosures.ABCSharedCRTIncidenceSuccessor20260903|IUTThreeClosures.ABCSharedCRTIncidenceSuccessor20260903.singleSinkCharge|Classical.choice,Quot.sound,propext
AXIOM_AUDIT|DECL|IUTThreeClosures.ABCSharedCRTIncidenceSuccessor20260903|IUTThreeClosures.ABCSharedCRTIncidenceSuccessor20260903.singleSinkCharge_sum|Classical.choice,Quot.sound,propext
AXIOM_AUDIT|DECL|IUTThreeClosures.ABCThreeArmComplementTransportObstruction20260903|IUTThreeClosures.ABCThreeArmComplementTransportObstruction20260903.complementRadicalTailLog|Classical.choice,Quot.sound,propext
AXIOM_AUDIT|DECL|IUTThreeClosures.ABCThreeArmComplementTransportObstruction20260903|IUTThreeClosures.ABCThreeArmComplementTransportObstruction20260903.complementTransport_sinkTailMass_eq_complementRadicalTailLog|Classical.choice,Quot.sound,propext
AXIOM_AUDIT|DECL|IUTThreeClosures.ABCThreeArmComplementTransportObstruction20260903|IUTThreeClosures.ABCThreeArmComplementTransportObstruction20260903.complementTransport_sourceTailMass_eq_selectedDefectTailLog|Classical.choice,Quot.sound,propext
AXIOM_AUDIT|DECL|IUTThreeClosures.ABCThreeArmComplementTransportObstruction20260903|IUTThreeClosures.ABCThreeArmComplementTransportObstruction20260903.complementTransport_tailDeficit_eq_fullModulus_sub_totalRadical|Classical.choice,Quot.sound,propext
AXIOM_AUDIT|DECL|IUTThreeClosures.ABCThreeArmComplementTransportObstruction20260903|IUTThreeClosures.ABCThreeArmComplementTransportObstruction20260903.not_uniformEndpointPrimeFlowBound|Classical.choice,Quot.sound,propext
AXIOM_AUDIT|DECL|IUTThreeClosures.ABCThreeArmComplementTransportObstruction20260903|IUTThreeClosures.ABCThreeArmComplementTransportObstruction20260903.not_uniformEndpointPrimeFlowBound._proof_1_1|Quot.sound,propext
AXIOM_AUDIT|DECL|IUTThreeClosures.ABCThreeArmComplementTransportObstruction20260903|IUTThreeClosures.ABCThreeArmComplementTransportObstruction20260903.not_uniformEndpointPrimeFlowBound._proof_1_2|Quot.sound,propext
AXIOM_AUDIT|DECL|IUTThreeClosures.ABCThreeArmComplementTransportObstruction20260903|IUTThreeClosures.ABCThreeArmComplementTransportObstruction20260903.not_uniformThreeArmComplementTransportBound|Classical.choice,Quot.sound,propext
AXIOM_AUDIT|DECL|IUTThreeClosures.ABCThreeArmComplementTransportObstruction20260903|IUTThreeClosures.ABCThreeArmComplementTransportObstruction20260903.not_uniformThreeArmComplementTransportBound._proof_1_1|Quot.sound,propext
AXIOM_AUDIT|DECL|IUTThreeClosures.ABCThreeArmComplementTransportObstruction20260903|IUTThreeClosures.ABCThreeArmComplementTransportObstruction20260903.not_uniformThreeArmComplementTransportBound._proof_1_2|Quot.sound,propext
AXIOM_AUDIT|DECL|IUTThreeClosures.ABCThreeArmComplementTransportObstruction20260903|IUTThreeClosures.ABCThreeArmComplementTransportObstruction20260903.primeDivisor_sq_sub_one_lt|Classical.choice,Quot.sound,propext
AXIOM_AUDIT|DECL|IUTThreeClosures.ABCThreeArmComplementTransportObstruction20260903|IUTThreeClosures.ABCThreeArmComplementTransportObstruction20260903.primeDivisor_sq_sub_one_lt._proof_1_1|Quot.sound,propext
AXIOM_AUDIT|DECL|IUTThreeClosures.ABCThreeArmComplementTransportObstruction20260903|IUTThreeClosures.ABCThreeArmComplementTransportObstruction20260903.primeDivisor_sq_sub_one_lt._proof_1_2|Quot.sound,propext
AXIOM_AUDIT|DECL|IUTThreeClosures.ABCThreeArmComplementTransportObstruction20260903|IUTThreeClosures.ABCThreeArmComplementTransportObstruction20260903.primeDivisor_sq_sub_one_lt._proof_1_3|Quot.sound,propext
AXIOM_AUDIT|DECL|IUTThreeClosures.ABCThreeArmComplementTransportObstruction20260903|IUTThreeClosures.ABCThreeArmComplementTransportObstruction20260903.primeDivisor_sq_sub_one_lt._proof_1_4|Quot.sound,propext
AXIOM_AUDIT|DECL|IUTThreeClosures.ABCThreeArmComplementTransportObstruction20260903|IUTThreeClosures.ABCThreeArmComplementTransportObstruction20260903.primeDivisor_sq_sub_one_lt._proof_1_5|Quot.sound,propext
AXIOM_AUDIT|DECL|IUTThreeClosures.ABCThreeArmComplementTransportObstruction20260903|IUTThreeClosures.ABCThreeArmComplementTransportObstruction20260903.primeSquareEndpointExcessToken|Classical.choice,Quot.sound,propext
AXIOM_AUDIT|DECL|IUTThreeClosures.ABCThreeArmComplementTransportObstruction20260903|IUTThreeClosures.ABCThreeArmComplementTransportObstruction20260903.primeSquareEndpointExcessToken._proof_1|Quot.sound,propext
AXIOM_AUDIT|DECL|IUTThreeClosures.ABCThreeArmComplementTransportObstruction20260903|IUTThreeClosures.ABCThreeArmComplementTransportObstruction20260903.primeSquareEndpointExcessToken._proof_2|Classical.choice,Quot.sound,propext
AXIOM_AUDIT|DECL|IUTThreeClosures.ABCThreeArmComplementTransportObstruction20260903|IUTThreeClosures.ABCThreeArmComplementTransportObstruction20260903.primeSquareEndpointExcessToken._proof_3|Classical.choice,Quot.sound,propext
AXIOM_AUDIT|DECL|IUTThreeClosures.ABCThreeArmComplementTransportObstruction20260903|IUTThreeClosures.ABCThreeArmComplementTransportObstruction20260903.primeSquareEndpointExcessToken_prime|Classical.choice,Quot.sound,propext
AXIOM_AUDIT|DECL|IUTThreeClosures.ABCThreeArmComplementTransportObstruction20260903|IUTThreeClosures.ABCThreeArmComplementTransportObstruction20260903.primeSquareEndpointExcessToken_weight|Classical.choice,Quot.sound,propext
AXIOM_AUDIT|DECL|IUTThreeClosures.ABCThreeArmComplementTransportObstruction20260903|IUTThreeClosures.ABCThreeArmComplementTransportObstruction20260903.primeSquareEndpointPoint|Classical.choice,Quot.sound,propext
AXIOM_AUDIT|DECL|IUTThreeClosures.ABCThreeArmComplementTransportObstruction20260903|IUTThreeClosures.ABCThreeArmComplementTransportObstruction20260903.primeSquareEndpointPoint._proof_1|Quot.sound,propext
AXIOM_AUDIT|DECL|IUTThreeClosures.ABCThreeArmComplementTransportObstruction20260903|IUTThreeClosures.ABCThreeArmComplementTransportObstruction20260903.primeSquareEndpointPoint._proof_2|Quot.sound,propext
AXIOM_AUDIT|DECL|IUTThreeClosures.ABCThreeArmComplementTransportObstruction20260903|IUTThreeClosures.ABCThreeArmComplementTransportObstruction20260903.primeSquareEndpointPoint._proof_3|Classical.choice,Quot.sound,propext
AXIOM_AUDIT|DECL|IUTThreeClosures.ABCThreeArmComplementTransportObstruction20260903|IUTThreeClosures.ABCThreeArmComplementTransportObstruction20260903.primeSquareEndpointPoint._proof_4|Classical.choice,Quot.sound,propext
AXIOM_AUDIT|DECL|IUTThreeClosures.ABCThreeArmComplementTransportObstruction20260903|IUTThreeClosures.ABCThreeArmComplementTransportObstruction20260903.primeSquareEndpointPoint._proof_5|propext
AXIOM_AUDIT|DECL|IUTThreeClosures.ABCThreeArmComplementTransportObstruction20260903|IUTThreeClosures.ABCThreeArmComplementTransportObstruction20260903.primeSquareEndpointPoint._proof_6|Classical.choice,Quot.sound,propext
AXIOM_AUDIT|DECL|IUTThreeClosures.ABCThreeArmComplementTransportObstruction20260903|IUTThreeClosures.ABCThreeArmComplementTransportObstruction20260903.primeSquareEndpointPoint._proof_7|Classical.choice,Quot.sound,propext
AXIOM_AUDIT|DECL|IUTThreeClosures.ABCThreeArmComplementTransportObstruction20260903|IUTThreeClosures.ABCThreeArmComplementTransportObstruction20260903.primeSquareEndpointPoint_a|Classical.choice,Quot.sound,propext
AXIOM_AUDIT|DECL|IUTThreeClosures.ABCThreeArmComplementTransportObstruction20260903|IUTThreeClosures.ABCThreeArmComplementTransportObstruction20260903.primeSquareEndpointPoint_b|Classical.choice,Quot.sound,propext
AXIOM_AUDIT|DECL|IUTThreeClosures.ABCThreeArmComplementTransportObstruction20260903|IUTThreeClosures.ABCThreeArmComplementTransportObstruction20260903.primeSquareEndpointPoint_c|Classical.choice,Quot.sound,propext
AXIOM_AUDIT|DECL|IUTThreeClosures.ABCThreeArmComplementTransportObstruction20260903|IUTThreeClosures.ABCThreeArmComplementTransportObstruction20260903.primeSquareEndpoint_c_factorization|Classical.choice,Quot.sound,propext
AXIOM_AUDIT|DECL|IUTThreeClosures.ABCThreeArmComplementTransportObstruction20260903|IUTThreeClosures.ABCThreeArmComplementTransportObstruction20260903.primeSquareEndpoint_c_primeFactors|Classical.choice,Quot.sound,propext
AXIOM_AUDIT|DECL|IUTThreeClosures.ABCThreeArmComplementTransportObstruction20260903|IUTThreeClosures.ABCThreeArmComplementTransportObstruction20260903.primeSquareEndpoint_conductor_le_three_log|Classical.choice,Quot.sound,propext
AXIOM_AUDIT|DECL|IUTThreeClosures.ABCThreeArmComplementTransportObstruction20260903|IUTThreeClosures.ABCThreeArmComplementTransportObstruction20260903.primeSquareEndpoint_endpointSinkTail_eq_zero|Classical.choice,Quot.sound,propext
AXIOM_AUDIT|DECL|IUTThreeClosures.ABCThreeArmComplementTransportObstruction20260903|IUTThreeClosures.ABCThreeArmComplementTransportObstruction20260903.primeSquareEndpoint_endpointSinkTail_eq_zero._proof_1_1|Classical.choice,Quot.sound,propext
AXIOM_AUDIT|DECL|IUTThreeClosures.ABCThreeArmComplementTransportObstruction20260903|IUTThreeClosures.ABCThreeArmComplementTransportObstruction20260903.primeSquareEndpoint_face_C_valuation|Classical.choice,Quot.sound,propext
AXIOM_AUDIT|DECL|IUTThreeClosures.ABCThreeArmComplementTransportObstruction20260903|IUTThreeClosures.ABCThreeArmComplementTransportObstruction20260903.primeSquareEndpoint_log_p_le_endpointSourceTail|Classical.choice,Quot.sound,propext
AXIOM_AUDIT|DECL|IUTThreeClosures.ABCThreeArmComplementTransportObstruction20260903|IUTThreeClosures.ABCThreeArmComplementTransportObstruction20260903.primeSquareEndpoint_log_p_le_endpointUnmatched|Classical.choice,Quot.sound,propext
AXIOM_AUDIT|DECL|IUTThreeClosures.ABCThreeArmComplementTransportObstruction20260903|IUTThreeClosures.ABCThreeArmComplementTransportObstruction20260903.primeSquareEndpoint_p_mem_C_of_cover|Classical.choice,Quot.sound,propext
AXIOM_AUDIT|DECL|IUTThreeClosures.ABCThreeArmComplementTransportObstruction20260903|IUTThreeClosures.ABCThreeArmComplementTransportObstruction20260903.primeSquareEndpoint_p_mem_C_of_cover._proof_1_2|Classical.choice,Quot.sound,propext
AXIOM_AUDIT|DECL|IUTThreeClosures.ABCThreeArmComplementTransportObstruction20260903|IUTThreeClosures.ABCThreeArmComplementTransportObstruction20260903.primeSquareEndpoint_p_mem_C_of_cover._proof_1_4|Classical.choice,Quot.sound,propext
AXIOM_AUDIT|DECL|IUTThreeClosures.ABCThreeArmComplementTransportObstruction20260903|IUTThreeClosures.ABCThreeArmComplementTransportObstruction20260903.primeSquareEndpoint_sinkPrime_lt|Classical.choice,Quot.sound,propext
AXIOM_AUDIT|DECL|IUTThreeClosures.ABCThreeArmComplementTransportObstruction20260903|IUTThreeClosures.ABCThreeArmComplementTransportObstruction20260903.primeSquareEndpoint_totalRadical_le_cube|Classical.choice,Quot.sound,propext
AXIOM_AUDIT|DECL|IUTThreeClosures.ABCThreeArmComplementTransportObstruction20260903|IUTThreeClosures.ABCThreeArmComplementTransportObstruction20260903.primeSquareFaceExcessToken|Classical.choice,Quot.sound,propext
AXIOM_AUDIT|DECL|IUTThreeClosures.ABCThreeArmComplementTransportObstruction20260903|IUTThreeClosures.ABCThreeArmComplementTransportObstruction20260903.primeSquareFaceExcessToken._proof_1|Classical.choice,Quot.sound,propext
AXIOM_AUDIT|DECL|IUTThreeClosures.ABCThreeArmComplementTransportObstruction20260903|IUTThreeClosures.ABCThreeArmComplementTransportObstruction20260903.primeSquareFaceExcessToken_prime|Classical.choice,Quot.sound,propext
AXIOM_AUDIT|DECL|IUTThreeClosures.ABCThreeArmComplementTransportObstruction20260903|IUTThreeClosures.ABCThreeArmComplementTransportObstruction20260903.primeSquareFaceExcessToken_weight|Classical.choice,Quot.sound,propext
AXIOM_AUDIT|DECL|IUTThreeClosures.ABCThreeArmComplementTransportObstruction20260903|IUTThreeClosures.ABCThreeArmComplementTransportObstruction20260903.primeSquareFace_complementPrime_lt|Classical.choice,Quot.sound,propext
AXIOM_AUDIT|DECL|IUTThreeClosures.ABCThreeArmComplementTransportObstruction20260903|IUTThreeClosures.ABCThreeArmComplementTransportObstruction20260903.primeSquareFace_log_p_le_sourceTail|Classical.choice,Quot.sound,propext
AXIOM_AUDIT|DECL|IUTThreeClosures.ABCThreeArmComplementTransportObstruction20260903|IUTThreeClosures.ABCThreeArmComplementTransportObstruction20260903.primeSquareFace_log_p_le_unmatched|Classical.choice,Quot.sound,propext
AXIOM_AUDIT|DECL|IUTThreeClosures.ABCThreeArmComplementTransportObstruction20260903|IUTThreeClosures.ABCThreeArmComplementTransportObstruction20260903.primeSquareFace_sinkTail_eq_zero|Classical.choice,Quot.sound,propext
AXIOM_AUDIT|DECL|IUTThreeClosures.ABCThreeArmComplementTransportObstruction20260903|IUTThreeClosures.ABCThreeArmComplementTransportObstruction20260903.primeSquareFace_sinkTail_eq_zero._proof_1_1|Classical.choice,Quot.sound,propext
AXIOM_AUDIT|DECL|IUTThreeClosures.ABCThreeArmComplementTransportObstruction20260903|IUTThreeClosures.ABCThreeArmComplementTransportObstruction20260903.selectedDefectTailLog|Classical.choice,Quot.sound,propext
AXIOM_AUDIT|DECL|IUTThreeClosures.ABCThreeArmComplementTransportObstruction20260903|IUTThreeClosures.ABCThreeArmComplementTransportObstruction20260903.selectedDefectTailLog_add_selectedRadicalTailLog|Classical.choice,Quot.sound,propext
AXIOM_AUDIT|DECL|IUTThreeClosures.ABCThreeArmComplementTransportObstruction20260903|IUTThreeClosures.ABCThreeArmComplementTransportObstruction20260903.selectedDefectTailLog_add_selectedRadicalTailLog._proof_1_1|Classical.choice,Quot.sound,propext
AXIOM_AUDIT|DECL|IUTThreeClosures.ABCThreeArmComplementTransportObstruction20260903|IUTThreeClosures.ABCThreeArmComplementTransportObstruction20260903.selectedFullModulusTailLog|Classical.choice,Quot.sound,propext
AXIOM_AUDIT|DECL|IUTThreeClosures.ABCThreeArmComplementTransportObstruction20260903|IUTThreeClosures.ABCThreeArmComplementTransportObstruction20260903.selectedRadicalTailLog|Classical.choice,Quot.sound,propext
AXIOM_AUDIT|DECL|IUTThreeClosures.ABCThreeArmComplementTransportObstruction20260903|IUTThreeClosures.ABCThreeArmComplementTransportObstruction20260903.selectedRadicalTailLog_add_complementRadicalTailLog|Classical.choice,Quot.sound,propext
AXIOM_AUDIT|DECL|IUTThreeClosures.ABCThreeArmComplementTransportObstruction20260903|IUTThreeClosures.ABCThreeArmComplementTransportObstruction20260903.totalRadicalTailLog|Classical.choice,Quot.sound,propext
AXIOM_AUDIT|DECL|IUTThreeClosures.ABCThreeArmIncidenceSuccessor20260903|IUTThreeClosures.ABCThreeArmIncidenceSuccessor20260903.Arm|
AXIOM_AUDIT|DECL|IUTThreeClosures.ABCThreeArmIncidenceSuccessor20260903|IUTThreeClosures.ABCThreeArmIncidenceSuccessor20260903.ComplementPrimeToken|Classical.choice,Quot.sound,propext
AXIOM_AUDIT|DECL|IUTThreeClosures.ABCThreeArmIncidenceSuccessor20260903|IUTThreeClosures.ABCThreeArmIncidenceSuccessor20260903.ComplementTransport|Classical.choice,Quot.sound,propext
AXIOM_AUDIT|DECL|IUTThreeClosures.ABCThreeArmIncidenceSuccessor20260903|IUTThreeClosures.ABCThreeArmIncidenceSuccessor20260903.Face|Classical.choice,Quot.sound,propext
AXIOM_AUDIT|DECL|IUTThreeClosures.ABCThreeArmIncidenceSuccessor20260903|IUTThreeClosures.ABCThreeArmIncidenceSuccessor20260903.Face.CoversEndpoint|Classical.choice,Quot.sound,propext
AXIOM_AUDIT|DECL|IUTThreeClosures.ABCThreeArmIncidenceSuccessor20260903|IUTThreeClosures.ABCThreeArmIncidenceSuccessor20260903.Face.StrictlyReconstructsEndpoint|Classical.choice,Quot.sound,propext
AXIOM_AUDIT|DECL|IUTThreeClosures.ABCThreeArmIncidenceSuccessor20260903|IUTThreeClosures.ABCThreeArmIncidenceSuccessor20260903.Face._sizeOf_1|Classical.choice,Quot.sound,propext
AXIOM_AUDIT|DECL|IUTThreeClosures.ABCThreeArmIncidenceSuccessor20260903|IUTThreeClosures.ABCThreeArmIncidenceSuccessor20260903.Face._sizeOf_inst|Classical.choice,Quot.sound,propext
AXIOM_AUDIT|DECL|IUTThreeClosures.ABCThreeArmIncidenceSuccessor20260903|IUTThreeClosures.ABCThreeArmIncidenceSuccessor20260903.Face.armComplementRadical|Classical.choice,Quot.sound,propext
AXIOM_AUDIT|DECL|IUTThreeClosures.ABCThreeArmIncidenceSuccessor20260903|IUTThreeClosures.ABCThreeArmIncidenceSuccessor20260903.Face.armComplementRadical_pos|Classical.choice,Quot.sound,propext
AXIOM_AUDIT|DECL|IUTThreeClosures.ABCThreeArmIncidenceSuccessor20260903|IUTThreeClosures.ABCThreeArmIncidenceSuccessor20260903.Face.armDefect|Classical.choice,Quot.sound,propext
AXIOM_AUDIT|DECL|IUTThreeClosures.ABCThreeArmIncidenceSuccessor20260903|IUTThreeClosures.ABCThreeArmIncidenceSuccessor20260903.Face.armDefect_pos|Classical.choice,Quot.sound,propext
AXIOM_AUDIT|DECL|IUTThreeClosures.ABCThreeArmIncidenceSuccessor20260903|IUTThreeClosures.ABCThreeArmIncidenceSuccessor20260903.Face.armModulus|Classical.choice,Quot.sound,propext
AXIOM_AUDIT|DECL|IUTThreeClosures.ABCThreeArmIncidenceSuccessor20260903|IUTThreeClosures.ABCThreeArmIncidenceSuccessor20260903.Face.armModulus_dvd_coordinate|Classical.choice,Quot.sound,propext
AXIOM_AUDIT|DECL|IUTThreeClosures.ABCThreeArmIncidenceSuccessor20260903|IUTThreeClosures.ABCThreeArmIncidenceSuccessor20260903.Face.armRadical|Classical.choice,Quot.sound,propext
AXIOM_AUDIT|DECL|IUTThreeClosures.ABCThreeArmIncidenceSuccessor20260903|IUTThreeClosures.ABCThreeArmIncidenceSuccessor20260903.Face.armRadical_mul_armComplementRadical|Classical.choice,Quot.sound,propext
AXIOM_AUDIT|DECL|IUTThreeClosures.ABCThreeArmIncidenceSuccessor20260903|IUTThreeClosures.ABCThreeArmIncidenceSuccessor20260903.Face.armRadical_mul_armDefect|Classical.choice,Quot.sound,propext
AXIOM_AUDIT|DECL|IUTThreeClosures.ABCThreeArmIncidenceSuccessor20260903|IUTThreeClosures.ABCThreeArmIncidenceSuccessor20260903.Face.armRadical_mul_armDefect._proof_1_4|Classical.choice,Quot.sound,propext
AXIOM_AUDIT|DECL|IUTThreeClosures.ABCThreeArmIncidenceSuccessor20260903|IUTThreeClosures.ABCThreeArmIncidenceSuccessor20260903.Face.armRadical_pos|Classical.choice,Quot.sound,propext
AXIOM_AUDIT|DECL|IUTThreeClosures.ABCThreeArmIncidenceSuccessor20260903|IUTThreeClosures.ABCThreeArmIncidenceSuccessor20260903.Face.casesOn|Classical.choice,Quot.sound,propext
AXIOM_AUDIT|DECL|IUTThreeClosures.ABCThreeArmIncidenceSuccessor20260903|IUTThreeClosures.ABCThreeArmIncidenceSuccessor20260903.Face.complementRadical|Classical.choice,Quot.sound,propext
AXIOM_AUDIT|DECL|IUTThreeClosures.ABCThreeArmIncidenceSuccessor20260903|IUTThreeClosures.ABCThreeArmIncidenceSuccessor20260903.Face.complementRadical_pos|Classical.choice,Quot.sound,propext
AXIOM_AUDIT|DECL|IUTThreeClosures.ABCThreeArmIncidenceSuccessor20260903|IUTThreeClosures.ABCThreeArmIncidenceSuccessor20260903.Face.complementTransport_sinkMass_eq_log_complementRadical|Classical.choice,Quot.sound,propext
AXIOM_AUDIT|DECL|IUTThreeClosures.ABCThreeArmIncidenceSuccessor20260903|IUTThreeClosures.ABCThreeArmIncidenceSuccessor20260903.Face.complementTransport_sourceMass_eq_log_selectedDefect|Classical.choice,Quot.sound,propext
AXIOM_AUDIT|DECL|IUTThreeClosures.ABCThreeArmIncidenceSuccessor20260903|IUTThreeClosures.ABCThreeArmIncidenceSuccessor20260903.Face.complementTransport_threshold_obstruction|Classical.choice,Quot.sound,propext
AXIOM_AUDIT|DECL|IUTThreeClosures.ABCThreeArmIncidenceSuccessor20260903|IUTThreeClosures.ABCThreeArmIncidenceSuccessor20260903.Face.coprime_modulus_AB|Classical.choice,Quot.sound,propext
AXIOM_AUDIT|DECL|IUTThreeClosures.ABCThreeArmIncidenceSuccessor20260903|IUTThreeClosures.ABCThreeArmIncidenceSuccessor20260903.Face.coprime_modulus_AC|Classical.choice,Quot.sound,propext
AXIOM_AUDIT|DECL|IUTThreeClosures.ABCThreeArmIncidenceSuccessor20260903|IUTThreeClosures.ABCThreeArmIncidenceSuccessor20260903.Face.coprime_modulus_BC|Classical.choice,Quot.sound,propext
AXIOM_AUDIT|DECL|IUTThreeClosures.ABCThreeArmIncidenceSuccessor20260903|IUTThreeClosures.ABCThreeArmIncidenceSuccessor20260903.Face.ctorIdx|Classical.choice,Quot.sound,propext
AXIOM_AUDIT|DECL|IUTThreeClosures.ABCThreeArmIncidenceSuccessor20260903|IUTThreeClosures.ABCThreeArmIncidenceSuccessor20260903.Face.eq_c_of_strictThreeArmReconstruction|Classical.choice,Quot.sound,propext
AXIOM_AUDIT|DECL|IUTThreeClosures.ABCThreeArmIncidenceSuccessor20260903|IUTThreeClosures.ABCThreeArmIncidenceSuccessor20260903.Face.height_le_conductor_add_complementTransport_unmatchedMass|Classical.choice,Quot.sound,propext
AXIOM_AUDIT|DECL|IUTThreeClosures.ABCThreeArmIncidenceSuccessor20260903|IUTThreeClosures.ABCThreeArmIncidenceSuccessor20260903.Face.height_le_conductor_add_log_selectedDefect|Classical.choice,Quot.sound,propext
AXIOM_AUDIT|DECL|IUTThreeClosures.ABCThreeArmIncidenceSuccessor20260903|IUTThreeClosures.ABCThreeArmIncidenceSuccessor20260903.Face.localIncidenceSignature|Classical.choice,Quot.sound,propext
AXIOM_AUDIT|DECL|IUTThreeClosures.ABCThreeArmIncidenceSuccessor20260903|IUTThreeClosures.ABCThreeArmIncidenceSuccessor20260903.Face.log_armComplementRadical_eq_weightSum|Classical.choice,Quot.sound,propext
AXIOM_AUDIT|DECL|IUTThreeClosures.ABCThreeArmIncidenceSuccessor20260903|IUTThreeClosures.ABCThreeArmIncidenceSuccessor20260903.Face.log_armDefect_eq_weightSum|Classical.choice,Quot.sound,propext
AXIOM_AUDIT|DECL|IUTThreeClosures.ABCThreeArmIncidenceSuccessor20260903|IUTThreeClosures.ABCThreeArmIncidenceSuccessor20260903.Face.log_selectedDefect_le_log_complementRadical_add_unmatchedMass|Classical.choice,Quot.sound,propext
AXIOM_AUDIT|DECL|IUTThreeClosures.ABCThreeArmIncidenceSuccessor20260903|IUTThreeClosures.ABCThreeArmIncidenceSuccessor20260903.Face.mk|Classical.choice,Quot.sound,propext
AXIOM_AUDIT|DECL|IUTThreeClosures.ABCThreeArmIncidenceSuccessor20260903|IUTThreeClosures.ABCThreeArmIncidenceSuccessor20260903.Face.mk._flat_ctor|Classical.choice,Quot.sound,propext
AXIOM_AUDIT|DECL|IUTThreeClosures.ABCThreeArmIncidenceSuccessor20260903|IUTThreeClosures.ABCThreeArmIncidenceSuccessor20260903.Face.mk.inj|Classical.choice,Quot.sound,propext
AXIOM_AUDIT|DECL|IUTThreeClosures.ABCThreeArmIncidenceSuccessor20260903|IUTThreeClosures.ABCThreeArmIncidenceSuccessor20260903.Face.mk.injEq|Classical.choice,Quot.sound,propext
AXIOM_AUDIT|DECL|IUTThreeClosures.ABCThreeArmIncidenceSuccessor20260903|IUTThreeClosures.ABCThreeArmIncidenceSuccessor20260903.Face.mk.noConfusion|Classical.choice,Quot.sound,propext
AXIOM_AUDIT|DECL|IUTThreeClosures.ABCThreeArmIncidenceSuccessor20260903|IUTThreeClosures.ABCThreeArmIncidenceSuccessor20260903.Face.mk.sizeOf_spec|Classical.choice,Quot.sound,propext
AXIOM_AUDIT|DECL|IUTThreeClosures.ABCThreeArmIncidenceSuccessor20260903|IUTThreeClosures.ABCThreeArmIncidenceSuccessor20260903.Face.noConfusion|Classical.choice,Quot.sound,propext
AXIOM_AUDIT|DECL|IUTThreeClosures.ABCThreeArmIncidenceSuccessor20260903|IUTThreeClosures.ABCThreeArmIncidenceSuccessor20260903.Face.noConfusionType|Classical.choice,Quot.sound,propext
AXIOM_AUDIT|DECL|IUTThreeClosures.ABCThreeArmIncidenceSuccessor20260903|IUTThreeClosures.ABCThreeArmIncidenceSuccessor20260903.Face.prime_of_mem_support|Classical.choice,Quot.sound,propext
AXIOM_AUDIT|DECL|IUTThreeClosures.ABCThreeArmIncidenceSuccessor20260903|IUTThreeClosures.ABCThreeArmIncidenceSuccessor20260903.Face.rec|Classical.choice,Quot.sound,propext
AXIOM_AUDIT|DECL|IUTThreeClosures.ABCThreeArmIncidenceSuccessor20260903|IUTThreeClosures.ABCThreeArmIncidenceSuccessor20260903.Face.recOn|Classical.choice,Quot.sound,propext
AXIOM_AUDIT|DECL|IUTThreeClosures.ABCThreeArmIncidenceSuccessor20260903|IUTThreeClosures.ABCThreeArmIncidenceSuccessor20260903.Face.selectedDefect|Classical.choice,Quot.sound,propext
AXIOM_AUDIT|DECL|IUTThreeClosures.ABCThreeArmIncidenceSuccessor20260903|IUTThreeClosures.ABCThreeArmIncidenceSuccessor20260903.Face.selectedDefect_pos|Classical.choice,Quot.sound,propext
AXIOM_AUDIT|DECL|IUTThreeClosures.ABCThreeArmIncidenceSuccessor20260903|IUTThreeClosures.ABCThreeArmIncidenceSuccessor20260903.Face.selectedModulus|Classical.choice,Quot.sound,propext
AXIOM_AUDIT|DECL|IUTThreeClosures.ABCThreeArmIncidenceSuccessor20260903|IUTThreeClosures.ABCThreeArmIncidenceSuccessor20260903.Face.selectedModulus_le_selectedDefect_sq_of_valuation_ge_two|Classical.choice,Quot.sound,propext
AXIOM_AUDIT|DECL|IUTThreeClosures.ABCThreeArmIncidenceSuccessor20260903|IUTThreeClosures.ABCThreeArmIncidenceSuccessor20260903.Face.selectedRadical|Classical.choice,Quot.sound,propext
AXIOM_AUDIT|DECL|IUTThreeClosures.ABCThreeArmIncidenceSuccessor20260903|IUTThreeClosures.ABCThreeArmIncidenceSuccessor20260903.Face.selectedRadical_le_selectedDefect_of_valuation_ge_two|Classical.choice,Quot.sound,propext
AXIOM_AUDIT|DECL|IUTThreeClosures.ABCThreeArmIncidenceSuccessor20260903|IUTThreeClosures.ABCThreeArmIncidenceSuccessor20260903.Face.selectedRadical_le_selectedDefect_of_valuation_ge_two._proof_1_1|Classical.choice,Quot.sound,propext
AXIOM_AUDIT|DECL|IUTThreeClosures.ABCThreeArmIncidenceSuccessor20260903|IUTThreeClosures.ABCThreeArmIncidenceSuccessor20260903.Face.selectedRadical_mul_complementRadical|Classical.choice,Quot.sound,propext
AXIOM_AUDIT|DECL|IUTThreeClosures.ABCThreeArmIncidenceSuccessor20260903|IUTThreeClosures.ABCThreeArmIncidenceSuccessor20260903.Face.selectedRadical_mul_selectedDefect|Classical.choice,Quot.sound,propext
AXIOM_AUDIT|DECL|IUTThreeClosures.ABCThreeArmIncidenceSuccessor20260903|IUTThreeClosures.ABCThreeArmIncidenceSuccessor20260903.Face.selectedRadical_pos|Classical.choice,Quot.sound,propext
AXIOM_AUDIT|DECL|IUTThreeClosures.ABCThreeArmIncidenceSuccessor20260903|IUTThreeClosures.ABCThreeArmIncidenceSuccessor20260903.Face.support|Classical.choice,Quot.sound,propext
AXIOM_AUDIT|DECL|IUTThreeClosures.ABCThreeArmIncidenceSuccessor20260903|IUTThreeClosures.ABCThreeArmIncidenceSuccessor20260903.Face.support_subset|Classical.choice,Quot.sound,propext
AXIOM_AUDIT|DECL|IUTThreeClosures.ABCThreeArmIncidenceSuccessor20260903|IUTThreeClosures.ABCThreeArmIncidenceSuccessor20260903.Face.valuation|Classical.choice,Quot.sound,propext
AXIOM_AUDIT|DECL|IUTThreeClosures.ABCThreeArmIncidenceSuccessor20260903|IUTThreeClosures.ABCThreeArmIncidenceSuccessor20260903.Face.valuation_pos_of_mem_support|Classical.choice,Quot.sound,propext
AXIOM_AUDIT|DECL|IUTThreeClosures.ABCThreeArmIncidenceSuccessor20260903|IUTThreeClosures.ABCThreeArmIncidenceSuccessor20260903.SelectedExcessToken|Classical.choice,Quot.sound,propext
AXIOM_AUDIT|DECL|IUTThreeClosures.ABCThreeArmIncidenceSuccessor20260903|IUTThreeClosures.ABCThreeArmIncidenceSuccessor20260903.SelectedPrimeToken|Classical.choice,Quot.sound,propext
AXIOM_AUDIT|DECL|IUTThreeClosures.ABCThreeArmIncidenceSuccessor20260903|IUTThreeClosures.ABCThreeArmIncidenceSuccessor20260903.UniformRawThreeArmDefectBound|Classical.choice,Quot.sound,propext
AXIOM_AUDIT|DECL|IUTThreeClosures.ABCThreeArmIncidenceSuccessor20260903|IUTThreeClosures.ABCThreeArmIncidenceSuccessor20260903.UniformThreeArmComplementTransportBound|Classical.choice,Quot.sound,propext
AXIOM_AUDIT|DECL|IUTThreeClosures.ABCThreeArmIncidenceSuccessor20260903|IUTThreeClosures.ABCThreeArmIncidenceSuccessor20260903.abcRadical_square_le_base|Classical.choice,Quot.sound,propext
AXIOM_AUDIT|DECL|IUTThreeClosures.ABCThreeArmIncidenceSuccessor20260903|IUTThreeClosures.ABCThreeArmIncidenceSuccessor20260903.abc_of_uniformRawThreeArmDefectBound|Classical.choice,Quot.sound,propext
AXIOM_AUDIT|DECL|IUTThreeClosures.ABCThreeArmIncidenceSuccessor20260903|IUTThreeClosures.ABCThreeArmIncidenceSuccessor20260903.abc_of_uniformThreeArmComplementTransportBound|Classical.choice,Quot.sound,propext
AXIOM_AUDIT|DECL|IUTThreeClosures.ABCThreeArmIncidenceSuccessor20260903|IUTThreeClosures.ABCThreeArmIncidenceSuccessor20260903.complementPrime|Classical.choice,Quot.sound,propext
AXIOM_AUDIT|DECL|IUTThreeClosures.ABCThreeArmIncidenceSuccessor20260903|IUTThreeClosures.ABCThreeArmIncidenceSuccessor20260903.complementPrimeWeight|Classical.choice,Quot.sound,propext
AXIOM_AUDIT|DECL|IUTThreeClosures.ABCThreeArmIncidenceSuccessor20260903|IUTThreeClosures.ABCThreeArmIncidenceSuccessor20260903.complementPrime_prime|Classical.choice,Quot.sound,propext
AXIOM_AUDIT|DECL|IUTThreeClosures.ABCThreeArmIncidenceSuccessor20260903|IUTThreeClosures.ABCThreeArmIncidenceSuccessor20260903.coordinate|
AXIOM_AUDIT|DECL|IUTThreeClosures.ABCThreeArmIncidenceSuccessor20260903|IUTThreeClosures.ABCThreeArmIncidenceSuccessor20260903.coordinate.match_1|
AXIOM_AUDIT|DECL|IUTThreeClosures.ABCThreeArmIncidenceSuccessor20260903|IUTThreeClosures.ABCThreeArmIncidenceSuccessor20260903.coordinate_pos|
AXIOM_AUDIT|DECL|IUTThreeClosures.ABCThreeArmIncidenceSuccessor20260903|IUTThreeClosures.ABCThreeArmIncidenceSuccessor20260903.not_uniformRawThreeArmDefectBound|Classical.choice,Quot.sound,propext
AXIOM_AUDIT|DECL|IUTThreeClosures.ABCThreeArmIncidenceSuccessor20260903|IUTThreeClosures.ABCThreeArmIncidenceSuccessor20260903.pythagoreanSquare_coordinate|Classical.choice,Quot.sound,propext
AXIOM_AUDIT|DECL|IUTThreeClosures.ABCThreeArmIncidenceSuccessor20260903|IUTThreeClosures.ABCThreeArmIncidenceSuccessor20260903.pythagoreanSquare_totalRadical_le_z_cube|Classical.choice,Quot.sound,propext
AXIOM_AUDIT|DECL|IUTThreeClosures.ABCThreeArmIncidenceSuccessor20260903|IUTThreeClosures.ABCThreeArmIncidenceSuccessor20260903.pythagoreanSquare_valuation_ge_two|Classical.choice,Quot.sound,propext
AXIOM_AUDIT|DECL|IUTThreeClosures.ABCThreeArmIncidenceSuccessor20260903|IUTThreeClosures.ABCThreeArmIncidenceSuccessor20260903.pythagoreanZ_le_selectedDefect_of_cover|Classical.choice,Quot.sound,propext
AXIOM_AUDIT|DECL|IUTThreeClosures.ABCThreeArmIncidenceSuccessor20260903|IUTThreeClosures.ABCThreeArmIncidenceSuccessor20260903.selectedExcessPrime|Classical.choice,Quot.sound,propext
AXIOM_AUDIT|DECL|IUTThreeClosures.ABCThreeArmIncidenceSuccessor20260903|IUTThreeClosures.ABCThreeArmIncidenceSuccessor20260903.selectedExcessPrime_prime|Classical.choice,Quot.sound,propext
AXIOM_AUDIT|DECL|IUTThreeClosures.ABCThreeArmIncidenceSuccessor20260903|IUTThreeClosures.ABCThreeArmIncidenceSuccessor20260903.selectedExcessWeight|Classical.choice,Quot.sound,propext
AXIOM_AUDIT|DECL|IUTThreeClosures.ABCThreeArmIncidenceSuccessor20260903|IUTThreeClosures.ABCThreeArmIncidenceSuccessor20260903.two_le_factorization_square_of_mem_primeFactors|Classical.choice,Quot.sound,propext
AXIOM_AUDIT|DECL|IUTThreeClosures.ABCThreeArmIncidenceSuccessor20260903|IUTThreeClosures.ABCThreeArmIncidenceSuccessor20260903.two_le_factorization_square_of_mem_primeFactors._proof_1_1|Classical.choice,Quot.sound,propext
AXIOM_AUDIT|DECL|IUTThreeClosures.ABCThreeArmIncidenceSuccessor20260903|IUTThreeClosures.ABCThreeArmIncidenceSuccessor20260903.zeroComplementTransport|Classical.choice,Quot.sound,propext
AXIOM_AUDIT|DECL|IUTThreeClosures.ABCThreeArmIncidenceSuccessor20260903|IUTThreeClosures.ABCThreeArmIncidenceSuccessor20260903.zeroComplementTransport._proof_1|Classical.choice,Quot.sound,propext
AXIOM_AUDIT|DECL|IUTThreeClosures.ABCThreeArmIncidenceSuccessor20260903|IUTThreeClosures.ABCThreeArmIncidenceSuccessor20260903.zeroComplementTransport._proof_2|Classical.choice,Quot.sound,propext
AXIOM_AUDIT|DECL|IUTThreeClosures.ABCThreeArmIncidenceSuccessor20260903|IUTThreeClosures.ABCThreeArmIncidenceSuccessor20260903.zeroComplementTransport._proof_3|Classical.choice,Quot.sound,propext
AXIOM_AUDIT|DECL|IUTThreeClosures.ABCThreeArmIncidenceSuccessor20260903|IUTThreeClosures.ABCThreeArmIncidenceSuccessor20260903.zeroComplementTransport._proof_4|Classical.choice,Quot.sound,propext
AXIOM_AUDIT|DECL|IUTThreeClosures.ABCThreeArmIncidenceSuccessor20260903|IUTThreeClosures.ABCThreeArmIncidenceSuccessor20260903.zeroComplementTransport._proof_5|Classical.choice,Quot.sound,propext
AXIOM_AUDIT|DECL|IUTThreeClosures.ABCThreeArmIncidenceSuccessor20260903|IUTThreeClosures.ABCThreeArmIncidenceSuccessor20260903.zeroComplementTransport._proof_6|Classical.choice,Quot.sound,propext
AXIOM_AUDIT|DECL|IUTThreeClosures.ABCValuationIncidenceComplex20260903|IUTThreeClosures.ABCValuationIncidenceComplex20260903.Arm|
AXIOM_AUDIT|DECL|IUTThreeClosures.ABCValuationIncidenceComplex20260903|IUTThreeClosures.ABCValuationIncidenceComplex20260903.Arm.A|
AXIOM_AUDIT|DECL|IUTThreeClosures.ABCValuationIncidenceComplex20260903|IUTThreeClosures.ABCValuationIncidenceComplex20260903.Arm.A.elim|
AXIOM_AUDIT|DECL|IUTThreeClosures.ABCValuationIncidenceComplex20260903|IUTThreeClosures.ABCValuationIncidenceComplex20260903.Arm.A.sizeOf_spec|
AXIOM_AUDIT|DECL|IUTThreeClosures.ABCValuationIncidenceComplex20260903|IUTThreeClosures.ABCValuationIncidenceComplex20260903.Arm.B|
AXIOM_AUDIT|DECL|IUTThreeClosures.ABCValuationIncidenceComplex20260903|IUTThreeClosures.ABCValuationIncidenceComplex20260903.Arm.B.elim|
AXIOM_AUDIT|DECL|IUTThreeClosures.ABCValuationIncidenceComplex20260903|IUTThreeClosures.ABCValuationIncidenceComplex20260903.Arm.B.sizeOf_spec|
AXIOM_AUDIT|DECL|IUTThreeClosures.ABCValuationIncidenceComplex20260903|IUTThreeClosures.ABCValuationIncidenceComplex20260903.Arm.C|
AXIOM_AUDIT|DECL|IUTThreeClosures.ABCValuationIncidenceComplex20260903|IUTThreeClosures.ABCValuationIncidenceComplex20260903.Arm.C.elim|
AXIOM_AUDIT|DECL|IUTThreeClosures.ABCValuationIncidenceComplex20260903|IUTThreeClosures.ABCValuationIncidenceComplex20260903.Arm.C.sizeOf_spec|
AXIOM_AUDIT|DECL|IUTThreeClosures.ABCValuationIncidenceComplex20260903|IUTThreeClosures.ABCValuationIncidenceComplex20260903.Arm._sizeOf_1|
AXIOM_AUDIT|DECL|IUTThreeClosures.ABCValuationIncidenceComplex20260903|IUTThreeClosures.ABCValuationIncidenceComplex20260903.Arm._sizeOf_inst|
AXIOM_AUDIT|DECL|IUTThreeClosures.ABCValuationIncidenceComplex20260903|IUTThreeClosures.ABCValuationIncidenceComplex20260903.Arm.casesOn|
AXIOM_AUDIT|DECL|IUTThreeClosures.ABCValuationIncidenceComplex20260903|IUTThreeClosures.ABCValuationIncidenceComplex20260903.Arm.ctorElim|
AXIOM_AUDIT|DECL|IUTThreeClosures.ABCValuationIncidenceComplex20260903|IUTThreeClosures.ABCValuationIncidenceComplex20260903.Arm.ctorElimType|
AXIOM_AUDIT|DECL|IUTThreeClosures.ABCValuationIncidenceComplex20260903|IUTThreeClosures.ABCValuationIncidenceComplex20260903.Arm.ctorIdx|
AXIOM_AUDIT|DECL|IUTThreeClosures.ABCValuationIncidenceComplex20260903|IUTThreeClosures.ABCValuationIncidenceComplex20260903.Arm.enumList|
AXIOM_AUDIT|DECL|IUTThreeClosures.ABCValuationIncidenceComplex20260903|IUTThreeClosures.ABCValuationIncidenceComplex20260903.Arm.enumList_getElem?_ctorIdx_eq|propext
AXIOM_AUDIT|DECL|IUTThreeClosures.ABCValuationIncidenceComplex20260903|IUTThreeClosures.ABCValuationIncidenceComplex20260903.Arm.enumList_nodup|Classical.choice,Quot.sound,propext
AXIOM_AUDIT|DECL|IUTThreeClosures.ABCValuationIncidenceComplex20260903|IUTThreeClosures.ABCValuationIncidenceComplex20260903.Arm.noConfusion|
AXIOM_AUDIT|DECL|IUTThreeClosures.ABCValuationIncidenceComplex20260903|IUTThreeClosures.ABCValuationIncidenceComplex20260903.Arm.noConfusionType|
AXIOM_AUDIT|DECL|IUTThreeClosures.ABCValuationIncidenceComplex20260903|IUTThreeClosures.ABCValuationIncidenceComplex20260903.Arm.ofNat|
AXIOM_AUDIT|DECL|IUTThreeClosures.ABCValuationIncidenceComplex20260903|IUTThreeClosures.ABCValuationIncidenceComplex20260903.Arm.ofNat_ctorIdx|
AXIOM_AUDIT|DECL|IUTThreeClosures.ABCValuationIncidenceComplex20260903|IUTThreeClosures.ABCValuationIncidenceComplex20260903.Arm.rec|
AXIOM_AUDIT|DECL|IUTThreeClosures.ABCValuationIncidenceComplex20260903|IUTThreeClosures.ABCValuationIncidenceComplex20260903.Arm.recOn|
AXIOM_AUDIT|DECL|IUTThreeClosures.ABCValuationIncidenceComplex20260903|IUTThreeClosures.ABCValuationIncidenceComplex20260903.Arm.toCtorIdx|
AXIOM_AUDIT|DECL|IUTThreeClosures.ABCValuationIncidenceComplex20260903|IUTThreeClosures.ABCValuationIncidenceComplex20260903.Face|Classical.choice,Quot.sound,propext
AXIOM_AUDIT|DECL|IUTThreeClosures.ABCValuationIncidenceComplex20260903|IUTThreeClosures.ABCValuationIncidenceComplex20260903.Face.ABReconstructing|Classical.choice,Quot.sound,propext
AXIOM_AUDIT|DECL|IUTThreeClosures.ABCValuationIncidenceComplex20260903|IUTThreeClosures.ABCValuationIncidenceComplex20260903.Face.ArmwiseDisjoint|Classical.choice,Quot.sound,propext
AXIOM_AUDIT|DECL|IUTThreeClosures.ABCValuationIncidenceComplex20260903|IUTThreeClosures.ABCValuationIncidenceComplex20260903.Face.Budget|
AXIOM_AUDIT|DECL|IUTThreeClosures.ABCValuationIncidenceComplex20260903|IUTThreeClosures.ABCValuationIncidenceComplex20260903.Face.IsBudgetFace|Classical.choice,Quot.sound,propext
AXIOM_AUDIT|DECL|IUTThreeClosures.ABCValuationIncidenceComplex20260903|IUTThreeClosures.ABCValuationIncidenceComplex20260903.Face.IsSubface|Classical.choice,Quot.sound,propext
AXIOM_AUDIT|DECL|IUTThreeClosures.ABCValuationIncidenceComplex20260903|IUTThreeClosures.ABCValuationIncidenceComplex20260903.Face._sizeOf_1|Classical.choice,Quot.sound,propext
AXIOM_AUDIT|DECL|IUTThreeClosures.ABCValuationIncidenceComplex20260903|IUTThreeClosures.ABCValuationIncidenceComplex20260903.Face._sizeOf_inst|Classical.choice,Quot.sound,propext
AXIOM_AUDIT|DECL|IUTThreeClosures.ABCValuationIncidenceComplex20260903|IUTThreeClosures.ABCValuationIncidenceComplex20260903.Face.armDefect|Classical.choice,Quot.sound,propext
AXIOM_AUDIT|DECL|IUTThreeClosures.ABCValuationIncidenceComplex20260903|IUTThreeClosures.ABCValuationIncidenceComplex20260903.Face.armDefect_pos|Classical.choice,Quot.sound,propext
AXIOM_AUDIT|DECL|IUTThreeClosures.ABCValuationIncidenceComplex20260903|IUTThreeClosures.ABCValuationIncidenceComplex20260903.Face.armDefect_union|Classical.choice,Quot.sound,propext
AXIOM_AUDIT|DECL|IUTThreeClosures.ABCValuationIncidenceComplex20260903|IUTThreeClosures.ABCValuationIncidenceComplex20260903.Face.armModulus|Classical.choice,Quot.sound,propext
AXIOM_AUDIT|DECL|IUTThreeClosures.ABCValuationIncidenceComplex20260903|IUTThreeClosures.ABCValuationIncidenceComplex20260903.Face.armModulus_dvd_coordinate|Classical.choice,Quot.sound,propext
AXIOM_AUDIT|DECL|IUTThreeClosures.ABCValuationIncidenceComplex20260903|IUTThreeClosures.ABCValuationIncidenceComplex20260903.Face.armModulus_union|Classical.choice,Quot.sound,propext
AXIOM_AUDIT|DECL|IUTThreeClosures.ABCValuationIncidenceComplex20260903|IUTThreeClosures.ABCValuationIncidenceComplex20260903.Face.armRadical|Classical.choice,Quot.sound,propext
AXIOM_AUDIT|DECL|IUTThreeClosures.ABCValuationIncidenceComplex20260903|IUTThreeClosures.ABCValuationIncidenceComplex20260903.Face.armRadical_dvd_of_isSubface|Classical.choice,Quot.sound,propext
AXIOM_AUDIT|DECL|IUTThreeClosures.ABCValuationIncidenceComplex20260903|IUTThreeClosures.ABCValuationIncidenceComplex20260903.Face.armRadical_le_of_isSubface|Classical.choice,Quot.sound,propext
AXIOM_AUDIT|DECL|IUTThreeClosures.ABCValuationIncidenceComplex20260903|IUTThreeClosures.ABCValuationIncidenceComplex20260903.Face.armRadical_mul_armDefect|Classical.choice,Quot.sound,propext
AXIOM_AUDIT|DECL|IUTThreeClosures.ABCValuationIncidenceComplex20260903|IUTThreeClosures.ABCValuationIncidenceComplex20260903.Face.armRadical_mul_armDefect._proof_1_4|Classical.choice,Quot.sound,propext
AXIOM_AUDIT|DECL|IUTThreeClosures.ABCValuationIncidenceComplex20260903|IUTThreeClosures.ABCValuationIncidenceComplex20260903.Face.armRadical_pos|Classical.choice,Quot.sound,propext
AXIOM_AUDIT|DECL|IUTThreeClosures.ABCValuationIncidenceComplex20260903|IUTThreeClosures.ABCValuationIncidenceComplex20260903.Face.armRadical_union|Classical.choice,Quot.sound,propext
AXIOM_AUDIT|DECL|IUTThreeClosures.ABCValuationIncidenceComplex20260903|IUTThreeClosures.ABCValuationIncidenceComplex20260903.Face.cPower_le_abcRadical_iff_sumArmDefect|Classical.choice,Quot.sound,propext
AXIOM_AUDIT|DECL|IUTThreeClosures.ABCValuationIncidenceComplex20260903|IUTThreeClosures.ABCValuationIncidenceComplex20260903.Face.cPower_le_complexRadical_iff_sumArmDefect|Classical.choice,Quot.sound,propext
AXIOM_AUDIT|DECL|IUTThreeClosures.ABCValuationIncidenceComplex20260903|IUTThreeClosures.ABCValuationIncidenceComplex20260903.Face.casesOn|Classical.choice,Quot.sound,propext
AXIOM_AUDIT|DECL|IUTThreeClosures.ABCValuationIncidenceComplex20260903|IUTThreeClosures.ABCValuationIncidenceComplex20260903.Face.complexRadical|Classical.choice,Quot.sound,propext
AXIOM_AUDIT|DECL|IUTThreeClosures.ABCValuationIncidenceComplex20260903|IUTThreeClosures.ABCValuationIncidenceComplex20260903.Face.complexRadical_eq_abcRadical|Classical.choice,Quot.sound,propext
AXIOM_AUDIT|DECL|IUTThreeClosures.ABCValuationIncidenceComplex20260903|IUTThreeClosures.ABCValuationIncidenceComplex20260903.Face.coprime_modulus_AB|Classical.choice,Quot.sound,propext
AXIOM_AUDIT|DECL|IUTThreeClosures.ABCValuationIncidenceComplex20260903|IUTThreeClosures.ABCValuationIncidenceComplex20260903.Face.coprime_modulus_AC|Classical.choice,Quot.sound,propext
AXIOM_AUDIT|DECL|IUTThreeClosures.ABCValuationIncidenceComplex20260903|IUTThreeClosures.ABCValuationIncidenceComplex20260903.Face.coprime_modulus_BC|Classical.choice,Quot.sound,propext
AXIOM_AUDIT|DECL|IUTThreeClosures.ABCValuationIncidenceComplex20260903|IUTThreeClosures.ABCValuationIncidenceComplex20260903.Face.ctorIdx|Classical.choice,Quot.sound,propext
AXIOM_AUDIT|DECL|IUTThreeClosures.ABCValuationIncidenceComplex20260903|IUTThreeClosures.ABCValuationIncidenceComplex20260903.Face.defectDegree|Classical.choice,Quot.sound,propext
AXIOM_AUDIT|DECL|IUTThreeClosures.ABCValuationIncidenceComplex20260903|IUTThreeClosures.ABCValuationIncidenceComplex20260903.Face.defectDegree_union|Classical.choice,Quot.sound,propext
AXIOM_AUDIT|DECL|IUTThreeClosures.ABCValuationIncidenceComplex20260903|IUTThreeClosures.ABCValuationIncidenceComplex20260903.Face.empty|Classical.choice,Quot.sound,propext
AXIOM_AUDIT|DECL|IUTThreeClosures.ABCValuationIncidenceComplex20260903|IUTThreeClosures.ABCValuationIncidenceComplex20260903.Face.empty._proof_1|Classical.choice,Quot.sound,propext
AXIOM_AUDIT|DECL|IUTThreeClosures.ABCValuationIncidenceComplex20260903|IUTThreeClosures.ABCValuationIncidenceComplex20260903.Face.empty_isBudgetFace|Classical.choice,Quot.sound,propext
AXIOM_AUDIT|DECL|IUTThreeClosures.ABCValuationIncidenceComplex20260903|IUTThreeClosures.ABCValuationIncidenceComplex20260903.Face.empty_isSubface|Classical.choice,Quot.sound,propext
AXIOM_AUDIT|DECL|IUTThreeClosures.ABCValuationIncidenceComplex20260903|IUTThreeClosures.ABCValuationIncidenceComplex20260903.Face.eq_c_of_ABReconstructing|Classical.choice,Quot.sound,propext
AXIOM_AUDIT|DECL|IUTThreeClosures.ABCValuationIncidenceComplex20260903|IUTThreeClosures.ABCValuationIncidenceComplex20260903.Face.ext|Classical.choice,Quot.sound,propext
AXIOM_AUDIT|DECL|IUTThreeClosures.ABCValuationIncidenceComplex20260903|IUTThreeClosures.ABCValuationIncidenceComplex20260903.Face.ext_iff|Classical.choice,Quot.sound,propext
AXIOM_AUDIT|DECL|IUTThreeClosures.ABCValuationIncidenceComplex20260903|IUTThreeClosures.ABCValuationIncidenceComplex20260903.Face.filteredFaceBound_forces_cPower|Classical.choice,Quot.sound,propext
AXIOM_AUDIT|DECL|IUTThreeClosures.ABCValuationIncidenceComplex20260903|IUTThreeClosures.ABCValuationIncidenceComplex20260903.Face.full|Classical.choice,Quot.sound,propext
AXIOM_AUDIT|DECL|IUTThreeClosures.ABCValuationIncidenceComplex20260903|IUTThreeClosures.ABCValuationIncidenceComplex20260903.Face.full._proof_1|Classical.choice,Quot.sound,propext
AXIOM_AUDIT|DECL|IUTThreeClosures.ABCValuationIncidenceComplex20260903|IUTThreeClosures.ABCValuationIncidenceComplex20260903.Face.full_ABReconstructing|Classical.choice,Quot.sound,propext
AXIOM_AUDIT|DECL|IUTThreeClosures.ABCValuationIncidenceComplex20260903|IUTThreeClosures.ABCValuationIncidenceComplex20260903.Face.full_armModulus|Classical.choice,Quot.sound,propext
AXIOM_AUDIT|DECL|IUTThreeClosures.ABCValuationIncidenceComplex20260903|IUTThreeClosures.ABCValuationIncidenceComplex20260903.Face.full_armRadical|Classical.choice,Quot.sound,propext
AXIOM_AUDIT|DECL|IUTThreeClosures.ABCValuationIncidenceComplex20260903|IUTThreeClosures.ABCValuationIncidenceComplex20260903.Face.full_radical_mul_defect|Classical.choice,Quot.sound,propext
AXIOM_AUDIT|DECL|IUTThreeClosures.ABCValuationIncidenceComplex20260903|IUTThreeClosures.ABCValuationIncidenceComplex20260903.Face.inter|Classical.choice,Quot.sound,propext
AXIOM_AUDIT|DECL|IUTThreeClosures.ABCValuationIncidenceComplex20260903|IUTThreeClosures.ABCValuationIncidenceComplex20260903.Face.inter._proof_1|Classical.choice,Quot.sound,propext
AXIOM_AUDIT|DECL|IUTThreeClosures.ABCValuationIncidenceComplex20260903|IUTThreeClosures.ABCValuationIncidenceComplex20260903.Face.isBudgetFace_of_isSubface|Classical.choice,Quot.sound,propext
AXIOM_AUDIT|DECL|IUTThreeClosures.ABCValuationIncidenceComplex20260903|IUTThreeClosures.ABCValuationIncidenceComplex20260903.Face.isSubface_antisymm|Classical.choice,Quot.sound,propext
AXIOM_AUDIT|DECL|IUTThreeClosures.ABCValuationIncidenceComplex20260903|IUTThreeClosures.ABCValuationIncidenceComplex20260903.Face.isSubface_full|Classical.choice,Quot.sound,propext
AXIOM_AUDIT|DECL|IUTThreeClosures.ABCValuationIncidenceComplex20260903|IUTThreeClosures.ABCValuationIncidenceComplex20260903.Face.isSubface_refl|Classical.choice,Quot.sound,propext
AXIOM_AUDIT|DECL|IUTThreeClosures.ABCValuationIncidenceComplex20260903|IUTThreeClosures.ABCValuationIncidenceComplex20260903.Face.isSubface_trans|Classical.choice,Quot.sound,propext
AXIOM_AUDIT|DECL|IUTThreeClosures.ABCValuationIncidenceComplex20260903|IUTThreeClosures.ABCValuationIncidenceComplex20260903.Face.isSubface_union_left|Classical.choice,Quot.sound,propext
AXIOM_AUDIT|DECL|IUTThreeClosures.ABCValuationIncidenceComplex20260903|IUTThreeClosures.ABCValuationIncidenceComplex20260903.Face.isSubface_union_right|Classical.choice,Quot.sound,propext
AXIOM_AUDIT|DECL|IUTThreeClosures.ABCValuationIncidenceComplex20260903|IUTThreeClosures.ABCValuationIncidenceComplex20260903.Face.localIncidenceSignature|Classical.choice,Quot.sound,propext
AXIOM_AUDIT|DECL|IUTThreeClosures.ABCValuationIncidenceComplex20260903|IUTThreeClosures.ABCValuationIncidenceComplex20260903.Face.logarithmicPoint|Classical.choice,Quot.sound,propext
AXIOM_AUDIT|DECL|IUTThreeClosures.ABCValuationIncidenceComplex20260903|IUTThreeClosures.ABCValuationIncidenceComplex20260903.Face.mk|Classical.choice,Quot.sound,propext
AXIOM_AUDIT|DECL|IUTThreeClosures.ABCValuationIncidenceComplex20260903|IUTThreeClosures.ABCValuationIncidenceComplex20260903.Face.mk._flat_ctor|Classical.choice,Quot.sound,propext
AXIOM_AUDIT|DECL|IUTThreeClosures.ABCValuationIncidenceComplex20260903|IUTThreeClosures.ABCValuationIncidenceComplex20260903.Face.mk.inj|Classical.choice,Quot.sound,propext
AXIOM_AUDIT|DECL|IUTThreeClosures.ABCValuationIncidenceComplex20260903|IUTThreeClosures.ABCValuationIncidenceComplex20260903.Face.mk.injEq|Classical.choice,Quot.sound,propext
AXIOM_AUDIT|DECL|IUTThreeClosures.ABCValuationIncidenceComplex20260903|IUTThreeClosures.ABCValuationIncidenceComplex20260903.Face.mk.noConfusion|Classical.choice,Quot.sound,propext
AXIOM_AUDIT|DECL|IUTThreeClosures.ABCValuationIncidenceComplex20260903|IUTThreeClosures.ABCValuationIncidenceComplex20260903.Face.mk.sizeOf_spec|Classical.choice,Quot.sound,propext
AXIOM_AUDIT|DECL|IUTThreeClosures.ABCValuationIncidenceComplex20260903|IUTThreeClosures.ABCValuationIncidenceComplex20260903.Face.natDimension|Classical.choice,Quot.sound,propext
AXIOM_AUDIT|DECL|IUTThreeClosures.ABCValuationIncidenceComplex20260903|IUTThreeClosures.ABCValuationIncidenceComplex20260903.Face.noConfusion|Classical.choice,Quot.sound,propext
AXIOM_AUDIT|DECL|IUTThreeClosures.ABCValuationIncidenceComplex20260903|IUTThreeClosures.ABCValuationIncidenceComplex20260903.Face.noConfusionType|Classical.choice,Quot.sound,propext
AXIOM_AUDIT|DECL|IUTThreeClosures.ABCValuationIncidenceComplex20260903|IUTThreeClosures.ABCValuationIncidenceComplex20260903.Face.prime_of_mem_support|Classical.choice,Quot.sound,propext
AXIOM_AUDIT|DECL|IUTThreeClosures.ABCValuationIncidenceComplex20260903|IUTThreeClosures.ABCValuationIncidenceComplex20260903.Face.rec|Classical.choice,Quot.sound,propext
AXIOM_AUDIT|DECL|IUTThreeClosures.ABCValuationIncidenceComplex20260903|IUTThreeClosures.ABCValuationIncidenceComplex20260903.Face.recOn|Classical.choice,Quot.sound,propext
AXIOM_AUDIT|DECL|IUTThreeClosures.ABCValuationIncidenceComplex20260903|IUTThreeClosures.ABCValuationIncidenceComplex20260903.Face.support|Classical.choice,Quot.sound,propext
AXIOM_AUDIT|DECL|IUTThreeClosures.ABCValuationIncidenceComplex20260903|IUTThreeClosures.ABCValuationIncidenceComplex20260903.Face.support_subset|Classical.choice,Quot.sound,propext
AXIOM_AUDIT|DECL|IUTThreeClosures.ABCValuationIncidenceComplex20260903|IUTThreeClosures.ABCValuationIncidenceComplex20260903.Face.tropicalPoint|Classical.choice,Quot.sound,propext
AXIOM_AUDIT|DECL|IUTThreeClosures.ABCValuationIncidenceComplex20260903|IUTThreeClosures.ABCValuationIncidenceComplex20260903.Face.union|Classical.choice,Quot.sound,propext
AXIOM_AUDIT|DECL|IUTThreeClosures.ABCValuationIncidenceComplex20260903|IUTThreeClosures.ABCValuationIncidenceComplex20260903.Face.union._proof_1|Classical.choice,Quot.sound,propext
AXIOM_AUDIT|DECL|IUTThreeClosures.ABCValuationIncidenceComplex20260903|IUTThreeClosures.ABCValuationIncidenceComplex20260903.Face.union_isBudgetFace|Classical.choice,Quot.sound,propext
AXIOM_AUDIT|DECL|IUTThreeClosures.ABCValuationIncidenceComplex20260903|IUTThreeClosures.ABCValuationIncidenceComplex20260903.Face.union_isSubface|Classical.choice,Quot.sound,propext
AXIOM_AUDIT|DECL|IUTThreeClosures.ABCValuationIncidenceComplex20260903|IUTThreeClosures.ABCValuationIncidenceComplex20260903.Face.valuation|Classical.choice,Quot.sound,propext
AXIOM_AUDIT|DECL|IUTThreeClosures.ABCValuationIncidenceComplex20260903|IUTThreeClosures.ABCValuationIncidenceComplex20260903.Face.valuation_pos_of_mem_support|Classical.choice,Quot.sound,propext
AXIOM_AUDIT|DECL|IUTThreeClosures.ABCValuationIncidenceComplex20260903|IUTThreeClosures.ABCValuationIncidenceComplex20260903.Face.vertexCount|Classical.choice,Quot.sound,propext
AXIOM_AUDIT|DECL|IUTThreeClosures.ABCValuationIncidenceComplex20260903|IUTThreeClosures.ABCValuationIncidenceComplex20260903.Face.zeroBudget_iff_valuation_one|Classical.choice,Quot.sound,propext
AXIOM_AUDIT|DECL|IUTThreeClosures.ABCValuationIncidenceComplex20260903|IUTThreeClosures.ABCValuationIncidenceComplex20260903.Face.zeroBudget_iff_valuation_one._proof_1_2|Classical.choice,Quot.sound,propext
AXIOM_AUDIT|DECL|IUTThreeClosures.ABCValuationIncidenceComplex20260903|IUTThreeClosures.ABCValuationIncidenceComplex20260903.Face.zeroBudget_iff_valuation_one._proof_1_3|Classical.choice,Quot.sound,propext
AXIOM_AUDIT|DECL|IUTThreeClosures.ABCValuationIncidenceComplex20260903|IUTThreeClosures.ABCValuationIncidenceComplex20260903.PrimitiveABC|
AXIOM_AUDIT|DECL|IUTThreeClosures.ABCValuationIncidenceComplex20260903|IUTThreeClosures.ABCValuationIncidenceComplex20260903.arm_univ|Classical.choice,Quot.sound,propext
AXIOM_AUDIT|DECL|IUTThreeClosures.ABCValuationIncidenceComplex20260903|IUTThreeClosures.ABCValuationIncidenceComplex20260903.coordinate|
AXIOM_AUDIT|DECL|IUTThreeClosures.ABCValuationIncidenceComplex20260903|IUTThreeClosures.ABCValuationIncidenceComplex20260903.coordinate_pos|Quot.sound,propext
AXIOM_AUDIT|DECL|IUTThreeClosures.ABCValuationIncidenceComplex20260903|IUTThreeClosures.ABCValuationIncidenceComplex20260903.instDecidableEqArm|
AXIOM_AUDIT|DECL|IUTThreeClosures.ABCValuationIncidenceComplex20260903|IUTThreeClosures.ABCValuationIncidenceComplex20260903.instDecidableEqArm._proof_1|
AXIOM_AUDIT|DECL|IUTThreeClosures.ABCValuationIncidenceComplex20260903|IUTThreeClosures.ABCValuationIncidenceComplex20260903.instDecidableEqArm._proof_2|
AXIOM_AUDIT|DECL|IUTThreeClosures.ABCValuationIncidenceComplex20260903|IUTThreeClosures.ABCValuationIncidenceComplex20260903.instFintypeArm|Classical.choice,Quot.sound,propext
AXIOM_AUDIT|DECL|IUTThreeClosures.ABCValuationIncidenceComplex20260903|IUTThreeClosures.ABCValuationIncidenceComplex20260903.instFintypeArm._proof_1|Classical.choice,Quot.sound,propext
AXIOM_AUDIT|DECL|IUTThreeClosures.ABCValuationIncidenceComplex20260903|IUTThreeClosures.ABCValuationIncidenceComplex20260903.instReprArm|
AXIOM_AUDIT|DECL|IUTThreeClosures.ABCValuationIncidenceComplex20260903|IUTThreeClosures.ABCValuationIncidenceComplex20260903.instReprArm.repr|
AXIOM_AUDIT|DECL|IUTThreeClosures.ABCValuationIncidenceComplex20260903|IUTThreeClosures.ABCValuationIncidenceComplex20260903.instReprArm.repr.match_1|
AXIOM_AUDIT|DECL|IUTThreeClosures.ABCValuationIncidenceComplex20260903|IUTThreeClosures.ABCValuationIncidenceComplex20260903.twelveEightThirtyThreeEightFortyFive|Classical.choice,Quot.sound,propext
AXIOM_AUDIT|DECL|IUTThreeClosures.ABCValuationIncidenceComplex20260903|IUTThreeClosures.ABCValuationIncidenceComplex20260903.twelveEightThirtyThreeEightFortyFive._proof_1|Classical.choice,Quot.sound,propext
AXIOM_AUDIT|DECL|IUTThreeClosures.ABCValuationIncidenceComplex20260903|IUTThreeClosures.ABCValuationIncidenceComplex20260903.twelveEightThirtyThreeEightFortyFive._proof_2|Classical.choice,Quot.sound,propext
AXIOM_AUDIT|DECL|IUTThreeClosures.ABCValuationIncidenceComplex20260903|IUTThreeClosures.ABCValuationIncidenceComplex20260903.twelveEightThirtyThreeEightFortyFive._proof_3|propext
AXIOM_AUDIT|DECL|IUTThreeClosures.ABCValuationIncidenceComplex20260903|IUTThreeClosures.ABCValuationIncidenceComplex20260903.twelveEightThirtyThreeEightFortyFive._proof_4|Classical.choice,Quot.sound,propext
AXIOM_AUDIT|DECL|IUTThreeClosures.ABCValuationIncidenceComplex20260903|IUTThreeClosures.ABCValuationIncidenceComplex20260903.witnessSquarefreeFace|Classical.choice,Quot.sound,propext
AXIOM_AUDIT|DECL|IUTThreeClosures.ABCValuationIncidenceComplex20260903|IUTThreeClosures.ABCValuationIncidenceComplex20260903.witnessSquarefreeFace._proof_1|Classical.choice,Quot.sound,propext
AXIOM_AUDIT|DECL|IUTThreeClosures.ABCValuationIncidenceComplex20260903|IUTThreeClosures.ABCValuationIncidenceComplex20260903.witnessSquarefreeFace_vertexCount|Classical.choice,Quot.sound,propext
AXIOM_AUDIT|DECL|IUTThreeClosures.ABCValuationIncidenceComplex20260903|IUTThreeClosures.ABCValuationIncidenceComplex20260903.witnessSquarefreeFace_zeroBudget|Classical.choice,Quot.sound,propext
AXIOM_AUDIT|DECL|IUTThreeClosures.ABCValuationIncidenceComplex20260903|IUTThreeClosures.ABCValuationIncidenceComplex20260903.witness_armDefects|Classical.choice,Quot.sound,propext
AXIOM_AUDIT|DECL|IUTThreeClosures.ABCValuationIncidenceComplex20260903|IUTThreeClosures.ABCValuationIncidenceComplex20260903.witness_coordinate_radicals|Classical.choice,Quot.sound,propext
AXIOM_AUDIT|DECL|IUTThreeClosures.ABCValuationIncidenceComplex20260903|IUTThreeClosures.ABCValuationIncidenceComplex20260903.witness_everyArm_defective|Classical.choice,Quot.sound,propext
AXIOM_AUDIT|DECL|IUTThreeClosures.ABCValuationIncidenceComplex20260903|IUTThreeClosures.ABCValuationIncidenceComplex20260903.witness_everyArm_has_mixedValuation|Classical.choice,Quot.sound,propext
AXIOM_AUDIT|DECL|IUTThreeClosures.ABCValuationIncidenceComplex20260903|IUTThreeClosures.ABCValuationIncidenceComplex20260903.witness_full_defectDegree|Classical.choice,Quot.sound,propext
AXIOM_AUDIT|DECL|IUTThreeClosures.ABCValuationIncidenceComplex20260903|IUTThreeClosures.ABCValuationIncidenceComplex20260903.witness_full_natDimension|Classical.choice,Quot.sound,propext
AXIOM_AUDIT|DECL|IUTThreeClosures.ABCValuationIncidenceComplex20260903|IUTThreeClosures.ABCValuationIncidenceComplex20260903.witness_full_oneBudget_not_zeroBudget|Classical.choice,Quot.sound,propext
AXIOM_AUDIT|DECL|IUTThreeClosures.ABCValuationIncidenceComplex20260903|IUTThreeClosures.ABCValuationIncidenceComplex20260903.witness_full_oneBudget_not_zeroBudget._proof_1_1|Quot.sound,propext
AXIOM_AUDIT|DECL|IUTThreeClosures.ABCValuationIncidenceComplex20260903|IUTThreeClosures.ABCValuationIncidenceComplex20260903.witness_full_tropicalPoint|Classical.choice,Quot.sound,propext
AXIOM_AUDIT|DECL|IUTThreeClosures.ABCValuationIncidenceComplex20260903|IUTThreeClosures.ABCValuationIncidenceComplex20260903.witness_full_vertexCount|Classical.choice,Quot.sound,propext
AXIOM_AUDIT|DECL|IUTThreeClosures.ABCValuationIncidenceComplex20260903|IUTThreeClosures.ABCValuationIncidenceComplex20260903.witness_primeFactors_A|Classical.choice,Quot.sound,propext
AXIOM_AUDIT|DECL|IUTThreeClosures.ABCValuationIncidenceComplex20260903|IUTThreeClosures.ABCValuationIncidenceComplex20260903.witness_primeFactors_B|Classical.choice,Quot.sound,propext
AXIOM_AUDIT|DECL|IUTThreeClosures.ABCValuationIncidenceComplex20260903|IUTThreeClosures.ABCValuationIncidenceComplex20260903.witness_primeFactors_C|Classical.choice,Quot.sound,propext
AXIOM_AUDIT|DECL|IUTThreeClosures.ABCValuationIncidenceComplex20260903|IUTThreeClosures.ABCValuationIncidenceComplex20260903.witness_valuation_A_three|Classical.choice,Quot.sound,propext
AXIOM_AUDIT|DECL|IUTThreeClosures.ABCValuationIncidenceComplex20260903|IUTThreeClosures.ABCValuationIncidenceComplex20260903.witness_valuation_A_two|Classical.choice,Quot.sound,propext
AXIOM_AUDIT|DECL|IUTThreeClosures.ABCValuationIncidenceComplex20260903|IUTThreeClosures.ABCValuationIncidenceComplex20260903.witness_valuation_B_seven|Classical.choice,Quot.sound,propext
AXIOM_AUDIT|DECL|IUTThreeClosures.ABCValuationIncidenceComplex20260903|IUTThreeClosures.ABCValuationIncidenceComplex20260903.witness_valuation_B_seventeen|Classical.choice,Quot.sound,propext
AXIOM_AUDIT|DECL|IUTThreeClosures.ABCValuationIncidenceComplex20260903|IUTThreeClosures.ABCValuationIncidenceComplex20260903.witness_valuation_C_five|Classical.choice,Quot.sound,propext
AXIOM_AUDIT|DECL|IUTThreeClosures.ABCValuationIncidenceComplex20260903|IUTThreeClosures.ABCValuationIncidenceComplex20260903.witness_valuation_C_thirteen|Classical.choice,Quot.sound,propext
AXIOM_AUDIT|DECL|IUTThreeClosures.ABCValuationIncidenceFixedBudgetObstruction20260903|IUTThreeClosures.ABCValuationIncidenceFixedBudgetObstruction20260903.A_armModulus_eq_one_of_defectDegree_le|Classical.choice,Quot.sound,propext
AXIOM_AUDIT|DECL|IUTThreeClosures.ABCValuationIncidenceFixedBudgetObstruction20260903|IUTThreeClosures.ABCValuationIncidenceFixedBudgetObstruction20260903.A_support_eq_empty_of_defectDegree_le|Classical.choice,Quot.sound,propext
AXIOM_AUDIT|DECL|IUTThreeClosures.ABCValuationIncidenceFixedBudgetObstruction20260903|IUTThreeClosures.ABCValuationIncidenceFixedBudgetObstruction20260903.AbsoluteBudgetVICABS1|Classical.choice,Quot.sound,propext
AXIOM_AUDIT|DECL|IUTThreeClosures.ABCValuationIncidenceFixedBudgetObstruction20260903|IUTThreeClosures.ABCValuationIncidenceFixedBudgetObstruction20260903.B_armModulus_le_three|Classical.choice,Quot.sound,propext
AXIOM_AUDIT|DECL|IUTThreeClosures.ABCValuationIncidenceFixedBudgetObstruction20260903|IUTThreeClosures.ABCValuationIncidenceFixedBudgetObstruction20260903.Face|Classical.choice,Quot.sound,propext
AXIOM_AUDIT|DECL|IUTThreeClosures.ABCValuationIncidenceFixedBudgetObstruction20260903|IUTThreeClosures.ABCValuationIncidenceFixedBudgetObstruction20260903.HasFixedAABReconstructingFace|Classical.choice,Quot.sound,propext
AXIOM_AUDIT|DECL|IUTThreeClosures.ABCValuationIncidenceFixedBudgetObstruction20260903|IUTThreeClosures.ABCValuationIncidenceFixedBudgetObstruction20260903.HasFixedABReconstructingFace|Classical.choice,Quot.sound,propext
AXIOM_AUDIT|DECL|IUTThreeClosures.ABCValuationIncidenceFixedBudgetObstruction20260903|IUTThreeClosures.ABCValuationIncidenceFixedBudgetObstruction20260903.HasVICABS1Face|Classical.choice,Quot.sound,propext
AXIOM_AUDIT|DECL|IUTThreeClosures.ABCValuationIncidenceFixedBudgetObstruction20260903|IUTThreeClosures.ABCValuationIncidenceFixedBudgetObstruction20260903.PrimitiveABC|
AXIOM_AUDIT|DECL|IUTThreeClosures.ABCValuationIncidenceFixedBudgetObstruction20260903|IUTThreeClosures.ABCValuationIncidenceFixedBudgetObstruction20260903.dyadic_A_primeFactors|Classical.choice,Quot.sound,propext
AXIOM_AUDIT|DECL|IUTThreeClosures.ABCValuationIncidenceFixedBudgetObstruction20260903|IUTThreeClosures.ABCValuationIncidenceFixedBudgetObstruction20260903.dyadic_A_primeFactors._proof_1_1|Quot.sound,propext
AXIOM_AUDIT|DECL|IUTThreeClosures.ABCValuationIncidenceFixedBudgetObstruction20260903|IUTThreeClosures.ABCValuationIncidenceFixedBudgetObstruction20260903.dyadic_A_valuation_two|Classical.choice,Quot.sound,propext
AXIOM_AUDIT|DECL|IUTThreeClosures.ABCValuationIncidenceFixedBudgetObstruction20260903|IUTThreeClosures.ABCValuationIncidenceFixedBudgetObstruction20260903.dyadic_no_VICABS1Face|Classical.choice,Quot.sound,propext
AXIOM_AUDIT|DECL|IUTThreeClosures.ABCValuationIncidenceFixedBudgetObstruction20260903|IUTThreeClosures.ABCValuationIncidenceFixedBudgetObstruction20260903.dyadic_no_fixedA_ABReconstructing|Classical.choice,Quot.sound,propext
AXIOM_AUDIT|DECL|IUTThreeClosures.ABCValuationIncidenceFixedBudgetObstruction20260903|IUTThreeClosures.ABCValuationIncidenceFixedBudgetObstruction20260903.dyadic_no_fixedA_ABReconstructing._proof_1_1|Classical.choice,Quot.sound,propext
AXIOM_AUDIT|DECL|IUTThreeClosures.ABCValuationIncidenceFixedBudgetObstruction20260903|IUTThreeClosures.ABCValuationIncidenceFixedBudgetObstruction20260903.dyadic_no_fixedA_ABReconstructing._proof_1_2|Classical.choice,Quot.sound,propext
AXIOM_AUDIT|DECL|IUTThreeClosures.ABCValuationIncidenceFixedBudgetObstruction20260903|IUTThreeClosures.ABCValuationIncidenceFixedBudgetObstruction20260903.dyadic_no_fixedBudget_ABReconstructing|Classical.choice,Quot.sound,propext
AXIOM_AUDIT|DECL|IUTThreeClosures.ABCValuationIncidenceFixedBudgetObstruction20260903|IUTThreeClosures.ABCValuationIncidenceFixedBudgetObstruction20260903.fixedA_reconstruction_failureSet_infinite|Classical.choice,Quot.sound,propext
AXIOM_AUDIT|DECL|IUTThreeClosures.ABCValuationIncidenceFixedBudgetObstruction20260903|IUTThreeClosures.ABCValuationIncidenceFixedBudgetObstruction20260903.fixedA_reconstruction_failureSet_infinite._proof_1_1|Quot.sound,propext
AXIOM_AUDIT|DECL|IUTThreeClosures.ABCValuationIncidenceFixedBudgetObstruction20260903|IUTThreeClosures.ABCValuationIncidenceFixedBudgetObstruction20260903.fixedA_reconstruction_failureSet_infinite._proof_1_2|Quot.sound,propext
AXIOM_AUDIT|DECL|IUTThreeClosures.ABCValuationIncidenceFixedBudgetObstruction20260903|IUTThreeClosures.ABCValuationIncidenceFixedBudgetObstruction20260903.fixedBudget_failureSet_infinite|Classical.choice,Quot.sound,propext
AXIOM_AUDIT|DECL|IUTThreeClosures.ABCValuationIncidenceFixedBudgetObstruction20260903|IUTThreeClosures.ABCValuationIncidenceFixedBudgetObstruction20260903.fixedBudget_failureSet_infinite._proof_1_1|Quot.sound,propext
AXIOM_AUDIT|DECL|IUTThreeClosures.ABCValuationIncidenceFixedBudgetObstruction20260903|IUTThreeClosures.ABCValuationIncidenceFixedBudgetObstruction20260903.fixedBudget_failureSet_infinite._proof_1_2|Quot.sound,propext
AXIOM_AUDIT|DECL|IUTThreeClosures.ABCValuationIncidenceFixedBudgetObstruction20260903|IUTThreeClosures.ABCValuationIncidenceFixedBudgetObstruction20260903.not_absoluteBudgetVICABS1|Classical.choice,Quot.sound,propext
AXIOM_AUDIT|DECL|IUTThreeClosures.ABCValuationIncidenceFixedBudgetObstruction20260903|IUTThreeClosures.ABCValuationIncidenceFixedBudgetObstruction20260903.two_not_mem_A_of_defectDegree_le|Classical.choice,Quot.sound,propext
AXIOM_AUDIT|DECL|IUTThreeClosures.ABCValuationIncidenceFixedBudgetObstruction20260903|IUTThreeClosures.ABCValuationIncidenceFixedBudgetObstruction20260903.two_not_mem_A_of_defectDegree_le._proof_1_1|Classical.choice,Quot.sound,propext
AXIOM_AUDIT|DECL|IUTThreeClosures.ABCValuationIncidenceScaleBudgetObstruction20260903|IUTThreeClosures.ABCValuationIncidenceScaleBudgetObstruction20260903.A_support_eq_empty_of_two_not_mem|Classical.choice,Quot.sound,propext
AXIOM_AUDIT|DECL|IUTThreeClosures.ABCValuationIncidenceScaleBudgetObstruction20260903|IUTThreeClosures.ABCValuationIncidenceScaleBudgetObstruction20260903.A_support_eq_singleton_of_ABReconstructing|Classical.choice,Quot.sound,propext
AXIOM_AUDIT|DECL|IUTThreeClosures.ABCValuationIncidenceScaleBudgetObstruction20260903|IUTThreeClosures.ABCValuationIncidenceScaleBudgetObstruction20260903.B_support_eq_empty_of_three_not_mem|Classical.choice,Quot.sound,propext
AXIOM_AUDIT|DECL|IUTThreeClosures.ABCValuationIncidenceScaleBudgetObstruction20260903|IUTThreeClosures.ABCValuationIncidenceScaleBudgetObstruction20260903.B_support_eq_singleton_of_ABReconstructing|Classical.choice,Quot.sound,propext
AXIOM_AUDIT|DECL|IUTThreeClosures.ABCValuationIncidenceScaleBudgetObstruction20260903|IUTThreeClosures.ABCValuationIncidenceScaleBudgetObstruction20260903.CoefficientOneScaleVIC1R|Classical.choice,Quot.sound,propext
AXIOM_AUDIT|DECL|IUTThreeClosures.ABCValuationIncidenceScaleBudgetObstruction20260903|IUTThreeClosures.ABCValuationIncidenceScaleBudgetObstruction20260903.Face|Classical.choice,Quot.sound,propext
AXIOM_AUDIT|DECL|IUTThreeClosures.ABCValuationIncidenceScaleBudgetObstruction20260903|IUTThreeClosures.ABCValuationIncidenceScaleBudgetObstruction20260903.HasCoefficientOneScaleReconstructingFace|Classical.choice,Quot.sound,propext
AXIOM_AUDIT|DECL|IUTThreeClosures.ABCValuationIncidenceScaleBudgetObstruction20260903|IUTThreeClosures.ABCValuationIncidenceScaleBudgetObstruction20260903.HasVIC1RFace|Classical.choice,Quot.sound,propext
AXIOM_AUDIT|DECL|IUTThreeClosures.ABCValuationIncidenceScaleBudgetObstruction20260903|IUTThreeClosures.ABCValuationIncidenceScaleBudgetObstruction20260903.PrimitiveABC|
AXIOM_AUDIT|DECL|IUTThreeClosures.ABCValuationIncidenceScaleBudgetObstruction20260903|IUTThreeClosures.ABCValuationIncidenceScaleBudgetObstruction20260903.balancedTwoPrimeDatum|Classical.choice,Quot.sound,propext
AXIOM_AUDIT|DECL|IUTThreeClosures.ABCValuationIncidenceScaleBudgetObstruction20260903|IUTThreeClosures.ABCValuationIncidenceScaleBudgetObstruction20260903.balancedTwoPrimeDatum._proof_1|Quot.sound,propext
AXIOM_AUDIT|DECL|IUTThreeClosures.ABCValuationIncidenceScaleBudgetObstruction20260903|IUTThreeClosures.ABCValuationIncidenceScaleBudgetObstruction20260903.balancedTwoPrimeDatum._proof_2|Quot.sound,propext
AXIOM_AUDIT|DECL|IUTThreeClosures.ABCValuationIncidenceScaleBudgetObstruction20260903|IUTThreeClosures.ABCValuationIncidenceScaleBudgetObstruction20260903.balancedTwoPrimeDatum._proof_3|Classical.choice,Quot.sound,propext
AXIOM_AUDIT|DECL|IUTThreeClosures.ABCValuationIncidenceScaleBudgetObstruction20260903|IUTThreeClosures.ABCValuationIncidenceScaleBudgetObstruction20260903.balancedTwoPrimeDatum._proof_4|Classical.choice,Quot.sound,propext
AXIOM_AUDIT|DECL|IUTThreeClosures.ABCValuationIncidenceScaleBudgetObstruction20260903|IUTThreeClosures.ABCValuationIncidenceScaleBudgetObstruction20260903.balancedTwoPrimeDatum._proof_5|propext
AXIOM_AUDIT|DECL|IUTThreeClosures.ABCValuationIncidenceScaleBudgetObstruction20260903|IUTThreeClosures.ABCValuationIncidenceScaleBudgetObstruction20260903.balancedTwoPrimeDatum._proof_6|Classical.choice,Quot.sound,propext
AXIOM_AUDIT|DECL|IUTThreeClosures.ABCValuationIncidenceScaleBudgetObstruction20260903|IUTThreeClosures.ABCValuationIncidenceScaleBudgetObstruction20260903.balancedTwoPrimeDatum_injective|Classical.choice,Quot.sound,propext
AXIOM_AUDIT|DECL|IUTThreeClosures.ABCValuationIncidenceScaleBudgetObstruction20260903|IUTThreeClosures.ABCValuationIncidenceScaleBudgetObstruction20260903.balancedTwoPrimeDatum_injective._proof_1_2|Quot.sound,propext
AXIOM_AUDIT|DECL|IUTThreeClosures.ABCValuationIncidenceScaleBudgetObstruction20260903|IUTThreeClosures.ABCValuationIncidenceScaleBudgetObstruction20260903.balanced_A_primeFactors|Classical.choice,Quot.sound,propext
AXIOM_AUDIT|DECL|IUTThreeClosures.ABCValuationIncidenceScaleBudgetObstruction20260903|IUTThreeClosures.ABCValuationIncidenceScaleBudgetObstruction20260903.balanced_A_valuation_two|Classical.choice,Quot.sound,propext
AXIOM_AUDIT|DECL|IUTThreeClosures.ABCValuationIncidenceScaleBudgetObstruction20260903|IUTThreeClosures.ABCValuationIncidenceScaleBudgetObstruction20260903.balanced_B_primeFactors|Classical.choice,Quot.sound,propext
AXIOM_AUDIT|DECL|IUTThreeClosures.ABCValuationIncidenceScaleBudgetObstruction20260903|IUTThreeClosures.ABCValuationIncidenceScaleBudgetObstruction20260903.balanced_B_valuation_three|Classical.choice,Quot.sound,propext
AXIOM_AUDIT|DECL|IUTThreeClosures.ABCValuationIncidenceScaleBudgetObstruction20260903|IUTThreeClosures.ABCValuationIncidenceScaleBudgetObstruction20260903.balanced_c_le_two_pow_two_mul_add_three|Classical.choice,Quot.sound,propext
AXIOM_AUDIT|DECL|IUTThreeClosures.ABCValuationIncidenceScaleBudgetObstruction20260903|IUTThreeClosures.ABCValuationIncidenceScaleBudgetObstruction20260903.balanced_no_VIC1RFace|Classical.choice,Quot.sound,propext
AXIOM_AUDIT|DECL|IUTThreeClosures.ABCValuationIncidenceScaleBudgetObstruction20260903|IUTThreeClosures.ABCValuationIncidenceScaleBudgetObstruction20260903.balanced_no_coefficientOneScaleReconstructingFace|Classical.choice,Quot.sound,propext
AXIOM_AUDIT|DECL|IUTThreeClosures.ABCValuationIncidenceScaleBudgetObstruction20260903|IUTThreeClosures.ABCValuationIncidenceScaleBudgetObstruction20260903.balanced_no_coefficientOneScaleReconstructingFace._proof_1_1|Classical.choice,Quot.sound,propext
AXIOM_AUDIT|DECL|IUTThreeClosures.ABCValuationIncidenceScaleBudgetObstruction20260903|IUTThreeClosures.ABCValuationIncidenceScaleBudgetObstruction20260903.binaryScale|Classical.choice,Quot.sound,propext
AXIOM_AUDIT|DECL|IUTThreeClosures.ABCValuationIncidenceScaleBudgetObstruction20260903|IUTThreeClosures.ABCValuationIncidenceScaleBudgetObstruction20260903.binaryScale_balanced_c_le|Classical.choice,Quot.sound,propext
AXIOM_AUDIT|DECL|IUTThreeClosures.ABCValuationIncidenceScaleBudgetObstruction20260903|IUTThreeClosures.ABCValuationIncidenceScaleBudgetObstruction20260903.binaryScale_le_iff|Classical.choice,Quot.sound,propext
AXIOM_AUDIT|DECL|IUTThreeClosures.ABCValuationIncidenceScaleBudgetObstruction20260903|IUTThreeClosures.ABCValuationIncidenceScaleBudgetObstruction20260903.binaryScale_le_of_le_two_pow|Classical.choice,Quot.sound,propext
AXIOM_AUDIT|DECL|IUTThreeClosures.ABCValuationIncidenceScaleBudgetObstruction20260903|IUTThreeClosures.ABCValuationIncidenceScaleBudgetObstruction20260903.coefficientOneScale_VIC1R_failureSet_infinite|Classical.choice,Quot.sound,propext
AXIOM_AUDIT|DECL|IUTThreeClosures.ABCValuationIncidenceScaleBudgetObstruction20260903|IUTThreeClosures.ABCValuationIncidenceScaleBudgetObstruction20260903.coefficientOneScale_VIC1R_failureSet_infinite._proof_1_1|Quot.sound,propext
AXIOM_AUDIT|DECL|IUTThreeClosures.ABCValuationIncidenceScaleBudgetObstruction20260903|IUTThreeClosures.ABCValuationIncidenceScaleBudgetObstruction20260903.coefficientOneScale_VIC1R_failureSet_infinite._proof_1_2|Quot.sound,propext
AXIOM_AUDIT|DECL|IUTThreeClosures.ABCValuationIncidenceScaleBudgetObstruction20260903|IUTThreeClosures.ABCValuationIncidenceScaleBudgetObstruction20260903.coefficientOneScale_reconstruction_failureSet_infinite|Classical.choice,Quot.sound,propext
AXIOM_AUDIT|DECL|IUTThreeClosures.ABCValuationIncidenceScaleBudgetObstruction20260903|IUTThreeClosures.ABCValuationIncidenceScaleBudgetObstruction20260903.coefficientOneScale_reconstruction_failureSet_infinite._proof_1_1|Quot.sound,propext
AXIOM_AUDIT|DECL|IUTThreeClosures.ABCValuationIncidenceScaleBudgetObstruction20260903|IUTThreeClosures.ABCValuationIncidenceScaleBudgetObstruction20260903.coefficientOneScale_reconstruction_failureSet_infinite._proof_1_2|Quot.sound,propext
AXIOM_AUDIT|DECL|IUTThreeClosures.ABCValuationIncidenceScaleBudgetObstruction20260903|IUTThreeClosures.ABCValuationIncidenceScaleBudgetObstruction20260903.defectDegree_AB_eq_of_ABReconstructing|Classical.choice,Quot.sound,propext
AXIOM_AUDIT|DECL|IUTThreeClosures.ABCValuationIncidenceScaleBudgetObstruction20260903|IUTThreeClosures.ABCValuationIncidenceScaleBudgetObstruction20260903.defectDegree_AB_eq_of_ABReconstructing._proof_1_1|Quot.sound,propext
AXIOM_AUDIT|DECL|IUTThreeClosures.ABCValuationIncidenceScaleBudgetObstruction20260903|IUTThreeClosures.ABCValuationIncidenceScaleBudgetObstruction20260903.defectDegree_A_eq_of_ABReconstructing|Classical.choice,Quot.sound,propext
AXIOM_AUDIT|DECL|IUTThreeClosures.ABCValuationIncidenceScaleBudgetObstruction20260903|IUTThreeClosures.ABCValuationIncidenceScaleBudgetObstruction20260903.defectDegree_A_eq_of_ABReconstructing._proof_1_1|Quot.sound,propext
AXIOM_AUDIT|DECL|IUTThreeClosures.ABCValuationIncidenceScaleBudgetObstruction20260903|IUTThreeClosures.ABCValuationIncidenceScaleBudgetObstruction20260903.defectDegree_B_eq_of_ABReconstructing|Classical.choice,Quot.sound,propext
AXIOM_AUDIT|DECL|IUTThreeClosures.ABCValuationIncidenceScaleBudgetObstruction20260903|IUTThreeClosures.ABCValuationIncidenceScaleBudgetObstruction20260903.exists_le_two_pow|Classical.choice,Quot.sound,propext
AXIOM_AUDIT|DECL|IUTThreeClosures.ABCValuationIncidenceScaleBudgetObstruction20260903|IUTThreeClosures.ABCValuationIncidenceScaleBudgetObstruction20260903.le_two_pow_binaryScale|Classical.choice,Quot.sound,propext
AXIOM_AUDIT|DECL|IUTThreeClosures.ABCValuationIncidenceScaleBudgetObstruction20260903|IUTThreeClosures.ABCValuationIncidenceScaleBudgetObstruction20260903.not_coefficientOneScaleVIC1R|Classical.choice,Quot.sound,propext
AXIOM_AUDIT|DECL|IUTThreeClosures.ABCValuationIncidenceScaleBudgetObstruction20260903|IUTThreeClosures.ABCValuationIncidenceScaleBudgetObstruction20260903.three_mem_B_of_ABReconstructing|Classical.choice,Quot.sound,propext
AXIOM_AUDIT|DECL|IUTThreeClosures.ABCValuationIncidenceScaleBudgetObstruction20260903|IUTThreeClosures.ABCValuationIncidenceScaleBudgetObstruction20260903.three_mem_B_of_ABReconstructing._proof_1_2|Classical.choice,Quot.sound,propext
AXIOM_AUDIT|DECL|IUTThreeClosures.ABCValuationIncidenceScaleBudgetObstruction20260903|IUTThreeClosures.ABCValuationIncidenceScaleBudgetObstruction20260903.three_mem_B_of_ABReconstructing._proof_1_3|Classical.choice,Quot.sound,propext
AXIOM_AUDIT|DECL|IUTThreeClosures.ABCValuationIncidenceScaleBudgetObstruction20260903|IUTThreeClosures.ABCValuationIncidenceScaleBudgetObstruction20260903.three_mul_k_add_one_le_defectDegree_AB_of_ABReconstructing|Classical.choice,Quot.sound,propext
AXIOM_AUDIT|DECL|IUTThreeClosures.ABCValuationIncidenceScaleBudgetObstruction20260903|IUTThreeClosures.ABCValuationIncidenceScaleBudgetObstruction20260903.three_pow_succ_lt_two_pow_twice_succ|Classical.choice,Quot.sound,propext
AXIOM_AUDIT|DECL|IUTThreeClosures.ABCValuationIncidenceScaleBudgetObstruction20260903|IUTThreeClosures.ABCValuationIncidenceScaleBudgetObstruction20260903.two_mem_A_of_ABReconstructing|Classical.choice,Quot.sound,propext
AXIOM_AUDIT|DECL|IUTThreeClosures.ABCValuationIncidenceScaleBudgetObstruction20260903|IUTThreeClosures.ABCValuationIncidenceScaleBudgetObstruction20260903.two_mem_A_of_ABReconstructing._proof_1_2|Classical.choice,Quot.sound,propext
AXIOM_AUDIT|DECL|IUTThreeClosures.ABCValuationIncidenceScaleBudgetObstruction20260903|IUTThreeClosures.ABCValuationIncidenceScaleBudgetObstruction20260903.two_mem_A_of_ABReconstructing._proof_1_3|Classical.choice,Quot.sound,propext
AXIOM_AUDIT|DECL|IUTThreeClosures.ABCSignedEndpointPrimeTokenTransport20260903|IUTThreeClosures.SignedEndpointPrimeTokenTransport.EndpointPrimeFlow|Classical.choice,Quot.sound,propext
AXIOM_AUDIT|DECL|IUTThreeClosures.ABCSignedEndpointPrimeTokenTransport20260903|IUTThreeClosures.SignedEndpointPrimeTokenTransport.FullIntegralDominanceMatching|Classical.choice,Quot.sound,propext
AXIOM_AUDIT|DECL|IUTThreeClosures.ABCSignedEndpointPrimeTokenTransport20260903|IUTThreeClosures.SignedEndpointPrimeTokenTransport.MonotoneWeightedFlow|Classical.choice,Quot.sound,propext
AXIOM_AUDIT|DECL|IUTThreeClosures.ABCSignedEndpointPrimeTokenTransport20260903|IUTThreeClosures.SignedEndpointPrimeTokenTransport.MonotoneWeightedFlow._sizeOf_1|Classical.choice,Quot.sound,propext
AXIOM_AUDIT|DECL|IUTThreeClosures.ABCSignedEndpointPrimeTokenTransport20260903|IUTThreeClosures.SignedEndpointPrimeTokenTransport.MonotoneWeightedFlow._sizeOf_inst|Classical.choice,Quot.sound,propext
AXIOM_AUDIT|DECL|IUTThreeClosures.ABCSignedEndpointPrimeTokenTransport20260903|IUTThreeClosures.SignedEndpointPrimeTokenTransport.MonotoneWeightedFlow.carriedMass|Classical.choice,Quot.sound,propext
AXIOM_AUDIT|DECL|IUTThreeClosures.ABCSignedEndpointPrimeTokenTransport20260903|IUTThreeClosures.SignedEndpointPrimeTokenTransport.MonotoneWeightedFlow.casesOn|Classical.choice,Quot.sound,propext
AXIOM_AUDIT|DECL|IUTThreeClosures.ABCSignedEndpointPrimeTokenTransport20260903|IUTThreeClosures.SignedEndpointPrimeTokenTransport.MonotoneWeightedFlow.ctorIdx|Classical.choice,Quot.sound,propext
AXIOM_AUDIT|DECL|IUTThreeClosures.ABCSignedEndpointPrimeTokenTransport20260903|IUTThreeClosures.SignedEndpointPrimeTokenTransport.MonotoneWeightedFlow.flow|Classical.choice,Quot.sound,propext
AXIOM_AUDIT|DECL|IUTThreeClosures.ABCSignedEndpointPrimeTokenTransport20260903|IUTThreeClosures.SignedEndpointPrimeTokenTransport.MonotoneWeightedFlow.flow_nonneg|Classical.choice,Quot.sound,propext
AXIOM_AUDIT|DECL|IUTThreeClosures.ABCSignedEndpointPrimeTokenTransport20260903|IUTThreeClosures.SignedEndpointPrimeTokenTransport.MonotoneWeightedFlow.mk|Classical.choice,Quot.sound,propext
AXIOM_AUDIT|DECL|IUTThreeClosures.ABCSignedEndpointPrimeTokenTransport20260903|IUTThreeClosures.SignedEndpointPrimeTokenTransport.MonotoneWeightedFlow.mk._flat_ctor|Classical.choice,Quot.sound,propext
AXIOM_AUDIT|DECL|IUTThreeClosures.ABCSignedEndpointPrimeTokenTransport20260903|IUTThreeClosures.SignedEndpointPrimeTokenTransport.MonotoneWeightedFlow.mk.inj|Classical.choice,Quot.sound,propext
AXIOM_AUDIT|DECL|IUTThreeClosures.ABCSignedEndpointPrimeTokenTransport20260903|IUTThreeClosures.SignedEndpointPrimeTokenTransport.MonotoneWeightedFlow.mk.injEq|Classical.choice,Quot.sound,propext
AXIOM_AUDIT|DECL|IUTThreeClosures.ABCSignedEndpointPrimeTokenTransport20260903|IUTThreeClosures.SignedEndpointPrimeTokenTransport.MonotoneWeightedFlow.mk.noConfusion|Classical.choice,Quot.sound,propext
AXIOM_AUDIT|DECL|IUTThreeClosures.ABCSignedEndpointPrimeTokenTransport20260903|IUTThreeClosures.SignedEndpointPrimeTokenTransport.MonotoneWeightedFlow.mk.sizeOf_spec|Classical.choice,Quot.sound,propext
AXIOM_AUDIT|DECL|IUTThreeClosures.ABCSignedEndpointPrimeTokenTransport20260903|IUTThreeClosures.SignedEndpointPrimeTokenTransport.MonotoneWeightedFlow.monotone|Classical.choice,Quot.sound,propext
AXIOM_AUDIT|DECL|IUTThreeClosures.ABCSignedEndpointPrimeTokenTransport20260903|IUTThreeClosures.SignedEndpointPrimeTokenTransport.MonotoneWeightedFlow.noConfusion|Classical.choice,Quot.sound,propext
AXIOM_AUDIT|DECL|IUTThreeClosures.ABCSignedEndpointPrimeTokenTransport20260903|IUTThreeClosures.SignedEndpointPrimeTokenTransport.MonotoneWeightedFlow.noConfusionType|Classical.choice,Quot.sound,propext
AXIOM_AUDIT|DECL|IUTThreeClosures.ABCSignedEndpointPrimeTokenTransport20260903|IUTThreeClosures.SignedEndpointPrimeTokenTransport.MonotoneWeightedFlow.rec|Classical.choice,Quot.sound,propext
AXIOM_AUDIT|DECL|IUTThreeClosures.ABCSignedEndpointPrimeTokenTransport20260903|IUTThreeClosures.SignedEndpointPrimeTokenTransport.MonotoneWeightedFlow.recOn|Classical.choice,Quot.sound,propext
AXIOM_AUDIT|DECL|IUTThreeClosures.ABCSignedEndpointPrimeTokenTransport20260903|IUTThreeClosures.SignedEndpointPrimeTokenTransport.MonotoneWeightedFlow.sinkMass|Classical.choice,Quot.sound,propext
AXIOM_AUDIT|DECL|IUTThreeClosures.ABCSignedEndpointPrimeTokenTransport20260903|IUTThreeClosures.SignedEndpointPrimeTokenTransport.MonotoneWeightedFlow.sinkTailMass|Classical.choice,Quot.sound,propext
AXIOM_AUDIT|DECL|IUTThreeClosures.ABCSignedEndpointPrimeTokenTransport20260903|IUTThreeClosures.SignedEndpointPrimeTokenTransport.MonotoneWeightedFlow.sink_capacity|Classical.choice,Quot.sound,propext
AXIOM_AUDIT|DECL|IUTThreeClosures.ABCSignedEndpointPrimeTokenTransport20260903|IUTThreeClosures.SignedEndpointPrimeTokenTransport.MonotoneWeightedFlow.sourceMass|Classical.choice,Quot.sound,propext
AXIOM_AUDIT|DECL|IUTThreeClosures.ABCSignedEndpointPrimeTokenTransport20260903|IUTThreeClosures.SignedEndpointPrimeTokenTransport.MonotoneWeightedFlow.sourceMass_sub_sinkMass_le_unmatchedMass|Classical.choice,Quot.sound,propext
AXIOM_AUDIT|DECL|IUTThreeClosures.ABCSignedEndpointPrimeTokenTransport20260903|IUTThreeClosures.SignedEndpointPrimeTokenTransport.MonotoneWeightedFlow.sourceTailCarried|Classical.choice,Quot.sound,propext
AXIOM_AUDIT|DECL|IUTThreeClosures.ABCSignedEndpointPrimeTokenTransport20260903|IUTThreeClosures.SignedEndpointPrimeTokenTransport.MonotoneWeightedFlow.sourceTailCarried_le_sinkTailMass|Classical.choice,Quot.sound,propext
AXIOM_AUDIT|DECL|IUTThreeClosures.ABCSignedEndpointPrimeTokenTransport20260903|IUTThreeClosures.SignedEndpointPrimeTokenTransport.MonotoneWeightedFlow.sourceTailMass|Classical.choice,Quot.sound,propext
AXIOM_AUDIT|DECL|IUTThreeClosures.ABCSignedEndpointPrimeTokenTransport20260903|IUTThreeClosures.SignedEndpointPrimeTokenTransport.MonotoneWeightedFlow.sourceTailMass_sub_sinkTailMass_le_unmatchedMass|Classical.choice,Quot.sound,propext
AXIOM_AUDIT|DECL|IUTThreeClosures.ABCSignedEndpointPrimeTokenTransport20260903|IUTThreeClosures.SignedEndpointPrimeTokenTransport.MonotoneWeightedFlow.sourceTailUnmatched|Classical.choice,Quot.sound,propext
AXIOM_AUDIT|DECL|IUTThreeClosures.ABCSignedEndpointPrimeTokenTransport20260903|IUTThreeClosures.SignedEndpointPrimeTokenTransport.MonotoneWeightedFlow.sourceTailUnmatched_eq_tailMass_sub_tailCarried|Classical.choice,Quot.sound,propext
AXIOM_AUDIT|DECL|IUTThreeClosures.ABCSignedEndpointPrimeTokenTransport20260903|IUTThreeClosures.SignedEndpointPrimeTokenTransport.MonotoneWeightedFlow.sourceTailUnmatched_le_unmatchedMass|Classical.choice,Quot.sound,propext
AXIOM_AUDIT|DECL|IUTThreeClosures.ABCSignedEndpointPrimeTokenTransport20260903|IUTThreeClosures.SignedEndpointPrimeTokenTransport.MonotoneWeightedFlow.source_capacity|Classical.choice,Quot.sound,propext
AXIOM_AUDIT|DECL|IUTThreeClosures.ABCSignedEndpointPrimeTokenTransport20260903|IUTThreeClosures.SignedEndpointPrimeTokenTransport.MonotoneWeightedFlow.unmatchedMass|Classical.choice,Quot.sound,propext
AXIOM_AUDIT|DECL|IUTThreeClosures.ABCSignedEndpointPrimeTokenTransport20260903|IUTThreeClosures.SignedEndpointPrimeTokenTransport.MonotoneWeightedFlow.unmatchedMass_eq_defect_add_unusedCapacity|Classical.choice,Quot.sound,propext
AXIOM_AUDIT|DECL|IUTThreeClosures.ABCSignedEndpointPrimeTokenTransport20260903|IUTThreeClosures.SignedEndpointPrimeTokenTransport.MonotoneWeightedFlow.unmatchedMass_eq_sourceMass_sub_carriedMass|Classical.choice,Quot.sound,propext
AXIOM_AUDIT|DECL|IUTThreeClosures.ABCSignedEndpointPrimeTokenTransport20260903|IUTThreeClosures.SignedEndpointPrimeTokenTransport.MonotoneWeightedFlow.unmatchedMass_nonneg|Classical.choice,Quot.sound,propext
AXIOM_AUDIT|DECL|IUTThreeClosures.ABCSignedEndpointPrimeTokenTransport20260903|IUTThreeClosures.SignedEndpointPrimeTokenTransport.MonotoneWeightedFlow.unusedCapacity|Classical.choice,Quot.sound,propext
AXIOM_AUDIT|DECL|IUTThreeClosures.ABCSignedEndpointPrimeTokenTransport20260903|IUTThreeClosures.SignedEndpointPrimeTokenTransport.MonotoneWeightedFlow.unusedCapacity_eq_sinkMass_sub_carriedMass|Classical.choice,Quot.sound,propext
AXIOM_AUDIT|DECL|IUTThreeClosures.ABCSignedEndpointPrimeTokenTransport20260903|IUTThreeClosures.SignedEndpointPrimeTokenTransport.MonotoneWeightedFlow.unusedCapacity_nonneg|Classical.choice,Quot.sound,propext
AXIOM_AUDIT|DECL|IUTThreeClosures.ABCSignedEndpointPrimeTokenTransport20260903|IUTThreeClosures.SignedEndpointPrimeTokenTransport.PrimeExcessToken|Classical.choice,Quot.sound,propext
AXIOM_AUDIT|DECL|IUTThreeClosures.ABCSignedEndpointPrimeTokenTransport20260903|IUTThreeClosures.SignedEndpointPrimeTokenTransport.PrimeSupportToken|Classical.choice,Quot.sound,propext
AXIOM_AUDIT|DECL|IUTThreeClosures.ABCSignedEndpointPrimeTokenTransport20260903|IUTThreeClosures.SignedEndpointPrimeTokenTransport.UniformEndpointPrimeFlowBound|Classical.choice,Quot.sound,propext
AXIOM_AUDIT|DECL|IUTThreeClosures.ABCSignedEndpointPrimeTokenTransport20260903|IUTThreeClosures.SignedEndpointPrimeTokenTransport.abc_of_uniformEndpointPrimeFlowBound|Classical.choice,Quot.sound,propext
AXIOM_AUDIT|DECL|IUTThreeClosures.ABCSignedEndpointPrimeTokenTransport20260903|IUTThreeClosures.SignedEndpointPrimeTokenTransport.dyadicMersenneCoreDatum|Classical.choice,Quot.sound,propext
AXIOM_AUDIT|DECL|IUTThreeClosures.ABCSignedEndpointPrimeTokenTransport20260903|IUTThreeClosures.SignedEndpointPrimeTokenTransport.dyadicMersenneCoreDatum._proof_1|Quot.sound,propext
AXIOM_AUDIT|DECL|IUTThreeClosures.ABCSignedEndpointPrimeTokenTransport20260903|IUTThreeClosures.SignedEndpointPrimeTokenTransport.dyadicMersenneCoreDatum._proof_2|Quot.sound,propext
AXIOM_AUDIT|DECL|IUTThreeClosures.ABCSignedEndpointPrimeTokenTransport20260903|IUTThreeClosures.SignedEndpointPrimeTokenTransport.dyadicMersenneCoreDatum._proof_3|Classical.choice,Quot.sound,propext
AXIOM_AUDIT|DECL|IUTThreeClosures.ABCSignedEndpointPrimeTokenTransport20260903|IUTThreeClosures.SignedEndpointPrimeTokenTransport.dyadicMersenneCoreDatum._proof_4|Classical.choice,Quot.sound,propext
AXIOM_AUDIT|DECL|IUTThreeClosures.ABCSignedEndpointPrimeTokenTransport20260903|IUTThreeClosures.SignedEndpointPrimeTokenTransport.dyadicMersenneCoreDatum._proof_5|Classical.choice,Quot.sound,propext
AXIOM_AUDIT|DECL|IUTThreeClosures.ABCSignedEndpointPrimeTokenTransport20260903|IUTThreeClosures.SignedEndpointPrimeTokenTransport.dyadicMersenneCoreDatum._proof_6|Classical.choice,Quot.sound,propext
AXIOM_AUDIT|DECL|IUTThreeClosures.ABCSignedEndpointPrimeTokenTransport20260903|IUTThreeClosures.SignedEndpointPrimeTokenTransport.dyadicMersenneCoreDatum._proof_7|Classical.choice,Quot.sound,propext
AXIOM_AUDIT|DECL|IUTThreeClosures.ABCSignedEndpointPrimeTokenTransport20260903|IUTThreeClosures.SignedEndpointPrimeTokenTransport.dyadicMersenneCoreDatum_externalRadical|Classical.choice,Quot.sound,propext
AXIOM_AUDIT|DECL|IUTThreeClosures.ABCSignedEndpointPrimeTokenTransport20260903|IUTThreeClosures.SignedEndpointPrimeTokenTransport.dyadicMersenneCoreDatum_radical_budget|Classical.choice,Quot.sound,propext
AXIOM_AUDIT|DECL|IUTThreeClosures.ABCSignedEndpointPrimeTokenTransport20260903|IUTThreeClosures.SignedEndpointPrimeTokenTransport.dyadicMersenneCoreDatum_radical_c|Classical.choice,Quot.sound,propext
AXIOM_AUDIT|DECL|IUTThreeClosures.ABCSignedEndpointPrimeTokenTransport20260903|IUTThreeClosures.SignedEndpointPrimeTokenTransport.dyadicMersenneCoreDatum_three_pow_mul_radical_lt_two_mul_core|Classical.choice,Quot.sound,propext
AXIOM_AUDIT|DECL|IUTThreeClosures.ABCSignedEndpointPrimeTokenTransport20260903|IUTThreeClosures.SignedEndpointPrimeTokenTransport.dyadicMersenneCoreDatum_three_pow_mul_radical_lt_two_mul_core._proof_1_1|Quot.sound,propext
AXIOM_AUDIT|DECL|IUTThreeClosures.ABCSignedEndpointPrimeTokenTransport20260903|IUTThreeClosures.SignedEndpointPrimeTokenTransport.dyadicMersenneCoreDatum_three_pow_succ_dvd_b|Classical.choice,Quot.sound,propext
AXIOM_AUDIT|DECL|IUTThreeClosures.ABCSignedEndpointPrimeTokenTransport20260903|IUTThreeClosures.SignedEndpointPrimeTokenTransport.dyadicMersenneCoreDatum_two_mul_core|Classical.choice,Quot.sound,propext
AXIOM_AUDIT|DECL|IUTThreeClosures.ABCSignedEndpointPrimeTokenTransport20260903|IUTThreeClosures.SignedEndpointPrimeTokenTransport.endpointCore|Classical.choice,Quot.sound,propext
AXIOM_AUDIT|DECL|IUTThreeClosures.ABCSignedEndpointPrimeTokenTransport20260903|IUTThreeClosures.SignedEndpointPrimeTokenTransport.endpointCore_pos|Classical.choice,Quot.sound,propext
AXIOM_AUDIT|DECL|IUTThreeClosures.ABCSignedEndpointPrimeTokenTransport20260903|IUTThreeClosures.SignedEndpointPrimeTokenTransport.endpointPrimeFlow_sinkMass_eq_log_externalRadical|Classical.choice,Quot.sound,propext
AXIOM_AUDIT|DECL|IUTThreeClosures.ABCSignedEndpointPrimeTokenTransport20260903|IUTThreeClosures.SignedEndpointPrimeTokenTransport.endpointPrimeFlow_sourceMass_eq_log_core|Classical.choice,Quot.sound,propext
AXIOM_AUDIT|DECL|IUTThreeClosures.ABCSignedEndpointPrimeTokenTransport20260903|IUTThreeClosures.SignedEndpointPrimeTokenTransport.endpointPrimeFlow_threshold_obstruction|Classical.choice,Quot.sound,propext
AXIOM_AUDIT|DECL|IUTThreeClosures.ABCSignedEndpointPrimeTokenTransport20260903|IUTThreeClosures.SignedEndpointPrimeTokenTransport.externalRadical|Classical.choice,Quot.sound,propext
AXIOM_AUDIT|DECL|IUTThreeClosures.ABCSignedEndpointPrimeTokenTransport20260903|IUTThreeClosures.SignedEndpointPrimeTokenTransport.externalRadical_eq_radical_a_mul_radical_b|Classical.choice,Quot.sound,propext
AXIOM_AUDIT|DECL|IUTThreeClosures.ABCSignedEndpointPrimeTokenTransport20260903|IUTThreeClosures.SignedEndpointPrimeTokenTransport.externalRadical_mul_c_eq_totalRadical_mul_endpointCore|Classical.choice,Quot.sound,propext
AXIOM_AUDIT|DECL|IUTThreeClosures.ABCSignedEndpointPrimeTokenTransport20260903|IUTThreeClosures.SignedEndpointPrimeTokenTransport.externalRadical_pos|Classical.choice,Quot.sound,propext
AXIOM_AUDIT|DECL|IUTThreeClosures.ABCSignedEndpointPrimeTokenTransport20260903|IUTThreeClosures.SignedEndpointPrimeTokenTransport.factorization_sixteen_two|Classical.choice,Quot.sound,propext
AXIOM_AUDIT|DECL|IUTThreeClosures.ABCSignedEndpointPrimeTokenTransport20260903|IUTThreeClosures.SignedEndpointPrimeTokenTransport.height_le_conductor_add_unmatchedMass|Classical.choice,Quot.sound,propext
AXIOM_AUDIT|DECL|IUTThreeClosures.ABCSignedEndpointPrimeTokenTransport20260903|IUTThreeClosures.SignedEndpointPrimeTokenTransport.height_sub_conductor_eq_signedEndpointCoreDefect|Classical.choice,Quot.sound,propext
AXIOM_AUDIT|DECL|IUTThreeClosures.ABCSignedEndpointPrimeTokenTransport20260903|IUTThreeClosures.SignedEndpointPrimeTokenTransport.log_c_sub_log_totalRadical_eq_signedEndpointCoreDefect|Classical.choice,Quot.sound,propext
AXIOM_AUDIT|DECL|IUTThreeClosures.ABCSignedEndpointPrimeTokenTransport20260903|IUTThreeClosures.SignedEndpointPrimeTokenTransport.nineSixteenTwentyFiveDatum|Classical.choice,Quot.sound,propext
AXIOM_AUDIT|DECL|IUTThreeClosures.ABCSignedEndpointPrimeTokenTransport20260903|IUTThreeClosures.SignedEndpointPrimeTokenTransport.nineSixteenTwentyFiveDatum._proof_1|Classical.choice,Quot.sound,propext
AXIOM_AUDIT|DECL|IUTThreeClosures.ABCSignedEndpointPrimeTokenTransport20260903|IUTThreeClosures.SignedEndpointPrimeTokenTransport.nineSixteenTwentyFiveDatum._proof_2|Classical.choice,Quot.sound,propext
AXIOM_AUDIT|DECL|IUTThreeClosures.ABCSignedEndpointPrimeTokenTransport20260903|IUTThreeClosures.SignedEndpointPrimeTokenTransport.nineSixteenTwentyFiveDatum._proof_3|propext
AXIOM_AUDIT|DECL|IUTThreeClosures.ABCSignedEndpointPrimeTokenTransport20260903|IUTThreeClosures.SignedEndpointPrimeTokenTransport.nineSixteenTwentyFiveDatum._proof_4|Classical.choice,Quot.sound,propext
AXIOM_AUDIT|DECL|IUTThreeClosures.ABCSignedEndpointPrimeTokenTransport20260903|IUTThreeClosures.SignedEndpointPrimeTokenTransport.nineSixteenTwentyFive_core_eq_five|Classical.choice,Quot.sound,propext
AXIOM_AUDIT|DECL|IUTThreeClosures.ABCSignedEndpointPrimeTokenTransport20260903|IUTThreeClosures.SignedEndpointPrimeTokenTransport.nineSixteenTwentyFive_core_le_externalRadical|Classical.choice,Quot.sound,propext
AXIOM_AUDIT|DECL|IUTThreeClosures.ABCSignedEndpointPrimeTokenTransport20260903|IUTThreeClosures.SignedEndpointPrimeTokenTransport.nineSixteenTwentyFive_externalRadical_eq_six|Classical.choice,Quot.sound,propext
AXIOM_AUDIT|DECL|IUTThreeClosures.ABCSignedEndpointPrimeTokenTransport20260903|IUTThreeClosures.SignedEndpointPrimeTokenTransport.nineSixteenTwentyFive_not_fullIntegralDominanceMatching|Classical.choice,Quot.sound,propext
AXIOM_AUDIT|DECL|IUTThreeClosures.ABCSignedEndpointPrimeTokenTransport20260903|IUTThreeClosures.SignedEndpointPrimeTokenTransport.nineSixteenTwentyFive_sink_lt_five|Classical.choice,Quot.sound,propext
AXIOM_AUDIT|DECL|IUTThreeClosures.ABCSignedEndpointPrimeTokenTransport20260903|IUTThreeClosures.SignedEndpointPrimeTokenTransport.no_uniform_natural_endpointCore_domination|Classical.choice,Quot.sound,propext
AXIOM_AUDIT|DECL|IUTThreeClosures.ABCSignedEndpointPrimeTokenTransport20260903|IUTThreeClosures.SignedEndpointPrimeTokenTransport.no_uniform_natural_endpointCore_domination._proof_1_1|Quot.sound,propext
AXIOM_AUDIT|DECL|IUTThreeClosures.ABCSignedEndpointPrimeTokenTransport20260903|IUTThreeClosures.SignedEndpointPrimeTokenTransport.no_uniform_natural_endpointCore_domination._proof_1_2|Classical.choice,Quot.sound,propext
AXIOM_AUDIT|DECL|IUTThreeClosures.ABCSignedEndpointPrimeTokenTransport20260903|IUTThreeClosures.SignedEndpointPrimeTokenTransport.primeExcessTokenPrime|Classical.choice,Quot.sound,propext
AXIOM_AUDIT|DECL|IUTThreeClosures.ABCSignedEndpointPrimeTokenTransport20260903|IUTThreeClosures.SignedEndpointPrimeTokenTransport.primeExcessTokenWeight|Classical.choice,Quot.sound,propext
AXIOM_AUDIT|DECL|IUTThreeClosures.ABCSignedEndpointPrimeTokenTransport20260903|IUTThreeClosures.SignedEndpointPrimeTokenTransport.primePower_succ_dvd_forces_radical_budget|Classical.choice,Quot.sound,propext
AXIOM_AUDIT|DECL|IUTThreeClosures.ABCSignedEndpointPrimeTokenTransport20260903|IUTThreeClosures.SignedEndpointPrimeTokenTransport.primePower_succ_dvd_forces_radical_budget._proof_1_1|Classical.choice,Quot.sound,propext
AXIOM_AUDIT|DECL|IUTThreeClosures.ABCSignedEndpointPrimeTokenTransport20260903|IUTThreeClosures.SignedEndpointPrimeTokenTransport.primeSupportTokenPrime|Classical.choice,Quot.sound,propext
AXIOM_AUDIT|DECL|IUTThreeClosures.ABCSignedEndpointPrimeTokenTransport20260903|IUTThreeClosures.SignedEndpointPrimeTokenTransport.primeSupportTokenWeight|Classical.choice,Quot.sound,propext
AXIOM_AUDIT|DECL|IUTThreeClosures.ABCSignedEndpointPrimeTokenTransport20260903|IUTThreeClosures.SignedEndpointPrimeTokenTransport.signedEndpointCoreDefect|Classical.choice,Quot.sound,propext
AXIOM_AUDIT|DECL|IUTThreeClosures.ABCSignedEndpointPrimeTokenTransport20260903|IUTThreeClosures.SignedEndpointPrimeTokenTransport.signedEndpointCoreDefect_le_unmatchedMass|Classical.choice,Quot.sound,propext
AXIOM_AUDIT|DECL|IUTThreeClosures.ABCSignedEndpointPrimeTokenTransport20260903|IUTThreeClosures.SignedEndpointPrimeTokenTransport.sixteenSourceTokenOne|Classical.choice,Quot.sound,propext
AXIOM_AUDIT|DECL|IUTThreeClosures.ABCSignedEndpointPrimeTokenTransport20260903|IUTThreeClosures.SignedEndpointPrimeTokenTransport.sixteenSourceTokenOne._proof_1|Classical.choice,Quot.sound,propext
AXIOM_AUDIT|DECL|IUTThreeClosures.ABCSignedEndpointPrimeTokenTransport20260903|IUTThreeClosures.SignedEndpointPrimeTokenTransport.sixteenSourceTokenOne_ne_two|Classical.choice,Quot.sound,propext
AXIOM_AUDIT|DECL|IUTThreeClosures.ABCSignedEndpointPrimeTokenTransport20260903|IUTThreeClosures.SignedEndpointPrimeTokenTransport.sixteenSourceTokenTwo|Classical.choice,Quot.sound,propext
AXIOM_AUDIT|DECL|IUTThreeClosures.ABCSignedEndpointPrimeTokenTransport20260903|IUTThreeClosures.SignedEndpointPrimeTokenTransport.sixteenSourceTokenTwo._proof_1|Classical.choice,Quot.sound,propext
AXIOM_AUDIT|DECL|IUTThreeClosures.ABCSignedEndpointPrimeTokenTransport20260903|IUTThreeClosures.SignedEndpointPrimeTokenTransport.sixteenSourceTokenZero|Classical.choice,Quot.sound,propext
AXIOM_AUDIT|DECL|IUTThreeClosures.ABCSignedEndpointPrimeTokenTransport20260903|IUTThreeClosures.SignedEndpointPrimeTokenTransport.sixteenSourceTokenZero._proof_1|Classical.choice,Quot.sound,propext
AXIOM_AUDIT|DECL|IUTThreeClosures.ABCSignedEndpointPrimeTokenTransport20260903|IUTThreeClosures.SignedEndpointPrimeTokenTransport.sixteenSourceTokenZero._proof_2|Classical.choice,Quot.sound,propext
AXIOM_AUDIT|DECL|IUTThreeClosures.ABCSignedEndpointPrimeTokenTransport20260903|IUTThreeClosures.SignedEndpointPrimeTokenTransport.sixteenSourceTokenZero._proof_3|Classical.choice,Quot.sound,propext
AXIOM_AUDIT|DECL|IUTThreeClosures.ABCSignedEndpointPrimeTokenTransport20260903|IUTThreeClosures.SignedEndpointPrimeTokenTransport.sixteenSourceTokenZero_ne_one|Classical.choice,Quot.sound,propext
AXIOM_AUDIT|DECL|IUTThreeClosures.ABCSignedEndpointPrimeTokenTransport20260903|IUTThreeClosures.SignedEndpointPrimeTokenTransport.sixteenSourceTokenZero_ne_two|Classical.choice,Quot.sound,propext
AXIOM_AUDIT|DECL|IUTThreeClosures.ABCSignedEndpointPrimeTokenTransport20260903|IUTThreeClosures.SignedEndpointPrimeTokenTransport.sum_primeExcessTokenWeight_eq_log_powerfulPart|Classical.choice,Quot.sound,propext
AXIOM_AUDIT|DECL|IUTThreeClosures.ABCSignedEndpointPrimeTokenTransport20260903|IUTThreeClosures.SignedEndpointPrimeTokenTransport.sum_primeSupportTokenWeight_eq_log_radical|Classical.choice,Quot.sound,propext
AXIOM_AUDIT|DECL|IUTThreeClosures.ABCSignedEndpointPrimeTokenTransport20260903|IUTThreeClosures.SignedEndpointPrimeTokenTransport.threeThirteenSixteenDatum|Classical.choice,Quot.sound,propext
AXIOM_AUDIT|DECL|IUTThreeClosures.ABCSignedEndpointPrimeTokenTransport20260903|IUTThreeClosures.SignedEndpointPrimeTokenTransport.threeThirteenSixteenDatum._proof_1|Classical.choice,Quot.sound,propext
AXIOM_AUDIT|DECL|IUTThreeClosures.ABCSignedEndpointPrimeTokenTransport20260903|IUTThreeClosures.SignedEndpointPrimeTokenTransport.threeThirteenSixteenDatum._proof_2|Classical.choice,Quot.sound,propext
AXIOM_AUDIT|DECL|IUTThreeClosures.ABCSignedEndpointPrimeTokenTransport20260903|IUTThreeClosures.SignedEndpointPrimeTokenTransport.threeThirteenSixteenDatum._proof_3|Classical.choice,Quot.sound,propext
AXIOM_AUDIT|DECL|IUTThreeClosures.ABCSignedEndpointPrimeTokenTransport20260903|IUTThreeClosures.SignedEndpointPrimeTokenTransport.threeThirteenSixteenDatum._proof_4|propext
AXIOM_AUDIT|DECL|IUTThreeClosures.ABCSignedEndpointPrimeTokenTransport20260903|IUTThreeClosures.SignedEndpointPrimeTokenTransport.threeThirteenSixteenDatum._proof_5|Classical.choice,Quot.sound,propext
AXIOM_AUDIT|DECL|IUTThreeClosures.ABCSignedEndpointPrimeTokenTransport20260903|IUTThreeClosures.SignedEndpointPrimeTokenTransport.threeThirteenSixteen_not_fullIntegralDominanceMatching|Classical.choice,Quot.sound,propext
AXIOM_AUDIT|DECL|IUTThreeClosures.ABCSignedEndpointPrimeTokenTransport20260903|IUTThreeClosures.SignedEndpointPrimeTokenTransport.threeThirteenSixteen_not_fullIntegralDominanceMatching._proof_1_1|Classical.choice,Quot.sound,propext
AXIOM_AUDIT|DECL|IUTThreeClosures.ABCSignedEndpointPrimeTokenTransport20260903|IUTThreeClosures.SignedEndpointPrimeTokenTransport.threeThirteenSixteen_not_fullIntegralDominanceMatching._proof_1_2|Classical.choice,Quot.sound,propext
AXIOM_AUDIT|DECL|IUTThreeClosures.ABCSignedEndpointPrimeTokenTransport20260903|IUTThreeClosures.SignedEndpointPrimeTokenTransport.threeThirteenSixteen_not_fullIntegralDominanceMatching._proof_1_3|Classical.choice,Quot.sound,propext
AXIOM_AUDIT|DECL|IUTThreeClosures.ABCSignedEndpointPrimeTokenTransport20260903|IUTThreeClosures.SignedEndpointPrimeTokenTransport.threeThirteenSixteen_not_fullIntegralDominanceMatching._proof_1_4|Classical.choice,Quot.sound,propext
AXIOM_AUDIT|DECL|IUTThreeClosures.ABCSignedEndpointPrimeTokenTransport20260903|IUTThreeClosures.SignedEndpointPrimeTokenTransport.threeThirteenSixteen_not_fullIntegralDominanceMatching._proof_1_5|Classical.choice,Quot.sound,propext
AXIOM_AUDIT|DECL|IUTThreeClosures.ABCSignedEndpointPrimeTokenTransport20260903|IUTThreeClosures.SignedEndpointPrimeTokenTransport.threeThirteenSixteen_not_fullIntegralDominanceMatching._proof_1_6|Classical.choice,Quot.sound,propext
AXIOM_AUDIT|DECL|IUTThreeClosures.ABCSignedEndpointPrimeTokenTransport20260903|IUTThreeClosures.SignedEndpointPrimeTokenTransport.threeThirteenSixteen_sink_prime|Classical.choice,Quot.sound,propext
AXIOM_AUDIT|DECL|IUTThreeClosures.ABCSignedEndpointPrimeTokenTransport20260903|IUTThreeClosures.SignedEndpointPrimeTokenTransport.three_pow_succ_dvd_four_pow_three_pow_sub_one|Classical.choice,Quot.sound,propext
AXIOM_AUDIT|DECL|IUTThreeClosures.ABCSignedEndpointPrimeTokenTransport20260903|IUTThreeClosures.SignedEndpointPrimeTokenTransport.three_pow_succ_dvd_four_pow_three_pow_sub_one_int|Quot.sound,propext
AXIOM_AUDIT|DECL|IUTThreeClosures.ABCSignedEndpointPrimeTokenTransport20260903|IUTThreeClosures.SignedEndpointPrimeTokenTransport.three_pow_succ_dvd_four_pow_three_pow_sub_one_int._proof_1_1|Quot.sound,propext
AXIOM_AUDIT|DECL|IUTThreeClosures.ABCSignedEndpointPrimeTokenTransport20260903|IUTThreeClosures.SignedEndpointPrimeTokenTransport.three_pow_succ_dvd_four_pow_three_pow_sub_one_int._proof_1_2|Quot.sound,propext
AXIOM_AUDIT|DECL|IUTThreeClosures.ABCSignedEndpointPrimeTokenTransport20260903|IUTThreeClosures.SignedEndpointPrimeTokenTransport.totalRadical|Classical.choice,Quot.sound,propext
AXIOM_AUDIT|DECL|IUTThreeClosures.ABCSignedEndpointPrimeTokenTransport20260903|IUTThreeClosures.SignedEndpointPrimeTokenTransport.totalRadical_pos|Classical.choice,Quot.sound,propext
AXIOM_AUDIT|DECL|IUTThreeClosures.ABCSignedEndpointPrimeTokenTransport20260903|IUTThreeClosures.SignedEndpointPrimeTokenTransport.twentyFiveSourceToken|Classical.choice,Quot.sound,propext
AXIOM_AUDIT|DECL|IUTThreeClosures.ABCSignedEndpointPrimeTokenTransport20260903|IUTThreeClosures.SignedEndpointPrimeTokenTransport.twentyFiveSourceToken._proof_1|Classical.choice,Quot.sound,propext
AXIOM_AUDIT|DECL|IUTThreeClosures.ABCSignedEndpointPrimeTokenTransport20260903|IUTThreeClosures.SignedEndpointPrimeTokenTransport.twentyFiveSourceToken._proof_2|Classical.choice,Quot.sound,propext
AXIOM_AUDIT|DECL|IUTThreeClosures.ABCSignedEndpointPrimeTokenTransport20260903|IUTThreeClosures.SignedEndpointPrimeTokenTransport.twentyFiveSourceToken._proof_3|Classical.choice,Quot.sound,propext
AXIOM_AUDIT|DECL|IUTThreeClosures.ABCSignedEndpointPrimeTokenTransport20260903|IUTThreeClosures.SignedEndpointPrimeTokenTransport.twentyFiveSourceToken._proof_4|Classical.choice,Quot.sound,propext
AXIOM_AUDIT|DECL|IUTThreeClosures.ABCSignedEndpointPrimeTokenTransport20260903|IUTThreeClosures.SignedEndpointPrimeTokenTransport.twentyFiveSourceToken_prime|Classical.choice,Quot.sound,propext
AXIOM_AUDIT|MODULE|IUTThreeClosures.ABCValuationIncidenceComplex20260903|148
AXIOM_AUDIT|MODULE|IUTThreeClosures.ABCValuationIncidenceFixedBudgetObstruction20260903|26
AXIOM_AUDIT|MODULE|IUTThreeClosures.ABCValuationIncidenceScaleBudgetObstruction20260903|52
AXIOM_AUDIT|MODULE|IUTThreeClosures.ABCSignedEndpointPrimeTokenTransport20260903|133
AXIOM_AUDIT|MODULE|IUTThreeClosures.ABCThreeArmIncidenceSuccessor20260903|91
AXIOM_AUDIT|MODULE|IUTThreeClosures.ABCThreeArmComplementTransportObstruction20260903|62
AXIOM_AUDIT|MODULE|IUTThreeClosures.ABCBidirectionalPrimeTransportSuccessor20260903|82
AXIOM_AUDIT|MODULE|IUTThreeClosures.ABCBidirectionalEnergyPythagoreanObstruction20260903|74
AXIOM_AUDIT|MODULE|IUTThreeClosures.ABCPrimePacketBoundaryTransportSuccessor20260903|56
AXIOM_AUDIT|MODULE|IUTThreeClosures.ABCPrimePacketBoundaryLinnikObstruction20260903|41
AXIOM_AUDIT|MODULE|IUTThreeClosures.ABCSharedCRTIncidenceSuccessor20260903|72
AXIOM_AUDIT|SUMMARY|837|unsafe=0|partial=0
