n,is_prime_index,p,u_n_mod_p2,u_n_over_p_mod_p,prime_basis,candidate_discovery,conclusion
2,1,2,2,1,local deterministic Miller-Rabin (<2^64),small-prime recurrence scan,v_p(u_n)=1; u_n is not squarefull
3,1,5,10,2,local deterministic Miller-Rabin (<2^64),small-prime recurrence scan,v_p(u_n)=1; u_n is not squarefull
4,0,3,6,2,local deterministic Miller-Rabin (<2^64),small-prime recurrence scan,v_p(u_n)=1; u_n is not squarefull
5,1,29,348,12,local deterministic Miller-Rabin (<2^64),small-prime recurrence scan,v_p(u_n)=1; u_n is not squarefull
6,0,2,2,1,local deterministic Miller-Rabin (<2^64),small-prime recurrence scan,v_p(u_n)=1; u_n is not squarefull
7,1,239,40391,169,local deterministic Miller-Rabin (<2^64),small-prime recurrence scan,v_p(u_n)=1; u_n is not squarefull
8,0,3,3,1,local deterministic Miller-Rabin (<2^64),small-prime recurrence scan,v_p(u_n)=1; u_n is not squarefull
9,0,5,5,1,local deterministic Miller-Rabin (<2^64),small-prime recurrence scan,v_p(u_n)=1; u_n is not squarefull
10,0,2,2,1,local deterministic Miller-Rabin (<2^64),small-prime recurrence scan,v_p(u_n)=1; u_n is not squarefull
11,1,23,460,20,local deterministic Miller-Rabin (<2^64),small-prime recurrence scan,v_p(u_n)=1; u_n is not squarefull
12,0,5,10,2,local deterministic Miller-Rabin (<2^64),small-prime recurrence scan,v_p(u_n)=1; u_n is not squarefull
13,1,79,3871,49,local deterministic Miller-Rabin (<2^64),small-prime recurrence scan,v_p(u_n)=1; u_n is not squarefull
14,0,2,2,1,local deterministic Miller-Rabin (<2^64),small-prime recurrence scan,v_p(u_n)=1; u_n is not squarefull
15,0,7,28,4,local deterministic Miller-Rabin (<2^64),small-prime recurrence scan,v_p(u_n)=1; u_n is not squarefull
16,0,3,6,2,local deterministic Miller-Rabin (<2^64),small-prime recurrence scan,v_p(u_n)=1; u_n is not squarefull
17,1,103,412,4,local deterministic Miller-Rabin (<2^64),small-prime recurrence scan,v_p(u_n)=1; u_n is not squarefull
18,0,2,2,1,local deterministic Miller-Rabin (<2^64),small-prime recurrence scan,v_p(u_n)=1; u_n is not squarefull
19,1,37,999,27,local deterministic Miller-Rabin (<2^64),small-prime recurrence scan,v_p(u_n)=1; u_n is not squarefull
20,0,3,3,1,local deterministic Miller-Rabin (<2^64),small-prime recurrence scan,v_p(u_n)=1; u_n is not squarefull
21,0,5,20,4,local deterministic Miller-Rabin (<2^64),small-prime recurrence scan,v_p(u_n)=1; u_n is not squarefull
22,0,2,2,1,local deterministic Miller-Rabin (<2^64),small-prime recurrence scan,v_p(u_n)=1; u_n is not squarefull
23,1,47,1504,32,local deterministic Miller-Rabin (<2^64),small-prime recurrence scan,v_p(u_n)=1; u_n is not squarefull
24,0,5,20,4,local deterministic Miller-Rabin (<2^64),small-prime recurrence scan,v_p(u_n)=1; u_n is not squarefull
25,0,29,58,2,local deterministic Miller-Rabin (<2^64),small-prime recurrence scan,v_p(u_n)=1; u_n is not squarefull
26,0,2,2,1,local deterministic Miller-Rabin (<2^64),small-prime recurrence scan,v_p(u_n)=1; u_n is not squarefull
27,0,5,15,3,local deterministic Miller-Rabin (<2^64),small-prime recurrence scan,v_p(u_n)=1; u_n is not squarefull
28,0,3,6,2,local deterministic Miller-Rabin (<2^64),small-prime recurrence scan,v_p(u_n)=1; u_n is not squarefull
29,1,44560482149,822477596969312915748,18457556052,local deterministic Miller-Rabin (<2^64),FactorDB candidate discovery + local modular verification,v_p(u_n)=1; u_n is not squarefull
30,0,2,2,1,local deterministic Miller-Rabin (<2^64),small-prime recurrence scan,v_p(u_n)=1; u_n is not squarefull
31,1,61,3233,53,local deterministic Miller-Rabin (<2^64),small-prime recurrence scan,v_p(u_n)=1; u_n is not squarefull
32,0,3,3,1,local deterministic Miller-Rabin (<2^64),small-prime recurrence scan,v_p(u_n)=1; u_n is not squarefull
33,0,5,10,2,local deterministic Miller-Rabin (<2^64),small-prime recurrence scan,v_p(u_n)=1; u_n is not squarefull
34,0,2,2,1,local deterministic Miller-Rabin (<2^64),small-prime recurrence scan,v_p(u_n)=1; u_n is not squarefull
35,0,29,754,26,local deterministic Miller-Rabin (<2^64),small-prime recurrence scan,v_p(u_n)=1; u_n is not squarefull
36,0,5,5,1,local deterministic Miller-Rabin (<2^64),small-prime recurrence scan,v_p(u_n)=1; u_n is not squarefull
37,1,223,7805,35,local deterministic Miller-Rabin (<2^64),small-prime recurrence scan,v_p(u_n)=1; u_n is not squarefull
38,0,2,2,1,local deterministic Miller-Rabin (<2^64),small-prime recurrence scan,v_p(u_n)=1; u_n is not squarefull
39,0,5,5,1,local deterministic Miller-Rabin (<2^64),small-prime recurrence scan,v_p(u_n)=1; u_n is not squarefull
40,0,3,6,2,local deterministic Miller-Rabin (<2^64),small-prime recurrence scan,v_p(u_n)=1; u_n is not squarefull
41,1,2297,1614791,703,local deterministic Miller-Rabin (<2^64),small-prime recurrence scan,v_p(u_n)=1; u_n is not squarefull
42,0,2,2,1,local deterministic Miller-Rabin (<2^64),small-prime recurrence scan,v_p(u_n)=1; u_n is not squarefull
43,1,11437,25653191,2243,local deterministic Miller-Rabin (<2^64),small-prime recurrence scan,v_p(u_n)=1; u_n is not squarefull
44,0,3,3,1,local deterministic Miller-Rabin (<2^64),small-prime recurrence scan,v_p(u_n)=1; u_n is not squarefull
45,0,7,35,5,local deterministic Miller-Rabin (<2^64),small-prime recurrence scan,v_p(u_n)=1; u_n is not squarefull
46,0,2,2,1,local deterministic Miller-Rabin (<2^64),small-prime recurrence scan,v_p(u_n)=1; u_n is not squarefull
47,1,3761,3095303,823,local deterministic Miller-Rabin (<2^64),small-prime recurrence scan,v_p(u_n)=1; u_n is not squarefull
48,0,5,15,3,local deterministic Miller-Rabin (<2^64),small-prime recurrence scan,v_p(u_n)=1; u_n is not squarefull
49,0,239,54253,227,local deterministic Miller-Rabin (<2^64),small-prime recurrence scan,v_p(u_n)=1; u_n is not squarefull
50,0,2,2,1,local deterministic Miller-Rabin (<2^64),small-prime recurrence scan,v_p(u_n)=1; u_n is not squarefull
51,0,5,20,4,local deterministic Miller-Rabin (<2^64),small-prime recurrence scan,v_p(u_n)=1; u_n is not squarefull
52,0,3,6,2,local deterministic Miller-Rabin (<2^64),small-prime recurrence scan,v_p(u_n)=1; u_n is not squarefull
53,1,9940681,30511747329142,3069382,local deterministic Miller-Rabin (<2^64),prime-index congruence search,v_p(u_n)=1; u_n is not squarefull
54,0,2,2,1,local deterministic Miller-Rabin (<2^64),small-prime recurrence scan,v_p(u_n)=1; u_n is not squarefull
55,0,23,184,8,local deterministic Miller-Rabin (<2^64),small-prime recurrence scan,v_p(u_n)=1; u_n is not squarefull
56,0,3,3,1,local deterministic Miller-Rabin (<2^64),small-prime recurrence scan,v_p(u_n)=1; u_n is not squarefull
57,0,5,15,3,local deterministic Miller-Rabin (<2^64),small-prime recurrence scan,v_p(u_n)=1; u_n is not squarefull
58,0,2,2,1,local deterministic Miller-Rabin (<2^64),small-prime recurrence scan,v_p(u_n)=1; u_n is not squarefull
59,1,13558774610046711780701,76149174120842123443216541543331524963116498,5616228332641321147898,local Pocklington certificate,FactorDB candidate discovery + local modular verification,v_p(u_n)=1; u_n is not squarefull
60,0,7,14,2,local deterministic Miller-Rabin (<2^64),small-prime recurrence scan,v_p(u_n)=1; u_n is not squarefull
61,1,853,516918,606,local deterministic Miller-Rabin (<2^64),small-prime recurrence scan,v_p(u_n)=1; u_n is not squarefull
62,0,2,2,1,local deterministic Miller-Rabin (<2^64),small-prime recurrence scan,v_p(u_n)=1; u_n is not squarefull
63,0,5,10,2,local deterministic Miller-Rabin (<2^64),small-prime recurrence scan,v_p(u_n)=1; u_n is not squarefull
64,0,3,6,2,local deterministic Miller-Rabin (<2^64),small-prime recurrence scan,v_p(u_n)=1; u_n is not squarefull
65,0,29,319,11,local deterministic Miller-Rabin (<2^64),small-prime recurrence scan,v_p(u_n)=1; u_n is not squarefull
66,0,2,2,1,local deterministic Miller-Rabin (<2^64),small-prime recurrence scan,v_p(u_n)=1; u_n is not squarefull
67,1,4289,9757475,2275,local deterministic Miller-Rabin (<2^64),small-prime recurrence scan,v_p(u_n)=1; u_n is not squarefull
68,0,3,3,1,local deterministic Miller-Rabin (<2^64),small-prime recurrence scan,v_p(u_n)=1; u_n is not squarefull
69,0,5,5,1,local deterministic Miller-Rabin (<2^64),small-prime recurrence scan,v_p(u_n)=1; u_n is not squarefull
70,0,2,2,1,local deterministic Miller-Rabin (<2^64),small-prime recurrence scan,v_p(u_n)=1; u_n is not squarefull
71,1,569,240118,422,local deterministic Miller-Rabin (<2^64),small-prime recurrence scan,v_p(u_n)=1; u_n is not squarefull
72,0,5,10,2,local deterministic Miller-Rabin (<2^64),small-prime recurrence scan,v_p(u_n)=1; u_n is not squarefull
73,1,2593399,6406556538468,2470332,local deterministic Miller-Rabin (<2^64),prime-index congruence search,v_p(u_n)=1; u_n is not squarefull
74,0,2,2,1,local deterministic Miller-Rabin (<2^64),small-prime recurrence scan,v_p(u_n)=1; u_n is not squarefull
75,0,7,42,6,local deterministic Miller-Rabin (<2^64),small-prime recurrence scan,v_p(u_n)=1; u_n is not squarefull
76,0,3,6,2,local deterministic Miller-Rabin (<2^64),small-prime recurrence scan,v_p(u_n)=1; u_n is not squarefull
77,0,23,46,2,local deterministic Miller-Rabin (<2^64),small-prime recurrence scan,v_p(u_n)=1; u_n is not squarefull
78,0,2,2,1,local deterministic Miller-Rabin (<2^64),small-prime recurrence scan,v_p(u_n)=1; u_n is not squarefull
79,1,157,9734,62,local deterministic Miller-Rabin (<2^64),small-prime recurrence scan,v_p(u_n)=1; u_n is not squarefull
80,0,3,3,1,local deterministic Miller-Rabin (<2^64),small-prime recurrence scan,v_p(u_n)=1; u_n is not squarefull
81,0,5,20,4,local deterministic Miller-Rabin (<2^64),small-prime recurrence scan,v_p(u_n)=1; u_n is not squarefull
82,0,2,2,1,local deterministic Miller-Rabin (<2^64),small-prime recurrence scan,v_p(u_n)=1; u_n is not squarefull
83,1,167,23881,143,local deterministic Miller-Rabin (<2^64),small-prime recurrence scan,v_p(u_n)=1; u_n is not squarefull
84,0,5,20,4,local deterministic Miller-Rabin (<2^64),small-prime recurrence scan,v_p(u_n)=1; u_n is not squarefull
85,0,29,29,1,local deterministic Miller-Rabin (<2^64),small-prime recurrence scan,v_p(u_n)=1; u_n is not squarefull
86,0,2,2,1,local deterministic Miller-Rabin (<2^64),small-prime recurrence scan,v_p(u_n)=1; u_n is not squarefull
87,0,5,15,3,local deterministic Miller-Rabin (<2^64),small-prime recurrence scan,v_p(u_n)=1; u_n is not squarefull
88,0,3,6,2,local deterministic Miller-Rabin (<2^64),small-prime recurrence scan,v_p(u_n)=1; u_n is not squarefull
89,1,2671,1343513,503,local deterministic Miller-Rabin (<2^64),small-prime recurrence scan,v_p(u_n)=1; u_n is not squarefull
90,0,2,2,1,local deterministic Miller-Rabin (<2^64),small-prime recurrence scan,v_p(u_n)=1; u_n is not squarefull
91,0,79,2133,27,local deterministic Miller-Rabin (<2^64),small-prime recurrence scan,v_p(u_n)=1; u_n is not squarefull
92,0,3,3,1,local deterministic Miller-Rabin (<2^64),small-prime recurrence scan,v_p(u_n)=1; u_n is not squarefull
93,0,5,10,2,local deterministic Miller-Rabin (<2^64),small-prime recurrence scan,v_p(u_n)=1; u_n is not squarefull
94,0,2,2,1,local deterministic Miller-Rabin (<2^64),small-prime recurrence scan,v_p(u_n)=1; u_n is not squarefull
95,0,29,725,25,local deterministic Miller-Rabin (<2^64),small-prime recurrence scan,v_p(u_n)=1; u_n is not squarefull
96,0,5,5,1,local deterministic Miller-Rabin (<2^64),small-prime recurrence scan,v_p(u_n)=1; u_n is not squarefull
97,1,4463,19472069,4363,local deterministic Miller-Rabin (<2^64),small-prime recurrence scan,v_p(u_n)=1; u_n is not squarefull
98,0,2,2,1,local deterministic Miller-Rabin (<2^64),small-prime recurrence scan,v_p(u_n)=1; u_n is not squarefull
99,0,5,5,1,local deterministic Miller-Rabin (<2^64),small-prime recurrence scan,v_p(u_n)=1; u_n is not squarefull
100,0,3,6,2,local deterministic Miller-Rabin (<2^64),small-prime recurrence scan,v_p(u_n)=1; u_n is not squarefull
101,1,607,164497,271,local deterministic Miller-Rabin (<2^64),small-prime recurrence scan,v_p(u_n)=1; u_n is not squarefull
102,0,2,2,1,local deterministic Miller-Rabin (<2^64),small-prime recurrence scan,v_p(u_n)=1; u_n is not squarefull
103,1,1031,374253,363,local deterministic Miller-Rabin (<2^64),small-prime recurrence scan,v_p(u_n)=1; u_n is not squarefull
104,0,3,3,1,local deterministic Miller-Rabin (<2^64),small-prime recurrence scan,v_p(u_n)=1; u_n is not squarefull
105,0,29,580,20,local deterministic Miller-Rabin (<2^64),small-prime recurrence scan,v_p(u_n)=1; u_n is not squarefull
106,0,2,2,1,local deterministic Miller-Rabin (<2^64),small-prime recurrence scan,v_p(u_n)=1; u_n is not squarefull
107,1,857,100269,117,local deterministic Miller-Rabin (<2^64),small-prime recurrence scan,v_p(u_n)=1; u_n is not squarefull
108,0,5,15,3,local deterministic Miller-Rabin (<2^64),small-prime recurrence scan,v_p(u_n)=1; u_n is not squarefull
109,1,2617,5197362,1986,local deterministic Miller-Rabin (<2^64),small-prime recurrence scan,v_p(u_n)=1; u_n is not squarefull
110,0,2,2,1,local deterministic Miller-Rabin (<2^64),small-prime recurrence scan,v_p(u_n)=1; u_n is not squarefull
111,0,5,20,4,local deterministic Miller-Rabin (<2^64),small-prime recurrence scan,v_p(u_n)=1; u_n is not squarefull
112,0,3,6,2,local deterministic Miller-Rabin (<2^64),small-prime recurrence scan,v_p(u_n)=1; u_n is not squarefull
113,1,677,431249,637,local deterministic Miller-Rabin (<2^64),small-prime recurrence scan,v_p(u_n)=1; u_n is not squarefull
114,0,2,2,1,local deterministic Miller-Rabin (<2^64),small-prime recurrence scan,v_p(u_n)=1; u_n is not squarefull
115,0,29,435,15,local deterministic Miller-Rabin (<2^64),small-prime recurrence scan,v_p(u_n)=1; u_n is not squarefull
116,0,3,3,1,local deterministic Miller-Rabin (<2^64),small-prime recurrence scan,v_p(u_n)=1; u_n is not squarefull
117,0,5,15,3,local deterministic Miller-Rabin (<2^64),small-prime recurrence scan,v_p(u_n)=1; u_n is not squarefull
118,0,2,2,1,local deterministic Miller-Rabin (<2^64),small-prime recurrence scan,v_p(u_n)=1; u_n is not squarefull
119,0,103,2884,28,local deterministic Miller-Rabin (<2^64),small-prime recurrence scan,v_p(u_n)=1; u_n is not squarefull
120,0,7,28,4,local deterministic Miller-Rabin (<2^64),small-prime recurrence scan,v_p(u_n)=1; u_n is not squarefull
121,0,23,299,13,local deterministic Miller-Rabin (<2^64),small-prime recurrence scan,v_p(u_n)=1; u_n is not squarefull
122,0,2,2,1,local deterministic Miller-Rabin (<2^64),small-prime recurrence scan,v_p(u_n)=1; u_n is not squarefull
123,0,5,10,2,local deterministic Miller-Rabin (<2^64),small-prime recurrence scan,v_p(u_n)=1; u_n is not squarefull
124,0,3,6,2,local deterministic Miller-Rabin (<2^64),small-prime recurrence scan,v_p(u_n)=1; u_n is not squarefull
125,0,29,290,10,local deterministic Miller-Rabin (<2^64),small-prime recurrence scan,v_p(u_n)=1; u_n is not squarefull
126,0,2,2,1,local deterministic Miller-Rabin (<2^64),small-prime recurrence scan,v_p(u_n)=1; u_n is not squarefull
127,1,206249,10730516723,52027,local deterministic Miller-Rabin (<2^64),prime-index congruence search,v_p(u_n)=1; u_n is not squarefull
128,0,3,3,1,local deterministic Miller-Rabin (<2^64),small-prime recurrence scan,v_p(u_n)=1; u_n is not squarefull
129,0,5,5,1,local deterministic Miller-Rabin (<2^64),small-prime recurrence scan,v_p(u_n)=1; u_n is not squarefull
130,0,2,2,1,local deterministic Miller-Rabin (<2^64),small-prime recurrence scan,v_p(u_n)=1; u_n is not squarefull
131,1,263,39976,152,local deterministic Miller-Rabin (<2^64),small-prime recurrence scan,v_p(u_n)=1; u_n is not squarefull
132,0,5,10,2,local deterministic Miller-Rabin (<2^64),small-prime recurrence scan,v_p(u_n)=1; u_n is not squarefull
133,0,37,148,4,local deterministic Miller-Rabin (<2^64),small-prime recurrence scan,v_p(u_n)=1; u_n is not squarefull
134,0,2,2,1,local deterministic Miller-Rabin (<2^64),small-prime recurrence scan,v_p(u_n)=1; u_n is not squarefull
135,0,7,7,1,local deterministic Miller-Rabin (<2^64),small-prime recurrence scan,v_p(u_n)=1; u_n is not squarefull
136,0,3,6,2,local deterministic Miller-Rabin (<2^64),small-prime recurrence scan,v_p(u_n)=1; u_n is not squarefull
137,1,821,104267,127,local deterministic Miller-Rabin (<2^64),small-prime recurrence scan,v_p(u_n)=1; u_n is not squarefull
138,0,2,2,1,local deterministic Miller-Rabin (<2^64),small-prime recurrence scan,v_p(u_n)=1; u_n is not squarefull
139,1,277,75067,271,local deterministic Miller-Rabin (<2^64),small-prime recurrence scan,v_p(u_n)=1; u_n is not squarefull
140,0,3,3,1,local deterministic Miller-Rabin (<2^64),small-prime recurrence scan,v_p(u_n)=1; u_n is not squarefull
141,0,5,20,4,local deterministic Miller-Rabin (<2^64),small-prime recurrence scan,v_p(u_n)=1; u_n is not squarefull
142,0,2,2,1,local deterministic Miller-Rabin (<2^64),small-prime recurrence scan,v_p(u_n)=1; u_n is not squarefull
143,0,23,161,7,local deterministic Miller-Rabin (<2^64),small-prime recurrence scan,v_p(u_n)=1; u_n is not squarefull
144,0,5,20,4,local deterministic Miller-Rabin (<2^64),small-prime recurrence scan,v_p(u_n)=1; u_n is not squarefull
145,0,41,861,21,local deterministic Miller-Rabin (<2^64),small-prime recurrence scan,v_p(u_n)=1; u_n is not squarefull
146,0,2,2,1,local deterministic Miller-Rabin (<2^64),small-prime recurrence scan,v_p(u_n)=1; u_n is not squarefull
147,0,5,15,3,local deterministic Miller-Rabin (<2^64),small-prime recurrence scan,v_p(u_n)=1; u_n is not squarefull
148,0,3,6,2,local deterministic Miller-Rabin (<2^64),small-prime recurrence scan,v_p(u_n)=1; u_n is not squarefull
149,1,33377,1087789807,32591,local deterministic Miller-Rabin (<2^64),small-prime recurrence scan,v_p(u_n)=1; u_n is not squarefull
150,0,2,2,1,local deterministic Miller-Rabin (<2^64),small-prime recurrence scan,v_p(u_n)=1; u_n is not squarefull
151,1,2719,7265168,2672,local deterministic Miller-Rabin (<2^64),small-prime recurrence scan,v_p(u_n)=1; u_n is not squarefull
152,0,3,3,1,local deterministic Miller-Rabin (<2^64),small-prime recurrence scan,v_p(u_n)=1; u_n is not squarefull
153,0,5,10,2,local deterministic Miller-Rabin (<2^64),small-prime recurrence scan,v_p(u_n)=1; u_n is not squarefull
154,0,2,2,1,local deterministic Miller-Rabin (<2^64),small-prime recurrence scan,v_p(u_n)=1; u_n is not squarefull
155,0,29,696,24,local deterministic Miller-Rabin (<2^64),small-prime recurrence scan,v_p(u_n)=1; u_n is not squarefull
156,0,5,5,1,local deterministic Miller-Rabin (<2^64),small-prime recurrence scan,v_p(u_n)=1; u_n is not squarefull
157,1,1096384693,1183569026173039734,1079519838,local deterministic Miller-Rabin (<2^64),FactorDB candidate discovery + local modular verification,v_p(u_n)=1; u_n is not squarefull
158,0,2,2,1,local deterministic Miller-Rabin (<2^64),small-prime recurrence scan,v_p(u_n)=1; u_n is not squarefull
159,0,5,5,1,local deterministic Miller-Rabin (<2^64),small-prime recurrence scan,v_p(u_n)=1; u_n is not squarefull
160,0,3,6,2,local deterministic Miller-Rabin (<2^64),small-prime recurrence scan,v_p(u_n)=1; u_n is not squarefull
161,0,47,1692,36,local deterministic Miller-Rabin (<2^64),small-prime recurrence scan,v_p(u_n)=1; u_n is not squarefull
162,0,2,2,1,local deterministic Miller-Rabin (<2^64),small-prime recurrence scan,v_p(u_n)=1; u_n is not squarefull
163,1,820541,53737230090,65490,local deterministic Miller-Rabin (<2^64),prime-index congruence search,v_p(u_n)=1; u_n is not squarefull
164,0,3,3,1,local deterministic Miller-Rabin (<2^64),small-prime recurrence scan,v_p(u_n)=1; u_n is not squarefull
165,0,7,14,2,local deterministic Miller-Rabin (<2^64),small-prime recurrence scan,v_p(u_n)=1; u_n is not squarefull
166,0,2,2,1,local deterministic Miller-Rabin (<2^64),small-prime recurrence scan,v_p(u_n)=1; u_n is not squarefull
167,1,2889769,7492778008416,2592864,local deterministic Miller-Rabin (<2^64),prime-index congruence search,v_p(u_n)=1; u_n is not squarefull
168,0,5,15,3,local deterministic Miller-Rabin (<2^64),small-prime recurrence scan,v_p(u_n)=1; u_n is not squarefull
169,0,79,395,5,local deterministic Miller-Rabin (<2^64),small-prime recurrence scan,v_p(u_n)=1; u_n is not squarefull
170,0,2,2,1,local deterministic Miller-Rabin (<2^64),small-prime recurrence scan,v_p(u_n)=1; u_n is not squarefull
171,0,5,20,4,local deterministic Miller-Rabin (<2^64),small-prime recurrence scan,v_p(u_n)=1; u_n is not squarefull
172,0,3,6,2,local deterministic Miller-Rabin (<2^64),small-prime recurrence scan,v_p(u_n)=1; u_n is not squarefull
173,1,5189,17040676,3284,local deterministic Miller-Rabin (<2^64),small-prime recurrence scan,v_p(u_n)=1; u_n is not squarefull
174,0,2,2,1,local deterministic Miller-Rabin (<2^64),small-prime recurrence scan,v_p(u_n)=1; u_n is not squarefull
175,0,29,406,14,local deterministic Miller-Rabin (<2^64),small-prime recurrence scan,v_p(u_n)=1; u_n is not squarefull
176,0,3,3,1,local deterministic Miller-Rabin (<2^64),small-prime recurrence scan,v_p(u_n)=1; u_n is not squarefull
177,0,5,15,3,local deterministic Miller-Rabin (<2^64),small-prime recurrence scan,v_p(u_n)=1; u_n is not squarefull
178,0,2,2,1,local deterministic Miller-Rabin (<2^64),small-prime recurrence scan,v_p(u_n)=1; u_n is not squarefull
179,1,359,85442,238,local deterministic Miller-Rabin (<2^64),small-prime recurrence scan,v_p(u_n)=1; u_n is not squarefull
180,0,7,42,6,local deterministic Miller-Rabin (<2^64),small-prime recurrence scan,v_p(u_n)=1; u_n is not squarefull
181,1,177743,6532943965,36755,local deterministic Miller-Rabin (<2^64),small-prime recurrence scan,v_p(u_n)=1; u_n is not squarefull
182,0,2,2,1,local deterministic Miller-Rabin (<2^64),small-prime recurrence scan,v_p(u_n)=1; u_n is not squarefull
183,0,5,10,2,local deterministic Miller-Rabin (<2^64),small-prime recurrence scan,v_p(u_n)=1; u_n is not squarefull
184,0,3,6,2,local deterministic Miller-Rabin (<2^64),small-prime recurrence scan,v_p(u_n)=1; u_n is not squarefull
185,0,29,261,9,local deterministic Miller-Rabin (<2^64),small-prime recurrence scan,v_p(u_n)=1; u_n is not squarefull
186,0,2,2,1,local deterministic Miller-Rabin (<2^64),small-prime recurrence scan,v_p(u_n)=1; u_n is not squarefull
187,0,23,414,18,local deterministic Miller-Rabin (<2^64),small-prime recurrence scan,v_p(u_n)=1; u_n is not squarefull
188,0,3,3,1,local deterministic Miller-Rabin (<2^64),small-prime recurrence scan,v_p(u_n)=1; u_n is not squarefull
189,0,5,5,1,local deterministic Miller-Rabin (<2^64),small-prime recurrence scan,v_p(u_n)=1; u_n is not squarefull
190,0,2,2,1,local deterministic Miller-Rabin (<2^64),small-prime recurrence scan,v_p(u_n)=1; u_n is not squarefull
191,1,383,27576,72,local deterministic Miller-Rabin (<2^64),small-prime recurrence scan,v_p(u_n)=1; u_n is not squarefull
192,0,5,10,2,local deterministic Miller-Rabin (<2^64),small-prime recurrence scan,v_p(u_n)=1; u_n is not squarefull
193,1,167911,23815320863,141833,local deterministic Miller-Rabin (<2^64),small-prime recurrence scan,v_p(u_n)=1; u_n is not squarefull
194,0,2,2,1,local deterministic Miller-Rabin (<2^64),small-prime recurrence scan,v_p(u_n)=1; u_n is not squarefull
195,0,7,21,3,local deterministic Miller-Rabin (<2^64),small-prime recurrence scan,v_p(u_n)=1; u_n is not squarefull
196,0,3,6,2,local deterministic Miller-Rabin (<2^64),small-prime recurrence scan,v_p(u_n)=1; u_n is not squarefull
197,1,15761,193072250,12250,local deterministic Miller-Rabin (<2^64),small-prime recurrence scan,v_p(u_n)=1; u_n is not squarefull
198,0,2,2,1,local deterministic Miller-Rabin (<2^64),small-prime recurrence scan,v_p(u_n)=1; u_n is not squarefull
199,1,397,104411,263,local deterministic Miller-Rabin (<2^64),small-prime recurrence scan,v_p(u_n)=1; u_n is not squarefull
200,0,3,3,1,local deterministic Miller-Rabin (<2^64),small-prime recurrence scan,v_p(u_n)=1; u_n is not squarefull
201,0,5,20,4,local deterministic Miller-Rabin (<2^64),small-prime recurrence scan,v_p(u_n)=1; u_n is not squarefull
202,0,2,2,1,local deterministic Miller-Rabin (<2^64),small-prime recurrence scan,v_p(u_n)=1; u_n is not squarefull
203,0,239,28919,121,local deterministic Miller-Rabin (<2^64),small-prime recurrence scan,v_p(u_n)=1; u_n is not squarefull
204,0,5,20,4,local deterministic Miller-Rabin (<2^64),small-prime recurrence scan,v_p(u_n)=1; u_n is not squarefull
205,0,29,812,28,local deterministic Miller-Rabin (<2^64),small-prime recurrence scan,v_p(u_n)=1; u_n is not squarefull
206,0,2,2,1,local deterministic Miller-Rabin (<2^64),small-prime recurrence scan,v_p(u_n)=1; u_n is not squarefull
207,0,5,15,3,local deterministic Miller-Rabin (<2^64),small-prime recurrence scan,v_p(u_n)=1; u_n is not squarefull
208,0,3,6,2,local deterministic Miller-Rabin (<2^64),small-prime recurrence scan,v_p(u_n)=1; u_n is not squarefull
209,0,23,276,12,local deterministic Miller-Rabin (<2^64),small-prime recurrence scan,v_p(u_n)=1; u_n is not squarefull
210,0,2,2,1,local deterministic Miller-Rabin (<2^64),small-prime recurrence scan,v_p(u_n)=1; u_n is not squarefull
211,1,421,57677,137,local deterministic Miller-Rabin (<2^64),small-prime recurrence scan,v_p(u_n)=1; u_n is not squarefull
212,0,3,3,1,local deterministic Miller-Rabin (<2^64),small-prime recurrence scan,v_p(u_n)=1; u_n is not squarefull
213,0,5,10,2,local deterministic Miller-Rabin (<2^64),small-prime recurrence scan,v_p(u_n)=1; u_n is not squarefull
214,0,2,2,1,local deterministic Miller-Rabin (<2^64),small-prime recurrence scan,v_p(u_n)=1; u_n is not squarefull
215,0,29,667,23,local deterministic Miller-Rabin (<2^64),small-prime recurrence scan,v_p(u_n)=1; u_n is not squarefull
216,0,5,5,1,local deterministic Miller-Rabin (<2^64),small-prime recurrence scan,v_p(u_n)=1; u_n is not squarefull
217,0,61,305,5,local deterministic Miller-Rabin (<2^64),small-prime recurrence scan,v_p(u_n)=1; u_n is not squarefull
218,0,2,2,1,local deterministic Miller-Rabin (<2^64),small-prime recurrence scan,v_p(u_n)=1; u_n is not squarefull
219,0,5,5,1,local deterministic Miller-Rabin (<2^64),small-prime recurrence scan,v_p(u_n)=1; u_n is not squarefull
220,0,3,6,2,local deterministic Miller-Rabin (<2^64),small-prime recurrence scan,v_p(u_n)=1; u_n is not squarefull
221,0,79,3397,43,local deterministic Miller-Rabin (<2^64),small-prime recurrence scan,v_p(u_n)=1; u_n is not squarefull
222,0,2,2,1,local deterministic Miller-Rabin (<2^64),small-prime recurrence scan,v_p(u_n)=1; u_n is not squarefull
223,1,7583,55143576,7272,local deterministic Miller-Rabin (<2^64),small-prime recurrence scan,v_p(u_n)=1; u_n is not squarefull
224,0,3,3,1,local deterministic Miller-Rabin (<2^64),small-prime recurrence scan,v_p(u_n)=1; u_n is not squarefull
225,0,7,28,4,local deterministic Miller-Rabin (<2^64),small-prime recurrence scan,v_p(u_n)=1; u_n is not squarefull
226,0,2,2,1,local deterministic Miller-Rabin (<2^64),small-prime recurrence scan,v_p(u_n)=1; u_n is not squarefull
227,1,5449,27277694,5006,local deterministic Miller-Rabin (<2^64),small-prime recurrence scan,v_p(u_n)=1; u_n is not squarefull
228,0,5,15,3,local deterministic Miller-Rabin (<2^64),small-prime recurrence scan,v_p(u_n)=1; u_n is not squarefull
229,1,1373,1145082,834,local deterministic Miller-Rabin (<2^64),small-prime recurrence scan,v_p(u_n)=1; u_n is not squarefull
230,0,2,2,1,local deterministic Miller-Rabin (<2^64),small-prime recurrence scan,v_p(u_n)=1; u_n is not squarefull
231,0,5,20,4,local deterministic Miller-Rabin (<2^64),small-prime recurrence scan,v_p(u_n)=1; u_n is not squarefull
232,0,3,6,2,local deterministic Miller-Rabin (<2^64),small-prime recurrence scan,v_p(u_n)=1; u_n is not squarefull
233,1,1399,1233918,882,local deterministic Miller-Rabin (<2^64),small-prime recurrence scan,v_p(u_n)=1; u_n is not squarefull
234,0,2,2,1,local deterministic Miller-Rabin (<2^64),small-prime recurrence scan,v_p(u_n)=1; u_n is not squarefull
235,0,29,377,13,local deterministic Miller-Rabin (<2^64),small-prime recurrence scan,v_p(u_n)=1; u_n is not squarefull
236,0,3,3,1,local deterministic Miller-Rabin (<2^64),small-prime recurrence scan,v_p(u_n)=1; u_n is not squarefull
237,0,5,15,3,local deterministic Miller-Rabin (<2^64),small-prime recurrence scan,v_p(u_n)=1; u_n is not squarefull
238,0,2,2,1,local deterministic Miller-Rabin (<2^64),small-prime recurrence scan,v_p(u_n)=1; u_n is not squarefull
239,1,479,124540,260,local deterministic Miller-Rabin (<2^64),small-prime recurrence scan,v_p(u_n)=1; u_n is not squarefull
240,0,7,7,1,local deterministic Miller-Rabin (<2^64),small-prime recurrence scan,v_p(u_n)=1; u_n is not squarefull
241,1,1447,1179305,815,local deterministic Miller-Rabin (<2^64),small-prime recurrence scan,v_p(u_n)=1; u_n is not squarefull
242,0,2,2,1,local deterministic Miller-Rabin (<2^64),small-prime recurrence scan,v_p(u_n)=1; u_n is not squarefull
243,0,5,10,2,local deterministic Miller-Rabin (<2^64),small-prime recurrence scan,v_p(u_n)=1; u_n is not squarefull
244,0,3,6,2,local deterministic Miller-Rabin (<2^64),small-prime recurrence scan,v_p(u_n)=1; u_n is not squarefull
245,0,29,232,8,local deterministic Miller-Rabin (<2^64),small-prime recurrence scan,v_p(u_n)=1; u_n is not squarefull
246,0,2,2,1,local deterministic Miller-Rabin (<2^64),small-prime recurrence scan,v_p(u_n)=1; u_n is not squarefull
247,0,37,666,18,local deterministic Miller-Rabin (<2^64),small-prime recurrence scan,v_p(u_n)=1; u_n is not squarefull
248,0,3,3,1,local deterministic Miller-Rabin (<2^64),small-prime recurrence scan,v_p(u_n)=1; u_n is not squarefull
249,0,5,5,1,local deterministic Miller-Rabin (<2^64),small-prime recurrence scan,v_p(u_n)=1; u_n is not squarefull
250,0,2,2,1,local deterministic Miller-Rabin (<2^64),small-prime recurrence scan,v_p(u_n)=1; u_n is not squarefull
251,1,503,249488,496,local deterministic Miller-Rabin (<2^64),small-prime recurrence scan,v_p(u_n)=1; u_n is not squarefull
252,0,5,10,2,local deterministic Miller-Rabin (<2^64),small-prime recurrence scan,v_p(u_n)=1; u_n is not squarefull
253,0,47,1081,23,local deterministic Miller-Rabin (<2^64),small-prime recurrence scan,v_p(u_n)=1; u_n is not squarefull
254,0,2,2,1,local deterministic Miller-Rabin (<2^64),small-prime recurrence scan,v_p(u_n)=1; u_n is not squarefull
255,0,7,35,5,local deterministic Miller-Rabin (<2^64),small-prime recurrence scan,v_p(u_n)=1; u_n is not squarefull
256,0,3,6,2,local deterministic Miller-Rabin (<2^64),small-prime recurrence scan,v_p(u_n)=1; u_n is not squarefull
257,1,1640689,2624872703540,1599860,local deterministic Miller-Rabin (<2^64),prime-index congruence search,v_p(u_n)=1; u_n is not squarefull
258,0,2,2,1,local deterministic Miller-Rabin (<2^64),small-prime recurrence scan,v_p(u_n)=1; u_n is not squarefull
259,0,223,4906,22,local deterministic Miller-Rabin (<2^64),small-prime recurrence scan,v_p(u_n)=1; u_n is not squarefull
260,0,3,3,1,local deterministic Miller-Rabin (<2^64),small-prime recurrence scan,v_p(u_n)=1; u_n is not squarefull
261,0,5,20,4,local deterministic Miller-Rabin (<2^64),small-prime recurrence scan,v_p(u_n)=1; u_n is not squarefull
262,0,2,2,1,local deterministic Miller-Rabin (<2^64),small-prime recurrence scan,v_p(u_n)=1; u_n is not squarefull
263,1,90473,6455067604,71348,local deterministic Miller-Rabin (<2^64),small-prime recurrence scan,v_p(u_n)=1; u_n is not squarefull
264,0,5,20,4,local deterministic Miller-Rabin (<2^64),small-prime recurrence scan,v_p(u_n)=1; u_n is not squarefull
265,0,29,783,27,local deterministic Miller-Rabin (<2^64),small-prime recurrence scan,v_p(u_n)=1; u_n is not squarefull
266,0,2,2,1,local deterministic Miller-Rabin (<2^64),small-prime recurrence scan,v_p(u_n)=1; u_n is not squarefull
267,0,5,15,3,local deterministic Miller-Rabin (<2^64),small-prime recurrence scan,v_p(u_n)=1; u_n is not squarefull
268,0,3,6,2,local deterministic Miller-Rabin (<2^64),small-prime recurrence scan,v_p(u_n)=1; u_n is not squarefull
269,1,2153,3606275,1675,local deterministic Miller-Rabin (<2^64),small-prime recurrence scan,v_p(u_n)=1; u_n is not squarefull
270,0,2,2,1,local deterministic Miller-Rabin (<2^64),small-prime recurrence scan,v_p(u_n)=1; u_n is not squarefull
271,1,541,110364,204,local deterministic Miller-Rabin (<2^64),small-prime recurrence scan,v_p(u_n)=1; u_n is not squarefull
272,0,3,3,1,local deterministic Miller-Rabin (<2^64),small-prime recurrence scan,v_p(u_n)=1; u_n is not squarefull
273,0,5,10,2,local deterministic Miller-Rabin (<2^64),small-prime recurrence scan,v_p(u_n)=1; u_n is not squarefull
274,0,2,2,1,local deterministic Miller-Rabin (<2^64),small-prime recurrence scan,v_p(u_n)=1; u_n is not squarefull
275,0,23,391,17,local deterministic Miller-Rabin (<2^64),small-prime recurrence scan,v_p(u_n)=1; u_n is not squarefull
276,0,5,5,1,local deterministic Miller-Rabin (<2^64),small-prime recurrence scan,v_p(u_n)=1; u_n is not squarefull
277,1,12251705569,267273774880015870,21815230,local deterministic Miller-Rabin (<2^64),FactorDB candidate discovery + local modular verification,v_p(u_n)=1; u_n is not squarefull
278,0,2,2,1,local deterministic Miller-Rabin (<2^64),small-prime recurrence scan,v_p(u_n)=1; u_n is not squarefull
279,0,5,5,1,local deterministic Miller-Rabin (<2^64),small-prime recurrence scan,v_p(u_n)=1; u_n is not squarefull
280,0,3,6,2,local deterministic Miller-Rabin (<2^64),small-prime recurrence scan,v_p(u_n)=1; u_n is not squarefull
281,1,9198817,77307603172177,8404081,local deterministic Miller-Rabin (<2^64),prime-index congruence search,v_p(u_n)=1; u_n is not squarefull
282,0,2,2,1,local deterministic Miller-Rabin (<2^64),small-prime recurrence scan,v_p(u_n)=1; u_n is not squarefull
283,1,14149,43578920,3080,local deterministic Miller-Rabin (<2^64),small-prime recurrence scan,v_p(u_n)=1; u_n is not squarefull
284,0,3,3,1,local deterministic Miller-Rabin (<2^64),small-prime recurrence scan,v_p(u_n)=1; u_n is not squarefull
285,0,7,42,6,local deterministic Miller-Rabin (<2^64),small-prime recurrence scan,v_p(u_n)=1; u_n is not squarefull
286,0,2,2,1,local deterministic Miller-Rabin (<2^64),small-prime recurrence scan,v_p(u_n)=1; u_n is not squarefull
287,0,239,56643,237,local deterministic Miller-Rabin (<2^64),small-prime recurrence scan,v_p(u_n)=1; u_n is not squarefull
288,0,5,15,3,local deterministic Miller-Rabin (<2^64),small-prime recurrence scan,v_p(u_n)=1; u_n is not squarefull
289,0,103,7004,68,local deterministic Miller-Rabin (<2^64),small-prime recurrence scan,v_p(u_n)=1; u_n is not squarefull
290,0,2,2,1,local deterministic Miller-Rabin (<2^64),small-prime recurrence scan,v_p(u_n)=1; u_n is not squarefull
291,0,5,20,4,local deterministic Miller-Rabin (<2^64),small-prime recurrence scan,v_p(u_n)=1; u_n is not squarefull
292,0,3,6,2,local deterministic Miller-Rabin (<2^64),small-prime recurrence scan,v_p(u_n)=1; u_n is not squarefull
293,1,4792710581,14939350684992014802,3117098442,local deterministic Miller-Rabin (<2^64),FactorDB candidate discovery + local modular verification,v_p(u_n)=1; u_n is not squarefull
294,0,2,2,1,local deterministic Miller-Rabin (<2^64),small-prime recurrence scan,v_p(u_n)=1; u_n is not squarefull
295,0,29,348,12,local deterministic Miller-Rabin (<2^64),small-prime recurrence scan,v_p(u_n)=1; u_n is not squarefull
296,0,3,3,1,local deterministic Miller-Rabin (<2^64),small-prime recurrence scan,v_p(u_n)=1; u_n is not squarefull
297,0,5,15,3,local deterministic Miller-Rabin (<2^64),small-prime recurrence scan,v_p(u_n)=1; u_n is not squarefull
298,0,2,2,1,local deterministic Miller-Rabin (<2^64),small-prime recurrence scan,v_p(u_n)=1; u_n is not squarefull
299,0,47,1880,40,local deterministic Miller-Rabin (<2^64),small-prime recurrence scan,v_p(u_n)=1; u_n is not squarefull
300,0,7,21,3,local deterministic Miller-Rabin (<2^64),small-prime recurrence scan,v_p(u_n)=1; u_n is not squarefull
301,0,239,23183,97,local deterministic Miller-Rabin (<2^64),small-prime recurrence scan,v_p(u_n)=1; u_n is not squarefull
302,0,2,2,1,local deterministic Miller-Rabin (<2^64),small-prime recurrence scan,v_p(u_n)=1; u_n is not squarefull
303,0,5,10,2,local deterministic Miller-Rabin (<2^64),small-prime recurrence scan,v_p(u_n)=1; u_n is not squarefull
304,0,3,6,2,local deterministic Miller-Rabin (<2^64),small-prime recurrence scan,v_p(u_n)=1; u_n is not squarefull
305,0,29,203,7,local deterministic Miller-Rabin (<2^64),small-prime recurrence scan,v_p(u_n)=1; u_n is not squarefull
306,0,2,2,1,local deterministic Miller-Rabin (<2^64),small-prime recurrence scan,v_p(u_n)=1; u_n is not squarefull
307,1,613,268494,438,local deterministic Miller-Rabin (<2^64),small-prime recurrence scan,v_p(u_n)=1; u_n is not squarefull
308,0,3,3,1,local deterministic Miller-Rabin (<2^64),small-prime recurrence scan,v_p(u_n)=1; u_n is not squarefull
309,0,5,5,1,local deterministic Miller-Rabin (<2^64),small-prime recurrence scan,v_p(u_n)=1; u_n is not squarefull
310,0,2,2,1,local deterministic Miller-Rabin (<2^64),small-prime recurrence scan,v_p(u_n)=1; u_n is not squarefull
311,1,181155438071,18762058531431028484688,103568839728,local deterministic Miller-Rabin (<2^64),FactorDB candidate discovery + local modular verification,v_p(u_n)=1; u_n is not squarefull
312,0,5,10,2,local deterministic Miller-Rabin (<2^64),small-prime recurrence scan,v_p(u_n)=1; u_n is not squarefull
313,1,1879,2204067,1173,local deterministic Miller-Rabin (<2^64),small-prime recurrence scan,v_p(u_n)=1; u_n is not squarefull
314,0,2,2,1,local deterministic Miller-Rabin (<2^64),small-prime recurrence scan,v_p(u_n)=1; u_n is not squarefull
315,0,29,58,2,local deterministic Miller-Rabin (<2^64),small-prime recurrence scan,v_p(u_n)=1; u_n is not squarefull
316,0,3,6,2,local deterministic Miller-Rabin (<2^64),small-prime recurrence scan,v_p(u_n)=1; u_n is not squarefull
317,1,1901,2473201,1301,local deterministic Miller-Rabin (<2^64),small-prime recurrence scan,v_p(u_n)=1; u_n is not squarefull
318,0,2,2,1,local deterministic Miller-Rabin (<2^64),small-prime recurrence scan,v_p(u_n)=1; u_n is not squarefull
319,0,23,115,5,local deterministic Miller-Rabin (<2^64),small-prime recurrence scan,v_p(u_n)=1; u_n is not squarefull
320,0,3,3,1,local deterministic Miller-Rabin (<2^64),small-prime recurrence scan,v_p(u_n)=1; u_n is not squarefull
321,0,5,20,4,local deterministic Miller-Rabin (<2^64),small-prime recurrence scan,v_p(u_n)=1; u_n is not squarefull
322,0,2,2,1,local deterministic Miller-Rabin (<2^64),small-prime recurrence scan,v_p(u_n)=1; u_n is not squarefull
323,0,37,555,15,local deterministic Miller-Rabin (<2^64),small-prime recurrence scan,v_p(u_n)=1; u_n is not squarefull
324,0,5,20,4,local deterministic Miller-Rabin (<2^64),small-prime recurrence scan,v_p(u_n)=1; u_n is not squarefull
325,0,29,754,26,local deterministic Miller-Rabin (<2^64),small-prime recurrence scan,v_p(u_n)=1; u_n is not squarefull
326,0,2,2,1,local deterministic Miller-Rabin (<2^64),small-prime recurrence scan,v_p(u_n)=1; u_n is not squarefull
327,0,5,15,3,local deterministic Miller-Rabin (<2^64),small-prime recurrence scan,v_p(u_n)=1; u_n is not squarefull
328,0,3,6,2,local deterministic Miller-Rabin (<2^64),small-prime recurrence scan,v_p(u_n)=1; u_n is not squarefull
329,0,239,13384,56,local deterministic Miller-Rabin (<2^64),small-prime recurrence scan,v_p(u_n)=1; u_n is not squarefull
330,0,2,2,1,local deterministic Miller-Rabin (<2^64),small-prime recurrence scan,v_p(u_n)=1; u_n is not squarefull
331,1,661,126251,191,local deterministic Miller-Rabin (<2^64),small-prime recurrence scan,v_p(u_n)=1; u_n is not squarefull
332,0,3,3,1,local deterministic Miller-Rabin (<2^64),small-prime recurrence scan,v_p(u_n)=1; u_n is not squarefull
333,0,5,10,2,local deterministic Miller-Rabin (<2^64),small-prime recurrence scan,v_p(u_n)=1; u_n is not squarefull
334,0,2,2,1,local deterministic Miller-Rabin (<2^64),small-prime recurrence scan,v_p(u_n)=1; u_n is not squarefull
335,0,29,609,21,local deterministic Miller-Rabin (<2^64),small-prime recurrence scan,v_p(u_n)=1; u_n is not squarefull
336,0,5,5,1,local deterministic Miller-Rabin (<2^64),small-prime recurrence scan,v_p(u_n)=1; u_n is not squarefull
337,1,8089,1189083,147,local deterministic Miller-Rabin (<2^64),small-prime recurrence scan,v_p(u_n)=1; u_n is not squarefull
338,0,2,2,1,local deterministic Miller-Rabin (<2^64),small-prime recurrence scan,v_p(u_n)=1; u_n is not squarefull
339,0,5,5,1,local deterministic Miller-Rabin (<2^64),small-prime recurrence scan,v_p(u_n)=1; u_n is not squarefull
340,0,3,6,2,local deterministic Miller-Rabin (<2^64),small-prime recurrence scan,v_p(u_n)=1; u_n is not squarefull
341,0,23,506,22,local deterministic Miller-Rabin (<2^64),small-prime recurrence scan,v_p(u_n)=1; u_n is not squarefull
342,0,2,2,1,local deterministic Miller-Rabin (<2^64),small-prime recurrence scan,v_p(u_n)=1; u_n is not squarefull
343,0,239,37045,155,local deterministic Miller-Rabin (<2^64),small-prime recurrence scan,v_p(u_n)=1; u_n is not squarefull
344,0,3,3,1,local deterministic Miller-Rabin (<2^64),small-prime recurrence scan,v_p(u_n)=1; u_n is not squarefull
345,0,7,7,1,local deterministic Miller-Rabin (<2^64),small-prime recurrence scan,v_p(u_n)=1; u_n is not squarefull
346,0,2,2,1,local deterministic Miller-Rabin (<2^64),small-prime recurrence scan,v_p(u_n)=1; u_n is not squarefull
347,1,2777,7689513,2769,local deterministic Miller-Rabin (<2^64),small-prime recurrence scan,v_p(u_n)=1; u_n is not squarefull
348,0,5,15,3,local deterministic Miller-Rabin (<2^64),small-prime recurrence scan,v_p(u_n)=1; u_n is not squarefull
349,1,234529,22337714605,95245,local deterministic Miller-Rabin (<2^64),prime-index congruence search,v_p(u_n)=1; u_n is not squarefull
350,0,2,2,1,local deterministic Miller-Rabin (<2^64),small-prime recurrence scan,v_p(u_n)=1; u_n is not squarefull
351,0,5,20,4,local deterministic Miller-Rabin (<2^64),small-prime recurrence scan,v_p(u_n)=1; u_n is not squarefull
352,0,3,6,2,local deterministic Miller-Rabin (<2^64),small-prime recurrence scan,v_p(u_n)=1; u_n is not squarefull
353,1,4943,3010287,609,local deterministic Miller-Rabin (<2^64),small-prime recurrence scan,v_p(u_n)=1; u_n is not squarefull
354,0,2,2,1,local deterministic Miller-Rabin (<2^64),small-prime recurrence scan,v_p(u_n)=1; u_n is not squarefull
355,0,29,319,11,local deterministic Miller-Rabin (<2^64),small-prime recurrence scan,v_p(u_n)=1; u_n is not squarefull
356,0,3,3,1,local deterministic Miller-Rabin (<2^64),small-prime recurrence scan,v_p(u_n)=1; u_n is not squarefull
357,0,5,15,3,local deterministic Miller-Rabin (<2^64),small-prime recurrence scan,v_p(u_n)=1; u_n is not squarefull
358,0,2,2,1,local deterministic Miller-Rabin (<2^64),small-prime recurrence scan,v_p(u_n)=1; u_n is not squarefull
359,1,719,166089,231,local deterministic Miller-Rabin (<2^64),small-prime recurrence scan,v_p(u_n)=1; u_n is not squarefull
360,0,7,35,5,local deterministic Miller-Rabin (<2^64),small-prime recurrence scan,v_p(u_n)=1; u_n is not squarefull
361,0,37,1184,32,local deterministic Miller-Rabin (<2^64),small-prime recurrence scan,v_p(u_n)=1; u_n is not squarefull
362,0,2,2,1,local deterministic Miller-Rabin (<2^64),small-prime recurrence scan,v_p(u_n)=1; u_n is not squarefull
363,0,5,10,2,local deterministic Miller-Rabin (<2^64),small-prime recurrence scan,v_p(u_n)=1; u_n is not squarefull
364,0,3,6,2,local deterministic Miller-Rabin (<2^64),small-prime recurrence scan,v_p(u_n)=1; u_n is not squarefull
365,0,29,174,6,local deterministic Miller-Rabin (<2^64),small-prime recurrence scan,v_p(u_n)=1; u_n is not squarefull
366,0,2,2,1,local deterministic Miller-Rabin (<2^64),small-prime recurrence scan,v_p(u_n)=1; u_n is not squarefull
367,1,733,115814,158,local deterministic Miller-Rabin (<2^64),small-prime recurrence scan,v_p(u_n)=1; u_n is not squarefull
368,0,3,3,1,local deterministic Miller-Rabin (<2^64),small-prime recurrence scan,v_p(u_n)=1; u_n is not squarefull
369,0,5,5,1,local deterministic Miller-Rabin (<2^64),small-prime recurrence scan,v_p(u_n)=1; u_n is not squarefull
370,0,2,2,1,local deterministic Miller-Rabin (<2^64),small-prime recurrence scan,v_p(u_n)=1; u_n is not squarefull
371,0,239,27246,114,local deterministic Miller-Rabin (<2^64),small-prime recurrence scan,v_p(u_n)=1; u_n is not squarefull
372,0,5,10,2,local deterministic Miller-Rabin (<2^64),small-prime recurrence scan,v_p(u_n)=1; u_n is not squarefull
373,1,2237,2829805,1265,local deterministic Miller-Rabin (<2^64),small-prime recurrence scan,v_p(u_n)=1; u_n is not squarefull
374,0,2,2,1,local deterministic Miller-Rabin (<2^64),small-prime recurrence scan,v_p(u_n)=1; u_n is not squarefull
375,0,7,14,2,local deterministic Miller-Rabin (<2^64),small-prime recurrence scan,v_p(u_n)=1; u_n is not squarefull
376,0,3,6,2,local deterministic Miller-Rabin (<2^64),small-prime recurrence scan,v_p(u_n)=1; u_n is not squarefull
377,0,79,6162,78,local deterministic Miller-Rabin (<2^64),small-prime recurrence scan,v_p(u_n)=1; u_n is not squarefull
378,0,2,2,1,local deterministic Miller-Rabin (<2^64),small-prime recurrence scan,v_p(u_n)=1; u_n is not squarefull
379,1,757,557152,736,local deterministic Miller-Rabin (<2^64),small-prime recurrence scan,v_p(u_n)=1; u_n is not squarefull
380,0,3,3,1,local deterministic Miller-Rabin (<2^64),small-prime recurrence scan,v_p(u_n)=1; u_n is not squarefull
381,0,5,20,4,local deterministic Miller-Rabin (<2^64),small-prime recurrence scan,v_p(u_n)=1; u_n is not squarefull
382,0,2,2,1,local deterministic Miller-Rabin (<2^64),small-prime recurrence scan,v_p(u_n)=1; u_n is not squarefull
383,1,35389201,908576754980242,25673842,local deterministic Miller-Rabin (<2^64),prime-index congruence search,v_p(u_n)=1; u_n is not squarefull
384,0,5,20,4,local deterministic Miller-Rabin (<2^64),small-prime recurrence scan,v_p(u_n)=1; u_n is not squarefull
385,0,23,230,10,local deterministic Miller-Rabin (<2^64),small-prime recurrence scan,v_p(u_n)=1; u_n is not squarefull
386,0,2,2,1,local deterministic Miller-Rabin (<2^64),small-prime recurrence scan,v_p(u_n)=1; u_n is not squarefull
387,0,5,15,3,local deterministic Miller-Rabin (<2^64),small-prime recurrence scan,v_p(u_n)=1; u_n is not squarefull
388,0,3,6,2,local deterministic Miller-Rabin (<2^64),small-prime recurrence scan,v_p(u_n)=1; u_n is not squarefull
389,1,27661789,584212640779127,21119843,local deterministic Miller-Rabin (<2^64),prime-index congruence search,v_p(u_n)=1; u_n is not squarefull
390,0,2,2,1,local deterministic Miller-Rabin (<2^64),small-prime recurrence scan,v_p(u_n)=1; u_n is not squarefull
391,0,47,1269,27,local deterministic Miller-Rabin (<2^64),small-prime recurrence scan,v_p(u_n)=1; u_n is not squarefull
392,0,3,3,1,local deterministic Miller-Rabin (<2^64),small-prime recurrence scan,v_p(u_n)=1; u_n is not squarefull
393,0,5,10,2,local deterministic Miller-Rabin (<2^64),small-prime recurrence scan,v_p(u_n)=1; u_n is not squarefull
394,0,2,2,1,local deterministic Miller-Rabin (<2^64),small-prime recurrence scan,v_p(u_n)=1; u_n is not squarefull
395,0,29,580,20,local deterministic Miller-Rabin (<2^64),small-prime recurrence scan,v_p(u_n)=1; u_n is not squarefull
396,0,5,5,1,local deterministic Miller-Rabin (<2^64),small-prime recurrence scan,v_p(u_n)=1; u_n is not squarefull
397,1,2381,3790552,1592,local deterministic Miller-Rabin (<2^64),small-prime recurrence scan,v_p(u_n)=1; u_n is not squarefull
398,0,2,2,1,local deterministic Miller-Rabin (<2^64),small-prime recurrence scan,v_p(u_n)=1; u_n is not squarefull
399,0,5,5,1,local deterministic Miller-Rabin (<2^64),small-prime recurrence scan,v_p(u_n)=1; u_n is not squarefull
400,0,3,6,2,local deterministic Miller-Rabin (<2^64),small-prime recurrence scan,v_p(u_n)=1; u_n is not squarefull
401,1,3209,9764987,3043,local deterministic Miller-Rabin (<2^64),small-prime recurrence scan,v_p(u_n)=1; u_n is not squarefull
402,0,2,2,1,local deterministic Miller-Rabin (<2^64),small-prime recurrence scan,v_p(u_n)=1; u_n is not squarefull
403,0,61,1098,18,local deterministic Miller-Rabin (<2^64),small-prime recurrence scan,v_p(u_n)=1; u_n is not squarefull
404,0,3,3,1,local deterministic Miller-Rabin (<2^64),small-prime recurrence scan,v_p(u_n)=1; u_n is not squarefull
405,0,7,21,3,local deterministic Miller-Rabin (<2^64),small-prime recurrence scan,v_p(u_n)=1; u_n is not squarefull
406,0,2,2,1,local deterministic Miller-Rabin (<2^64),small-prime recurrence scan,v_p(u_n)=1; u_n is not squarefull
407,0,23,92,4,local deterministic Miller-Rabin (<2^64),small-prime recurrence scan,v_p(u_n)=1; u_n is not squarefull
408,0,5,15,3,local deterministic Miller-Rabin (<2^64),small-prime recurrence scan,v_p(u_n)=1; u_n is not squarefull
409,1,26177,324699508,12404,local deterministic Miller-Rabin (<2^64),small-prime recurrence scan,v_p(u_n)=1; u_n is not squarefull
410,0,2,2,1,local deterministic Miller-Rabin (<2^64),small-prime recurrence scan,v_p(u_n)=1; u_n is not squarefull
411,0,5,20,4,local deterministic Miller-Rabin (<2^64),small-prime recurrence scan,v_p(u_n)=1; u_n is not squarefull
412,0,3,6,2,local deterministic Miller-Rabin (<2^64),small-prime recurrence scan,v_p(u_n)=1; u_n is not squarefull
413,0,239,41108,172,local deterministic Miller-Rabin (<2^64),small-prime recurrence scan,v_p(u_n)=1; u_n is not squarefull
414,0,2,2,1,local deterministic Miller-Rabin (<2^64),small-prime recurrence scan,v_p(u_n)=1; u_n is not squarefull
415,0,29,290,10,local deterministic Miller-Rabin (<2^64),small-prime recurrence scan,v_p(u_n)=1; u_n is not squarefull
416,0,3,3,1,local deterministic Miller-Rabin (<2^64),small-prime recurrence scan,v_p(u_n)=1; u_n is not squarefull
417,0,5,15,3,local deterministic Miller-Rabin (<2^64),small-prime recurrence scan,v_p(u_n)=1; u_n is not squarefull
418,0,2,2,1,local deterministic Miller-Rabin (<2^64),small-prime recurrence scan,v_p(u_n)=1; u_n is not squarefull
419,1,839,108231,129,local deterministic Miller-Rabin (<2^64),small-prime recurrence scan,v_p(u_n)=1; u_n is not squarefull
420,0,11,110,10,local deterministic Miller-Rabin (<2^64),small-prime recurrence scan,v_p(u_n)=1; u_n is not squarefull
421,1,1081818484868497,194215460138759953475897485104,179526845635632,local deterministic Miller-Rabin (<2^64),FactorDB candidate discovery + local modular verification,v_p(u_n)=1; u_n is not squarefull
422,0,2,2,1,local deterministic Miller-Rabin (<2^64),small-prime recurrence scan,v_p(u_n)=1; u_n is not squarefull
423,0,5,10,2,local deterministic Miller-Rabin (<2^64),small-prime recurrence scan,v_p(u_n)=1; u_n is not squarefull
424,0,3,6,2,local deterministic Miller-Rabin (<2^64),small-prime recurrence scan,v_p(u_n)=1; u_n is not squarefull
425,0,29,145,5,local deterministic Miller-Rabin (<2^64),small-prime recurrence scan,v_p(u_n)=1; u_n is not squarefull
426,0,2,2,1,local deterministic Miller-Rabin (<2^64),small-prime recurrence scan,v_p(u_n)=1; u_n is not squarefull
427,0,239,7648,32,local deterministic Miller-Rabin (<2^64),small-prime recurrence scan,v_p(u_n)=1; u_n is not squarefull
428,0,3,3,1,local deterministic Miller-Rabin (<2^64),small-prime recurrence scan,v_p(u_n)=1; u_n is not squarefull
429,0,5,5,1,local deterministic Miller-Rabin (<2^64),small-prime recurrence scan,v_p(u_n)=1; u_n is not squarefull
430,0,2,2,1,local deterministic Miller-Rabin (<2^64),small-prime recurrence scan,v_p(u_n)=1; u_n is not squarefull
431,1,863,6904,8,local deterministic Miller-Rabin (<2^64),small-prime recurrence scan,v_p(u_n)=1; u_n is not squarefull
432,0,5,10,2,local deterministic Miller-Rabin (<2^64),small-prime recurrence scan,v_p(u_n)=1; u_n is not squarefull
433,1,4779010088401,7591299388936965328590200,1588466910200,local deterministic Miller-Rabin (<2^64),FactorDB candidate discovery + local modular verification,v_p(u_n)=1; u_n is not squarefull
434,0,2,2,1,local deterministic Miller-Rabin (<2^64),small-prime recurrence scan,v_p(u_n)=1; u_n is not squarefull
435,0,7,28,4,local deterministic Miller-Rabin (<2^64),small-prime recurrence scan,v_p(u_n)=1; u_n is not squarefull
436,0,3,6,2,local deterministic Miller-Rabin (<2^64),small-prime recurrence scan,v_p(u_n)=1; u_n is not squarefull
437,0,37,1073,29,local deterministic Miller-Rabin (<2^64),small-prime recurrence scan,v_p(u_n)=1; u_n is not squarefull
438,0,2,2,1,local deterministic Miller-Rabin (<2^64),small-prime recurrence scan,v_p(u_n)=1; u_n is not squarefull
439,1,877,437623,499,local deterministic Miller-Rabin (<2^64),small-prime recurrence scan,v_p(u_n)=1; u_n is not squarefull
440,0,3,3,1,local deterministic Miller-Rabin (<2^64),small-prime recurrence scan,v_p(u_n)=1; u_n is not squarefull
441,0,5,20,4,local deterministic Miller-Rabin (<2^64),small-prime recurrence scan,v_p(u_n)=1; u_n is not squarefull
442,0,2,2,1,local deterministic Miller-Rabin (<2^64),small-prime recurrence scan,v_p(u_n)=1; u_n is not squarefull
443,1,887,641301,723,local deterministic Miller-Rabin (<2^64),small-prime recurrence scan,v_p(u_n)=1; u_n is not squarefull
444,0,5,20,4,local deterministic Miller-Rabin (<2^64),small-prime recurrence scan,v_p(u_n)=1; u_n is not squarefull
445,0,29,696,24,local deterministic Miller-Rabin (<2^64),small-prime recurrence scan,v_p(u_n)=1; u_n is not squarefull
446,0,2,2,1,local deterministic Miller-Rabin (<2^64),small-prime recurrence scan,v_p(u_n)=1; u_n is not squarefull
447,0,5,15,3,local deterministic Miller-Rabin (<2^64),small-prime recurrence scan,v_p(u_n)=1; u_n is not squarefull
448,0,3,6,2,local deterministic Miller-Rabin (<2^64),small-prime recurrence scan,v_p(u_n)=1; u_n is not squarefull
449,1,2693,5248657,1949,local deterministic Miller-Rabin (<2^64),small-prime recurrence scan,v_p(u_n)=1; u_n is not squarefull
450,0,2,2,1,local deterministic Miller-Rabin (<2^64),small-prime recurrence scan,v_p(u_n)=1; u_n is not squarefull
451,0,23,345,15,local deterministic Miller-Rabin (<2^64),small-prime recurrence scan,v_p(u_n)=1; u_n is not squarefull
452,0,3,3,1,local deterministic Miller-Rabin (<2^64),small-prime recurrence scan,v_p(u_n)=1; u_n is not squarefull
453,0,5,10,2,local deterministic Miller-Rabin (<2^64),small-prime recurrence scan,v_p(u_n)=1; u_n is not squarefull
454,0,2,2,1,local deterministic Miller-Rabin (<2^64),small-prime recurrence scan,v_p(u_n)=1; u_n is not squarefull
455,0,29,551,19,local deterministic Miller-Rabin (<2^64),small-prime recurrence scan,v_p(u_n)=1; u_n is not squarefull
456,0,5,5,1,local deterministic Miller-Rabin (<2^64),small-prime recurrence scan,v_p(u_n)=1; u_n is not squarefull
457,1,39301,460568419,11719,local deterministic Miller-Rabin (<2^64),small-prime recurrence scan,v_p(u_n)=1; u_n is not squarefull
458,0,2,2,1,local deterministic Miller-Rabin (<2^64),small-prime recurrence scan,v_p(u_n)=1; u_n is not squarefull
459,0,5,5,1,local deterministic Miller-Rabin (<2^64),small-prime recurrence scan,v_p(u_n)=1; u_n is not squarefull
460,0,3,6,2,local deterministic Miller-Rabin (<2^64),small-prime recurrence scan,v_p(u_n)=1; u_n is not squarefull
461,1,2767,3417245,1235,local deterministic Miller-Rabin (<2^64),small-prime recurrence scan,v_p(u_n)=1; u_n is not squarefull
462,0,2,2,1,local deterministic Miller-Rabin (<2^64),small-prime recurrence scan,v_p(u_n)=1; u_n is not squarefull
463,1,85193,6018544678,70646,local deterministic Miller-Rabin (<2^64),small-prime recurrence scan,v_p(u_n)=1; u_n is not squarefull
464,0,3,3,1,local deterministic Miller-Rabin (<2^64),small-prime recurrence scan,v_p(u_n)=1; u_n is not squarefull
465,0,7,35,5,local deterministic Miller-Rabin (<2^64),small-prime recurrence scan,v_p(u_n)=1; u_n is not squarefull
466,0,2,2,1,local deterministic Miller-Rabin (<2^64),small-prime recurrence scan,v_p(u_n)=1; u_n is not squarefull
467,1,123289,2248051626,18234,local deterministic Miller-Rabin (<2^64),small-prime recurrence scan,v_p(u_n)=1; u_n is not squarefull
468,0,5,15,3,local deterministic Miller-Rabin (<2^64),small-prime recurrence scan,v_p(u_n)=1; u_n is not squarefull
469,0,239,21510,90,local deterministic Miller-Rabin (<2^64),small-prime recurrence scan,v_p(u_n)=1; u_n is not squarefull
470,0,2,2,1,local deterministic Miller-Rabin (<2^64),small-prime recurrence scan,v_p(u_n)=1; u_n is not squarefull
471,0,5,20,4,local deterministic Miller-Rabin (<2^64),small-prime recurrence scan,v_p(u_n)=1; u_n is not squarefull
472,0,3,6,2,local deterministic Miller-Rabin (<2^64),small-prime recurrence scan,v_p(u_n)=1; u_n is not squarefull
473,0,23,207,9,local deterministic Miller-Rabin (<2^64),small-prime recurrence scan,v_p(u_n)=1; u_n is not squarefull
474,0,2,2,1,local deterministic Miller-Rabin (<2^64),small-prime recurrence scan,v_p(u_n)=1; u_n is not squarefull
475,0,29,261,9,local deterministic Miller-Rabin (<2^64),small-prime recurrence scan,v_p(u_n)=1; u_n is not squarefull
476,0,3,3,1,local deterministic Miller-Rabin (<2^64),small-prime recurrence scan,v_p(u_n)=1; u_n is not squarefull
477,0,5,15,3,local deterministic Miller-Rabin (<2^64),small-prime recurrence scan,v_p(u_n)=1; u_n is not squarefull
478,0,2,2,1,local deterministic Miller-Rabin (<2^64),small-prime recurrence scan,v_p(u_n)=1; u_n is not squarefull
479,1,4789,17149409,3581,local deterministic Miller-Rabin (<2^64),small-prime recurrence scan,v_p(u_n)=1; u_n is not squarefull
480,0,7,14,2,local deterministic Miller-Rabin (<2^64),small-prime recurrence scan,v_p(u_n)=1; u_n is not squarefull
481,0,79,5925,75,local deterministic Miller-Rabin (<2^64),small-prime recurrence scan,v_p(u_n)=1; u_n is not squarefull
482,0,2,2,1,local deterministic Miller-Rabin (<2^64),small-prime recurrence scan,v_p(u_n)=1; u_n is not squarefull
483,0,5,10,2,local deterministic Miller-Rabin (<2^64),small-prime recurrence scan,v_p(u_n)=1; u_n is not squarefull
484,0,3,6,2,local deterministic Miller-Rabin (<2^64),small-prime recurrence scan,v_p(u_n)=1; u_n is not squarefull
485,0,29,116,4,local deterministic Miller-Rabin (<2^64),small-prime recurrence scan,v_p(u_n)=1; u_n is not squarefull
486,0,2,2,1,local deterministic Miller-Rabin (<2^64),small-prime recurrence scan,v_p(u_n)=1; u_n is not squarefull
487,1,7793,8806090,1130,local deterministic Miller-Rabin (<2^64),small-prime recurrence scan,v_p(u_n)=1; u_n is not squarefull
488,0,3,3,1,local deterministic Miller-Rabin (<2^64),small-prime recurrence scan,v_p(u_n)=1; u_n is not squarefull
489,0,5,5,1,local deterministic Miller-Rabin (<2^64),small-prime recurrence scan,v_p(u_n)=1; u_n is not squarefull
490,0,2,2,1,local deterministic Miller-Rabin (<2^64),small-prime recurrence scan,v_p(u_n)=1; u_n is not squarefull
491,1,983,516075,525,local deterministic Miller-Rabin (<2^64),small-prime recurrence scan,v_p(u_n)=1; u_n is not squarefull
492,0,5,10,2,local deterministic Miller-Rabin (<2^64),small-prime recurrence scan,v_p(u_n)=1; u_n is not squarefull
493,0,103,1339,13,local deterministic Miller-Rabin (<2^64),small-prime recurrence scan,v_p(u_n)=1; u_n is not squarefull
494,0,2,2,1,local deterministic Miller-Rabin (<2^64),small-prime recurrence scan,v_p(u_n)=1; u_n is not squarefull
495,0,7,42,6,local deterministic Miller-Rabin (<2^64),small-prime recurrence scan,v_p(u_n)=1; u_n is not squarefull
496,0,3,6,2,local deterministic Miller-Rabin (<2^64),small-prime recurrence scan,v_p(u_n)=1; u_n is not squarefull
497,0,239,11711,49,local deterministic Miller-Rabin (<2^64),small-prime recurrence scan,v_p(u_n)=1; u_n is not squarefull
498,0,2,2,1,local deterministic Miller-Rabin (<2^64),small-prime recurrence scan,v_p(u_n)=1; u_n is not squarefull
499,1,997,48853,49,local deterministic Miller-Rabin (<2^64),small-prime recurrence scan,v_p(u_n)=1; u_n is not squarefull
500,0,3,3,1,local deterministic Miller-Rabin (<2^64),small-prime recurrence scan,v_p(u_n)=1; u_n is not squarefull
501,0,5,20,4,local deterministic Miller-Rabin (<2^64),small-prime recurrence scan,v_p(u_n)=1; u_n is not squarefull
502,0,2,2,1,local deterministic Miller-Rabin (<2^64),small-prime recurrence scan,v_p(u_n)=1; u_n is not squarefull
503,1,40241,467519938,11618,local deterministic Miller-Rabin (<2^64),small-prime recurrence scan,v_p(u_n)=1; u_n is not squarefull
504,0,5,20,4,local deterministic Miller-Rabin (<2^64),small-prime recurrence scan,v_p(u_n)=1; u_n is not squarefull
505,0,29,667,23,local deterministic Miller-Rabin (<2^64),small-prime recurrence scan,v_p(u_n)=1; u_n is not squarefull
506,0,2,2,1,local deterministic Miller-Rabin (<2^64),small-prime recurrence scan,v_p(u_n)=1; u_n is not squarefull
507,0,5,15,3,local deterministic Miller-Rabin (<2^64),small-prime recurrence scan,v_p(u_n)=1; u_n is not squarefull
508,0,3,6,2,local deterministic Miller-Rabin (<2^64),small-prime recurrence scan,v_p(u_n)=1; u_n is not squarefull
509,1,4073,1731025,425,local deterministic Miller-Rabin (<2^64),small-prime recurrence scan,v_p(u_n)=1; u_n is not squarefull
510,0,2,2,1,local deterministic Miller-Rabin (<2^64),small-prime recurrence scan,v_p(u_n)=1; u_n is not squarefull
511,0,239,35372,148,local deterministic Miller-Rabin (<2^64),small-prime recurrence scan,v_p(u_n)=1; u_n is not squarefull
512,0,3,3,1,local deterministic Miller-Rabin (<2^64),small-prime recurrence scan,v_p(u_n)=1; u_n is not squarefull
513,0,5,10,2,local deterministic Miller-Rabin (<2^64),small-prime recurrence scan,v_p(u_n)=1; u_n is not squarefull
514,0,2,2,1,local deterministic Miller-Rabin (<2^64),small-prime recurrence scan,v_p(u_n)=1; u_n is not squarefull
515,0,29,522,18,local deterministic Miller-Rabin (<2^64),small-prime recurrence scan,v_p(u_n)=1; u_n is not squarefull
516,0,5,5,1,local deterministic Miller-Rabin (<2^64),small-prime recurrence scan,v_p(u_n)=1; u_n is not squarefull
517,0,23,460,20,local deterministic Miller-Rabin (<2^64),small-prime recurrence scan,v_p(u_n)=1; u_n is not squarefull
518,0,2,2,1,local deterministic Miller-Rabin (<2^64),small-prime recurrence scan,v_p(u_n)=1; u_n is not squarefull
519,0,5,5,1,local deterministic Miller-Rabin (<2^64),small-prime recurrence scan,v_p(u_n)=1; u_n is not squarefull
520,0,3,6,2,local deterministic Miller-Rabin (<2^64),small-prime recurrence scan,v_p(u_n)=1; u_n is not squarefull
521,1,204233,12622416332,61804,local deterministic Miller-Rabin (<2^64),prime-index congruence search,v_p(u_n)=1; u_n is not squarefull
522,0,2,2,1,local deterministic Miller-Rabin (<2^64),small-prime recurrence scan,v_p(u_n)=1; u_n is not squarefull
523,1,5231,3405381,651,local deterministic Miller-Rabin (<2^64),small-prime recurrence scan,v_p(u_n)=1; u_n is not squarefull
524,0,3,3,1,local deterministic Miller-Rabin (<2^64),small-prime recurrence scan,v_p(u_n)=1; u_n is not squarefull
525,0,29,377,13,local deterministic Miller-Rabin (<2^64),small-prime recurrence scan,v_p(u_n)=1; u_n is not squarefull
526,0,2,2,1,local deterministic Miller-Rabin (<2^64),small-prime recurrence scan,v_p(u_n)=1; u_n is not squarefull
527,0,61,2867,47,local deterministic Miller-Rabin (<2^64),small-prime recurrence scan,v_p(u_n)=1; u_n is not squarefull
528,0,5,15,3,local deterministic Miller-Rabin (<2^64),small-prime recurrence scan,v_p(u_n)=1; u_n is not squarefull
529,0,47,1457,31,local deterministic Miller-Rabin (<2^64),small-prime recurrence scan,v_p(u_n)=1; u_n is not squarefull
530,0,2,2,1,local deterministic Miller-Rabin (<2^64),small-prime recurrence scan,v_p(u_n)=1; u_n is not squarefull
531,0,5,20,4,local deterministic Miller-Rabin (<2^64),small-prime recurrence scan,v_p(u_n)=1; u_n is not squarefull
532,0,3,6,2,local deterministic Miller-Rabin (<2^64),small-prime recurrence scan,v_p(u_n)=1; u_n is not squarefull
533,0,79,2686,34,local deterministic Miller-Rabin (<2^64),small-prime recurrence scan,v_p(u_n)=1; u_n is not squarefull
534,0,2,2,1,local deterministic Miller-Rabin (<2^64),small-prime recurrence scan,v_p(u_n)=1; u_n is not squarefull
535,0,29,232,8,local deterministic Miller-Rabin (<2^64),small-prime recurrence scan,v_p(u_n)=1; u_n is not squarefull
536,0,3,3,1,local deterministic Miller-Rabin (<2^64),small-prime recurrence scan,v_p(u_n)=1; u_n is not squarefull
537,0,5,15,3,local deterministic Miller-Rabin (<2^64),small-prime recurrence scan,v_p(u_n)=1; u_n is not squarefull
538,0,2,2,1,local deterministic Miller-Rabin (<2^64),small-prime recurrence scan,v_p(u_n)=1; u_n is not squarefull
539,0,23,322,14,local deterministic Miller-Rabin (<2^64),small-prime recurrence scan,v_p(u_n)=1; u_n is not squarefull
540,0,7,28,4,local deterministic Miller-Rabin (<2^64),small-prime recurrence scan,v_p(u_n)=1; u_n is not squarefull
541,1,7573,34116365,4505,local deterministic Miller-Rabin (<2^64),small-prime recurrence scan,v_p(u_n)=1; u_n is not squarefull
542,0,2,2,1,local deterministic Miller-Rabin (<2^64),small-prime recurrence scan,v_p(u_n)=1; u_n is not squarefull
543,0,5,10,2,local deterministic Miller-Rabin (<2^64),small-prime recurrence scan,v_p(u_n)=1; u_n is not squarefull
544,0,3,6,2,local deterministic Miller-Rabin (<2^64),small-prime recurrence scan,v_p(u_n)=1; u_n is not squarefull
545,0,29,87,3,local deterministic Miller-Rabin (<2^64),small-prime recurrence scan,v_p(u_n)=1; u_n is not squarefull
546,0,2,2,1,local deterministic Miller-Rabin (<2^64),small-prime recurrence scan,v_p(u_n)=1; u_n is not squarefull
547,1,1093,402224,368,local deterministic Miller-Rabin (<2^64),small-prime recurrence scan,v_p(u_n)=1; u_n is not squarefull
548,0,3,3,1,local deterministic Miller-Rabin (<2^64),small-prime recurrence scan,v_p(u_n)=1; u_n is not squarefull
549,0,5,5,1,local deterministic Miller-Rabin (<2^64),small-prime recurrence scan,v_p(u_n)=1; u_n is not squarefull
550,0,2,2,1,local deterministic Miller-Rabin (<2^64),small-prime recurrence scan,v_p(u_n)=1; u_n is not squarefull
551,0,37,222,6,local deterministic Miller-Rabin (<2^64),small-prime recurrence scan,v_p(u_n)=1; u_n is not squarefull
552,0,5,10,2,local deterministic Miller-Rabin (<2^64),small-prime recurrence scan,v_p(u_n)=1; u_n is not squarefull
553,0,157,18840,120,local deterministic Miller-Rabin (<2^64),small-prime recurrence scan,v_p(u_n)=1; u_n is not squarefull
554,0,2,2,1,local deterministic Miller-Rabin (<2^64),small-prime recurrence scan,v_p(u_n)=1; u_n is not squarefull
555,0,7,7,1,local deterministic Miller-Rabin (<2^64),small-prime recurrence scan,v_p(u_n)=1; u_n is not squarefull
556,0,3,6,2,local deterministic Miller-Rabin (<2^64),small-prime recurrence scan,v_p(u_n)=1; u_n is not squarefull
557,1,280729,1840178595,6555,local deterministic Miller-Rabin (<2^64),prime-index congruence search,v_p(u_n)=1; u_n is not squarefull
558,0,2,2,1,local deterministic Miller-Rabin (<2^64),small-prime recurrence scan,v_p(u_n)=1; u_n is not squarefull
559,0,79,4187,53,local deterministic Miller-Rabin (<2^64),small-prime recurrence scan,v_p(u_n)=1; u_n is not squarefull
560,0,3,3,1,local deterministic Miller-Rabin (<2^64),small-prime recurrence scan,v_p(u_n)=1; u_n is not squarefull
561,0,5,20,4,local deterministic Miller-Rabin (<2^64),small-prime recurrence scan,v_p(u_n)=1; u_n is not squarefull
562,0,2,2,1,local deterministic Miller-Rabin (<2^64),small-prime recurrence scan,v_p(u_n)=1; u_n is not squarefull
563,1,97353961,7385765455458114,75865074,local deterministic Miller-Rabin (<2^64),prime-index congruence search,v_p(u_n)=1; u_n is not squarefull
564,0,5,20,4,local deterministic Miller-Rabin (<2^64),small-prime recurrence scan,v_p(u_n)=1; u_n is not squarefull
565,0,29,638,22,local deterministic Miller-Rabin (<2^64),small-prime recurrence scan,v_p(u_n)=1; u_n is not squarefull
566,0,2,2,1,local deterministic Miller-Rabin (<2^64),small-prime recurrence scan,v_p(u_n)=1; u_n is not squarefull
567,0,5,15,3,local deterministic Miller-Rabin (<2^64),small-prime recurrence scan,v_p(u_n)=1; u_n is not squarefull
568,0,3,6,2,local deterministic Miller-Rabin (<2^64),small-prime recurrence scan,v_p(u_n)=1; u_n is not squarefull
569,1,3413,10733885,3145,local deterministic Miller-Rabin (<2^64),small-prime recurrence scan,v_p(u_n)=1; u_n is not squarefull
570,0,2,2,1,local deterministic Miller-Rabin (<2^64),small-prime recurrence scan,v_p(u_n)=1; u_n is not squarefull
571,1,25796144657,314299877040516331621,12183986453,local deterministic Miller-Rabin (<2^64),FactorDB candidate discovery + local modular verification,v_p(u_n)=1; u_n is not squarefull
572,0,3,3,1,local deterministic Miller-Rabin (<2^64),small-prime recurrence scan,v_p(u_n)=1; u_n is not squarefull
573,0,5,10,2,local deterministic Miller-Rabin (<2^64),small-prime recurrence scan,v_p(u_n)=1; u_n is not squarefull
574,0,2,2,1,local deterministic Miller-Rabin (<2^64),small-prime recurrence scan,v_p(u_n)=1; u_n is not squarefull
575,0,29,493,17,local deterministic Miller-Rabin (<2^64),small-prime recurrence scan,v_p(u_n)=1; u_n is not squarefull
576,0,5,5,1,local deterministic Miller-Rabin (<2^64),small-prime recurrence scan,v_p(u_n)=1; u_n is not squarefull
577,1,14321415652990386439,168470239059071609370682374783423336600,11763518575336799400,local deterministic Miller-Rabin (<2^64),FactorDB candidate discovery + local modular verification,v_p(u_n)=1; u_n is not squarefull
578,0,2,2,1,local deterministic Miller-Rabin (<2^64),small-prime recurrence scan,v_p(u_n)=1; u_n is not squarefull
579,0,5,5,1,local deterministic Miller-Rabin (<2^64),small-prime recurrence scan,v_p(u_n)=1; u_n is not squarefull
580,0,3,6,2,local deterministic Miller-Rabin (<2^64),small-prime recurrence scan,v_p(u_n)=1; u_n is not squarefull
581,0,167,27722,166,local deterministic Miller-Rabin (<2^64),small-prime recurrence scan,v_p(u_n)=1; u_n is not squarefull
582,0,2,2,1,local deterministic Miller-Rabin (<2^64),small-prime recurrence scan,v_p(u_n)=1; u_n is not squarefull
583,0,23,46,2,local deterministic Miller-Rabin (<2^64),small-prime recurrence scan,v_p(u_n)=1; u_n is not squarefull
584,0,3,3,1,local deterministic Miller-Rabin (<2^64),small-prime recurrence scan,v_p(u_n)=1; u_n is not squarefull
585,0,7,14,2,local deterministic Miller-Rabin (<2^64),small-prime recurrence scan,v_p(u_n)=1; u_n is not squarefull
586,0,2,2,1,local deterministic Miller-Rabin (<2^64),small-prime recurrence scan,v_p(u_n)=1; u_n is not squarefull
587,1,170231,24650470186,144806,local deterministic Miller-Rabin (<2^64),small-prime recurrence scan,v_p(u_n)=1; u_n is not squarefull
588,0,5,15,3,local deterministic Miller-Rabin (<2^64),small-prime recurrence scan,v_p(u_n)=1; u_n is not squarefull
589,0,37,851,23,local deterministic Miller-Rabin (<2^64),small-prime recurrence scan,v_p(u_n)=1; u_n is not squarefull
590,0,2,2,1,local deterministic Miller-Rabin (<2^64),small-prime recurrence scan,v_p(u_n)=1; u_n is not squarefull
591,0,5,20,4,local deterministic Miller-Rabin (<2^64),small-prime recurrence scan,v_p(u_n)=1; u_n is not squarefull
592,0,3,6,2,local deterministic Miller-Rabin (<2^64),small-prime recurrence scan,v_p(u_n)=1; u_n is not squarefull
593,1,3559,6463144,1816,local deterministic Miller-Rabin (<2^64),small-prime recurrence scan,v_p(u_n)=1; u_n is not squarefull
594,0,2,2,1,local deterministic Miller-Rabin (<2^64),small-prime recurrence scan,v_p(u_n)=1; u_n is not squarefull
595,0,29,203,7,local deterministic Miller-Rabin (<2^64),small-prime recurrence scan,v_p(u_n)=1; u_n is not squarefull
596,0,3,3,1,local deterministic Miller-Rabin (<2^64),small-prime recurrence scan,v_p(u_n)=1; u_n is not squarefull
597,0,5,15,3,local deterministic Miller-Rabin (<2^64),small-prime recurrence scan,v_p(u_n)=1; u_n is not squarefull
598,0,2,2,1,local deterministic Miller-Rabin (<2^64),small-prime recurrence scan,v_p(u_n)=1; u_n is not squarefull
599,1,4793,2602599,543,local deterministic Miller-Rabin (<2^64),small-prime recurrence scan,v_p(u_n)=1; u_n is not squarefull
600,0,7,42,6,local deterministic Miller-Rabin (<2^64),small-prime recurrence scan,v_p(u_n)=1; u_n is not squarefull
601,1,3607,6279787,1741,local deterministic Miller-Rabin (<2^64),small-prime recurrence scan,v_p(u_n)=1; u_n is not squarefull
602,0,2,2,1,local deterministic Miller-Rabin (<2^64),small-prime recurrence scan,v_p(u_n)=1; u_n is not squarefull
603,0,5,10,2,local deterministic Miller-Rabin (<2^64),small-prime recurrence scan,v_p(u_n)=1; u_n is not squarefull
604,0,3,6,2,local deterministic Miller-Rabin (<2^64),small-prime recurrence scan,v_p(u_n)=1; u_n is not squarefull
605,0,23,437,19,local deterministic Miller-Rabin (<2^64),small-prime recurrence scan,v_p(u_n)=1; u_n is not squarefull
606,0,2,2,1,local deterministic Miller-Rabin (<2^64),small-prime recurrence scan,v_p(u_n)=1; u_n is not squarefull
607,1,1213,15769,13,local deterministic Miller-Rabin (<2^64),small-prime recurrence scan,v_p(u_n)=1; u_n is not squarefull
608,0,3,3,1,local deterministic Miller-Rabin (<2^64),small-prime recurrence scan,v_p(u_n)=1; u_n is not squarefull
609,0,5,5,1,local deterministic Miller-Rabin (<2^64),small-prime recurrence scan,v_p(u_n)=1; u_n is not squarefull
610,0,2,2,1,local deterministic Miller-Rabin (<2^64),small-prime recurrence scan,v_p(u_n)=1; u_n is not squarefull
611,0,79,948,12,local deterministic Miller-Rabin (<2^64),small-prime recurrence scan,v_p(u_n)=1; u_n is not squarefull
612,0,5,10,2,local deterministic Miller-Rabin (<2^64),small-prime recurrence scan,v_p(u_n)=1; u_n is not squarefull
613,1,98081,9502675766,96886,local deterministic Miller-Rabin (<2^64),small-prime recurrence scan,v_p(u_n)=1; u_n is not squarefull
614,0,2,2,1,local deterministic Miller-Rabin (<2^64),small-prime recurrence scan,v_p(u_n)=1; u_n is not squarefull
615,0,7,21,3,local deterministic Miller-Rabin (<2^64),small-prime recurrence scan,v_p(u_n)=1; u_n is not squarefull
616,0,3,6,2,local deterministic Miller-Rabin (<2^64),small-prime recurrence scan,v_p(u_n)=1; u_n is not squarefull
617,1,23447,282911502,12066,local deterministic Miller-Rabin (<2^64),small-prime recurrence scan,v_p(u_n)=1; u_n is not squarefull
618,0,2,2,1,local deterministic Miller-Rabin (<2^64),small-prime recurrence scan,v_p(u_n)=1; u_n is not squarefull
619,1,1237,1166491,943,local deterministic Miller-Rabin (<2^64),small-prime recurrence scan,v_p(u_n)=1; u_n is not squarefull
620,0,3,3,1,local deterministic Miller-Rabin (<2^64),small-prime recurrence scan,v_p(u_n)=1; u_n is not squarefull
621,0,5,20,4,local deterministic Miller-Rabin (<2^64),small-prime recurrence scan,v_p(u_n)=1; u_n is not squarefull
622,0,2,2,1,local deterministic Miller-Rabin (<2^64),small-prime recurrence scan,v_p(u_n)=1; u_n is not squarefull
623,0,239,53297,223,local deterministic Miller-Rabin (<2^64),small-prime recurrence scan,v_p(u_n)=1; u_n is not squarefull
624,0,5,20,4,local deterministic Miller-Rabin (<2^64),small-prime recurrence scan,v_p(u_n)=1; u_n is not squarefull
625,0,29,609,21,local deterministic Miller-Rabin (<2^64),small-prime recurrence scan,v_p(u_n)=1; u_n is not squarefull
626,0,2,2,1,local deterministic Miller-Rabin (<2^64),small-prime recurrence scan,v_p(u_n)=1; u_n is not squarefull
627,0,5,15,3,local deterministic Miller-Rabin (<2^64),small-prime recurrence scan,v_p(u_n)=1; u_n is not squarefull
628,0,3,6,2,local deterministic Miller-Rabin (<2^64),small-prime recurrence scan,v_p(u_n)=1; u_n is not squarefull
629,0,103,4635,45,local deterministic Miller-Rabin (<2^64),small-prime recurrence scan,v_p(u_n)=1; u_n is not squarefull
630,0,2,2,1,local deterministic Miller-Rabin (<2^64),small-prime recurrence scan,v_p(u_n)=1; u_n is not squarefull
631,1,450533,196639633180,436460,local deterministic Miller-Rabin (<2^64),prime-index congruence search,v_p(u_n)=1; u_n is not squarefull
632,0,3,3,1,local deterministic Miller-Rabin (<2^64),small-prime recurrence scan,v_p(u_n)=1; u_n is not squarefull
633,0,5,10,2,local deterministic Miller-Rabin (<2^64),small-prime recurrence scan,v_p(u_n)=1; u_n is not squarefull
634,0,2,2,1,local deterministic Miller-Rabin (<2^64),small-prime recurrence scan,v_p(u_n)=1; u_n is not squarefull
635,0,29,464,16,local deterministic Miller-Rabin (<2^64),small-prime recurrence scan,v_p(u_n)=1; u_n is not squarefull
636,0,5,5,1,local deterministic Miller-Rabin (<2^64),small-prime recurrence scan,v_p(u_n)=1; u_n is not squarefull
637,0,79,2449,31,local deterministic Miller-Rabin (<2^64),small-prime recurrence scan,v_p(u_n)=1; u_n is not squarefull
638,0,2,2,1,local deterministic Miller-Rabin (<2^64),small-prime recurrence scan,v_p(u_n)=1; u_n is not squarefull
639,0,5,5,1,local deterministic Miller-Rabin (<2^64),small-prime recurrence scan,v_p(u_n)=1; u_n is not squarefull
640,0,3,6,2,local deterministic Miller-Rabin (<2^64),small-prime recurrence scan,v_p(u_n)=1; u_n is not squarefull
641,1,224351,12304979297,54847,local deterministic Miller-Rabin (<2^64),prime-index congruence search,v_p(u_n)=1; u_n is not squarefull
642,0,2,2,1,local deterministic Miller-Rabin (<2^64),small-prime recurrence scan,v_p(u_n)=1; u_n is not squarefull
643,1,5771569,19714029035266,3415714,local deterministic Miller-Rabin (<2^64),prime-index congruence search,v_p(u_n)=1; u_n is not squarefull
644,0,3,3,1,local deterministic Miller-Rabin (<2^64),small-prime recurrence scan,v_p(u_n)=1; u_n is not squarefull
645,0,7,28,4,local deterministic Miller-Rabin (<2^64),small-prime recurrence scan,v_p(u_n)=1; u_n is not squarefull
646,0,2,2,1,local deterministic Miller-Rabin (<2^64),small-prime recurrence scan,v_p(u_n)=1; u_n is not squarefull
647,1,548657,91441918905,166665,local deterministic Miller-Rabin (<2^64),prime-index congruence search,v_p(u_n)=1; u_n is not squarefull
648,0,5,15,3,local deterministic Miller-Rabin (<2^64),small-prime recurrence scan,v_p(u_n)=1; u_n is not squarefull
649,0,23,161,7,local deterministic Miller-Rabin (<2^64),small-prime recurrence scan,v_p(u_n)=1; u_n is not squarefull
650,0,2,2,1,local deterministic Miller-Rabin (<2^64),small-prime recurrence scan,v_p(u_n)=1; u_n is not squarefull
651,0,5,20,4,local deterministic Miller-Rabin (<2^64),small-prime recurrence scan,v_p(u_n)=1; u_n is not squarefull
652,0,3,6,2,local deterministic Miller-Rabin (<2^64),small-prime recurrence scan,v_p(u_n)=1; u_n is not squarefull
653,1,470161,186703283905,397105,local deterministic Miller-Rabin (<2^64),prime-index congruence search,v_p(u_n)=1; u_n is not squarefull
654,0,2,2,1,local deterministic Miller-Rabin (<2^64),small-prime recurrence scan,v_p(u_n)=1; u_n is not squarefull
655,0,29,174,6,local deterministic Miller-Rabin (<2^64),small-prime recurrence scan,v_p(u_n)=1; u_n is not squarefull
656,0,3,3,1,local deterministic Miller-Rabin (<2^64),small-prime recurrence scan,v_p(u_n)=1; u_n is not squarefull
657,0,5,15,3,local deterministic Miller-Rabin (<2^64),small-prime recurrence scan,v_p(u_n)=1; u_n is not squarefull
658,0,2,2,1,local deterministic Miller-Rabin (<2^64),small-prime recurrence scan,v_p(u_n)=1; u_n is not squarefull
659,1,1319,1435072,1088,local deterministic Miller-Rabin (<2^64),small-prime recurrence scan,v_p(u_n)=1; u_n is not squarefull
660,0,7,7,1,local deterministic Miller-Rabin (<2^64),small-prime recurrence scan,v_p(u_n)=1; u_n is not squarefull
661,1,3967,12500017,3151,local deterministic Miller-Rabin (<2^64),small-prime recurrence scan,v_p(u_n)=1; u_n is not squarefull
662,0,2,2,1,local deterministic Miller-Rabin (<2^64),small-prime recurrence scan,v_p(u_n)=1; u_n is not squarefull
663,0,5,10,2,local deterministic Miller-Rabin (<2^64),small-prime recurrence scan,v_p(u_n)=1; u_n is not squarefull
664,0,3,6,2,local deterministic Miller-Rabin (<2^64),small-prime recurrence scan,v_p(u_n)=1; u_n is not squarefull
665,0,29,29,1,local deterministic Miller-Rabin (<2^64),small-prime recurrence scan,v_p(u_n)=1; u_n is not squarefull
666,0,2,2,1,local deterministic Miller-Rabin (<2^64),small-prime recurrence scan,v_p(u_n)=1; u_n is not squarefull
667,0,47,1645,35,local deterministic Miller-Rabin (<2^64),small-prime recurrence scan,v_p(u_n)=1; u_n is not squarefull
668,0,3,3,1,local deterministic Miller-Rabin (<2^64),small-prime recurrence scan,v_p(u_n)=1; u_n is not squarefull
669,0,5,5,1,local deterministic Miller-Rabin (<2^64),small-prime recurrence scan,v_p(u_n)=1; u_n is not squarefull
670,0,2,2,1,local deterministic Miller-Rabin (<2^64),small-prime recurrence scan,v_p(u_n)=1; u_n is not squarefull
671,0,23,23,1,local deterministic Miller-Rabin (<2^64),small-prime recurrence scan,v_p(u_n)=1; u_n is not squarefull
672,0,5,10,2,local deterministic Miller-Rabin (<2^64),small-prime recurrence scan,v_p(u_n)=1; u_n is not squarefull
673,1,236897,39786377356,167948,local deterministic Miller-Rabin (<2^64),prime-index congruence search,v_p(u_n)=1; u_n is not squarefull
674,0,2,2,1,local deterministic Miller-Rabin (<2^64),small-prime recurrence scan,v_p(u_n)=1; u_n is not squarefull
675,0,7,35,5,local deterministic Miller-Rabin (<2^64),small-prime recurrence scan,v_p(u_n)=1; u_n is not squarefull
676,0,3,6,2,local deterministic Miller-Rabin (<2^64),small-prime recurrence scan,v_p(u_n)=1; u_n is not squarefull
677,1,5417,2643496,488,local deterministic Miller-Rabin (<2^64),small-prime recurrence scan,v_p(u_n)=1; u_n is not squarefull
678,0,2,2,1,local deterministic Miller-Rabin (<2^64),small-prime recurrence scan,v_p(u_n)=1; u_n is not squarefull
679,0,239,33699,141,local deterministic Miller-Rabin (<2^64),small-prime recurrence scan,v_p(u_n)=1; u_n is not squarefull
680,0,3,3,1,local deterministic Miller-Rabin (<2^64),small-prime recurrence scan,v_p(u_n)=1; u_n is not squarefull
681,0,5,20,4,local deterministic Miller-Rabin (<2^64),small-prime recurrence scan,v_p(u_n)=1; u_n is not squarefull
682,0,2,2,1,local deterministic Miller-Rabin (<2^64),small-prime recurrence scan,v_p(u_n)=1; u_n is not squarefull
683,1,1367,1361532,996,local deterministic Miller-Rabin (<2^64),small-prime recurrence scan,v_p(u_n)=1; u_n is not squarefull
684,0,5,20,4,local deterministic Miller-Rabin (<2^64),small-prime recurrence scan,v_p(u_n)=1; u_n is not squarefull
685,0,29,580,20,local deterministic Miller-Rabin (<2^64),small-prime recurrence scan,v_p(u_n)=1; u_n is not squarefull
686,0,2,2,1,local deterministic Miller-Rabin (<2^64),small-prime recurrence scan,v_p(u_n)=1; u_n is not squarefull
687,0,5,15,3,local deterministic Miller-Rabin (<2^64),small-prime recurrence scan,v_p(u_n)=1; u_n is not squarefull
688,0,3,6,2,local deterministic Miller-Rabin (<2^64),small-prime recurrence scan,v_p(u_n)=1; u_n is not squarefull
689,0,79,5451,69,local deterministic Miller-Rabin (<2^64),small-prime recurrence scan,v_p(u_n)=1; u_n is not squarefull
690,0,2,2,1,local deterministic Miller-Rabin (<2^64),small-prime recurrence scan,v_p(u_n)=1; u_n is not squarefull
691,1,1381,1394810,1010,local deterministic Miller-Rabin (<2^64),small-prime recurrence scan,v_p(u_n)=1; u_n is not squarefull
692,0,3,3,1,local deterministic Miller-Rabin (<2^64),small-prime recurrence scan,v_p(u_n)=1; u_n is not squarefull
693,0,5,10,2,local deterministic Miller-Rabin (<2^64),small-prime recurrence scan,v_p(u_n)=1; u_n is not squarefull
694,0,2,2,1,local deterministic Miller-Rabin (<2^64),small-prime recurrence scan,v_p(u_n)=1; u_n is not squarefull
695,0,29,435,15,local deterministic Miller-Rabin (<2^64),small-prime recurrence scan,v_p(u_n)=1; u_n is not squarefull
696,0,5,5,1,local deterministic Miller-Rabin (<2^64),small-prime recurrence scan,v_p(u_n)=1; u_n is not squarefull
697,0,103,6283,61,local deterministic Miller-Rabin (<2^64),small-prime recurrence scan,v_p(u_n)=1; u_n is not squarefull
698,0,2,2,1,local deterministic Miller-Rabin (<2^64),small-prime recurrence scan,v_p(u_n)=1; u_n is not squarefull
699,0,5,5,1,local deterministic Miller-Rabin (<2^64),small-prime recurrence scan,v_p(u_n)=1; u_n is not squarefull
700,0,3,6,2,local deterministic Miller-Rabin (<2^64),small-prime recurrence scan,v_p(u_n)=1; u_n is not squarefull
701,1,10571081,91884206039835,8692035,local deterministic Miller-Rabin (<2^64),prime-index congruence search,v_p(u_n)=1; u_n is not squarefull
702,0,2,2,1,local deterministic Miller-Rabin (<2^64),small-prime recurrence scan,v_p(u_n)=1; u_n is not squarefull
703,0,223,48837,219,local deterministic Miller-Rabin (<2^64),small-prime recurrence scan,v_p(u_n)=1; u_n is not squarefull
704,0,3,3,1,local deterministic Miller-Rabin (<2^64),small-prime recurrence scan,v_p(u_n)=1; u_n is not squarefull
705,0,7,42,6,local deterministic Miller-Rabin (<2^64),small-prime recurrence scan,v_p(u_n)=1; u_n is not squarefull
706,0,2,2,1,local deterministic Miller-Rabin (<2^64),small-prime recurrence scan,v_p(u_n)=1; u_n is not squarefull
707,0,239,23900,100,local deterministic Miller-Rabin (<2^64),small-prime recurrence scan,v_p(u_n)=1; u_n is not squarefull
708,0,5,15,3,local deterministic Miller-Rabin (<2^64),small-prime recurrence scan,v_p(u_n)=1; u_n is not squarefull
709,1,85081,4054449974,47654,local deterministic Miller-Rabin (<2^64),small-prime recurrence scan,v_p(u_n)=1; u_n is not squarefull
710,0,2,2,1,local deterministic Miller-Rabin (<2^64),small-prime recurrence scan,v_p(u_n)=1; u_n is not squarefull
711,0,5,20,4,local deterministic Miller-Rabin (<2^64),small-prime recurrence scan,v_p(u_n)=1; u_n is not squarefull
712,0,3,6,2,local deterministic Miller-Rabin (<2^64),small-prime recurrence scan,v_p(u_n)=1; u_n is not squarefull
713,0,47,235,5,local deterministic Miller-Rabin (<2^64),small-prime recurrence scan,v_p(u_n)=1; u_n is not squarefull
714,0,2,2,1,local deterministic Miller-Rabin (<2^64),small-prime recurrence scan,v_p(u_n)=1; u_n is not squarefull
715,0,23,276,12,local deterministic Miller-Rabin (<2^64),small-prime recurrence scan,v_p(u_n)=1; u_n is not squarefull
716,0,3,3,1,local deterministic Miller-Rabin (<2^64),small-prime recurrence scan,v_p(u_n)=1; u_n is not squarefull
717,0,5,15,3,local deterministic Miller-Rabin (<2^64),small-prime recurrence scan,v_p(u_n)=1; u_n is not squarefull
718,0,2,2,1,local deterministic Miller-Rabin (<2^64),small-prime recurrence scan,v_p(u_n)=1; u_n is not squarefull
719,1,1439,1725361,1199,local deterministic Miller-Rabin (<2^64),small-prime recurrence scan,v_p(u_n)=1; u_n is not squarefull
720,0,7,21,3,local deterministic Miller-Rabin (<2^64),small-prime recurrence scan,v_p(u_n)=1; u_n is not squarefull
721,0,239,47561,199,local deterministic Miller-Rabin (<2^64),small-prime recurrence scan,v_p(u_n)=1; u_n is not squarefull
722,0,2,2,1,local deterministic Miller-Rabin (<2^64),small-prime recurrence scan,v_p(u_n)=1; u_n is not squarefull
723,0,5,10,2,local deterministic Miller-Rabin (<2^64),small-prime recurrence scan,v_p(u_n)=1; u_n is not squarefull
724,0,3,6,2,local deterministic Miller-Rabin (<2^64),small-prime recurrence scan,v_p(u_n)=1; u_n is not squarefull
725,0,41,943,23,local deterministic Miller-Rabin (<2^64),small-prime recurrence scan,v_p(u_n)=1; u_n is not squarefull
726,0,2,2,1,local deterministic Miller-Rabin (<2^64),small-prime recurrence scan,v_p(u_n)=1; u_n is not squarefull
727,1,1453,1852575,1275,local deterministic Miller-Rabin (<2^64),small-prime recurrence scan,v_p(u_n)=1; u_n is not squarefull
728,0,3,3,1,local deterministic Miller-Rabin (<2^64),small-prime recurrence scan,v_p(u_n)=1; u_n is not squarefull
729,0,5,5,1,local deterministic Miller-Rabin (<2^64),small-prime recurrence scan,v_p(u_n)=1; u_n is not squarefull
730,0,2,2,1,local deterministic Miller-Rabin (<2^64),small-prime recurrence scan,v_p(u_n)=1; u_n is not squarefull
731,0,103,7107,69,local deterministic Miller-Rabin (<2^64),small-prime recurrence scan,v_p(u_n)=1; u_n is not squarefull
732,0,5,10,2,local deterministic Miller-Rabin (<2^64),small-prime recurrence scan,v_p(u_n)=1; u_n is not squarefull
733,1,80629,259060977,3213,local deterministic Miller-Rabin (<2^64),small-prime recurrence scan,v_p(u_n)=1; u_n is not squarefull
734,0,2,2,1,local deterministic Miller-Rabin (<2^64),small-prime recurrence scan,v_p(u_n)=1; u_n is not squarefull
735,0,29,696,24,local deterministic Miller-Rabin (<2^64),small-prime recurrence scan,v_p(u_n)=1; u_n is not squarefull
736,0,3,6,2,local deterministic Miller-Rabin (<2^64),small-prime recurrence scan,v_p(u_n)=1; u_n is not squarefull
737,0,23,138,6,local deterministic Miller-Rabin (<2^64),small-prime recurrence scan,v_p(u_n)=1; u_n is not squarefull
738,0,2,2,1,local deterministic Miller-Rabin (<2^64),small-prime recurrence scan,v_p(u_n)=1; u_n is not squarefull
739,1,72421,3935212298,54338,local deterministic Miller-Rabin (<2^64),small-prime recurrence scan,v_p(u_n)=1; u_n is not squarefull
740,0,3,3,1,local deterministic Miller-Rabin (<2^64),small-prime recurrence scan,v_p(u_n)=1; u_n is not squarefull
741,0,5,20,4,local deterministic Miller-Rabin (<2^64),small-prime recurrence scan,v_p(u_n)=1; u_n is not squarefull
742,0,2,2,1,local deterministic Miller-Rabin (<2^64),small-prime recurrence scan,v_p(u_n)=1; u_n is not squarefull
743,1,1487,422308,284,local deterministic Miller-Rabin (<2^64),small-prime recurrence scan,v_p(u_n)=1; u_n is not squarefull
744,0,5,20,4,local deterministic Miller-Rabin (<2^64),small-prime recurrence scan,v_p(u_n)=1; u_n is not squarefull
745,0,29,551,19,local deterministic Miller-Rabin (<2^64),small-prime recurrence scan,v_p(u_n)=1; u_n is not squarefull
746,0,2,2,1,local deterministic Miller-Rabin (<2^64),small-prime recurrence scan,v_p(u_n)=1; u_n is not squarefull
747,0,5,15,3,local deterministic Miller-Rabin (<2^64),small-prime recurrence scan,v_p(u_n)=1; u_n is not squarefull
748,0,3,6,2,local deterministic Miller-Rabin (<2^64),small-prime recurrence scan,v_p(u_n)=1; u_n is not squarefull
749,0,239,37762,158,local deterministic Miller-Rabin (<2^64),small-prime recurrence scan,v_p(u_n)=1; u_n is not squarefull
750,0,2,2,1,local deterministic Miller-Rabin (<2^64),small-prime recurrence scan,v_p(u_n)=1; u_n is not squarefull
751,1,7852582169,51109799686553977133,6508661557,local deterministic Miller-Rabin (<2^64),FactorDB candidate discovery + local modular verification,v_p(u_n)=1; u_n is not squarefull
752,0,3,3,1,local deterministic Miller-Rabin (<2^64),small-prime recurrence scan,v_p(u_n)=1; u_n is not squarefull
753,0,5,10,2,local deterministic Miller-Rabin (<2^64),small-prime recurrence scan,v_p(u_n)=1; u_n is not squarefull
754,0,2,2,1,local deterministic Miller-Rabin (<2^64),small-prime recurrence scan,v_p(u_n)=1; u_n is not squarefull
755,0,29,406,14,local deterministic Miller-Rabin (<2^64),small-prime recurrence scan,v_p(u_n)=1; u_n is not squarefull
756,0,5,5,1,local deterministic Miller-Rabin (<2^64),small-prime recurrence scan,v_p(u_n)=1; u_n is not squarefull
757,1,125448527,10970757701615128,87452264,local deterministic Miller-Rabin (<2^64),prime-index congruence search,v_p(u_n)=1; u_n is not squarefull
758,0,2,2,1,local deterministic Miller-Rabin (<2^64),small-prime recurrence scan,v_p(u_n)=1; u_n is not squarefull
759,0,5,5,1,local deterministic Miller-Rabin (<2^64),small-prime recurrence scan,v_p(u_n)=1; u_n is not squarefull
760,0,3,6,2,local deterministic Miller-Rabin (<2^64),small-prime recurrence scan,v_p(u_n)=1; u_n is not squarefull
761,1,11741949953,22503841238700522304,1916533568,local deterministic Miller-Rabin (<2^64),FactorDB candidate discovery + local modular verification,v_p(u_n)=1; u_n is not squarefull
762,0,2,2,1,local deterministic Miller-Rabin (<2^64),small-prime recurrence scan,v_p(u_n)=1; u_n is not squarefull
763,0,239,4302,18,local deterministic Miller-Rabin (<2^64),small-prime recurrence scan,v_p(u_n)=1; u_n is not squarefull
764,0,3,3,1,local deterministic Miller-Rabin (<2^64),small-prime recurrence scan,v_p(u_n)=1; u_n is not squarefull
765,0,7,7,1,local deterministic Miller-Rabin (<2^64),small-prime recurrence scan,v_p(u_n)=1; u_n is not squarefull
766,0,2,2,1,local deterministic Miller-Rabin (<2^64),small-prime recurrence scan,v_p(u_n)=1; u_n is not squarefull
767,0,79,3713,47,local deterministic Miller-Rabin (<2^64),small-prime recurrence scan,v_p(u_n)=1; u_n is not squarefull
768,0,5,15,3,local deterministic Miller-Rabin (<2^64),small-prime recurrence scan,v_p(u_n)=1; u_n is not squarefull
769,1,18457,11074200,600,local deterministic Miller-Rabin (<2^64),small-prime recurrence scan,v_p(u_n)=1; u_n is not squarefull
770,0,2,2,1,local deterministic Miller-Rabin (<2^64),small-prime recurrence scan,v_p(u_n)=1; u_n is not squarefull
771,0,5,20,4,local deterministic Miller-Rabin (<2^64),small-prime recurrence scan,v_p(u_n)=1; u_n is not squarefull
772,0,3,6,2,local deterministic Miller-Rabin (<2^64),small-prime recurrence scan,v_p(u_n)=1; u_n is not squarefull
773,1,4637,4576719,987,local deterministic Miller-Rabin (<2^64),small-prime recurrence scan,v_p(u_n)=1; u_n is not squarefull
774,0,2,2,1,local deterministic Miller-Rabin (<2^64),small-prime recurrence scan,v_p(u_n)=1; u_n is not squarefull
775,0,29,116,4,local deterministic Miller-Rabin (<2^64),small-prime recurrence scan,v_p(u_n)=1; u_n is not squarefull
776,0,3,3,1,local deterministic Miller-Rabin (<2^64),small-prime recurrence scan,v_p(u_n)=1; u_n is not squarefull
777,0,5,15,3,local deterministic Miller-Rabin (<2^64),small-prime recurrence scan,v_p(u_n)=1; u_n is not squarefull
778,0,2,2,1,local deterministic Miller-Rabin (<2^64),small-prime recurrence scan,v_p(u_n)=1; u_n is not squarefull
779,0,37,1258,34,local deterministic Miller-Rabin (<2^64),small-prime recurrence scan,v_p(u_n)=1; u_n is not squarefull
780,0,7,35,5,local deterministic Miller-Rabin (<2^64),small-prime recurrence scan,v_p(u_n)=1; u_n is not squarefull
781,0,23,391,17,local deterministic Miller-Rabin (<2^64),small-prime recurrence scan,v_p(u_n)=1; u_n is not squarefull
782,0,2,2,1,local deterministic Miller-Rabin (<2^64),small-prime recurrence scan,v_p(u_n)=1; u_n is not squarefull
783,0,5,10,2,local deterministic Miller-Rabin (<2^64),small-prime recurrence scan,v_p(u_n)=1; u_n is not squarefull
784,0,3,6,2,local deterministic Miller-Rabin (<2^64),small-prime recurrence scan,v_p(u_n)=1; u_n is not squarefull
785,0,29,812,28,local deterministic Miller-Rabin (<2^64),small-prime recurrence scan,v_p(u_n)=1; u_n is not squarefull
786,0,2,2,1,local deterministic Miller-Rabin (<2^64),small-prime recurrence scan,v_p(u_n)=1; u_n is not squarefull
787,1,31481,567256139,18019,local deterministic Miller-Rabin (<2^64),small-prime recurrence scan,v_p(u_n)=1; u_n is not squarefull
788,0,3,3,1,local deterministic Miller-Rabin (<2^64),small-prime recurrence scan,v_p(u_n)=1; u_n is not squarefull
789,0,5,5,1,local deterministic Miller-Rabin (<2^64),small-prime recurrence scan,v_p(u_n)=1; u_n is not squarefull
790,0,2,2,1,local deterministic Miller-Rabin (<2^64),small-prime recurrence scan,v_p(u_n)=1; u_n is not squarefull
791,0,239,51624,216,local deterministic Miller-Rabin (<2^64),small-prime recurrence scan,v_p(u_n)=1; u_n is not squarefull
792,0,5,10,2,local deterministic Miller-Rabin (<2^64),small-prime recurrence scan,v_p(u_n)=1; u_n is not squarefull
793,0,79,5214,66,local deterministic Miller-Rabin (<2^64),small-prime recurrence scan,v_p(u_n)=1; u_n is not squarefull
794,0,2,2,1,local deterministic Miller-Rabin (<2^64),small-prime recurrence scan,v_p(u_n)=1; u_n is not squarefull
795,0,7,14,2,local deterministic Miller-Rabin (<2^64),small-prime recurrence scan,v_p(u_n)=1; u_n is not squarefull
796,0,3,6,2,local deterministic Miller-Rabin (<2^64),small-prime recurrence scan,v_p(u_n)=1; u_n is not squarefull
797,1,30584077,17409924664096,569248,local deterministic Miller-Rabin (<2^64),prime-index congruence search,v_p(u_n)=1; u_n is not squarefull
798,0,2,2,1,local deterministic Miller-Rabin (<2^64),small-prime recurrence scan,v_p(u_n)=1; u_n is not squarefull
799,0,103,8755,85,local deterministic Miller-Rabin (<2^64),small-prime recurrence scan,v_p(u_n)=1; u_n is not squarefull
800,0,3,3,1,local deterministic Miller-Rabin (<2^64),small-prime recurrence scan,v_p(u_n)=1; u_n is not squarefull
801,0,5,20,4,local deterministic Miller-Rabin (<2^64),small-prime recurrence scan,v_p(u_n)=1; u_n is not squarefull
802,0,2,2,1,local deterministic Miller-Rabin (<2^64),small-prime recurrence scan,v_p(u_n)=1; u_n is not squarefull
803,0,23,253,11,local deterministic Miller-Rabin (<2^64),small-prime recurrence scan,v_p(u_n)=1; u_n is not squarefull
804,0,5,20,4,local deterministic Miller-Rabin (<2^64),small-prime recurrence scan,v_p(u_n)=1; u_n is not squarefull
805,0,29,522,18,local deterministic Miller-Rabin (<2^64),small-prime recurrence scan,v_p(u_n)=1; u_n is not squarefull
806,0,2,2,1,local deterministic Miller-Rabin (<2^64),small-prime recurrence scan,v_p(u_n)=1; u_n is not squarefull
807,0,5,15,3,local deterministic Miller-Rabin (<2^64),small-prime recurrence scan,v_p(u_n)=1; u_n is not squarefull
808,0,3,6,2,local deterministic Miller-Rabin (<2^64),small-prime recurrence scan,v_p(u_n)=1; u_n is not squarefull
809,1,6473,28409997,4389,local deterministic Miller-Rabin (<2^64),small-prime recurrence scan,v_p(u_n)=1; u_n is not squarefull
810,0,2,2,1,local deterministic Miller-Rabin (<2^64),small-prime recurrence scan,v_p(u_n)=1; u_n is not squarefull
811,1,1621,129680,80,local deterministic Miller-Rabin (<2^64),small-prime recurrence scan,v_p(u_n)=1; u_n is not squarefull
812,0,3,3,1,local deterministic Miller-Rabin (<2^64),small-prime recurrence scan,v_p(u_n)=1; u_n is not squarefull
813,0,5,10,2,local deterministic Miller-Rabin (<2^64),small-prime recurrence scan,v_p(u_n)=1; u_n is not squarefull
814,0,2,2,1,local deterministic Miller-Rabin (<2^64),small-prime recurrence scan,v_p(u_n)=1; u_n is not squarefull
815,0,29,377,13,local deterministic Miller-Rabin (<2^64),small-prime recurrence scan,v_p(u_n)=1; u_n is not squarefull
816,0,5,5,1,local deterministic Miller-Rabin (<2^64),small-prime recurrence scan,v_p(u_n)=1; u_n is not squarefull
817,0,37,518,14,local deterministic Miller-Rabin (<2^64),small-prime recurrence scan,v_p(u_n)=1; u_n is not squarefull
818,0,2,2,1,local deterministic Miller-Rabin (<2^64),small-prime recurrence scan,v_p(u_n)=1; u_n is not squarefull
819,0,5,5,1,local deterministic Miller-Rabin (<2^64),small-prime recurrence scan,v_p(u_n)=1; u_n is not squarefull
820,0,3,6,2,local deterministic Miller-Rabin (<2^64),small-prime recurrence scan,v_p(u_n)=1; u_n is not squarefull
821,1,18061,110659747,6127,local deterministic Miller-Rabin (<2^64),small-prime recurrence scan,v_p(u_n)=1; u_n is not squarefull
822,0,2,2,1,local deterministic Miller-Rabin (<2^64),small-prime recurrence scan,v_p(u_n)=1; u_n is not squarefull
823,1,8231,38381153,4663,local deterministic Miller-Rabin (<2^64),small-prime recurrence scan,v_p(u_n)=1; u_n is not squarefull
824,0,3,3,1,local deterministic Miller-Rabin (<2^64),small-prime recurrence scan,v_p(u_n)=1; u_n is not squarefull
825,0,7,21,3,local deterministic Miller-Rabin (<2^64),small-prime recurrence scan,v_p(u_n)=1; u_n is not squarefull
826,0,2,2,1,local deterministic Miller-Rabin (<2^64),small-prime recurrence scan,v_p(u_n)=1; u_n is not squarefull
827,1,9477367073,11130956689479556239,1174477743,local deterministic Miller-Rabin (<2^64),FactorDB candidate discovery + local modular verification,v_p(u_n)=1; u_n is not squarefull
828,0,5,15,3,local deterministic Miller-Rabin (<2^64),small-prime recurrence scan,v_p(u_n)=1; u_n is not squarefull
829,1,124351,12967446631,104281,local deterministic Miller-Rabin (<2^64),small-prime recurrence scan,v_p(u_n)=1; u_n is not squarefull
830,0,2,2,1,local deterministic Miller-Rabin (<2^64),small-prime recurrence scan,v_p(u_n)=1; u_n is not squarefull
831,0,5,20,4,local deterministic Miller-Rabin (<2^64),small-prime recurrence scan,v_p(u_n)=1; u_n is not squarefull
832,0,3,6,2,local deterministic Miller-Rabin (<2^64),small-prime recurrence scan,v_p(u_n)=1; u_n is not squarefull
833,0,103,9579,93,local deterministic Miller-Rabin (<2^64),small-prime recurrence scan,v_p(u_n)=1; u_n is not squarefull
834,0,2,2,1,local deterministic Miller-Rabin (<2^64),small-prime recurrence scan,v_p(u_n)=1; u_n is not squarefull
835,0,29,87,3,local deterministic Miller-Rabin (<2^64),small-prime recurrence scan,v_p(u_n)=1; u_n is not squarefull
836,0,3,3,1,local deterministic Miller-Rabin (<2^64),small-prime recurrence scan,v_p(u_n)=1; u_n is not squarefull
837,0,5,15,3,local deterministic Miller-Rabin (<2^64),small-prime recurrence scan,v_p(u_n)=1; u_n is not squarefull
838,0,2,2,1,local deterministic Miller-Rabin (<2^64),small-prime recurrence scan,v_p(u_n)=1; u_n is not squarefull
839,1,37377968503,1308507441739813395282,35007452094,local deterministic Miller-Rabin (<2^64),FactorDB candidate discovery + local modular verification,v_p(u_n)=1; u_n is not squarefull
840,0,11,99,9,local deterministic Miller-Rabin (<2^64),small-prime recurrence scan,v_p(u_n)=1; u_n is not squarefull
841,0,45413,1794540108,39516,local deterministic Miller-Rabin (<2^64),small-prime recurrence scan,v_p(u_n)=1; u_n is not squarefull
842,0,2,2,1,local deterministic Miller-Rabin (<2^64),small-prime recurrence scan,v_p(u_n)=1; u_n is not squarefull
843,0,5,10,2,local deterministic Miller-Rabin (<2^64),small-prime recurrence scan,v_p(u_n)=1; u_n is not squarefull
844,0,3,6,2,local deterministic Miller-Rabin (<2^64),small-prime recurrence scan,v_p(u_n)=1; u_n is not squarefull
845,0,29,783,27,local deterministic Miller-Rabin (<2^64),small-prime recurrence scan,v_p(u_n)=1; u_n is not squarefull
846,0,2,2,1,local deterministic Miller-Rabin (<2^64),small-prime recurrence scan,v_p(u_n)=1; u_n is not squarefull
847,0,23,506,22,local deterministic Miller-Rabin (<2^64),small-prime recurrence scan,v_p(u_n)=1; u_n is not squarefull
848,0,3,3,1,local deterministic Miller-Rabin (<2^64),small-prime recurrence scan,v_p(u_n)=1; u_n is not squarefull
849,0,5,5,1,local deterministic Miller-Rabin (<2^64),small-prime recurrence scan,v_p(u_n)=1; u_n is not squarefull
850,0,2,2,1,local deterministic Miller-Rabin (<2^64),small-prime recurrence scan,v_p(u_n)=1; u_n is not squarefull
851,0,47,423,9,local deterministic Miller-Rabin (<2^64),small-prime recurrence scan,v_p(u_n)=1; u_n is not squarefull
852,0,5,10,2,local deterministic Miller-Rabin (<2^64),small-prime recurrence scan,v_p(u_n)=1; u_n is not squarefull
853,1,11941,62391725,5225,local deterministic Miller-Rabin (<2^64),small-prime recurrence scan,v_p(u_n)=1; u_n is not squarefull
854,0,2,2,1,local deterministic Miller-Rabin (<2^64),small-prime recurrence scan,v_p(u_n)=1; u_n is not squarefull
855,0,7,28,4,local deterministic Miller-Rabin (<2^64),small-prime recurrence scan,v_p(u_n)=1; u_n is not squarefull
856,0,3,6,2,local deterministic Miller-Rabin (<2^64),small-prime recurrence scan,v_p(u_n)=1; u_n is not squarefull
857,1,160812623,13669813336316292,85004604,local deterministic Miller-Rabin (<2^64),prime-index congruence search,v_p(u_n)=1; u_n is not squarefull
858,0,2,2,1,local deterministic Miller-Rabin (<2^64),small-prime recurrence scan,v_p(u_n)=1; u_n is not squarefull
859,1,343601,6299580734,18334,local deterministic Miller-Rabin (<2^64),prime-index congruence search,v_p(u_n)=1; u_n is not squarefull
860,0,3,3,1,local deterministic Miller-Rabin (<2^64),small-prime recurrence scan,v_p(u_n)=1; u_n is not squarefull
861,0,5,20,4,local deterministic Miller-Rabin (<2^64),small-prime recurrence scan,v_p(u_n)=1; u_n is not squarefull
862,0,2,2,1,local deterministic Miller-Rabin (<2^64),small-prime recurrence scan,v_p(u_n)=1; u_n is not squarefull
863,1,209110079,7307002287712991,34943329,local deterministic Miller-Rabin (<2^64),prime-index congruence search,v_p(u_n)=1; u_n is not squarefull
864,0,5,20,4,local deterministic Miller-Rabin (<2^64),small-prime recurrence scan,v_p(u_n)=1; u_n is not squarefull
865,0,29,493,17,local deterministic Miller-Rabin (<2^64),small-prime recurrence scan,v_p(u_n)=1; u_n is not squarefull
866,0,2,2,1,local deterministic Miller-Rabin (<2^64),small-prime recurrence scan,v_p(u_n)=1; u_n is not squarefull
867,0,5,15,3,local deterministic Miller-Rabin (<2^64),small-prime recurrence scan,v_p(u_n)=1; u_n is not squarefull
868,0,3,6,2,local deterministic Miller-Rabin (<2^64),small-prime recurrence scan,v_p(u_n)=1; u_n is not squarefull
869,0,23,368,16,local deterministic Miller-Rabin (<2^64),small-prime recurrence scan,v_p(u_n)=1; u_n is not squarefull
870,0,2,2,1,local deterministic Miller-Rabin (<2^64),small-prime recurrence scan,v_p(u_n)=1; u_n is not squarefull
871,0,79,3476,44,local deterministic Miller-Rabin (<2^64),small-prime recurrence scan,v_p(u_n)=1; u_n is not squarefull
872,0,3,3,1,local deterministic Miller-Rabin (<2^64),small-prime recurrence scan,v_p(u_n)=1; u_n is not squarefull
873,0,5,10,2,local deterministic Miller-Rabin (<2^64),small-prime recurrence scan,v_p(u_n)=1; u_n is not squarefull
874,0,2,2,1,local deterministic Miller-Rabin (<2^64),small-prime recurrence scan,v_p(u_n)=1; u_n is not squarefull
875,0,29,348,12,local deterministic Miller-Rabin (<2^64),small-prime recurrence scan,v_p(u_n)=1; u_n is not squarefull
876,0,5,5,1,local deterministic Miller-Rabin (<2^64),small-prime recurrence scan,v_p(u_n)=1; u_n is not squarefull
877,1,26309,469457796,17844,local deterministic Miller-Rabin (<2^64),small-prime recurrence scan,v_p(u_n)=1; u_n is not squarefull
878,0,2,2,1,local deterministic Miller-Rabin (<2^64),small-prime recurrence scan,v_p(u_n)=1; u_n is not squarefull
879,0,5,5,1,local deterministic Miller-Rabin (<2^64),small-prime recurrence scan,v_p(u_n)=1; u_n is not squarefull
880,0,3,6,2,local deterministic Miller-Rabin (<2^64),small-prime recurrence scan,v_p(u_n)=1; u_n is not squarefull
881,1,19381,25679825,1325,local deterministic Miller-Rabin (<2^64),small-prime recurrence scan,v_p(u_n)=1; u_n is not squarefull
882,0,2,2,1,local deterministic Miller-Rabin (<2^64),small-prime recurrence scan,v_p(u_n)=1; u_n is not squarefull
883,1,1018981,364716736463,357923,local deterministic Miller-Rabin (<2^64),prime-index congruence search,v_p(u_n)=1; u_n is not squarefull
884,0,3,3,1,local deterministic Miller-Rabin (<2^64),small-prime recurrence scan,v_p(u_n)=1; u_n is not squarefull
885,0,7,35,5,local deterministic Miller-Rabin (<2^64),small-prime recurrence scan,v_p(u_n)=1; u_n is not squarefull
886,0,2,2,1,local deterministic Miller-Rabin (<2^64),small-prime recurrence scan,v_p(u_n)=1; u_n is not squarefull
887,1,10808983,105088942858693,9722371,local deterministic Miller-Rabin (<2^64),prime-index congruence search,v_p(u_n)=1; u_n is not squarefull
888,0,5,15,3,local deterministic Miller-Rabin (<2^64),small-prime recurrence scan,v_p(u_n)=1; u_n is not squarefull
889,0,239,45888,192,local deterministic Miller-Rabin (<2^64),small-prime recurrence scan,v_p(u_n)=1; u_n is not squarefull
890,0,2,2,1,local deterministic Miller-Rabin (<2^64),small-prime recurrence scan,v_p(u_n)=1; u_n is not squarefull
891,0,5,20,4,local deterministic Miller-Rabin (<2^64),small-prime recurrence scan,v_p(u_n)=1; u_n is not squarefull
892,0,3,6,2,local deterministic Miller-Rabin (<2^64),small-prime recurrence scan,v_p(u_n)=1; u_n is not squarefull
893,0,37,407,11,local deterministic Miller-Rabin (<2^64),small-prime recurrence scan,v_p(u_n)=1; u_n is not squarefull
894,0,2,2,1,local deterministic Miller-Rabin (<2^64),small-prime recurrence scan,v_p(u_n)=1; u_n is not squarefull
895,0,29,58,2,local deterministic Miller-Rabin (<2^64),small-prime recurrence scan,v_p(u_n)=1; u_n is not squarefull
896,0,3,3,1,local deterministic Miller-Rabin (<2^64),small-prime recurrence scan,v_p(u_n)=1; u_n is not squarefull
897,0,5,15,3,local deterministic Miller-Rabin (<2^64),small-prime recurrence scan,v_p(u_n)=1; u_n is not squarefull
898,0,2,2,1,local deterministic Miller-Rabin (<2^64),small-prime recurrence scan,v_p(u_n)=1; u_n is not squarefull
899,0,61,732,12,local deterministic Miller-Rabin (<2^64),small-prime recurrence scan,v_p(u_n)=1; u_n is not squarefull
900,0,7,14,2,local deterministic Miller-Rabin (<2^64),small-prime recurrence scan,v_p(u_n)=1; u_n is not squarefull
901,0,103,618,6,local deterministic Miller-Rabin (<2^64),small-prime recurrence scan,v_p(u_n)=1; u_n is not squarefull
902,0,2,2,1,local deterministic Miller-Rabin (<2^64),small-prime recurrence scan,v_p(u_n)=1; u_n is not squarefull
903,0,5,10,2,local deterministic Miller-Rabin (<2^64),small-prime recurrence scan,v_p(u_n)=1; u_n is not squarefull
904,0,3,6,2,local deterministic Miller-Rabin (<2^64),small-prime recurrence scan,v_p(u_n)=1; u_n is not squarefull
905,0,29,754,26,local deterministic Miller-Rabin (<2^64),small-prime recurrence scan,v_p(u_n)=1; u_n is not squarefull
906,0,2,2,1,local deterministic Miller-Rabin (<2^64),small-prime recurrence scan,v_p(u_n)=1; u_n is not squarefull
907,1,159619303,24949253335157614,156304738,local deterministic Miller-Rabin (<2^64),prime-index congruence search,v_p(u_n)=1; u_n is not squarefull
908,0,3,3,1,local deterministic Miller-Rabin (<2^64),small-prime recurrence scan,v_p(u_n)=1; u_n is not squarefull
909,0,5,5,1,local deterministic Miller-Rabin (<2^64),small-prime recurrence scan,v_p(u_n)=1; u_n is not squarefull
910,0,2,2,1,local deterministic Miller-Rabin (<2^64),small-prime recurrence scan,v_p(u_n)=1; u_n is not squarefull
911,1,1823,2572253,1411,local deterministic Miller-Rabin (<2^64),small-prime recurrence scan,v_p(u_n)=1; u_n is not squarefull
912,0,5,10,2,local deterministic Miller-Rabin (<2^64),small-prime recurrence scan,v_p(u_n)=1; u_n is not squarefull
913,0,23,92,4,local deterministic Miller-Rabin (<2^64),small-prime recurrence scan,v_p(u_n)=1; u_n is not squarefull
914,0,2,2,1,local deterministic Miller-Rabin (<2^64),small-prime recurrence scan,v_p(u_n)=1; u_n is not squarefull
915,0,7,42,6,local deterministic Miller-Rabin (<2^64),small-prime recurrence scan,v_p(u_n)=1; u_n is not squarefull
916,0,3,6,2,local deterministic Miller-Rabin (<2^64),small-prime recurrence scan,v_p(u_n)=1; u_n is not squarefull
917,0,239,36089,151,local deterministic Miller-Rabin (<2^64),small-prime recurrence scan,v_p(u_n)=1; u_n is not squarefull
918,0,2,2,1,local deterministic Miller-Rabin (<2^64),small-prime recurrence scan,v_p(u_n)=1; u_n is not squarefull
919,1,4471853,12375388104788,2767396,local deterministic Miller-Rabin (<2^64),prime-index congruence search,v_p(u_n)=1; u_n is not squarefull
920,0,3,3,1,local deterministic Miller-Rabin (<2^64),small-prime recurrence scan,v_p(u_n)=1; u_n is not squarefull
921,0,5,20,4,local deterministic Miller-Rabin (<2^64),small-prime recurrence scan,v_p(u_n)=1; u_n is not squarefull
922,0,2,2,1,local deterministic Miller-Rabin (<2^64),small-prime recurrence scan,v_p(u_n)=1; u_n is not squarefull
923,0,79,237,3,local deterministic Miller-Rabin (<2^64),small-prime recurrence scan,v_p(u_n)=1; u_n is not squarefull
924,0,5,20,4,local deterministic Miller-Rabin (<2^64),small-prime recurrence scan,v_p(u_n)=1; u_n is not squarefull
925,0,29,464,16,local deterministic Miller-Rabin (<2^64),small-prime recurrence scan,v_p(u_n)=1; u_n is not squarefull
926,0,2,2,1,local deterministic Miller-Rabin (<2^64),small-prime recurrence scan,v_p(u_n)=1; u_n is not squarefull
927,0,5,15,3,local deterministic Miller-Rabin (<2^64),small-prime recurrence scan,v_p(u_n)=1; u_n is not squarefull
928,0,3,6,2,local deterministic Miller-Rabin (<2^64),small-prime recurrence scan,v_p(u_n)=1; u_n is not squarefull
929,1,7433,787898,106,local deterministic Miller-Rabin (<2^64),small-prime recurrence scan,v_p(u_n)=1; u_n is not squarefull
930,0,2,2,1,local deterministic Miller-Rabin (<2^64),small-prime recurrence scan,v_p(u_n)=1; u_n is not squarefull
931,0,37,1036,28,local deterministic Miller-Rabin (<2^64),small-prime recurrence scan,v_p(u_n)=1; u_n is not squarefull
932,0,3,3,1,local deterministic Miller-Rabin (<2^64),small-prime recurrence scan,v_p(u_n)=1; u_n is not squarefull
933,0,5,10,2,local deterministic Miller-Rabin (<2^64),small-prime recurrence scan,v_p(u_n)=1; u_n is not squarefull
934,0,2,2,1,local deterministic Miller-Rabin (<2^64),small-prime recurrence scan,v_p(u_n)=1; u_n is not squarefull
935,0,23,483,21,local deterministic Miller-Rabin (<2^64),small-prime recurrence scan,v_p(u_n)=1; u_n is not squarefull
936,0,5,5,1,local deterministic Miller-Rabin (<2^64),small-prime recurrence scan,v_p(u_n)=1; u_n is not squarefull
937,1,27633725151978798737,733579035316833635571925669171918680174,26546512686303657102,local Pocklington certificate,FactorDB candidate discovery + local modular verification,v_p(u_n)=1; u_n is not squarefull
938,0,2,2,1,local deterministic Miller-Rabin (<2^64),small-prime recurrence scan,v_p(u_n)=1; u_n is not squarefull
939,0,5,5,1,local deterministic Miller-Rabin (<2^64),small-prime recurrence scan,v_p(u_n)=1; u_n is not squarefull
940,0,3,6,2,local deterministic Miller-Rabin (<2^64),small-prime recurrence scan,v_p(u_n)=1; u_n is not squarefull
941,1,5358053,27607453811348,5152516,local deterministic Miller-Rabin (<2^64),prime-index congruence search,v_p(u_n)=1; u_n is not squarefull
942,0,2,2,1,local deterministic Miller-Rabin (<2^64),small-prime recurrence scan,v_p(u_n)=1; u_n is not squarefull
943,0,47,2021,43,local deterministic Miller-Rabin (<2^64),small-prime recurrence scan,v_p(u_n)=1; u_n is not squarefull
944,0,3,3,1,local deterministic Miller-Rabin (<2^64),small-prime recurrence scan,v_p(u_n)=1; u_n is not squarefull
945,0,29,174,6,local deterministic Miller-Rabin (<2^64),small-prime recurrence scan,v_p(u_n)=1; u_n is not squarefull
946,0,2,2,1,local deterministic Miller-Rabin (<2^64),small-prime recurrence scan,v_p(u_n)=1; u_n is not squarefull
947,1,545473,20596515007,37759,local deterministic Miller-Rabin (<2^64),prime-index congruence search,v_p(u_n)=1; u_n is not squarefull
948,0,5,15,3,local deterministic Miller-Rabin (<2^64),small-prime recurrence scan,v_p(u_n)=1; u_n is not squarefull
949,0,79,1738,22,local deterministic Miller-Rabin (<2^64),small-prime recurrence scan,v_p(u_n)=1; u_n is not squarefull
950,0,2,2,1,local deterministic Miller-Rabin (<2^64),small-prime recurrence scan,v_p(u_n)=1; u_n is not squarefull
951,0,5,20,4,local deterministic Miller-Rabin (<2^64),small-prime recurrence scan,v_p(u_n)=1; u_n is not squarefull
952,0,3,6,2,local deterministic Miller-Rabin (<2^64),small-prime recurrence scan,v_p(u_n)=1; u_n is not squarefull
953,1,5717,15658863,2739,local deterministic Miller-Rabin (<2^64),small-prime recurrence scan,v_p(u_n)=1; u_n is not squarefull
954,0,2,2,1,local deterministic Miller-Rabin (<2^64),small-prime recurrence scan,v_p(u_n)=1; u_n is not squarefull
955,0,29,29,1,local deterministic Miller-Rabin (<2^64),small-prime recurrence scan,v_p(u_n)=1; u_n is not squarefull
956,0,3,3,1,local deterministic Miller-Rabin (<2^64),small-prime recurrence scan,v_p(u_n)=1; u_n is not squarefull
957,0,5,15,3,local deterministic Miller-Rabin (<2^64),small-prime recurrence scan,v_p(u_n)=1; u_n is not squarefull
958,0,2,2,1,local deterministic Miller-Rabin (<2^64),small-prime recurrence scan,v_p(u_n)=1; u_n is not squarefull
959,0,239,49951,209,local deterministic Miller-Rabin (<2^64),small-prime recurrence scan,v_p(u_n)=1; u_n is not squarefull
960,0,7,28,4,local deterministic Miller-Rabin (<2^64),small-prime recurrence scan,v_p(u_n)=1; u_n is not squarefull
961,0,61,3477,57,local deterministic Miller-Rabin (<2^64),small-prime recurrence scan,v_p(u_n)=1; u_n is not squarefull
962,0,2,2,1,local deterministic Miller-Rabin (<2^64),small-prime recurrence scan,v_p(u_n)=1; u_n is not squarefull
963,0,5,10,2,local deterministic Miller-Rabin (<2^64),small-prime recurrence scan,v_p(u_n)=1; u_n is not squarefull
964,0,3,6,2,local deterministic Miller-Rabin (<2^64),small-prime recurrence scan,v_p(u_n)=1; u_n is not squarefull
965,0,29,725,25,local deterministic Miller-Rabin (<2^64),small-prime recurrence scan,v_p(u_n)=1; u_n is not squarefull
966,0,2,2,1,local deterministic Miller-Rabin (<2^64),small-prime recurrence scan,v_p(u_n)=1; u_n is not squarefull
967,1,1933,711344,368,local deterministic Miller-Rabin (<2^64),small-prime recurrence scan,v_p(u_n)=1; u_n is not squarefull
968,0,3,3,1,local deterministic Miller-Rabin (<2^64),small-prime recurrence scan,v_p(u_n)=1; u_n is not squarefull
969,0,5,5,1,local deterministic Miller-Rabin (<2^64),small-prime recurrence scan,v_p(u_n)=1; u_n is not squarefull
970,0,2,2,1,local deterministic Miller-Rabin (<2^64),small-prime recurrence scan,v_p(u_n)=1; u_n is not squarefull
971,1,54377,1802651927,33151,local deterministic Miller-Rabin (<2^64),small-prime recurrence scan,v_p(u_n)=1; u_n is not squarefull
972,0,5,10,2,local deterministic Miller-Rabin (<2^64),small-prime recurrence scan,v_p(u_n)=1; u_n is not squarefull
973,0,239,16491,69,local deterministic Miller-Rabin (<2^64),small-prime recurrence scan,v_p(u_n)=1; u_n is not squarefull
974,0,2,2,1,local deterministic Miller-Rabin (<2^64),small-prime recurrence scan,v_p(u_n)=1; u_n is not squarefull
975,0,7,7,1,local deterministic Miller-Rabin (<2^64),small-prime recurrence scan,v_p(u_n)=1; u_n is not squarefull
976,0,3,6,2,local deterministic Miller-Rabin (<2^64),small-prime recurrence scan,v_p(u_n)=1; u_n is not squarefull
977,1,5861,29252251,4991,local deterministic Miller-Rabin (<2^64),small-prime recurrence scan,v_p(u_n)=1; u_n is not squarefull
978,0,2,2,1,local deterministic Miller-Rabin (<2^64),small-prime recurrence scan,v_p(u_n)=1; u_n is not squarefull
979,0,23,207,9,local deterministic Miller-Rabin (<2^64),small-prime recurrence scan,v_p(u_n)=1; u_n is not squarefull
980,0,3,3,1,local deterministic Miller-Rabin (<2^64),small-prime recurrence scan,v_p(u_n)=1; u_n is not squarefull
981,0,5,20,4,local deterministic Miller-Rabin (<2^64),small-prime recurrence scan,v_p(u_n)=1; u_n is not squarefull
982,0,2,2,1,local deterministic Miller-Rabin (<2^64),small-prime recurrence scan,v_p(u_n)=1; u_n is not squarefull
983,1,64877,3219391371,49623,local deterministic Miller-Rabin (<2^64),small-prime recurrence scan,v_p(u_n)=1; u_n is not squarefull
984,0,5,20,4,local deterministic Miller-Rabin (<2^64),small-prime recurrence scan,v_p(u_n)=1; u_n is not squarefull
985,0,29,435,15,local deterministic Miller-Rabin (<2^64),small-prime recurrence scan,v_p(u_n)=1; u_n is not squarefull
986,0,2,2,1,local deterministic Miller-Rabin (<2^64),small-prime recurrence scan,v_p(u_n)=1; u_n is not squarefull
987,0,5,15,3,local deterministic Miller-Rabin (<2^64),small-prime recurrence scan,v_p(u_n)=1; u_n is not squarefull
988,0,3,6,2,local deterministic Miller-Rabin (<2^64),small-prime recurrence scan,v_p(u_n)=1; u_n is not squarefull
989,0,47,611,13,local deterministic Miller-Rabin (<2^64),small-prime recurrence scan,v_p(u_n)=1; u_n is not squarefull
990,0,2,2,1,local deterministic Miller-Rabin (<2^64),small-prime recurrence scan,v_p(u_n)=1; u_n is not squarefull
991,1,707573,128132979424,181088,local deterministic Miller-Rabin (<2^64),prime-index congruence search,v_p(u_n)=1; u_n is not squarefull
992,0,3,3,1,local deterministic Miller-Rabin (<2^64),small-prime recurrence scan,v_p(u_n)=1; u_n is not squarefull
993,0,5,10,2,local deterministic Miller-Rabin (<2^64),small-prime recurrence scan,v_p(u_n)=1; u_n is not squarefull
994,0,2,2,1,local deterministic Miller-Rabin (<2^64),small-prime recurrence scan,v_p(u_n)=1; u_n is not squarefull
995,0,29,290,10,local deterministic Miller-Rabin (<2^64),small-prime recurrence scan,v_p(u_n)=1; u_n is not squarefull
996,0,5,5,1,local deterministic Miller-Rabin (<2^64),small-prime recurrence scan,v_p(u_n)=1; u_n is not squarefull
997,1,229309,41013978431,178859,local deterministic Miller-Rabin (<2^64),prime-index congruence search,v_p(u_n)=1; u_n is not squarefull
998,0,2,2,1,local deterministic Miller-Rabin (<2^64),small-prime recurrence scan,v_p(u_n)=1; u_n is not squarefull
999,0,5,5,1,local deterministic Miller-Rabin (<2^64),small-prime recurrence scan,v_p(u_n)=1; u_n is not squarefull
1000,0,3,6,2,local deterministic Miller-Rabin (<2^64),small-prime recurrence scan,v_p(u_n)=1; u_n is not squarefull
