n,is_prime_index,p,u_n_mod_p2,u_n_over_p_mod_p,prime_basis,candidate_discovery,conclusion
2,1,2,2,1,local deterministic Miller-Rabin (<2^64),small-prime recurrence scan,v_p(u_n)=1; u_n is not squarefull
3,1,5,10,2,local deterministic Miller-Rabin (<2^64),small-prime recurrence scan,v_p(u_n)=1; u_n is not squarefull
4,0,3,6,2,local deterministic Miller-Rabin (<2^64),small-prime recurrence scan,v_p(u_n)=1; u_n is not squarefull
5,1,29,348,12,local deterministic Miller-Rabin (<2^64),small-prime recurrence scan,v_p(u_n)=1; u_n is not squarefull
6,0,2,2,1,local deterministic Miller-Rabin (<2^64),small-prime recurrence scan,v_p(u_n)=1; u_n is not squarefull
7,1,239,40391,169,local deterministic Miller-Rabin (<2^64),small-prime recurrence scan,v_p(u_n)=1; u_n is not squarefull
8,0,3,3,1,local deterministic Miller-Rabin (<2^64),small-prime recurrence scan,v_p(u_n)=1; u_n is not squarefull
9,0,5,5,1,local deterministic Miller-Rabin (<2^64),small-prime recurrence scan,v_p(u_n)=1; u_n is not squarefull
10,0,2,2,1,local deterministic Miller-Rabin (<2^64),small-prime recurrence scan,v_p(u_n)=1; u_n is not squarefull
11,1,23,460,20,local deterministic Miller-Rabin (<2^64),small-prime recurrence scan,v_p(u_n)=1; u_n is not squarefull
12,0,5,10,2,local deterministic Miller-Rabin (<2^64),small-prime recurrence scan,v_p(u_n)=1; u_n is not squarefull
13,1,79,3871,49,local deterministic Miller-Rabin (<2^64),small-prime recurrence scan,v_p(u_n)=1; u_n is not squarefull
14,0,2,2,1,local deterministic Miller-Rabin (<2^64),small-prime recurrence scan,v_p(u_n)=1; u_n is not squarefull
15,0,7,28,4,local deterministic Miller-Rabin (<2^64),small-prime recurrence scan,v_p(u_n)=1; u_n is not squarefull
16,0,3,6,2,local deterministic Miller-Rabin (<2^64),small-prime recurrence scan,v_p(u_n)=1; u_n is not squarefull
17,1,103,412,4,local deterministic Miller-Rabin (<2^64),small-prime recurrence scan,v_p(u_n)=1; u_n is not squarefull
18,0,2,2,1,local deterministic Miller-Rabin (<2^64),small-prime recurrence scan,v_p(u_n)=1; u_n is not squarefull
19,1,37,999,27,local deterministic Miller-Rabin (<2^64),small-prime recurrence scan,v_p(u_n)=1; u_n is not squarefull
20,0,3,3,1,local deterministic Miller-Rabin (<2^64),small-prime recurrence scan,v_p(u_n)=1; u_n is not squarefull
21,0,5,20,4,local deterministic Miller-Rabin (<2^64),small-prime recurrence scan,v_p(u_n)=1; u_n is not squarefull
22,0,2,2,1,local deterministic Miller-Rabin (<2^64),small-prime recurrence scan,v_p(u_n)=1; u_n is not squarefull
23,1,47,1504,32,local deterministic Miller-Rabin (<2^64),small-prime recurrence scan,v_p(u_n)=1; u_n is not squarefull
24,0,5,20,4,local deterministic Miller-Rabin (<2^64),small-prime recurrence scan,v_p(u_n)=1; u_n is not squarefull
25,0,29,58,2,local deterministic Miller-Rabin (<2^64),small-prime recurrence scan,v_p(u_n)=1; u_n is not squarefull
26,0,2,2,1,local deterministic Miller-Rabin (<2^64),small-prime recurrence scan,v_p(u_n)=1; u_n is not squarefull
27,0,5,15,3,local deterministic Miller-Rabin (<2^64),small-prime recurrence scan,v_p(u_n)=1; u_n is not squarefull
28,0,3,6,2,local deterministic Miller-Rabin (<2^64),small-prime recurrence scan,v_p(u_n)=1; u_n is not squarefull
29,1,44560482149,822477596969312915748,18457556052,local deterministic Miller-Rabin (<2^64),FactorDB candidate discovery + local modular verification,v_p(u_n)=1; u_n is not squarefull
30,0,2,2,1,local deterministic Miller-Rabin (<2^64),small-prime recurrence scan,v_p(u_n)=1; u_n is not squarefull
31,1,61,3233,53,local deterministic Miller-Rabin (<2^64),small-prime recurrence scan,v_p(u_n)=1; u_n is not squarefull
32,0,3,3,1,local deterministic Miller-Rabin (<2^64),small-prime recurrence scan,v_p(u_n)=1; u_n is not squarefull
33,0,5,10,2,local deterministic Miller-Rabin (<2^64),small-prime recurrence scan,v_p(u_n)=1; u_n is not squarefull
34,0,2,2,1,local deterministic Miller-Rabin (<2^64),small-prime recurrence scan,v_p(u_n)=1; u_n is not squarefull
35,0,29,754,26,local deterministic Miller-Rabin (<2^64),small-prime recurrence scan,v_p(u_n)=1; u_n is not squarefull
36,0,5,5,1,local deterministic Miller-Rabin (<2^64),small-prime recurrence scan,v_p(u_n)=1; u_n is not squarefull
37,1,223,7805,35,local deterministic Miller-Rabin (<2^64),small-prime recurrence scan,v_p(u_n)=1; u_n is not squarefull
38,0,2,2,1,local deterministic Miller-Rabin (<2^64),small-prime recurrence scan,v_p(u_n)=1; u_n is not squarefull
39,0,5,5,1,local deterministic Miller-Rabin (<2^64),small-prime recurrence scan,v_p(u_n)=1; u_n is not squarefull
40,0,3,6,2,local deterministic Miller-Rabin (<2^64),small-prime recurrence scan,v_p(u_n)=1; u_n is not squarefull
41,1,2297,1614791,703,local deterministic Miller-Rabin (<2^64),small-prime recurrence scan,v_p(u_n)=1; u_n is not squarefull
42,0,2,2,1,local deterministic Miller-Rabin (<2^64),small-prime recurrence scan,v_p(u_n)=1; u_n is not squarefull
43,1,11437,25653191,2243,local deterministic Miller-Rabin (<2^64),small-prime recurrence scan,v_p(u_n)=1; u_n is not squarefull
44,0,3,3,1,local deterministic Miller-Rabin (<2^64),small-prime recurrence scan,v_p(u_n)=1; u_n is not squarefull
45,0,7,35,5,local deterministic Miller-Rabin (<2^64),small-prime recurrence scan,v_p(u_n)=1; u_n is not squarefull
46,0,2,2,1,local deterministic Miller-Rabin (<2^64),small-prime recurrence scan,v_p(u_n)=1; u_n is not squarefull
47,1,3761,3095303,823,local deterministic Miller-Rabin (<2^64),small-prime recurrence scan,v_p(u_n)=1; u_n is not squarefull
48,0,5,15,3,local deterministic Miller-Rabin (<2^64),small-prime recurrence scan,v_p(u_n)=1; u_n is not squarefull
49,0,239,54253,227,local deterministic Miller-Rabin (<2^64),small-prime recurrence scan,v_p(u_n)=1; u_n is not squarefull
50,0,2,2,1,local deterministic Miller-Rabin (<2^64),small-prime recurrence scan,v_p(u_n)=1; u_n is not squarefull
51,0,5,20,4,local deterministic Miller-Rabin (<2^64),small-prime recurrence scan,v_p(u_n)=1; u_n is not squarefull
52,0,3,6,2,local deterministic Miller-Rabin (<2^64),small-prime recurrence scan,v_p(u_n)=1; u_n is not squarefull
53,1,9940681,30511747329142,3069382,local deterministic Miller-Rabin (<2^64),prime-index congruence search,v_p(u_n)=1; u_n is not squarefull
54,0,2,2,1,local deterministic Miller-Rabin (<2^64),small-prime recurrence scan,v_p(u_n)=1; u_n is not squarefull
55,0,23,184,8,local deterministic Miller-Rabin (<2^64),small-prime recurrence scan,v_p(u_n)=1; u_n is not squarefull
56,0,3,3,1,local deterministic Miller-Rabin (<2^64),small-prime recurrence scan,v_p(u_n)=1; u_n is not squarefull
57,0,5,15,3,local deterministic Miller-Rabin (<2^64),small-prime recurrence scan,v_p(u_n)=1; u_n is not squarefull
58,0,2,2,1,local deterministic Miller-Rabin (<2^64),small-prime recurrence scan,v_p(u_n)=1; u_n is not squarefull
59,1,13558774610046711780701,76149174120842123443216541543331524963116498,5616228332641321147898,local Pocklington certificate,FactorDB candidate discovery + local modular verification,v_p(u_n)=1; u_n is not squarefull
60,0,7,14,2,local deterministic Miller-Rabin (<2^64),small-prime recurrence scan,v_p(u_n)=1; u_n is not squarefull
61,1,853,516918,606,local deterministic Miller-Rabin (<2^64),small-prime recurrence scan,v_p(u_n)=1; u_n is not squarefull
62,0,2,2,1,local deterministic Miller-Rabin (<2^64),small-prime recurrence scan,v_p(u_n)=1; u_n is not squarefull
63,0,5,10,2,local deterministic Miller-Rabin (<2^64),small-prime recurrence scan,v_p(u_n)=1; u_n is not squarefull
64,0,3,6,2,local deterministic Miller-Rabin (<2^64),small-prime recurrence scan,v_p(u_n)=1; u_n is not squarefull
65,0,29,319,11,local deterministic Miller-Rabin (<2^64),small-prime recurrence scan,v_p(u_n)=1; u_n is not squarefull
66,0,2,2,1,local deterministic Miller-Rabin (<2^64),small-prime recurrence scan,v_p(u_n)=1; u_n is not squarefull
67,1,4289,9757475,2275,local deterministic Miller-Rabin (<2^64),small-prime recurrence scan,v_p(u_n)=1; u_n is not squarefull
68,0,3,3,1,local deterministic Miller-Rabin (<2^64),small-prime recurrence scan,v_p(u_n)=1; u_n is not squarefull
69,0,5,5,1,local deterministic Miller-Rabin (<2^64),small-prime recurrence scan,v_p(u_n)=1; u_n is not squarefull
70,0,2,2,1,local deterministic Miller-Rabin (<2^64),small-prime recurrence scan,v_p(u_n)=1; u_n is not squarefull
71,1,569,240118,422,local deterministic Miller-Rabin (<2^64),small-prime recurrence scan,v_p(u_n)=1; u_n is not squarefull
72,0,5,10,2,local deterministic Miller-Rabin (<2^64),small-prime recurrence scan,v_p(u_n)=1; u_n is not squarefull
73,1,2593399,6406556538468,2470332,local deterministic Miller-Rabin (<2^64),prime-index congruence search,v_p(u_n)=1; u_n is not squarefull
74,0,2,2,1,local deterministic Miller-Rabin (<2^64),small-prime recurrence scan,v_p(u_n)=1; u_n is not squarefull
75,0,7,42,6,local deterministic Miller-Rabin (<2^64),small-prime recurrence scan,v_p(u_n)=1; u_n is not squarefull
76,0,3,6,2,local deterministic Miller-Rabin (<2^64),small-prime recurrence scan,v_p(u_n)=1; u_n is not squarefull
77,0,23,46,2,local deterministic Miller-Rabin (<2^64),small-prime recurrence scan,v_p(u_n)=1; u_n is not squarefull
78,0,2,2,1,local deterministic Miller-Rabin (<2^64),small-prime recurrence scan,v_p(u_n)=1; u_n is not squarefull
79,1,157,9734,62,local deterministic Miller-Rabin (<2^64),small-prime recurrence scan,v_p(u_n)=1; u_n is not squarefull
80,0,3,3,1,local deterministic Miller-Rabin (<2^64),small-prime recurrence scan,v_p(u_n)=1; u_n is not squarefull
81,0,5,20,4,local deterministic Miller-Rabin (<2^64),small-prime recurrence scan,v_p(u_n)=1; u_n is not squarefull
82,0,2,2,1,local deterministic Miller-Rabin (<2^64),small-prime recurrence scan,v_p(u_n)=1; u_n is not squarefull
83,1,167,23881,143,local deterministic Miller-Rabin (<2^64),small-prime recurrence scan,v_p(u_n)=1; u_n is not squarefull
84,0,5,20,4,local deterministic Miller-Rabin (<2^64),small-prime recurrence scan,v_p(u_n)=1; u_n is not squarefull
85,0,29,29,1,local deterministic Miller-Rabin (<2^64),small-prime recurrence scan,v_p(u_n)=1; u_n is not squarefull
86,0,2,2,1,local deterministic Miller-Rabin (<2^64),small-prime recurrence scan,v_p(u_n)=1; u_n is not squarefull
87,0,5,15,3,local deterministic Miller-Rabin (<2^64),small-prime recurrence scan,v_p(u_n)=1; u_n is not squarefull
88,0,3,6,2,local deterministic Miller-Rabin (<2^64),small-prime recurrence scan,v_p(u_n)=1; u_n is not squarefull
89,1,2671,1343513,503,local deterministic Miller-Rabin (<2^64),small-prime recurrence scan,v_p(u_n)=1; u_n is not squarefull
90,0,2,2,1,local deterministic Miller-Rabin (<2^64),small-prime recurrence scan,v_p(u_n)=1; u_n is not squarefull
91,0,79,2133,27,local deterministic Miller-Rabin (<2^64),small-prime recurrence scan,v_p(u_n)=1; u_n is not squarefull
92,0,3,3,1,local deterministic Miller-Rabin (<2^64),small-prime recurrence scan,v_p(u_n)=1; u_n is not squarefull
93,0,5,10,2,local deterministic Miller-Rabin (<2^64),small-prime recurrence scan,v_p(u_n)=1; u_n is not squarefull
94,0,2,2,1,local deterministic Miller-Rabin (<2^64),small-prime recurrence scan,v_p(u_n)=1; u_n is not squarefull
95,0,29,725,25,local deterministic Miller-Rabin (<2^64),small-prime recurrence scan,v_p(u_n)=1; u_n is not squarefull
96,0,5,5,1,local deterministic Miller-Rabin (<2^64),small-prime recurrence scan,v_p(u_n)=1; u_n is not squarefull
97,1,4463,19472069,4363,local deterministic Miller-Rabin (<2^64),small-prime recurrence scan,v_p(u_n)=1; u_n is not squarefull
98,0,2,2,1,local deterministic Miller-Rabin (<2^64),small-prime recurrence scan,v_p(u_n)=1; u_n is not squarefull
99,0,5,5,1,local deterministic Miller-Rabin (<2^64),small-prime recurrence scan,v_p(u_n)=1; u_n is not squarefull
100,0,3,6,2,local deterministic Miller-Rabin (<2^64),small-prime recurrence scan,v_p(u_n)=1; u_n is not squarefull
101,1,607,164497,271,local deterministic Miller-Rabin (<2^64),small-prime recurrence scan,v_p(u_n)=1; u_n is not squarefull
102,0,2,2,1,local deterministic Miller-Rabin (<2^64),small-prime recurrence scan,v_p(u_n)=1; u_n is not squarefull
103,1,1031,374253,363,local deterministic Miller-Rabin (<2^64),small-prime recurrence scan,v_p(u_n)=1; u_n is not squarefull
104,0,3,3,1,local deterministic Miller-Rabin (<2^64),small-prime recurrence scan,v_p(u_n)=1; u_n is not squarefull
105,0,29,580,20,local deterministic Miller-Rabin (<2^64),small-prime recurrence scan,v_p(u_n)=1; u_n is not squarefull
106,0,2,2,1,local deterministic Miller-Rabin (<2^64),small-prime recurrence scan,v_p(u_n)=1; u_n is not squarefull
107,1,857,100269,117,local deterministic Miller-Rabin (<2^64),small-prime recurrence scan,v_p(u_n)=1; u_n is not squarefull
108,0,5,15,3,local deterministic Miller-Rabin (<2^64),small-prime recurrence scan,v_p(u_n)=1; u_n is not squarefull
109,1,2617,5197362,1986,local deterministic Miller-Rabin (<2^64),small-prime recurrence scan,v_p(u_n)=1; u_n is not squarefull
110,0,2,2,1,local deterministic Miller-Rabin (<2^64),small-prime recurrence scan,v_p(u_n)=1; u_n is not squarefull
111,0,5,20,4,local deterministic Miller-Rabin (<2^64),small-prime recurrence scan,v_p(u_n)=1; u_n is not squarefull
112,0,3,6,2,local deterministic Miller-Rabin (<2^64),small-prime recurrence scan,v_p(u_n)=1; u_n is not squarefull
113,1,677,431249,637,local deterministic Miller-Rabin (<2^64),small-prime recurrence scan,v_p(u_n)=1; u_n is not squarefull
114,0,2,2,1,local deterministic Miller-Rabin (<2^64),small-prime recurrence scan,v_p(u_n)=1; u_n is not squarefull
115,0,29,435,15,local deterministic Miller-Rabin (<2^64),small-prime recurrence scan,v_p(u_n)=1; u_n is not squarefull
116,0,3,3,1,local deterministic Miller-Rabin (<2^64),small-prime recurrence scan,v_p(u_n)=1; u_n is not squarefull
117,0,5,15,3,local deterministic Miller-Rabin (<2^64),small-prime recurrence scan,v_p(u_n)=1; u_n is not squarefull
118,0,2,2,1,local deterministic Miller-Rabin (<2^64),small-prime recurrence scan,v_p(u_n)=1; u_n is not squarefull
119,0,103,2884,28,local deterministic Miller-Rabin (<2^64),small-prime recurrence scan,v_p(u_n)=1; u_n is not squarefull
120,0,7,28,4,local deterministic Miller-Rabin (<2^64),small-prime recurrence scan,v_p(u_n)=1; u_n is not squarefull
121,0,23,299,13,local deterministic Miller-Rabin (<2^64),small-prime recurrence scan,v_p(u_n)=1; u_n is not squarefull
122,0,2,2,1,local deterministic Miller-Rabin (<2^64),small-prime recurrence scan,v_p(u_n)=1; u_n is not squarefull
123,0,5,10,2,local deterministic Miller-Rabin (<2^64),small-prime recurrence scan,v_p(u_n)=1; u_n is not squarefull
124,0,3,6,2,local deterministic Miller-Rabin (<2^64),small-prime recurrence scan,v_p(u_n)=1; u_n is not squarefull
125,0,29,290,10,local deterministic Miller-Rabin (<2^64),small-prime recurrence scan,v_p(u_n)=1; u_n is not squarefull
126,0,2,2,1,local deterministic Miller-Rabin (<2^64),small-prime recurrence scan,v_p(u_n)=1; u_n is not squarefull
127,1,206249,10730516723,52027,local deterministic Miller-Rabin (<2^64),prime-index congruence search,v_p(u_n)=1; u_n is not squarefull
128,0,3,3,1,local deterministic Miller-Rabin (<2^64),small-prime recurrence scan,v_p(u_n)=1; u_n is not squarefull
129,0,5,5,1,local deterministic Miller-Rabin (<2^64),small-prime recurrence scan,v_p(u_n)=1; u_n is not squarefull
130,0,2,2,1,local deterministic Miller-Rabin (<2^64),small-prime recurrence scan,v_p(u_n)=1; u_n is not squarefull
131,1,263,39976,152,local deterministic Miller-Rabin (<2^64),small-prime recurrence scan,v_p(u_n)=1; u_n is not squarefull
132,0,5,10,2,local deterministic Miller-Rabin (<2^64),small-prime recurrence scan,v_p(u_n)=1; u_n is not squarefull
133,0,37,148,4,local deterministic Miller-Rabin (<2^64),small-prime recurrence scan,v_p(u_n)=1; u_n is not squarefull
134,0,2,2,1,local deterministic Miller-Rabin (<2^64),small-prime recurrence scan,v_p(u_n)=1; u_n is not squarefull
135,0,7,7,1,local deterministic Miller-Rabin (<2^64),small-prime recurrence scan,v_p(u_n)=1; u_n is not squarefull
136,0,3,6,2,local deterministic Miller-Rabin (<2^64),small-prime recurrence scan,v_p(u_n)=1; u_n is not squarefull
137,1,821,104267,127,local deterministic Miller-Rabin (<2^64),small-prime recurrence scan,v_p(u_n)=1; u_n is not squarefull
138,0,2,2,1,local deterministic Miller-Rabin (<2^64),small-prime recurrence scan,v_p(u_n)=1; u_n is not squarefull
139,1,277,75067,271,local deterministic Miller-Rabin (<2^64),small-prime recurrence scan,v_p(u_n)=1; u_n is not squarefull
140,0,3,3,1,local deterministic Miller-Rabin (<2^64),small-prime recurrence scan,v_p(u_n)=1; u_n is not squarefull
141,0,5,20,4,local deterministic Miller-Rabin (<2^64),small-prime recurrence scan,v_p(u_n)=1; u_n is not squarefull
142,0,2,2,1,local deterministic Miller-Rabin (<2^64),small-prime recurrence scan,v_p(u_n)=1; u_n is not squarefull
143,0,23,161,7,local deterministic Miller-Rabin (<2^64),small-prime recurrence scan,v_p(u_n)=1; u_n is not squarefull
144,0,5,20,4,local deterministic Miller-Rabin (<2^64),small-prime recurrence scan,v_p(u_n)=1; u_n is not squarefull
145,0,41,861,21,local deterministic Miller-Rabin (<2^64),small-prime recurrence scan,v_p(u_n)=1; u_n is not squarefull
146,0,2,2,1,local deterministic Miller-Rabin (<2^64),small-prime recurrence scan,v_p(u_n)=1; u_n is not squarefull
147,0,5,15,3,local deterministic Miller-Rabin (<2^64),small-prime recurrence scan,v_p(u_n)=1; u_n is not squarefull
148,0,3,6,2,local deterministic Miller-Rabin (<2^64),small-prime recurrence scan,v_p(u_n)=1; u_n is not squarefull
149,1,33377,1087789807,32591,local deterministic Miller-Rabin (<2^64),small-prime recurrence scan,v_p(u_n)=1; u_n is not squarefull
150,0,2,2,1,local deterministic Miller-Rabin (<2^64),small-prime recurrence scan,v_p(u_n)=1; u_n is not squarefull
151,1,2719,7265168,2672,local deterministic Miller-Rabin (<2^64),small-prime recurrence scan,v_p(u_n)=1; u_n is not squarefull
152,0,3,3,1,local deterministic Miller-Rabin (<2^64),small-prime recurrence scan,v_p(u_n)=1; u_n is not squarefull
153,0,5,10,2,local deterministic Miller-Rabin (<2^64),small-prime recurrence scan,v_p(u_n)=1; u_n is not squarefull
154,0,2,2,1,local deterministic Miller-Rabin (<2^64),small-prime recurrence scan,v_p(u_n)=1; u_n is not squarefull
155,0,29,696,24,local deterministic Miller-Rabin (<2^64),small-prime recurrence scan,v_p(u_n)=1; u_n is not squarefull
156,0,5,5,1,local deterministic Miller-Rabin (<2^64),small-prime recurrence scan,v_p(u_n)=1; u_n is not squarefull
157,1,1096384693,1183569026173039734,1079519838,local deterministic Miller-Rabin (<2^64),FactorDB candidate discovery + local modular verification,v_p(u_n)=1; u_n is not squarefull
158,0,2,2,1,local deterministic Miller-Rabin (<2^64),small-prime recurrence scan,v_p(u_n)=1; u_n is not squarefull
159,0,5,5,1,local deterministic Miller-Rabin (<2^64),small-prime recurrence scan,v_p(u_n)=1; u_n is not squarefull
160,0,3,6,2,local deterministic Miller-Rabin (<2^64),small-prime recurrence scan,v_p(u_n)=1; u_n is not squarefull
161,0,47,1692,36,local deterministic Miller-Rabin (<2^64),small-prime recurrence scan,v_p(u_n)=1; u_n is not squarefull
162,0,2,2,1,local deterministic Miller-Rabin (<2^64),small-prime recurrence scan,v_p(u_n)=1; u_n is not squarefull
163,1,820541,53737230090,65490,local deterministic Miller-Rabin (<2^64),prime-index congruence search,v_p(u_n)=1; u_n is not squarefull
164,0,3,3,1,local deterministic Miller-Rabin (<2^64),small-prime recurrence scan,v_p(u_n)=1; u_n is not squarefull
165,0,7,14,2,local deterministic Miller-Rabin (<2^64),small-prime recurrence scan,v_p(u_n)=1; u_n is not squarefull
166,0,2,2,1,local deterministic Miller-Rabin (<2^64),small-prime recurrence scan,v_p(u_n)=1; u_n is not squarefull
167,1,2889769,7492778008416,2592864,local deterministic Miller-Rabin (<2^64),prime-index congruence search,v_p(u_n)=1; u_n is not squarefull
168,0,5,15,3,local deterministic Miller-Rabin (<2^64),small-prime recurrence scan,v_p(u_n)=1; u_n is not squarefull
169,0,79,395,5,local deterministic Miller-Rabin (<2^64),small-prime recurrence scan,v_p(u_n)=1; u_n is not squarefull
170,0,2,2,1,local deterministic Miller-Rabin (<2^64),small-prime recurrence scan,v_p(u_n)=1; u_n is not squarefull
171,0,5,20,4,local deterministic Miller-Rabin (<2^64),small-prime recurrence scan,v_p(u_n)=1; u_n is not squarefull
172,0,3,6,2,local deterministic Miller-Rabin (<2^64),small-prime recurrence scan,v_p(u_n)=1; u_n is not squarefull
173,1,5189,17040676,3284,local deterministic Miller-Rabin (<2^64),small-prime recurrence scan,v_p(u_n)=1; u_n is not squarefull
174,0,2,2,1,local deterministic Miller-Rabin (<2^64),small-prime recurrence scan,v_p(u_n)=1; u_n is not squarefull
175,0,29,406,14,local deterministic Miller-Rabin (<2^64),small-prime recurrence scan,v_p(u_n)=1; u_n is not squarefull
176,0,3,3,1,local deterministic Miller-Rabin (<2^64),small-prime recurrence scan,v_p(u_n)=1; u_n is not squarefull
177,0,5,15,3,local deterministic Miller-Rabin (<2^64),small-prime recurrence scan,v_p(u_n)=1; u_n is not squarefull
178,0,2,2,1,local deterministic Miller-Rabin (<2^64),small-prime recurrence scan,v_p(u_n)=1; u_n is not squarefull
179,1,359,85442,238,local deterministic Miller-Rabin (<2^64),small-prime recurrence scan,v_p(u_n)=1; u_n is not squarefull
180,0,7,42,6,local deterministic Miller-Rabin (<2^64),small-prime recurrence scan,v_p(u_n)=1; u_n is not squarefull
181,1,177743,6532943965,36755,local deterministic Miller-Rabin (<2^64),small-prime recurrence scan,v_p(u_n)=1; u_n is not squarefull
182,0,2,2,1,local deterministic Miller-Rabin (<2^64),small-prime recurrence scan,v_p(u_n)=1; u_n is not squarefull
183,0,5,10,2,local deterministic Miller-Rabin (<2^64),small-prime recurrence scan,v_p(u_n)=1; u_n is not squarefull
184,0,3,6,2,local deterministic Miller-Rabin (<2^64),small-prime recurrence scan,v_p(u_n)=1; u_n is not squarefull
185,0,29,261,9,local deterministic Miller-Rabin (<2^64),small-prime recurrence scan,v_p(u_n)=1; u_n is not squarefull
186,0,2,2,1,local deterministic Miller-Rabin (<2^64),small-prime recurrence scan,v_p(u_n)=1; u_n is not squarefull
187,0,23,414,18,local deterministic Miller-Rabin (<2^64),small-prime recurrence scan,v_p(u_n)=1; u_n is not squarefull
188,0,3,3,1,local deterministic Miller-Rabin (<2^64),small-prime recurrence scan,v_p(u_n)=1; u_n is not squarefull
189,0,5,5,1,local deterministic Miller-Rabin (<2^64),small-prime recurrence scan,v_p(u_n)=1; u_n is not squarefull
190,0,2,2,1,local deterministic Miller-Rabin (<2^64),small-prime recurrence scan,v_p(u_n)=1; u_n is not squarefull
191,1,383,27576,72,local deterministic Miller-Rabin (<2^64),small-prime recurrence scan,v_p(u_n)=1; u_n is not squarefull
192,0,5,10,2,local deterministic Miller-Rabin (<2^64),small-prime recurrence scan,v_p(u_n)=1; u_n is not squarefull
193,1,167911,23815320863,141833,local deterministic Miller-Rabin (<2^64),small-prime recurrence scan,v_p(u_n)=1; u_n is not squarefull
194,0,2,2,1,local deterministic Miller-Rabin (<2^64),small-prime recurrence scan,v_p(u_n)=1; u_n is not squarefull
195,0,7,21,3,local deterministic Miller-Rabin (<2^64),small-prime recurrence scan,v_p(u_n)=1; u_n is not squarefull
196,0,3,6,2,local deterministic Miller-Rabin (<2^64),small-prime recurrence scan,v_p(u_n)=1; u_n is not squarefull
197,1,15761,193072250,12250,local deterministic Miller-Rabin (<2^64),small-prime recurrence scan,v_p(u_n)=1; u_n is not squarefull
198,0,2,2,1,local deterministic Miller-Rabin (<2^64),small-prime recurrence scan,v_p(u_n)=1; u_n is not squarefull
199,1,397,104411,263,local deterministic Miller-Rabin (<2^64),small-prime recurrence scan,v_p(u_n)=1; u_n is not squarefull
200,0,3,3,1,local deterministic Miller-Rabin (<2^64),small-prime recurrence scan,v_p(u_n)=1; u_n is not squarefull
201,0,5,20,4,local deterministic Miller-Rabin (<2^64),small-prime recurrence scan,v_p(u_n)=1; u_n is not squarefull
202,0,2,2,1,local deterministic Miller-Rabin (<2^64),small-prime recurrence scan,v_p(u_n)=1; u_n is not squarefull
203,0,239,28919,121,local deterministic Miller-Rabin (<2^64),small-prime recurrence scan,v_p(u_n)=1; u_n is not squarefull
204,0,5,20,4,local deterministic Miller-Rabin (<2^64),small-prime recurrence scan,v_p(u_n)=1; u_n is not squarefull
205,0,29,812,28,local deterministic Miller-Rabin (<2^64),small-prime recurrence scan,v_p(u_n)=1; u_n is not squarefull
206,0,2,2,1,local deterministic Miller-Rabin (<2^64),small-prime recurrence scan,v_p(u_n)=1; u_n is not squarefull
207,0,5,15,3,local deterministic Miller-Rabin (<2^64),small-prime recurrence scan,v_p(u_n)=1; u_n is not squarefull
208,0,3,6,2,local deterministic Miller-Rabin (<2^64),small-prime recurrence scan,v_p(u_n)=1; u_n is not squarefull
209,0,23,276,12,local deterministic Miller-Rabin (<2^64),small-prime recurrence scan,v_p(u_n)=1; u_n is not squarefull
210,0,2,2,1,local deterministic Miller-Rabin (<2^64),small-prime recurrence scan,v_p(u_n)=1; u_n is not squarefull
211,1,421,57677,137,local deterministic Miller-Rabin (<2^64),small-prime recurrence scan,v_p(u_n)=1; u_n is not squarefull
212,0,3,3,1,local deterministic Miller-Rabin (<2^64),small-prime recurrence scan,v_p(u_n)=1; u_n is not squarefull
213,0,5,10,2,local deterministic Miller-Rabin (<2^64),small-prime recurrence scan,v_p(u_n)=1; u_n is not squarefull
214,0,2,2,1,local deterministic Miller-Rabin (<2^64),small-prime recurrence scan,v_p(u_n)=1; u_n is not squarefull
215,0,29,667,23,local deterministic Miller-Rabin (<2^64),small-prime recurrence scan,v_p(u_n)=1; u_n is not squarefull
216,0,5,5,1,local deterministic Miller-Rabin (<2^64),small-prime recurrence scan,v_p(u_n)=1; u_n is not squarefull
217,0,61,305,5,local deterministic Miller-Rabin (<2^64),small-prime recurrence scan,v_p(u_n)=1; u_n is not squarefull
218,0,2,2,1,local deterministic Miller-Rabin (<2^64),small-prime recurrence scan,v_p(u_n)=1; u_n is not squarefull
219,0,5,5,1,local deterministic Miller-Rabin (<2^64),small-prime recurrence scan,v_p(u_n)=1; u_n is not squarefull
220,0,3,6,2,local deterministic Miller-Rabin (<2^64),small-prime recurrence scan,v_p(u_n)=1; u_n is not squarefull
221,0,79,3397,43,local deterministic Miller-Rabin (<2^64),small-prime recurrence scan,v_p(u_n)=1; u_n is not squarefull
222,0,2,2,1,local deterministic Miller-Rabin (<2^64),small-prime recurrence scan,v_p(u_n)=1; u_n is not squarefull
223,1,7583,55143576,7272,local deterministic Miller-Rabin (<2^64),small-prime recurrence scan,v_p(u_n)=1; u_n is not squarefull
224,0,3,3,1,local deterministic Miller-Rabin (<2^64),small-prime recurrence scan,v_p(u_n)=1; u_n is not squarefull
225,0,7,28,4,local deterministic Miller-Rabin (<2^64),small-prime recurrence scan,v_p(u_n)=1; u_n is not squarefull
226,0,2,2,1,local deterministic Miller-Rabin (<2^64),small-prime recurrence scan,v_p(u_n)=1; u_n is not squarefull
227,1,5449,27277694,5006,local deterministic Miller-Rabin (<2^64),small-prime recurrence scan,v_p(u_n)=1; u_n is not squarefull
228,0,5,15,3,local deterministic Miller-Rabin (<2^64),small-prime recurrence scan,v_p(u_n)=1; u_n is not squarefull
229,1,1373,1145082,834,local deterministic Miller-Rabin (<2^64),small-prime recurrence scan,v_p(u_n)=1; u_n is not squarefull
230,0,2,2,1,local deterministic Miller-Rabin (<2^64),small-prime recurrence scan,v_p(u_n)=1; u_n is not squarefull
231,0,5,20,4,local deterministic Miller-Rabin (<2^64),small-prime recurrence scan,v_p(u_n)=1; u_n is not squarefull
232,0,3,6,2,local deterministic Miller-Rabin (<2^64),small-prime recurrence scan,v_p(u_n)=1; u_n is not squarefull
233,1,1399,1233918,882,local deterministic Miller-Rabin (<2^64),small-prime recurrence scan,v_p(u_n)=1; u_n is not squarefull
234,0,2,2,1,local deterministic Miller-Rabin (<2^64),small-prime recurrence scan,v_p(u_n)=1; u_n is not squarefull
235,0,29,377,13,local deterministic Miller-Rabin (<2^64),small-prime recurrence scan,v_p(u_n)=1; u_n is not squarefull
236,0,3,3,1,local deterministic Miller-Rabin (<2^64),small-prime recurrence scan,v_p(u_n)=1; u_n is not squarefull
237,0,5,15,3,local deterministic Miller-Rabin (<2^64),small-prime recurrence scan,v_p(u_n)=1; u_n is not squarefull
238,0,2,2,1,local deterministic Miller-Rabin (<2^64),small-prime recurrence scan,v_p(u_n)=1; u_n is not squarefull
239,1,479,124540,260,local deterministic Miller-Rabin (<2^64),small-prime recurrence scan,v_p(u_n)=1; u_n is not squarefull
240,0,7,7,1,local deterministic Miller-Rabin (<2^64),small-prime recurrence scan,v_p(u_n)=1; u_n is not squarefull
241,1,1447,1179305,815,local deterministic Miller-Rabin (<2^64),small-prime recurrence scan,v_p(u_n)=1; u_n is not squarefull
242,0,2,2,1,local deterministic Miller-Rabin (<2^64),small-prime recurrence scan,v_p(u_n)=1; u_n is not squarefull
243,0,5,10,2,local deterministic Miller-Rabin (<2^64),small-prime recurrence scan,v_p(u_n)=1; u_n is not squarefull
244,0,3,6,2,local deterministic Miller-Rabin (<2^64),small-prime recurrence scan,v_p(u_n)=1; u_n is not squarefull
245,0,29,232,8,local deterministic Miller-Rabin (<2^64),small-prime recurrence scan,v_p(u_n)=1; u_n is not squarefull
246,0,2,2,1,local deterministic Miller-Rabin (<2^64),small-prime recurrence scan,v_p(u_n)=1; u_n is not squarefull
247,0,37,666,18,local deterministic Miller-Rabin (<2^64),small-prime recurrence scan,v_p(u_n)=1; u_n is not squarefull
248,0,3,3,1,local deterministic Miller-Rabin (<2^64),small-prime recurrence scan,v_p(u_n)=1; u_n is not squarefull
249,0,5,5,1,local deterministic Miller-Rabin (<2^64),small-prime recurrence scan,v_p(u_n)=1; u_n is not squarefull
250,0,2,2,1,local deterministic Miller-Rabin (<2^64),small-prime recurrence scan,v_p(u_n)=1; u_n is not squarefull
251,1,503,249488,496,local deterministic Miller-Rabin (<2^64),small-prime recurrence scan,v_p(u_n)=1; u_n is not squarefull
252,0,5,10,2,local deterministic Miller-Rabin (<2^64),small-prime recurrence scan,v_p(u_n)=1; u_n is not squarefull
253,0,47,1081,23,local deterministic Miller-Rabin (<2^64),small-prime recurrence scan,v_p(u_n)=1; u_n is not squarefull
254,0,2,2,1,local deterministic Miller-Rabin (<2^64),small-prime recurrence scan,v_p(u_n)=1; u_n is not squarefull
255,0,7,35,5,local deterministic Miller-Rabin (<2^64),small-prime recurrence scan,v_p(u_n)=1; u_n is not squarefull
256,0,3,6,2,local deterministic Miller-Rabin (<2^64),small-prime recurrence scan,v_p(u_n)=1; u_n is not squarefull
257,1,1640689,2624872703540,1599860,local deterministic Miller-Rabin (<2^64),prime-index congruence search,v_p(u_n)=1; u_n is not squarefull
258,0,2,2,1,local deterministic Miller-Rabin (<2^64),small-prime recurrence scan,v_p(u_n)=1; u_n is not squarefull
259,0,223,4906,22,local deterministic Miller-Rabin (<2^64),small-prime recurrence scan,v_p(u_n)=1; u_n is not squarefull
260,0,3,3,1,local deterministic Miller-Rabin (<2^64),small-prime recurrence scan,v_p(u_n)=1; u_n is not squarefull
261,0,5,20,4,local deterministic Miller-Rabin (<2^64),small-prime recurrence scan,v_p(u_n)=1; u_n is not squarefull
262,0,2,2,1,local deterministic Miller-Rabin (<2^64),small-prime recurrence scan,v_p(u_n)=1; u_n is not squarefull
263,1,90473,6455067604,71348,local deterministic Miller-Rabin (<2^64),small-prime recurrence scan,v_p(u_n)=1; u_n is not squarefull
264,0,5,20,4,local deterministic Miller-Rabin (<2^64),small-prime recurrence scan,v_p(u_n)=1; u_n is not squarefull
265,0,29,783,27,local deterministic Miller-Rabin (<2^64),small-prime recurrence scan,v_p(u_n)=1; u_n is not squarefull
266,0,2,2,1,local deterministic Miller-Rabin (<2^64),small-prime recurrence scan,v_p(u_n)=1; u_n is not squarefull
267,0,5,15,3,local deterministic Miller-Rabin (<2^64),small-prime recurrence scan,v_p(u_n)=1; u_n is not squarefull
268,0,3,6,2,local deterministic Miller-Rabin (<2^64),small-prime recurrence scan,v_p(u_n)=1; u_n is not squarefull
269,1,2153,3606275,1675,local deterministic Miller-Rabin (<2^64),small-prime recurrence scan,v_p(u_n)=1; u_n is not squarefull
270,0,2,2,1,local deterministic Miller-Rabin (<2^64),small-prime recurrence scan,v_p(u_n)=1; u_n is not squarefull
271,1,541,110364,204,local deterministic Miller-Rabin (<2^64),small-prime recurrence scan,v_p(u_n)=1; u_n is not squarefull
272,0,3,3,1,local deterministic Miller-Rabin (<2^64),small-prime recurrence scan,v_p(u_n)=1; u_n is not squarefull
273,0,5,10,2,local deterministic Miller-Rabin (<2^64),small-prime recurrence scan,v_p(u_n)=1; u_n is not squarefull
274,0,2,2,1,local deterministic Miller-Rabin (<2^64),small-prime recurrence scan,v_p(u_n)=1; u_n is not squarefull
275,0,23,391,17,local deterministic Miller-Rabin (<2^64),small-prime recurrence scan,v_p(u_n)=1; u_n is not squarefull
276,0,5,5,1,local deterministic Miller-Rabin (<2^64),small-prime recurrence scan,v_p(u_n)=1; u_n is not squarefull
277,1,12251705569,267273774880015870,21815230,local deterministic Miller-Rabin (<2^64),FactorDB candidate discovery + local modular verification,v_p(u_n)=1; u_n is not squarefull
278,0,2,2,1,local deterministic Miller-Rabin (<2^64),small-prime recurrence scan,v_p(u_n)=1; u_n is not squarefull
279,0,5,5,1,local deterministic Miller-Rabin (<2^64),small-prime recurrence scan,v_p(u_n)=1; u_n is not squarefull
280,0,3,6,2,local deterministic Miller-Rabin (<2^64),small-prime recurrence scan,v_p(u_n)=1; u_n is not squarefull
281,1,9198817,77307603172177,8404081,local deterministic Miller-Rabin (<2^64),prime-index congruence search,v_p(u_n)=1; u_n is not squarefull
282,0,2,2,1,local deterministic Miller-Rabin (<2^64),small-prime recurrence scan,v_p(u_n)=1; u_n is not squarefull
283,1,14149,43578920,3080,local deterministic Miller-Rabin (<2^64),small-prime recurrence scan,v_p(u_n)=1; u_n is not squarefull
284,0,3,3,1,local deterministic Miller-Rabin (<2^64),small-prime recurrence scan,v_p(u_n)=1; u_n is not squarefull
285,0,7,42,6,local deterministic Miller-Rabin (<2^64),small-prime recurrence scan,v_p(u_n)=1; u_n is not squarefull
286,0,2,2,1,local deterministic Miller-Rabin (<2^64),small-prime recurrence scan,v_p(u_n)=1; u_n is not squarefull
287,0,239,56643,237,local deterministic Miller-Rabin (<2^64),small-prime recurrence scan,v_p(u_n)=1; u_n is not squarefull
288,0,5,15,3,local deterministic Miller-Rabin (<2^64),small-prime recurrence scan,v_p(u_n)=1; u_n is not squarefull
289,0,103,7004,68,local deterministic Miller-Rabin (<2^64),small-prime recurrence scan,v_p(u_n)=1; u_n is not squarefull
290,0,2,2,1,local deterministic Miller-Rabin (<2^64),small-prime recurrence scan,v_p(u_n)=1; u_n is not squarefull
291,0,5,20,4,local deterministic Miller-Rabin (<2^64),small-prime recurrence scan,v_p(u_n)=1; u_n is not squarefull
292,0,3,6,2,local deterministic Miller-Rabin (<2^64),small-prime recurrence scan,v_p(u_n)=1; u_n is not squarefull
293,1,4792710581,14939350684992014802,3117098442,local deterministic Miller-Rabin (<2^64),FactorDB candidate discovery + local modular verification,v_p(u_n)=1; u_n is not squarefull
294,0,2,2,1,local deterministic Miller-Rabin (<2^64),small-prime recurrence scan,v_p(u_n)=1; u_n is not squarefull
295,0,29,348,12,local deterministic Miller-Rabin (<2^64),small-prime recurrence scan,v_p(u_n)=1; u_n is not squarefull
296,0,3,3,1,local deterministic Miller-Rabin (<2^64),small-prime recurrence scan,v_p(u_n)=1; u_n is not squarefull
297,0,5,15,3,local deterministic Miller-Rabin (<2^64),small-prime recurrence scan,v_p(u_n)=1; u_n is not squarefull
298,0,2,2,1,local deterministic Miller-Rabin (<2^64),small-prime recurrence scan,v_p(u_n)=1; u_n is not squarefull
299,0,47,1880,40,local deterministic Miller-Rabin (<2^64),small-prime recurrence scan,v_p(u_n)=1; u_n is not squarefull
300,0,7,21,3,local deterministic Miller-Rabin (<2^64),small-prime recurrence scan,v_p(u_n)=1; u_n is not squarefull
301,0,239,23183,97,local deterministic Miller-Rabin (<2^64),small-prime recurrence scan,v_p(u_n)=1; u_n is not squarefull
302,0,2,2,1,local deterministic Miller-Rabin (<2^64),small-prime recurrence scan,v_p(u_n)=1; u_n is not squarefull
303,0,5,10,2,local deterministic Miller-Rabin (<2^64),small-prime recurrence scan,v_p(u_n)=1; u_n is not squarefull
304,0,3,6,2,local deterministic Miller-Rabin (<2^64),small-prime recurrence scan,v_p(u_n)=1; u_n is not squarefull
305,0,29,203,7,local deterministic Miller-Rabin (<2^64),small-prime recurrence scan,v_p(u_n)=1; u_n is not squarefull
306,0,2,2,1,local deterministic Miller-Rabin (<2^64),small-prime recurrence scan,v_p(u_n)=1; u_n is not squarefull
307,1,613,268494,438,local deterministic Miller-Rabin (<2^64),small-prime recurrence scan,v_p(u_n)=1; u_n is not squarefull
308,0,3,3,1,local deterministic Miller-Rabin (<2^64),small-prime recurrence scan,v_p(u_n)=1; u_n is not squarefull
309,0,5,5,1,local deterministic Miller-Rabin (<2^64),small-prime recurrence scan,v_p(u_n)=1; u_n is not squarefull
310,0,2,2,1,local deterministic Miller-Rabin (<2^64),small-prime recurrence scan,v_p(u_n)=1; u_n is not squarefull
311,1,181155438071,18762058531431028484688,103568839728,local deterministic Miller-Rabin (<2^64),FactorDB candidate discovery + local modular verification,v_p(u_n)=1; u_n is not squarefull
312,0,5,10,2,local deterministic Miller-Rabin (<2^64),small-prime recurrence scan,v_p(u_n)=1; u_n is not squarefull
313,1,1879,2204067,1173,local deterministic Miller-Rabin (<2^64),small-prime recurrence scan,v_p(u_n)=1; u_n is not squarefull
314,0,2,2,1,local deterministic Miller-Rabin (<2^64),small-prime recurrence scan,v_p(u_n)=1; u_n is not squarefull
315,0,29,58,2,local deterministic Miller-Rabin (<2^64),small-prime recurrence scan,v_p(u_n)=1; u_n is not squarefull
316,0,3,6,2,local deterministic Miller-Rabin (<2^64),small-prime recurrence scan,v_p(u_n)=1; u_n is not squarefull
317,1,1901,2473201,1301,local deterministic Miller-Rabin (<2^64),small-prime recurrence scan,v_p(u_n)=1; u_n is not squarefull
318,0,2,2,1,local deterministic Miller-Rabin (<2^64),small-prime recurrence scan,v_p(u_n)=1; u_n is not squarefull
319,0,23,115,5,local deterministic Miller-Rabin (<2^64),small-prime recurrence scan,v_p(u_n)=1; u_n is not squarefull
320,0,3,3,1,local deterministic Miller-Rabin (<2^64),small-prime recurrence scan,v_p(u_n)=1; u_n is not squarefull
321,0,5,20,4,local deterministic Miller-Rabin (<2^64),small-prime recurrence scan,v_p(u_n)=1; u_n is not squarefull
322,0,2,2,1,local deterministic Miller-Rabin (<2^64),small-prime recurrence scan,v_p(u_n)=1; u_n is not squarefull
323,0,37,555,15,local deterministic Miller-Rabin (<2^64),small-prime recurrence scan,v_p(u_n)=1; u_n is not squarefull
324,0,5,20,4,local deterministic Miller-Rabin (<2^64),small-prime recurrence scan,v_p(u_n)=1; u_n is not squarefull
325,0,29,754,26,local deterministic Miller-Rabin (<2^64),small-prime recurrence scan,v_p(u_n)=1; u_n is not squarefull
326,0,2,2,1,local deterministic Miller-Rabin (<2^64),small-prime recurrence scan,v_p(u_n)=1; u_n is not squarefull
327,0,5,15,3,local deterministic Miller-Rabin (<2^64),small-prime recurrence scan,v_p(u_n)=1; u_n is not squarefull
328,0,3,6,2,local deterministic Miller-Rabin (<2^64),small-prime recurrence scan,v_p(u_n)=1; u_n is not squarefull
329,0,239,13384,56,local deterministic Miller-Rabin (<2^64),small-prime recurrence scan,v_p(u_n)=1; u_n is not squarefull
330,0,2,2,1,local deterministic Miller-Rabin (<2^64),small-prime recurrence scan,v_p(u_n)=1; u_n is not squarefull
331,1,661,126251,191,local deterministic Miller-Rabin (<2^64),small-prime recurrence scan,v_p(u_n)=1; u_n is not squarefull
332,0,3,3,1,local deterministic Miller-Rabin (<2^64),small-prime recurrence scan,v_p(u_n)=1; u_n is not squarefull
333,0,5,10,2,local deterministic Miller-Rabin (<2^64),small-prime recurrence scan,v_p(u_n)=1; u_n is not squarefull
334,0,2,2,1,local deterministic Miller-Rabin (<2^64),small-prime recurrence scan,v_p(u_n)=1; u_n is not squarefull
335,0,29,609,21,local deterministic Miller-Rabin (<2^64),small-prime recurrence scan,v_p(u_n)=1; u_n is not squarefull
336,0,5,5,1,local deterministic Miller-Rabin (<2^64),small-prime recurrence scan,v_p(u_n)=1; u_n is not squarefull
337,1,8089,1189083,147,local deterministic Miller-Rabin (<2^64),small-prime recurrence scan,v_p(u_n)=1; u_n is not squarefull
338,0,2,2,1,local deterministic Miller-Rabin (<2^64),small-prime recurrence scan,v_p(u_n)=1; u_n is not squarefull
339,0,5,5,1,local deterministic Miller-Rabin (<2^64),small-prime recurrence scan,v_p(u_n)=1; u_n is not squarefull
340,0,3,6,2,local deterministic Miller-Rabin (<2^64),small-prime recurrence scan,v_p(u_n)=1; u_n is not squarefull
341,0,23,506,22,local deterministic Miller-Rabin (<2^64),small-prime recurrence scan,v_p(u_n)=1; u_n is not squarefull
342,0,2,2,1,local deterministic Miller-Rabin (<2^64),small-prime recurrence scan,v_p(u_n)=1; u_n is not squarefull
343,0,239,37045,155,local deterministic Miller-Rabin (<2^64),small-prime recurrence scan,v_p(u_n)=1; u_n is not squarefull
344,0,3,3,1,local deterministic Miller-Rabin (<2^64),small-prime recurrence scan,v_p(u_n)=1; u_n is not squarefull
345,0,7,7,1,local deterministic Miller-Rabin (<2^64),small-prime recurrence scan,v_p(u_n)=1; u_n is not squarefull
346,0,2,2,1,local deterministic Miller-Rabin (<2^64),small-prime recurrence scan,v_p(u_n)=1; u_n is not squarefull
347,1,2777,7689513,2769,local deterministic Miller-Rabin (<2^64),small-prime recurrence scan,v_p(u_n)=1; u_n is not squarefull
348,0,5,15,3,local deterministic Miller-Rabin (<2^64),small-prime recurrence scan,v_p(u_n)=1; u_n is not squarefull
349,1,234529,22337714605,95245,local deterministic Miller-Rabin (<2^64),prime-index congruence search,v_p(u_n)=1; u_n is not squarefull
350,0,2,2,1,local deterministic Miller-Rabin (<2^64),small-prime recurrence scan,v_p(u_n)=1; u_n is not squarefull
351,0,5,20,4,local deterministic Miller-Rabin (<2^64),small-prime recurrence scan,v_p(u_n)=1; u_n is not squarefull
352,0,3,6,2,local deterministic Miller-Rabin (<2^64),small-prime recurrence scan,v_p(u_n)=1; u_n is not squarefull
353,1,4943,3010287,609,local deterministic Miller-Rabin (<2^64),small-prime recurrence scan,v_p(u_n)=1; u_n is not squarefull
354,0,2,2,1,local deterministic Miller-Rabin (<2^64),small-prime recurrence scan,v_p(u_n)=1; u_n is not squarefull
355,0,29,319,11,local deterministic Miller-Rabin (<2^64),small-prime recurrence scan,v_p(u_n)=1; u_n is not squarefull
356,0,3,3,1,local deterministic Miller-Rabin (<2^64),small-prime recurrence scan,v_p(u_n)=1; u_n is not squarefull
357,0,5,15,3,local deterministic Miller-Rabin (<2^64),small-prime recurrence scan,v_p(u_n)=1; u_n is not squarefull
358,0,2,2,1,local deterministic Miller-Rabin (<2^64),small-prime recurrence scan,v_p(u_n)=1; u_n is not squarefull
359,1,719,166089,231,local deterministic Miller-Rabin (<2^64),small-prime recurrence scan,v_p(u_n)=1; u_n is not squarefull
360,0,7,35,5,local deterministic Miller-Rabin (<2^64),small-prime recurrence scan,v_p(u_n)=1; u_n is not squarefull
361,0,37,1184,32,local deterministic Miller-Rabin (<2^64),small-prime recurrence scan,v_p(u_n)=1; u_n is not squarefull
362,0,2,2,1,local deterministic Miller-Rabin (<2^64),small-prime recurrence scan,v_p(u_n)=1; u_n is not squarefull
363,0,5,10,2,local deterministic Miller-Rabin (<2^64),small-prime recurrence scan,v_p(u_n)=1; u_n is not squarefull
364,0,3,6,2,local deterministic Miller-Rabin (<2^64),small-prime recurrence scan,v_p(u_n)=1; u_n is not squarefull
365,0,29,174,6,local deterministic Miller-Rabin (<2^64),small-prime recurrence scan,v_p(u_n)=1; u_n is not squarefull
366,0,2,2,1,local deterministic Miller-Rabin (<2^64),small-prime recurrence scan,v_p(u_n)=1; u_n is not squarefull
367,1,733,115814,158,local deterministic Miller-Rabin (<2^64),small-prime recurrence scan,v_p(u_n)=1; u_n is not squarefull
368,0,3,3,1,local deterministic Miller-Rabin (<2^64),small-prime recurrence scan,v_p(u_n)=1; u_n is not squarefull
369,0,5,5,1,local deterministic Miller-Rabin (<2^64),small-prime recurrence scan,v_p(u_n)=1; u_n is not squarefull
370,0,2,2,1,local deterministic Miller-Rabin (<2^64),small-prime recurrence scan,v_p(u_n)=1; u_n is not squarefull
371,0,239,27246,114,local deterministic Miller-Rabin (<2^64),small-prime recurrence scan,v_p(u_n)=1; u_n is not squarefull
372,0,5,10,2,local deterministic Miller-Rabin (<2^64),small-prime recurrence scan,v_p(u_n)=1; u_n is not squarefull
373,1,2237,2829805,1265,local deterministic Miller-Rabin (<2^64),small-prime recurrence scan,v_p(u_n)=1; u_n is not squarefull
374,0,2,2,1,local deterministic Miller-Rabin (<2^64),small-prime recurrence scan,v_p(u_n)=1; u_n is not squarefull
375,0,7,14,2,local deterministic Miller-Rabin (<2^64),small-prime recurrence scan,v_p(u_n)=1; u_n is not squarefull
376,0,3,6,2,local deterministic Miller-Rabin (<2^64),small-prime recurrence scan,v_p(u_n)=1; u_n is not squarefull
377,0,79,6162,78,local deterministic Miller-Rabin (<2^64),small-prime recurrence scan,v_p(u_n)=1; u_n is not squarefull
378,0,2,2,1,local deterministic Miller-Rabin (<2^64),small-prime recurrence scan,v_p(u_n)=1; u_n is not squarefull
379,1,757,557152,736,local deterministic Miller-Rabin (<2^64),small-prime recurrence scan,v_p(u_n)=1; u_n is not squarefull
380,0,3,3,1,local deterministic Miller-Rabin (<2^64),small-prime recurrence scan,v_p(u_n)=1; u_n is not squarefull
381,0,5,20,4,local deterministic Miller-Rabin (<2^64),small-prime recurrence scan,v_p(u_n)=1; u_n is not squarefull
382,0,2,2,1,local deterministic Miller-Rabin (<2^64),small-prime recurrence scan,v_p(u_n)=1; u_n is not squarefull
383,1,35389201,908576754980242,25673842,local deterministic Miller-Rabin (<2^64),prime-index congruence search,v_p(u_n)=1; u_n is not squarefull
384,0,5,20,4,local deterministic Miller-Rabin (<2^64),small-prime recurrence scan,v_p(u_n)=1; u_n is not squarefull
385,0,23,230,10,local deterministic Miller-Rabin (<2^64),small-prime recurrence scan,v_p(u_n)=1; u_n is not squarefull
386,0,2,2,1,local deterministic Miller-Rabin (<2^64),small-prime recurrence scan,v_p(u_n)=1; u_n is not squarefull
387,0,5,15,3,local deterministic Miller-Rabin (<2^64),small-prime recurrence scan,v_p(u_n)=1; u_n is not squarefull
388,0,3,6,2,local deterministic Miller-Rabin (<2^64),small-prime recurrence scan,v_p(u_n)=1; u_n is not squarefull
389,1,27661789,584212640779127,21119843,local deterministic Miller-Rabin (<2^64),prime-index congruence search,v_p(u_n)=1; u_n is not squarefull
390,0,2,2,1,local deterministic Miller-Rabin (<2^64),small-prime recurrence scan,v_p(u_n)=1; u_n is not squarefull
391,0,47,1269,27,local deterministic Miller-Rabin (<2^64),small-prime recurrence scan,v_p(u_n)=1; u_n is not squarefull
392,0,3,3,1,local deterministic Miller-Rabin (<2^64),small-prime recurrence scan,v_p(u_n)=1; u_n is not squarefull
393,0,5,10,2,local deterministic Miller-Rabin (<2^64),small-prime recurrence scan,v_p(u_n)=1; u_n is not squarefull
394,0,2,2,1,local deterministic Miller-Rabin (<2^64),small-prime recurrence scan,v_p(u_n)=1; u_n is not squarefull
395,0,29,580,20,local deterministic Miller-Rabin (<2^64),small-prime recurrence scan,v_p(u_n)=1; u_n is not squarefull
396,0,5,5,1,local deterministic Miller-Rabin (<2^64),small-prime recurrence scan,v_p(u_n)=1; u_n is not squarefull
397,1,2381,3790552,1592,local deterministic Miller-Rabin (<2^64),small-prime recurrence scan,v_p(u_n)=1; u_n is not squarefull
398,0,2,2,1,local deterministic Miller-Rabin (<2^64),small-prime recurrence scan,v_p(u_n)=1; u_n is not squarefull
399,0,5,5,1,local deterministic Miller-Rabin (<2^64),small-prime recurrence scan,v_p(u_n)=1; u_n is not squarefull
400,0,3,6,2,local deterministic Miller-Rabin (<2^64),small-prime recurrence scan,v_p(u_n)=1; u_n is not squarefull
401,1,3209,9764987,3043,local deterministic Miller-Rabin (<2^64),small-prime recurrence scan,v_p(u_n)=1; u_n is not squarefull
402,0,2,2,1,local deterministic Miller-Rabin (<2^64),small-prime recurrence scan,v_p(u_n)=1; u_n is not squarefull
403,0,61,1098,18,local deterministic Miller-Rabin (<2^64),small-prime recurrence scan,v_p(u_n)=1; u_n is not squarefull
404,0,3,3,1,local deterministic Miller-Rabin (<2^64),small-prime recurrence scan,v_p(u_n)=1; u_n is not squarefull
405,0,7,21,3,local deterministic Miller-Rabin (<2^64),small-prime recurrence scan,v_p(u_n)=1; u_n is not squarefull
406,0,2,2,1,local deterministic Miller-Rabin (<2^64),small-prime recurrence scan,v_p(u_n)=1; u_n is not squarefull
407,0,23,92,4,local deterministic Miller-Rabin (<2^64),small-prime recurrence scan,v_p(u_n)=1; u_n is not squarefull
408,0,5,15,3,local deterministic Miller-Rabin (<2^64),small-prime recurrence scan,v_p(u_n)=1; u_n is not squarefull
409,1,26177,324699508,12404,local deterministic Miller-Rabin (<2^64),small-prime recurrence scan,v_p(u_n)=1; u_n is not squarefull
410,0,2,2,1,local deterministic Miller-Rabin (<2^64),small-prime recurrence scan,v_p(u_n)=1; u_n is not squarefull
411,0,5,20,4,local deterministic Miller-Rabin (<2^64),small-prime recurrence scan,v_p(u_n)=1; u_n is not squarefull
412,0,3,6,2,local deterministic Miller-Rabin (<2^64),small-prime recurrence scan,v_p(u_n)=1; u_n is not squarefull
413,0,239,41108,172,local deterministic Miller-Rabin (<2^64),small-prime recurrence scan,v_p(u_n)=1; u_n is not squarefull
414,0,2,2,1,local deterministic Miller-Rabin (<2^64),small-prime recurrence scan,v_p(u_n)=1; u_n is not squarefull
415,0,29,290,10,local deterministic Miller-Rabin (<2^64),small-prime recurrence scan,v_p(u_n)=1; u_n is not squarefull
416,0,3,3,1,local deterministic Miller-Rabin (<2^64),small-prime recurrence scan,v_p(u_n)=1; u_n is not squarefull
417,0,5,15,3,local deterministic Miller-Rabin (<2^64),small-prime recurrence scan,v_p(u_n)=1; u_n is not squarefull
418,0,2,2,1,local deterministic Miller-Rabin (<2^64),small-prime recurrence scan,v_p(u_n)=1; u_n is not squarefull
419,1,839,108231,129,local deterministic Miller-Rabin (<2^64),small-prime recurrence scan,v_p(u_n)=1; u_n is not squarefull
420,0,11,110,10,local deterministic Miller-Rabin (<2^64),small-prime recurrence scan,v_p(u_n)=1; u_n is not squarefull
421,1,1081818484868497,194215460138759953475897485104,179526845635632,local deterministic Miller-Rabin (<2^64),FactorDB candidate discovery + local modular verification,v_p(u_n)=1; u_n is not squarefull
422,0,2,2,1,local deterministic Miller-Rabin (<2^64),small-prime recurrence scan,v_p(u_n)=1; u_n is not squarefull
423,0,5,10,2,local deterministic Miller-Rabin (<2^64),small-prime recurrence scan,v_p(u_n)=1; u_n is not squarefull
424,0,3,6,2,local deterministic Miller-Rabin (<2^64),small-prime recurrence scan,v_p(u_n)=1; u_n is not squarefull
425,0,29,145,5,local deterministic Miller-Rabin (<2^64),small-prime recurrence scan,v_p(u_n)=1; u_n is not squarefull
426,0,2,2,1,local deterministic Miller-Rabin (<2^64),small-prime recurrence scan,v_p(u_n)=1; u_n is not squarefull
427,0,239,7648,32,local deterministic Miller-Rabin (<2^64),small-prime recurrence scan,v_p(u_n)=1; u_n is not squarefull
428,0,3,3,1,local deterministic Miller-Rabin (<2^64),small-prime recurrence scan,v_p(u_n)=1; u_n is not squarefull
429,0,5,5,1,local deterministic Miller-Rabin (<2^64),small-prime recurrence scan,v_p(u_n)=1; u_n is not squarefull
430,0,2,2,1,local deterministic Miller-Rabin (<2^64),small-prime recurrence scan,v_p(u_n)=1; u_n is not squarefull
431,1,863,6904,8,local deterministic Miller-Rabin (<2^64),small-prime recurrence scan,v_p(u_n)=1; u_n is not squarefull
432,0,5,10,2,local deterministic Miller-Rabin (<2^64),small-prime recurrence scan,v_p(u_n)=1; u_n is not squarefull
433,1,4779010088401,7591299388936965328590200,1588466910200,local deterministic Miller-Rabin (<2^64),FactorDB candidate discovery + local modular verification,v_p(u_n)=1; u_n is not squarefull
434,0,2,2,1,local deterministic Miller-Rabin (<2^64),small-prime recurrence scan,v_p(u_n)=1; u_n is not squarefull
435,0,7,28,4,local deterministic Miller-Rabin (<2^64),small-prime recurrence scan,v_p(u_n)=1; u_n is not squarefull
436,0,3,6,2,local deterministic Miller-Rabin (<2^64),small-prime recurrence scan,v_p(u_n)=1; u_n is not squarefull
437,0,37,1073,29,local deterministic Miller-Rabin (<2^64),small-prime recurrence scan,v_p(u_n)=1; u_n is not squarefull
438,0,2,2,1,local deterministic Miller-Rabin (<2^64),small-prime recurrence scan,v_p(u_n)=1; u_n is not squarefull
439,1,877,437623,499,local deterministic Miller-Rabin (<2^64),small-prime recurrence scan,v_p(u_n)=1; u_n is not squarefull
440,0,3,3,1,local deterministic Miller-Rabin (<2^64),small-prime recurrence scan,v_p(u_n)=1; u_n is not squarefull
441,0,5,20,4,local deterministic Miller-Rabin (<2^64),small-prime recurrence scan,v_p(u_n)=1; u_n is not squarefull
442,0,2,2,1,local deterministic Miller-Rabin (<2^64),small-prime recurrence scan,v_p(u_n)=1; u_n is not squarefull
443,1,887,641301,723,local deterministic Miller-Rabin (<2^64),small-prime recurrence scan,v_p(u_n)=1; u_n is not squarefull
444,0,5,20,4,local deterministic Miller-Rabin (<2^64),small-prime recurrence scan,v_p(u_n)=1; u_n is not squarefull
445,0,29,696,24,local deterministic Miller-Rabin (<2^64),small-prime recurrence scan,v_p(u_n)=1; u_n is not squarefull
446,0,2,2,1,local deterministic Miller-Rabin (<2^64),small-prime recurrence scan,v_p(u_n)=1; u_n is not squarefull
447,0,5,15,3,local deterministic Miller-Rabin (<2^64),small-prime recurrence scan,v_p(u_n)=1; u_n is not squarefull
448,0,3,6,2,local deterministic Miller-Rabin (<2^64),small-prime recurrence scan,v_p(u_n)=1; u_n is not squarefull
449,1,2693,5248657,1949,local deterministic Miller-Rabin (<2^64),small-prime recurrence scan,v_p(u_n)=1; u_n is not squarefull
450,0,2,2,1,local deterministic Miller-Rabin (<2^64),small-prime recurrence scan,v_p(u_n)=1; u_n is not squarefull
451,0,23,345,15,local deterministic Miller-Rabin (<2^64),small-prime recurrence scan,v_p(u_n)=1; u_n is not squarefull
452,0,3,3,1,local deterministic Miller-Rabin (<2^64),small-prime recurrence scan,v_p(u_n)=1; u_n is not squarefull
453,0,5,10,2,local deterministic Miller-Rabin (<2^64),small-prime recurrence scan,v_p(u_n)=1; u_n is not squarefull
454,0,2,2,1,local deterministic Miller-Rabin (<2^64),small-prime recurrence scan,v_p(u_n)=1; u_n is not squarefull
455,0,29,551,19,local deterministic Miller-Rabin (<2^64),small-prime recurrence scan,v_p(u_n)=1; u_n is not squarefull
456,0,5,5,1,local deterministic Miller-Rabin (<2^64),small-prime recurrence scan,v_p(u_n)=1; u_n is not squarefull
457,1,39301,460568419,11719,local deterministic Miller-Rabin (<2^64),small-prime recurrence scan,v_p(u_n)=1; u_n is not squarefull
458,0,2,2,1,local deterministic Miller-Rabin (<2^64),small-prime recurrence scan,v_p(u_n)=1; u_n is not squarefull
459,0,5,5,1,local deterministic Miller-Rabin (<2^64),small-prime recurrence scan,v_p(u_n)=1; u_n is not squarefull
460,0,3,6,2,local deterministic Miller-Rabin (<2^64),small-prime recurrence scan,v_p(u_n)=1; u_n is not squarefull
461,1,2767,3417245,1235,local deterministic Miller-Rabin (<2^64),small-prime recurrence scan,v_p(u_n)=1; u_n is not squarefull
462,0,2,2,1,local deterministic Miller-Rabin (<2^64),small-prime recurrence scan,v_p(u_n)=1; u_n is not squarefull
463,1,85193,6018544678,70646,local deterministic Miller-Rabin (<2^64),small-prime recurrence scan,v_p(u_n)=1; u_n is not squarefull
464,0,3,3,1,local deterministic Miller-Rabin (<2^64),small-prime recurrence scan,v_p(u_n)=1; u_n is not squarefull
465,0,7,35,5,local deterministic Miller-Rabin (<2^64),small-prime recurrence scan,v_p(u_n)=1; u_n is not squarefull
466,0,2,2,1,local deterministic Miller-Rabin (<2^64),small-prime recurrence scan,v_p(u_n)=1; u_n is not squarefull
467,1,123289,2248051626,18234,local deterministic Miller-Rabin (<2^64),small-prime recurrence scan,v_p(u_n)=1; u_n is not squarefull
468,0,5,15,3,local deterministic Miller-Rabin (<2^64),small-prime recurrence scan,v_p(u_n)=1; u_n is not squarefull
469,0,239,21510,90,local deterministic Miller-Rabin (<2^64),small-prime recurrence scan,v_p(u_n)=1; u_n is not squarefull
470,0,2,2,1,local deterministic Miller-Rabin (<2^64),small-prime recurrence scan,v_p(u_n)=1; u_n is not squarefull
471,0,5,20,4,local deterministic Miller-Rabin (<2^64),small-prime recurrence scan,v_p(u_n)=1; u_n is not squarefull
472,0,3,6,2,local deterministic Miller-Rabin (<2^64),small-prime recurrence scan,v_p(u_n)=1; u_n is not squarefull
473,0,23,207,9,local deterministic Miller-Rabin (<2^64),small-prime recurrence scan,v_p(u_n)=1; u_n is not squarefull
474,0,2,2,1,local deterministic Miller-Rabin (<2^64),small-prime recurrence scan,v_p(u_n)=1; u_n is not squarefull
475,0,29,261,9,local deterministic Miller-Rabin (<2^64),small-prime recurrence scan,v_p(u_n)=1; u_n is not squarefull
476,0,3,3,1,local deterministic Miller-Rabin (<2^64),small-prime recurrence scan,v_p(u_n)=1; u_n is not squarefull
477,0,5,15,3,local deterministic Miller-Rabin (<2^64),small-prime recurrence scan,v_p(u_n)=1; u_n is not squarefull
478,0,2,2,1,local deterministic Miller-Rabin (<2^64),small-prime recurrence scan,v_p(u_n)=1; u_n is not squarefull
479,1,4789,17149409,3581,local deterministic Miller-Rabin (<2^64),small-prime recurrence scan,v_p(u_n)=1; u_n is not squarefull
480,0,7,14,2,local deterministic Miller-Rabin (<2^64),small-prime recurrence scan,v_p(u_n)=1; u_n is not squarefull
481,0,79,5925,75,local deterministic Miller-Rabin (<2^64),small-prime recurrence scan,v_p(u_n)=1; u_n is not squarefull
482,0,2,2,1,local deterministic Miller-Rabin (<2^64),small-prime recurrence scan,v_p(u_n)=1; u_n is not squarefull
483,0,5,10,2,local deterministic Miller-Rabin (<2^64),small-prime recurrence scan,v_p(u_n)=1; u_n is not squarefull
484,0,3,6,2,local deterministic Miller-Rabin (<2^64),small-prime recurrence scan,v_p(u_n)=1; u_n is not squarefull
485,0,29,116,4,local deterministic Miller-Rabin (<2^64),small-prime recurrence scan,v_p(u_n)=1; u_n is not squarefull
486,0,2,2,1,local deterministic Miller-Rabin (<2^64),small-prime recurrence scan,v_p(u_n)=1; u_n is not squarefull
487,1,7793,8806090,1130,local deterministic Miller-Rabin (<2^64),small-prime recurrence scan,v_p(u_n)=1; u_n is not squarefull
488,0,3,3,1,local deterministic Miller-Rabin (<2^64),small-prime recurrence scan,v_p(u_n)=1; u_n is not squarefull
489,0,5,5,1,local deterministic Miller-Rabin (<2^64),small-prime recurrence scan,v_p(u_n)=1; u_n is not squarefull
490,0,2,2,1,local deterministic Miller-Rabin (<2^64),small-prime recurrence scan,v_p(u_n)=1; u_n is not squarefull
491,1,983,516075,525,local deterministic Miller-Rabin (<2^64),small-prime recurrence scan,v_p(u_n)=1; u_n is not squarefull
492,0,5,10,2,local deterministic Miller-Rabin (<2^64),small-prime recurrence scan,v_p(u_n)=1; u_n is not squarefull
493,0,103,1339,13,local deterministic Miller-Rabin (<2^64),small-prime recurrence scan,v_p(u_n)=1; u_n is not squarefull
494,0,2,2,1,local deterministic Miller-Rabin (<2^64),small-prime recurrence scan,v_p(u_n)=1; u_n is not squarefull
495,0,7,42,6,local deterministic Miller-Rabin (<2^64),small-prime recurrence scan,v_p(u_n)=1; u_n is not squarefull
496,0,3,6,2,local deterministic Miller-Rabin (<2^64),small-prime recurrence scan,v_p(u_n)=1; u_n is not squarefull
497,0,239,11711,49,local deterministic Miller-Rabin (<2^64),small-prime recurrence scan,v_p(u_n)=1; u_n is not squarefull
498,0,2,2,1,local deterministic Miller-Rabin (<2^64),small-prime recurrence scan,v_p(u_n)=1; u_n is not squarefull
499,1,997,48853,49,local deterministic Miller-Rabin (<2^64),small-prime recurrence scan,v_p(u_n)=1; u_n is not squarefull
500,0,3,3,1,local deterministic Miller-Rabin (<2^64),small-prime recurrence scan,v_p(u_n)=1; u_n is not squarefull
501,0,5,20,4,local deterministic Miller-Rabin (<2^64),small-prime recurrence scan,v_p(u_n)=1; u_n is not squarefull
502,0,2,2,1,local deterministic Miller-Rabin (<2^64),small-prime recurrence scan,v_p(u_n)=1; u_n is not squarefull
503,1,40241,467519938,11618,local deterministic Miller-Rabin (<2^64),small-prime recurrence scan,v_p(u_n)=1; u_n is not squarefull
504,0,5,20,4,local deterministic Miller-Rabin (<2^64),small-prime recurrence scan,v_p(u_n)=1; u_n is not squarefull
505,0,29,667,23,local deterministic Miller-Rabin (<2^64),small-prime recurrence scan,v_p(u_n)=1; u_n is not squarefull
506,0,2,2,1,local deterministic Miller-Rabin (<2^64),small-prime recurrence scan,v_p(u_n)=1; u_n is not squarefull
507,0,5,15,3,local deterministic Miller-Rabin (<2^64),small-prime recurrence scan,v_p(u_n)=1; u_n is not squarefull
508,0,3,6,2,local deterministic Miller-Rabin (<2^64),small-prime recurrence scan,v_p(u_n)=1; u_n is not squarefull
509,1,4073,1731025,425,local deterministic Miller-Rabin (<2^64),small-prime recurrence scan,v_p(u_n)=1; u_n is not squarefull
510,0,2,2,1,local deterministic Miller-Rabin (<2^64),small-prime recurrence scan,v_p(u_n)=1; u_n is not squarefull
511,0,239,35372,148,local deterministic Miller-Rabin (<2^64),small-prime recurrence scan,v_p(u_n)=1; u_n is not squarefull
512,0,3,3,1,local deterministic Miller-Rabin (<2^64),small-prime recurrence scan,v_p(u_n)=1; u_n is not squarefull
513,0,5,10,2,local deterministic Miller-Rabin (<2^64),small-prime recurrence scan,v_p(u_n)=1; u_n is not squarefull
514,0,2,2,1,local deterministic Miller-Rabin (<2^64),small-prime recurrence scan,v_p(u_n)=1; u_n is not squarefull
515,0,29,522,18,local deterministic Miller-Rabin (<2^64),small-prime recurrence scan,v_p(u_n)=1; u_n is not squarefull
516,0,5,5,1,local deterministic Miller-Rabin (<2^64),small-prime recurrence scan,v_p(u_n)=1; u_n is not squarefull
517,0,23,460,20,local deterministic Miller-Rabin (<2^64),small-prime recurrence scan,v_p(u_n)=1; u_n is not squarefull
518,0,2,2,1,local deterministic Miller-Rabin (<2^64),small-prime recurrence scan,v_p(u_n)=1; u_n is not squarefull
519,0,5,5,1,local deterministic Miller-Rabin (<2^64),small-prime recurrence scan,v_p(u_n)=1; u_n is not squarefull
520,0,3,6,2,local deterministic Miller-Rabin (<2^64),small-prime recurrence scan,v_p(u_n)=1; u_n is not squarefull
521,1,204233,12622416332,61804,local deterministic Miller-Rabin (<2^64),prime-index congruence search,v_p(u_n)=1; u_n is not squarefull
522,0,2,2,1,local deterministic Miller-Rabin (<2^64),small-prime recurrence scan,v_p(u_n)=1; u_n is not squarefull
523,1,5231,3405381,651,local deterministic Miller-Rabin (<2^64),small-prime recurrence scan,v_p(u_n)=1; u_n is not squarefull
524,0,3,3,1,local deterministic Miller-Rabin (<2^64),small-prime recurrence scan,v_p(u_n)=1; u_n is not squarefull
525,0,29,377,13,local deterministic Miller-Rabin (<2^64),small-prime recurrence scan,v_p(u_n)=1; u_n is not squarefull
526,0,2,2,1,local deterministic Miller-Rabin (<2^64),small-prime recurrence scan,v_p(u_n)=1; u_n is not squarefull
527,0,61,2867,47,local deterministic Miller-Rabin (<2^64),small-prime recurrence scan,v_p(u_n)=1; u_n is not squarefull
528,0,5,15,3,local deterministic Miller-Rabin (<2^64),small-prime recurrence scan,v_p(u_n)=1; u_n is not squarefull
529,0,47,1457,31,local deterministic Miller-Rabin (<2^64),small-prime recurrence scan,v_p(u_n)=1; u_n is not squarefull
530,0,2,2,1,local deterministic Miller-Rabin (<2^64),small-prime recurrence scan,v_p(u_n)=1; u_n is not squarefull
531,0,5,20,4,local deterministic Miller-Rabin (<2^64),small-prime recurrence scan,v_p(u_n)=1; u_n is not squarefull
532,0,3,6,2,local deterministic Miller-Rabin (<2^64),small-prime recurrence scan,v_p(u_n)=1; u_n is not squarefull
533,0,79,2686,34,local deterministic Miller-Rabin (<2^64),small-prime recurrence scan,v_p(u_n)=1; u_n is not squarefull
534,0,2,2,1,local deterministic Miller-Rabin (<2^64),small-prime recurrence scan,v_p(u_n)=1; u_n is not squarefull
535,0,29,232,8,local deterministic Miller-Rabin (<2^64),small-prime recurrence scan,v_p(u_n)=1; u_n is not squarefull
536,0,3,3,1,local deterministic Miller-Rabin (<2^64),small-prime recurrence scan,v_p(u_n)=1; u_n is not squarefull
537,0,5,15,3,local deterministic Miller-Rabin (<2^64),small-prime recurrence scan,v_p(u_n)=1; u_n is not squarefull
538,0,2,2,1,local deterministic Miller-Rabin (<2^64),small-prime recurrence scan,v_p(u_n)=1; u_n is not squarefull
539,0,23,322,14,local deterministic Miller-Rabin (<2^64),small-prime recurrence scan,v_p(u_n)=1; u_n is not squarefull
540,0,7,28,4,local deterministic Miller-Rabin (<2^64),small-prime recurrence scan,v_p(u_n)=1; u_n is not squarefull
541,1,7573,34116365,4505,local deterministic Miller-Rabin (<2^64),small-prime recurrence scan,v_p(u_n)=1; u_n is not squarefull
542,0,2,2,1,local deterministic Miller-Rabin (<2^64),small-prime recurrence scan,v_p(u_n)=1; u_n is not squarefull
543,0,5,10,2,local deterministic Miller-Rabin (<2^64),small-prime recurrence scan,v_p(u_n)=1; u_n is not squarefull
544,0,3,6,2,local deterministic Miller-Rabin (<2^64),small-prime recurrence scan,v_p(u_n)=1; u_n is not squarefull
545,0,29,87,3,local deterministic Miller-Rabin (<2^64),small-prime recurrence scan,v_p(u_n)=1; u_n is not squarefull
546,0,2,2,1,local deterministic Miller-Rabin (<2^64),small-prime recurrence scan,v_p(u_n)=1; u_n is not squarefull
547,1,1093,402224,368,local deterministic Miller-Rabin (<2^64),small-prime recurrence scan,v_p(u_n)=1; u_n is not squarefull
548,0,3,3,1,local deterministic Miller-Rabin (<2^64),small-prime recurrence scan,v_p(u_n)=1; u_n is not squarefull
549,0,5,5,1,local deterministic Miller-Rabin (<2^64),small-prime recurrence scan,v_p(u_n)=1; u_n is not squarefull
550,0,2,2,1,local deterministic Miller-Rabin (<2^64),small-prime recurrence scan,v_p(u_n)=1; u_n is not squarefull
551,0,37,222,6,local deterministic Miller-Rabin (<2^64),small-prime recurrence scan,v_p(u_n)=1; u_n is not squarefull
552,0,5,10,2,local deterministic Miller-Rabin (<2^64),small-prime recurrence scan,v_p(u_n)=1; u_n is not squarefull
553,0,157,18840,120,local deterministic Miller-Rabin (<2^64),small-prime recurrence scan,v_p(u_n)=1; u_n is not squarefull
554,0,2,2,1,local deterministic Miller-Rabin (<2^64),small-prime recurrence scan,v_p(u_n)=1; u_n is not squarefull
555,0,7,7,1,local deterministic Miller-Rabin (<2^64),small-prime recurrence scan,v_p(u_n)=1; u_n is not squarefull
556,0,3,6,2,local deterministic Miller-Rabin (<2^64),small-prime recurrence scan,v_p(u_n)=1; u_n is not squarefull
557,1,280729,1840178595,6555,local deterministic Miller-Rabin (<2^64),prime-index congruence search,v_p(u_n)=1; u_n is not squarefull
558,0,2,2,1,local deterministic Miller-Rabin (<2^64),small-prime recurrence scan,v_p(u_n)=1; u_n is not squarefull
559,0,79,4187,53,local deterministic Miller-Rabin (<2^64),small-prime recurrence scan,v_p(u_n)=1; u_n is not squarefull
560,0,3,3,1,local deterministic Miller-Rabin (<2^64),small-prime recurrence scan,v_p(u_n)=1; u_n is not squarefull
561,0,5,20,4,local deterministic Miller-Rabin (<2^64),small-prime recurrence scan,v_p(u_n)=1; u_n is not squarefull
562,0,2,2,1,local deterministic Miller-Rabin (<2^64),small-prime recurrence scan,v_p(u_n)=1; u_n is not squarefull
563,1,97353961,7385765455458114,75865074,local deterministic Miller-Rabin (<2^64),prime-index congruence search,v_p(u_n)=1; u_n is not squarefull
564,0,5,20,4,local deterministic Miller-Rabin (<2^64),small-prime recurrence scan,v_p(u_n)=1; u_n is not squarefull
565,0,29,638,22,local deterministic Miller-Rabin (<2^64),small-prime recurrence scan,v_p(u_n)=1; u_n is not squarefull
566,0,2,2,1,local deterministic Miller-Rabin (<2^64),small-prime recurrence scan,v_p(u_n)=1; u_n is not squarefull
567,0,5,15,3,local deterministic Miller-Rabin (<2^64),small-prime recurrence scan,v_p(u_n)=1; u_n is not squarefull
568,0,3,6,2,local deterministic Miller-Rabin (<2^64),small-prime recurrence scan,v_p(u_n)=1; u_n is not squarefull
569,1,3413,10733885,3145,local deterministic Miller-Rabin (<2^64),small-prime recurrence scan,v_p(u_n)=1; u_n is not squarefull
570,0,2,2,1,local deterministic Miller-Rabin (<2^64),small-prime recurrence scan,v_p(u_n)=1; u_n is not squarefull
571,1,25796144657,314299877040516331621,12183986453,local deterministic Miller-Rabin (<2^64),FactorDB candidate discovery + local modular verification,v_p(u_n)=1; u_n is not squarefull
572,0,3,3,1,local deterministic Miller-Rabin (<2^64),small-prime recurrence scan,v_p(u_n)=1; u_n is not squarefull
573,0,5,10,2,local deterministic Miller-Rabin (<2^64),small-prime recurrence scan,v_p(u_n)=1; u_n is not squarefull
574,0,2,2,1,local deterministic Miller-Rabin (<2^64),small-prime recurrence scan,v_p(u_n)=1; u_n is not squarefull
575,0,29,493,17,local deterministic Miller-Rabin (<2^64),small-prime recurrence scan,v_p(u_n)=1; u_n is not squarefull
576,0,5,5,1,local deterministic Miller-Rabin (<2^64),small-prime recurrence scan,v_p(u_n)=1; u_n is not squarefull
577,1,14321415652990386439,168470239059071609370682374783423336600,11763518575336799400,local deterministic Miller-Rabin (<2^64),FactorDB candidate discovery + local modular verification,v_p(u_n)=1; u_n is not squarefull
578,0,2,2,1,local deterministic Miller-Rabin (<2^64),small-prime recurrence scan,v_p(u_n)=1; u_n is not squarefull
579,0,5,5,1,local deterministic Miller-Rabin (<2^64),small-prime recurrence scan,v_p(u_n)=1; u_n is not squarefull
580,0,3,6,2,local deterministic Miller-Rabin (<2^64),small-prime recurrence scan,v_p(u_n)=1; u_n is not squarefull
581,0,167,27722,166,local deterministic Miller-Rabin (<2^64),small-prime recurrence scan,v_p(u_n)=1; u_n is not squarefull
582,0,2,2,1,local deterministic Miller-Rabin (<2^64),small-prime recurrence scan,v_p(u_n)=1; u_n is not squarefull
583,0,23,46,2,local deterministic Miller-Rabin (<2^64),small-prime recurrence scan,v_p(u_n)=1; u_n is not squarefull
584,0,3,3,1,local deterministic Miller-Rabin (<2^64),small-prime recurrence scan,v_p(u_n)=1; u_n is not squarefull
585,0,7,14,2,local deterministic Miller-Rabin (<2^64),small-prime recurrence scan,v_p(u_n)=1; u_n is not squarefull
586,0,2,2,1,local deterministic Miller-Rabin (<2^64),small-prime recurrence scan,v_p(u_n)=1; u_n is not squarefull
587,1,170231,24650470186,144806,local deterministic Miller-Rabin (<2^64),small-prime recurrence scan,v_p(u_n)=1; u_n is not squarefull
588,0,5,15,3,local deterministic Miller-Rabin (<2^64),small-prime recurrence scan,v_p(u_n)=1; u_n is not squarefull
589,0,37,851,23,local deterministic Miller-Rabin (<2^64),small-prime recurrence scan,v_p(u_n)=1; u_n is not squarefull
590,0,2,2,1,local deterministic Miller-Rabin (<2^64),small-prime recurrence scan,v_p(u_n)=1; u_n is not squarefull
591,0,5,20,4,local deterministic Miller-Rabin (<2^64),small-prime recurrence scan,v_p(u_n)=1; u_n is not squarefull
592,0,3,6,2,local deterministic Miller-Rabin (<2^64),small-prime recurrence scan,v_p(u_n)=1; u_n is not squarefull
593,1,3559,6463144,1816,local deterministic Miller-Rabin (<2^64),small-prime recurrence scan,v_p(u_n)=1; u_n is not squarefull
594,0,2,2,1,local deterministic Miller-Rabin (<2^64),small-prime recurrence scan,v_p(u_n)=1; u_n is not squarefull
595,0,29,203,7,local deterministic Miller-Rabin (<2^64),small-prime recurrence scan,v_p(u_n)=1; u_n is not squarefull
596,0,3,3,1,local deterministic Miller-Rabin (<2^64),small-prime recurrence scan,v_p(u_n)=1; u_n is not squarefull
597,0,5,15,3,local deterministic Miller-Rabin (<2^64),small-prime recurrence scan,v_p(u_n)=1; u_n is not squarefull
598,0,2,2,1,local deterministic Miller-Rabin (<2^64),small-prime recurrence scan,v_p(u_n)=1; u_n is not squarefull
599,1,4793,2602599,543,local deterministic Miller-Rabin (<2^64),small-prime recurrence scan,v_p(u_n)=1; u_n is not squarefull
600,0,7,42,6,local deterministic Miller-Rabin (<2^64),small-prime recurrence scan,v_p(u_n)=1; u_n is not squarefull
601,1,3607,6279787,1741,local deterministic Miller-Rabin (<2^64),small-prime recurrence scan,v_p(u_n)=1; u_n is not squarefull
602,0,2,2,1,local deterministic Miller-Rabin (<2^64),small-prime recurrence scan,v_p(u_n)=1; u_n is not squarefull
603,0,5,10,2,local deterministic Miller-Rabin (<2^64),small-prime recurrence scan,v_p(u_n)=1; u_n is not squarefull
604,0,3,6,2,local deterministic Miller-Rabin (<2^64),small-prime recurrence scan,v_p(u_n)=1; u_n is not squarefull
605,0,23,437,19,local deterministic Miller-Rabin (<2^64),small-prime recurrence scan,v_p(u_n)=1; u_n is not squarefull
606,0,2,2,1,local deterministic Miller-Rabin (<2^64),small-prime recurrence scan,v_p(u_n)=1; u_n is not squarefull
607,1,1213,15769,13,local deterministic Miller-Rabin (<2^64),small-prime recurrence scan,v_p(u_n)=1; u_n is not squarefull
608,0,3,3,1,local deterministic Miller-Rabin (<2^64),small-prime recurrence scan,v_p(u_n)=1; u_n is not squarefull
609,0,5,5,1,local deterministic Miller-Rabin (<2^64),small-prime recurrence scan,v_p(u_n)=1; u_n is not squarefull
610,0,2,2,1,local deterministic Miller-Rabin (<2^64),small-prime recurrence scan,v_p(u_n)=1; u_n is not squarefull
611,0,79,948,12,local deterministic Miller-Rabin (<2^64),small-prime recurrence scan,v_p(u_n)=1; u_n is not squarefull
612,0,5,10,2,local deterministic Miller-Rabin (<2^64),small-prime recurrence scan,v_p(u_n)=1; u_n is not squarefull
613,1,98081,9502675766,96886,local deterministic Miller-Rabin (<2^64),small-prime recurrence scan,v_p(u_n)=1; u_n is not squarefull
614,0,2,2,1,local deterministic Miller-Rabin (<2^64),small-prime recurrence scan,v_p(u_n)=1; u_n is not squarefull
615,0,7,21,3,local deterministic Miller-Rabin (<2^64),small-prime recurrence scan,v_p(u_n)=1; u_n is not squarefull
616,0,3,6,2,local deterministic Miller-Rabin (<2^64),small-prime recurrence scan,v_p(u_n)=1; u_n is not squarefull
617,1,23447,282911502,12066,local deterministic Miller-Rabin (<2^64),small-prime recurrence scan,v_p(u_n)=1; u_n is not squarefull
618,0,2,2,1,local deterministic Miller-Rabin (<2^64),small-prime recurrence scan,v_p(u_n)=1; u_n is not squarefull
619,1,1237,1166491,943,local deterministic Miller-Rabin (<2^64),small-prime recurrence scan,v_p(u_n)=1; u_n is not squarefull
620,0,3,3,1,local deterministic Miller-Rabin (<2^64),small-prime recurrence scan,v_p(u_n)=1; u_n is not squarefull
621,0,5,20,4,local deterministic Miller-Rabin (<2^64),small-prime recurrence scan,v_p(u_n)=1; u_n is not squarefull
622,0,2,2,1,local deterministic Miller-Rabin (<2^64),small-prime recurrence scan,v_p(u_n)=1; u_n is not squarefull
623,0,239,53297,223,local deterministic Miller-Rabin (<2^64),small-prime recurrence scan,v_p(u_n)=1; u_n is not squarefull
624,0,5,20,4,local deterministic Miller-Rabin (<2^64),small-prime recurrence scan,v_p(u_n)=1; u_n is not squarefull
625,0,29,609,21,local deterministic Miller-Rabin (<2^64),small-prime recurrence scan,v_p(u_n)=1; u_n is not squarefull
626,0,2,2,1,local deterministic Miller-Rabin (<2^64),small-prime recurrence scan,v_p(u_n)=1; u_n is not squarefull
627,0,5,15,3,local deterministic Miller-Rabin (<2^64),small-prime recurrence scan,v_p(u_n)=1; u_n is not squarefull
628,0,3,6,2,local deterministic Miller-Rabin (<2^64),small-prime recurrence scan,v_p(u_n)=1; u_n is not squarefull
629,0,103,4635,45,local deterministic Miller-Rabin (<2^64),small-prime recurrence scan,v_p(u_n)=1; u_n is not squarefull
630,0,2,2,1,local deterministic Miller-Rabin (<2^64),small-prime recurrence scan,v_p(u_n)=1; u_n is not squarefull
631,1,450533,196639633180,436460,local deterministic Miller-Rabin (<2^64),prime-index congruence search,v_p(u_n)=1; u_n is not squarefull
632,0,3,3,1,local deterministic Miller-Rabin (<2^64),small-prime recurrence scan,v_p(u_n)=1; u_n is not squarefull
633,0,5,10,2,local deterministic Miller-Rabin (<2^64),small-prime recurrence scan,v_p(u_n)=1; u_n is not squarefull
634,0,2,2,1,local deterministic Miller-Rabin (<2^64),small-prime recurrence scan,v_p(u_n)=1; u_n is not squarefull
635,0,29,464,16,local deterministic Miller-Rabin (<2^64),small-prime recurrence scan,v_p(u_n)=1; u_n is not squarefull
636,0,5,5,1,local deterministic Miller-Rabin (<2^64),small-prime recurrence scan,v_p(u_n)=1; u_n is not squarefull
637,0,79,2449,31,local deterministic Miller-Rabin (<2^64),small-prime recurrence scan,v_p(u_n)=1; u_n is not squarefull
638,0,2,2,1,local deterministic Miller-Rabin (<2^64),small-prime recurrence scan,v_p(u_n)=1; u_n is not squarefull
639,0,5,5,1,local deterministic Miller-Rabin (<2^64),small-prime recurrence scan,v_p(u_n)=1; u_n is not squarefull
640,0,3,6,2,local deterministic Miller-Rabin (<2^64),small-prime recurrence scan,v_p(u_n)=1; u_n is not squarefull
641,1,224351,12304979297,54847,local deterministic Miller-Rabin (<2^64),prime-index congruence search,v_p(u_n)=1; u_n is not squarefull
642,0,2,2,1,local deterministic Miller-Rabin (<2^64),small-prime recurrence scan,v_p(u_n)=1; u_n is not squarefull
643,1,5771569,19714029035266,3415714,local deterministic Miller-Rabin (<2^64),prime-index congruence search,v_p(u_n)=1; u_n is not squarefull
644,0,3,3,1,local deterministic Miller-Rabin (<2^64),small-prime recurrence scan,v_p(u_n)=1; u_n is not squarefull
645,0,7,28,4,local deterministic Miller-Rabin (<2^64),small-prime recurrence scan,v_p(u_n)=1; u_n is not squarefull
646,0,2,2,1,local deterministic Miller-Rabin (<2^64),small-prime recurrence scan,v_p(u_n)=1; u_n is not squarefull
647,1,548657,91441918905,166665,local deterministic Miller-Rabin (<2^64),prime-index congruence search,v_p(u_n)=1; u_n is not squarefull
648,0,5,15,3,local deterministic Miller-Rabin (<2^64),small-prime recurrence scan,v_p(u_n)=1; u_n is not squarefull
649,0,23,161,7,local deterministic Miller-Rabin (<2^64),small-prime recurrence scan,v_p(u_n)=1; u_n is not squarefull
650,0,2,2,1,local deterministic Miller-Rabin (<2^64),small-prime recurrence scan,v_p(u_n)=1; u_n is not squarefull
651,0,5,20,4,local deterministic Miller-Rabin (<2^64),small-prime recurrence scan,v_p(u_n)=1; u_n is not squarefull
652,0,3,6,2,local deterministic Miller-Rabin (<2^64),small-prime recurrence scan,v_p(u_n)=1; u_n is not squarefull
653,1,470161,186703283905,397105,local deterministic Miller-Rabin (<2^64),prime-index congruence search,v_p(u_n)=1; u_n is not squarefull
654,0,2,2,1,local deterministic Miller-Rabin (<2^64),small-prime recurrence scan,v_p(u_n)=1; u_n is not squarefull
655,0,29,174,6,local deterministic Miller-Rabin (<2^64),small-prime recurrence scan,v_p(u_n)=1; u_n is not squarefull
656,0,3,3,1,local deterministic Miller-Rabin (<2^64),small-prime recurrence scan,v_p(u_n)=1; u_n is not squarefull
657,0,5,15,3,local deterministic Miller-Rabin (<2^64),small-prime recurrence scan,v_p(u_n)=1; u_n is not squarefull
658,0,2,2,1,local deterministic Miller-Rabin (<2^64),small-prime recurrence scan,v_p(u_n)=1; u_n is not squarefull
659,1,1319,1435072,1088,local deterministic Miller-Rabin (<2^64),small-prime recurrence scan,v_p(u_n)=1; u_n is not squarefull
660,0,7,7,1,local deterministic Miller-Rabin (<2^64),small-prime recurrence scan,v_p(u_n)=1; u_n is not squarefull
661,1,3967,12500017,3151,local deterministic Miller-Rabin (<2^64),small-prime recurrence scan,v_p(u_n)=1; u_n is not squarefull
662,0,2,2,1,local deterministic Miller-Rabin (<2^64),small-prime recurrence scan,v_p(u_n)=1; u_n is not squarefull
663,0,5,10,2,local deterministic Miller-Rabin (<2^64),small-prime recurrence scan,v_p(u_n)=1; u_n is not squarefull
664,0,3,6,2,local deterministic Miller-Rabin (<2^64),small-prime recurrence scan,v_p(u_n)=1; u_n is not squarefull
665,0,29,29,1,local deterministic Miller-Rabin (<2^64),small-prime recurrence scan,v_p(u_n)=1; u_n is not squarefull
666,0,2,2,1,local deterministic Miller-Rabin (<2^64),small-prime recurrence scan,v_p(u_n)=1; u_n is not squarefull
667,0,47,1645,35,local deterministic Miller-Rabin (<2^64),small-prime recurrence scan,v_p(u_n)=1; u_n is not squarefull
668,0,3,3,1,local deterministic Miller-Rabin (<2^64),small-prime recurrence scan,v_p(u_n)=1; u_n is not squarefull
669,0,5,5,1,local deterministic Miller-Rabin (<2^64),small-prime recurrence scan,v_p(u_n)=1; u_n is not squarefull
670,0,2,2,1,local deterministic Miller-Rabin (<2^64),small-prime recurrence scan,v_p(u_n)=1; u_n is not squarefull
671,0,23,23,1,local deterministic Miller-Rabin (<2^64),small-prime recurrence scan,v_p(u_n)=1; u_n is not squarefull
672,0,5,10,2,local deterministic Miller-Rabin (<2^64),small-prime recurrence scan,v_p(u_n)=1; u_n is not squarefull
673,1,236897,39786377356,167948,local deterministic Miller-Rabin (<2^64),prime-index congruence search,v_p(u_n)=1; u_n is not squarefull
674,0,2,2,1,local deterministic Miller-Rabin (<2^64),small-prime recurrence scan,v_p(u_n)=1; u_n is not squarefull
675,0,7,35,5,local deterministic Miller-Rabin (<2^64),small-prime recurrence scan,v_p(u_n)=1; u_n is not squarefull
676,0,3,6,2,local deterministic Miller-Rabin (<2^64),small-prime recurrence scan,v_p(u_n)=1; u_n is not squarefull
677,1,5417,2643496,488,local deterministic Miller-Rabin (<2^64),small-prime recurrence scan,v_p(u_n)=1; u_n is not squarefull
678,0,2,2,1,local deterministic Miller-Rabin (<2^64),small-prime recurrence scan,v_p(u_n)=1; u_n is not squarefull
679,0,239,33699,141,local deterministic Miller-Rabin (<2^64),small-prime recurrence scan,v_p(u_n)=1; u_n is not squarefull
680,0,3,3,1,local deterministic Miller-Rabin (<2^64),small-prime recurrence scan,v_p(u_n)=1; u_n is not squarefull
681,0,5,20,4,local deterministic Miller-Rabin (<2^64),small-prime recurrence scan,v_p(u_n)=1; u_n is not squarefull
682,0,2,2,1,local deterministic Miller-Rabin (<2^64),small-prime recurrence scan,v_p(u_n)=1; u_n is not squarefull
683,1,1367,1361532,996,local deterministic Miller-Rabin (<2^64),small-prime recurrence scan,v_p(u_n)=1; u_n is not squarefull
684,0,5,20,4,local deterministic Miller-Rabin (<2^64),small-prime recurrence scan,v_p(u_n)=1; u_n is not squarefull
685,0,29,580,20,local deterministic Miller-Rabin (<2^64),small-prime recurrence scan,v_p(u_n)=1; u_n is not squarefull
686,0,2,2,1,local deterministic Miller-Rabin (<2^64),small-prime recurrence scan,v_p(u_n)=1; u_n is not squarefull
687,0,5,15,3,local deterministic Miller-Rabin (<2^64),small-prime recurrence scan,v_p(u_n)=1; u_n is not squarefull
688,0,3,6,2,local deterministic Miller-Rabin (<2^64),small-prime recurrence scan,v_p(u_n)=1; u_n is not squarefull
689,0,79,5451,69,local deterministic Miller-Rabin (<2^64),small-prime recurrence scan,v_p(u_n)=1; u_n is not squarefull
690,0,2,2,1,local deterministic Miller-Rabin (<2^64),small-prime recurrence scan,v_p(u_n)=1; u_n is not squarefull
691,1,1381,1394810,1010,local deterministic Miller-Rabin (<2^64),small-prime recurrence scan,v_p(u_n)=1; u_n is not squarefull
692,0,3,3,1,local deterministic Miller-Rabin (<2^64),small-prime recurrence scan,v_p(u_n)=1; u_n is not squarefull
693,0,5,10,2,local deterministic Miller-Rabin (<2^64),small-prime recurrence scan,v_p(u_n)=1; u_n is not squarefull
694,0,2,2,1,local deterministic Miller-Rabin (<2^64),small-prime recurrence scan,v_p(u_n)=1; u_n is not squarefull
695,0,29,435,15,local deterministic Miller-Rabin (<2^64),small-prime recurrence scan,v_p(u_n)=1; u_n is not squarefull
696,0,5,5,1,local deterministic Miller-Rabin (<2^64),small-prime recurrence scan,v_p(u_n)=1; u_n is not squarefull
697,0,103,6283,61,local deterministic Miller-Rabin (<2^64),small-prime recurrence scan,v_p(u_n)=1; u_n is not squarefull
698,0,2,2,1,local deterministic Miller-Rabin (<2^64),small-prime recurrence scan,v_p(u_n)=1; u_n is not squarefull
699,0,5,5,1,local deterministic Miller-Rabin (<2^64),small-prime recurrence scan,v_p(u_n)=1; u_n is not squarefull
700,0,3,6,2,local deterministic Miller-Rabin (<2^64),small-prime recurrence scan,v_p(u_n)=1; u_n is not squarefull
701,1,10571081,91884206039835,8692035,local deterministic Miller-Rabin (<2^64),prime-index congruence search,v_p(u_n)=1; u_n is not squarefull
702,0,2,2,1,local deterministic Miller-Rabin (<2^64),small-prime recurrence scan,v_p(u_n)=1; u_n is not squarefull
703,0,223,48837,219,local deterministic Miller-Rabin (<2^64),small-prime recurrence scan,v_p(u_n)=1; u_n is not squarefull
704,0,3,3,1,local deterministic Miller-Rabin (<2^64),small-prime recurrence scan,v_p(u_n)=1; u_n is not squarefull
705,0,7,42,6,local deterministic Miller-Rabin (<2^64),small-prime recurrence scan,v_p(u_n)=1; u_n is not squarefull
706,0,2,2,1,local deterministic Miller-Rabin (<2^64),small-prime recurrence scan,v_p(u_n)=1; u_n is not squarefull
707,0,239,23900,100,local deterministic Miller-Rabin (<2^64),small-prime recurrence scan,v_p(u_n)=1; u_n is not squarefull
708,0,5,15,3,local deterministic Miller-Rabin (<2^64),small-prime recurrence scan,v_p(u_n)=1; u_n is not squarefull
709,1,85081,4054449974,47654,local deterministic Miller-Rabin (<2^64),small-prime recurrence scan,v_p(u_n)=1; u_n is not squarefull
710,0,2,2,1,local deterministic Miller-Rabin (<2^64),small-prime recurrence scan,v_p(u_n)=1; u_n is not squarefull
711,0,5,20,4,local deterministic Miller-Rabin (<2^64),small-prime recurrence scan,v_p(u_n)=1; u_n is not squarefull
712,0,3,6,2,local deterministic Miller-Rabin (<2^64),small-prime recurrence scan,v_p(u_n)=1; u_n is not squarefull
713,0,47,235,5,local deterministic Miller-Rabin (<2^64),small-prime recurrence scan,v_p(u_n)=1; u_n is not squarefull
714,0,2,2,1,local deterministic Miller-Rabin (<2^64),small-prime recurrence scan,v_p(u_n)=1; u_n is not squarefull
715,0,23,276,12,local deterministic Miller-Rabin (<2^64),small-prime recurrence scan,v_p(u_n)=1; u_n is not squarefull
716,0,3,3,1,local deterministic Miller-Rabin (<2^64),small-prime recurrence scan,v_p(u_n)=1; u_n is not squarefull
717,0,5,15,3,local deterministic Miller-Rabin (<2^64),small-prime recurrence scan,v_p(u_n)=1; u_n is not squarefull
718,0,2,2,1,local deterministic Miller-Rabin (<2^64),small-prime recurrence scan,v_p(u_n)=1; u_n is not squarefull
719,1,1439,1725361,1199,local deterministic Miller-Rabin (<2^64),small-prime recurrence scan,v_p(u_n)=1; u_n is not squarefull
720,0,7,21,3,local deterministic Miller-Rabin (<2^64),small-prime recurrence scan,v_p(u_n)=1; u_n is not squarefull
721,0,239,47561,199,local deterministic Miller-Rabin (<2^64),small-prime recurrence scan,v_p(u_n)=1; u_n is not squarefull
722,0,2,2,1,local deterministic Miller-Rabin (<2^64),small-prime recurrence scan,v_p(u_n)=1; u_n is not squarefull
723,0,5,10,2,local deterministic Miller-Rabin (<2^64),small-prime recurrence scan,v_p(u_n)=1; u_n is not squarefull
724,0,3,6,2,local deterministic Miller-Rabin (<2^64),small-prime recurrence scan,v_p(u_n)=1; u_n is not squarefull
725,0,41,943,23,local deterministic Miller-Rabin (<2^64),small-prime recurrence scan,v_p(u_n)=1; u_n is not squarefull
726,0,2,2,1,local deterministic Miller-Rabin (<2^64),small-prime recurrence scan,v_p(u_n)=1; u_n is not squarefull
727,1,1453,1852575,1275,local deterministic Miller-Rabin (<2^64),small-prime recurrence scan,v_p(u_n)=1; u_n is not squarefull
728,0,3,3,1,local deterministic Miller-Rabin (<2^64),small-prime recurrence scan,v_p(u_n)=1; u_n is not squarefull
729,0,5,5,1,local deterministic Miller-Rabin (<2^64),small-prime recurrence scan,v_p(u_n)=1; u_n is not squarefull
730,0,2,2,1,local deterministic Miller-Rabin (<2^64),small-prime recurrence scan,v_p(u_n)=1; u_n is not squarefull
731,0,103,7107,69,local deterministic Miller-Rabin (<2^64),small-prime recurrence scan,v_p(u_n)=1; u_n is not squarefull
732,0,5,10,2,local deterministic Miller-Rabin (<2^64),small-prime recurrence scan,v_p(u_n)=1; u_n is not squarefull
733,1,80629,259060977,3213,local deterministic Miller-Rabin (<2^64),small-prime recurrence scan,v_p(u_n)=1; u_n is not squarefull
734,0,2,2,1,local deterministic Miller-Rabin (<2^64),small-prime recurrence scan,v_p(u_n)=1; u_n is not squarefull
735,0,29,696,24,local deterministic Miller-Rabin (<2^64),small-prime recurrence scan,v_p(u_n)=1; u_n is not squarefull
736,0,3,6,2,local deterministic Miller-Rabin (<2^64),small-prime recurrence scan,v_p(u_n)=1; u_n is not squarefull
737,0,23,138,6,local deterministic Miller-Rabin (<2^64),small-prime recurrence scan,v_p(u_n)=1; u_n is not squarefull
738,0,2,2,1,local deterministic Miller-Rabin (<2^64),small-prime recurrence scan,v_p(u_n)=1; u_n is not squarefull
739,1,72421,3935212298,54338,local deterministic Miller-Rabin (<2^64),small-prime recurrence scan,v_p(u_n)=1; u_n is not squarefull
740,0,3,3,1,local deterministic Miller-Rabin (<2^64),small-prime recurrence scan,v_p(u_n)=1; u_n is not squarefull
741,0,5,20,4,local deterministic Miller-Rabin (<2^64),small-prime recurrence scan,v_p(u_n)=1; u_n is not squarefull
742,0,2,2,1,local deterministic Miller-Rabin (<2^64),small-prime recurrence scan,v_p(u_n)=1; u_n is not squarefull
743,1,1487,422308,284,local deterministic Miller-Rabin (<2^64),small-prime recurrence scan,v_p(u_n)=1; u_n is not squarefull
744,0,5,20,4,local deterministic Miller-Rabin (<2^64),small-prime recurrence scan,v_p(u_n)=1; u_n is not squarefull
745,0,29,551,19,local deterministic Miller-Rabin (<2^64),small-prime recurrence scan,v_p(u_n)=1; u_n is not squarefull
746,0,2,2,1,local deterministic Miller-Rabin (<2^64),small-prime recurrence scan,v_p(u_n)=1; u_n is not squarefull
747,0,5,15,3,local deterministic Miller-Rabin (<2^64),small-prime recurrence scan,v_p(u_n)=1; u_n is not squarefull
748,0,3,6,2,local deterministic Miller-Rabin (<2^64),small-prime recurrence scan,v_p(u_n)=1; u_n is not squarefull
749,0,239,37762,158,local deterministic Miller-Rabin (<2^64),small-prime recurrence scan,v_p(u_n)=1; u_n is not squarefull
750,0,2,2,1,local deterministic Miller-Rabin (<2^64),small-prime recurrence scan,v_p(u_n)=1; u_n is not squarefull
751,1,7852582169,51109799686553977133,6508661557,local deterministic Miller-Rabin (<2^64),FactorDB candidate discovery + local modular verification,v_p(u_n)=1; u_n is not squarefull
752,0,3,3,1,local deterministic Miller-Rabin (<2^64),small-prime recurrence scan,v_p(u_n)=1; u_n is not squarefull
753,0,5,10,2,local deterministic Miller-Rabin (<2^64),small-prime recurrence scan,v_p(u_n)=1; u_n is not squarefull
754,0,2,2,1,local deterministic Miller-Rabin (<2^64),small-prime recurrence scan,v_p(u_n)=1; u_n is not squarefull
755,0,29,406,14,local deterministic Miller-Rabin (<2^64),small-prime recurrence scan,v_p(u_n)=1; u_n is not squarefull
756,0,5,5,1,local deterministic Miller-Rabin (<2^64),small-prime recurrence scan,v_p(u_n)=1; u_n is not squarefull
757,1,125448527,10970757701615128,87452264,local deterministic Miller-Rabin (<2^64),prime-index congruence search,v_p(u_n)=1; u_n is not squarefull
758,0,2,2,1,local deterministic Miller-Rabin (<2^64),small-prime recurrence scan,v_p(u_n)=1; u_n is not squarefull
759,0,5,5,1,local deterministic Miller-Rabin (<2^64),small-prime recurrence scan,v_p(u_n)=1; u_n is not squarefull
760,0,3,6,2,local deterministic Miller-Rabin (<2^64),small-prime recurrence scan,v_p(u_n)=1; u_n is not squarefull
761,1,11741949953,22503841238700522304,1916533568,local deterministic Miller-Rabin (<2^64),FactorDB candidate discovery + local modular verification,v_p(u_n)=1; u_n is not squarefull
762,0,2,2,1,local deterministic Miller-Rabin (<2^64),small-prime recurrence scan,v_p(u_n)=1; u_n is not squarefull
763,0,239,4302,18,local deterministic Miller-Rabin (<2^64),small-prime recurrence scan,v_p(u_n)=1; u_n is not squarefull
764,0,3,3,1,local deterministic Miller-Rabin (<2^64),small-prime recurrence scan,v_p(u_n)=1; u_n is not squarefull
765,0,7,7,1,local deterministic Miller-Rabin (<2^64),small-prime recurrence scan,v_p(u_n)=1; u_n is not squarefull
766,0,2,2,1,local deterministic Miller-Rabin (<2^64),small-prime recurrence scan,v_p(u_n)=1; u_n is not squarefull
767,0,79,3713,47,local deterministic Miller-Rabin (<2^64),small-prime recurrence scan,v_p(u_n)=1; u_n is not squarefull
768,0,5,15,3,local deterministic Miller-Rabin (<2^64),small-prime recurrence scan,v_p(u_n)=1; u_n is not squarefull
769,1,18457,11074200,600,local deterministic Miller-Rabin (<2^64),small-prime recurrence scan,v_p(u_n)=1; u_n is not squarefull
770,0,2,2,1,local deterministic Miller-Rabin (<2^64),small-prime recurrence scan,v_p(u_n)=1; u_n is not squarefull
771,0,5,20,4,local deterministic Miller-Rabin (<2^64),small-prime recurrence scan,v_p(u_n)=1; u_n is not squarefull
772,0,3,6,2,local deterministic Miller-Rabin (<2^64),small-prime recurrence scan,v_p(u_n)=1; u_n is not squarefull
773,1,4637,4576719,987,local deterministic Miller-Rabin (<2^64),small-prime recurrence scan,v_p(u_n)=1; u_n is not squarefull
774,0,2,2,1,local deterministic Miller-Rabin (<2^64),small-prime recurrence scan,v_p(u_n)=1; u_n is not squarefull
775,0,29,116,4,local deterministic Miller-Rabin (<2^64),small-prime recurrence scan,v_p(u_n)=1; u_n is not squarefull
776,0,3,3,1,local deterministic Miller-Rabin (<2^64),small-prime recurrence scan,v_p(u_n)=1; u_n is not squarefull
777,0,5,15,3,local deterministic Miller-Rabin (<2^64),small-prime recurrence scan,v_p(u_n)=1; u_n is not squarefull
778,0,2,2,1,local deterministic Miller-Rabin (<2^64),small-prime recurrence scan,v_p(u_n)=1; u_n is not squarefull
779,0,37,1258,34,local deterministic Miller-Rabin (<2^64),small-prime recurrence scan,v_p(u_n)=1; u_n is not squarefull
780,0,7,35,5,local deterministic Miller-Rabin (<2^64),small-prime recurrence scan,v_p(u_n)=1; u_n is not squarefull
781,0,23,391,17,local deterministic Miller-Rabin (<2^64),small-prime recurrence scan,v_p(u_n)=1; u_n is not squarefull
782,0,2,2,1,local deterministic Miller-Rabin (<2^64),small-prime recurrence scan,v_p(u_n)=1; u_n is not squarefull
783,0,5,10,2,local deterministic Miller-Rabin (<2^64),small-prime recurrence scan,v_p(u_n)=1; u_n is not squarefull
784,0,3,6,2,local deterministic Miller-Rabin (<2^64),small-prime recurrence scan,v_p(u_n)=1; u_n is not squarefull
785,0,29,812,28,local deterministic Miller-Rabin (<2^64),small-prime recurrence scan,v_p(u_n)=1; u_n is not squarefull
786,0,2,2,1,local deterministic Miller-Rabin (<2^64),small-prime recurrence scan,v_p(u_n)=1; u_n is not squarefull
787,1,31481,567256139,18019,local deterministic Miller-Rabin (<2^64),small-prime recurrence scan,v_p(u_n)=1; u_n is not squarefull
788,0,3,3,1,local deterministic Miller-Rabin (<2^64),small-prime recurrence scan,v_p(u_n)=1; u_n is not squarefull
789,0,5,5,1,local deterministic Miller-Rabin (<2^64),small-prime recurrence scan,v_p(u_n)=1; u_n is not squarefull
790,0,2,2,1,local deterministic Miller-Rabin (<2^64),small-prime recurrence scan,v_p(u_n)=1; u_n is not squarefull
791,0,239,51624,216,local deterministic Miller-Rabin (<2^64),small-prime recurrence scan,v_p(u_n)=1; u_n is not squarefull
792,0,5,10,2,local deterministic Miller-Rabin (<2^64),small-prime recurrence scan,v_p(u_n)=1; u_n is not squarefull
793,0,79,5214,66,local deterministic Miller-Rabin (<2^64),small-prime recurrence scan,v_p(u_n)=1; u_n is not squarefull
794,0,2,2,1,local deterministic Miller-Rabin (<2^64),small-prime recurrence scan,v_p(u_n)=1; u_n is not squarefull
795,0,7,14,2,local deterministic Miller-Rabin (<2^64),small-prime recurrence scan,v_p(u_n)=1; u_n is not squarefull
796,0,3,6,2,local deterministic Miller-Rabin (<2^64),small-prime recurrence scan,v_p(u_n)=1; u_n is not squarefull
797,1,30584077,17409924664096,569248,local deterministic Miller-Rabin (<2^64),prime-index congruence search,v_p(u_n)=1; u_n is not squarefull
798,0,2,2,1,local deterministic Miller-Rabin (<2^64),small-prime recurrence scan,v_p(u_n)=1; u_n is not squarefull
799,0,103,8755,85,local deterministic Miller-Rabin (<2^64),small-prime recurrence scan,v_p(u_n)=1; u_n is not squarefull
800,0,3,3,1,local deterministic Miller-Rabin (<2^64),small-prime recurrence scan,v_p(u_n)=1; u_n is not squarefull
801,0,5,20,4,local deterministic Miller-Rabin (<2^64),small-prime recurrence scan,v_p(u_n)=1; u_n is not squarefull
802,0,2,2,1,local deterministic Miller-Rabin (<2^64),small-prime recurrence scan,v_p(u_n)=1; u_n is not squarefull
803,0,23,253,11,local deterministic Miller-Rabin (<2^64),small-prime recurrence scan,v_p(u_n)=1; u_n is not squarefull
804,0,5,20,4,local deterministic Miller-Rabin (<2^64),small-prime recurrence scan,v_p(u_n)=1; u_n is not squarefull
805,0,29,522,18,local deterministic Miller-Rabin (<2^64),small-prime recurrence scan,v_p(u_n)=1; u_n is not squarefull
806,0,2,2,1,local deterministic Miller-Rabin (<2^64),small-prime recurrence scan,v_p(u_n)=1; u_n is not squarefull
807,0,5,15,3,local deterministic Miller-Rabin (<2^64),small-prime recurrence scan,v_p(u_n)=1; u_n is not squarefull
808,0,3,6,2,local deterministic Miller-Rabin (<2^64),small-prime recurrence scan,v_p(u_n)=1; u_n is not squarefull
809,1,6473,28409997,4389,local deterministic Miller-Rabin (<2^64),small-prime recurrence scan,v_p(u_n)=1; u_n is not squarefull
810,0,2,2,1,local deterministic Miller-Rabin (<2^64),small-prime recurrence scan,v_p(u_n)=1; u_n is not squarefull
811,1,1621,129680,80,local deterministic Miller-Rabin (<2^64),small-prime recurrence scan,v_p(u_n)=1; u_n is not squarefull
812,0,3,3,1,local deterministic Miller-Rabin (<2^64),small-prime recurrence scan,v_p(u_n)=1; u_n is not squarefull
813,0,5,10,2,local deterministic Miller-Rabin (<2^64),small-prime recurrence scan,v_p(u_n)=1; u_n is not squarefull
814,0,2,2,1,local deterministic Miller-Rabin (<2^64),small-prime recurrence scan,v_p(u_n)=1; u_n is not squarefull
815,0,29,377,13,local deterministic Miller-Rabin (<2^64),small-prime recurrence scan,v_p(u_n)=1; u_n is not squarefull
816,0,5,5,1,local deterministic Miller-Rabin (<2^64),small-prime recurrence scan,v_p(u_n)=1; u_n is not squarefull
817,0,37,518,14,local deterministic Miller-Rabin (<2^64),small-prime recurrence scan,v_p(u_n)=1; u_n is not squarefull
818,0,2,2,1,local deterministic Miller-Rabin (<2^64),small-prime recurrence scan,v_p(u_n)=1; u_n is not squarefull
819,0,5,5,1,local deterministic Miller-Rabin (<2^64),small-prime recurrence scan,v_p(u_n)=1; u_n is not squarefull
820,0,3,6,2,local deterministic Miller-Rabin (<2^64),small-prime recurrence scan,v_p(u_n)=1; u_n is not squarefull
821,1,18061,110659747,6127,local deterministic Miller-Rabin (<2^64),small-prime recurrence scan,v_p(u_n)=1; u_n is not squarefull
822,0,2,2,1,local deterministic Miller-Rabin (<2^64),small-prime recurrence scan,v_p(u_n)=1; u_n is not squarefull
823,1,8231,38381153,4663,local deterministic Miller-Rabin (<2^64),small-prime recurrence scan,v_p(u_n)=1; u_n is not squarefull
824,0,3,3,1,local deterministic Miller-Rabin (<2^64),small-prime recurrence scan,v_p(u_n)=1; u_n is not squarefull
825,0,7,21,3,local deterministic Miller-Rabin (<2^64),small-prime recurrence scan,v_p(u_n)=1; u_n is not squarefull
826,0,2,2,1,local deterministic Miller-Rabin (<2^64),small-prime recurrence scan,v_p(u_n)=1; u_n is not squarefull
827,1,9477367073,11130956689479556239,1174477743,local deterministic Miller-Rabin (<2^64),FactorDB candidate discovery + local modular verification,v_p(u_n)=1; u_n is not squarefull
828,0,5,15,3,local deterministic Miller-Rabin (<2^64),small-prime recurrence scan,v_p(u_n)=1; u_n is not squarefull
829,1,124351,12967446631,104281,local deterministic Miller-Rabin (<2^64),small-prime recurrence scan,v_p(u_n)=1; u_n is not squarefull
830,0,2,2,1,local deterministic Miller-Rabin (<2^64),small-prime recurrence scan,v_p(u_n)=1; u_n is not squarefull
831,0,5,20,4,local deterministic Miller-Rabin (<2^64),small-prime recurrence scan,v_p(u_n)=1; u_n is not squarefull
832,0,3,6,2,local deterministic Miller-Rabin (<2^64),small-prime recurrence scan,v_p(u_n)=1; u_n is not squarefull
833,0,103,9579,93,local deterministic Miller-Rabin (<2^64),small-prime recurrence scan,v_p(u_n)=1; u_n is not squarefull
834,0,2,2,1,local deterministic Miller-Rabin (<2^64),small-prime recurrence scan,v_p(u_n)=1; u_n is not squarefull
835,0,29,87,3,local deterministic Miller-Rabin (<2^64),small-prime recurrence scan,v_p(u_n)=1; u_n is not squarefull
836,0,3,3,1,local deterministic Miller-Rabin (<2^64),small-prime recurrence scan,v_p(u_n)=1; u_n is not squarefull
837,0,5,15,3,local deterministic Miller-Rabin (<2^64),small-prime recurrence scan,v_p(u_n)=1; u_n is not squarefull
838,0,2,2,1,local deterministic Miller-Rabin (<2^64),small-prime recurrence scan,v_p(u_n)=1; u_n is not squarefull
839,1,37377968503,1308507441739813395282,35007452094,local deterministic Miller-Rabin (<2^64),FactorDB candidate discovery + local modular verification,v_p(u_n)=1; u_n is not squarefull
840,0,11,99,9,local deterministic Miller-Rabin (<2^64),small-prime recurrence scan,v_p(u_n)=1; u_n is not squarefull
841,0,45413,1794540108,39516,local deterministic Miller-Rabin (<2^64),small-prime recurrence scan,v_p(u_n)=1; u_n is not squarefull
842,0,2,2,1,local deterministic Miller-Rabin (<2^64),small-prime recurrence scan,v_p(u_n)=1; u_n is not squarefull
843,0,5,10,2,local deterministic Miller-Rabin (<2^64),small-prime recurrence scan,v_p(u_n)=1; u_n is not squarefull
844,0,3,6,2,local deterministic Miller-Rabin (<2^64),small-prime recurrence scan,v_p(u_n)=1; u_n is not squarefull
845,0,29,783,27,local deterministic Miller-Rabin (<2^64),small-prime recurrence scan,v_p(u_n)=1; u_n is not squarefull
846,0,2,2,1,local deterministic Miller-Rabin (<2^64),small-prime recurrence scan,v_p(u_n)=1; u_n is not squarefull
847,0,23,506,22,local deterministic Miller-Rabin (<2^64),small-prime recurrence scan,v_p(u_n)=1; u_n is not squarefull
848,0,3,3,1,local deterministic Miller-Rabin (<2^64),small-prime recurrence scan,v_p(u_n)=1; u_n is not squarefull
849,0,5,5,1,local deterministic Miller-Rabin (<2^64),small-prime recurrence scan,v_p(u_n)=1; u_n is not squarefull
850,0,2,2,1,local deterministic Miller-Rabin (<2^64),small-prime recurrence scan,v_p(u_n)=1; u_n is not squarefull
851,0,47,423,9,local deterministic Miller-Rabin (<2^64),small-prime recurrence scan,v_p(u_n)=1; u_n is not squarefull
852,0,5,10,2,local deterministic Miller-Rabin (<2^64),small-prime recurrence scan,v_p(u_n)=1; u_n is not squarefull
853,1,11941,62391725,5225,local deterministic Miller-Rabin (<2^64),small-prime recurrence scan,v_p(u_n)=1; u_n is not squarefull
854,0,2,2,1,local deterministic Miller-Rabin (<2^64),small-prime recurrence scan,v_p(u_n)=1; u_n is not squarefull
855,0,7,28,4,local deterministic Miller-Rabin (<2^64),small-prime recurrence scan,v_p(u_n)=1; u_n is not squarefull
856,0,3,6,2,local deterministic Miller-Rabin (<2^64),small-prime recurrence scan,v_p(u_n)=1; u_n is not squarefull
857,1,160812623,13669813336316292,85004604,local deterministic Miller-Rabin (<2^64),prime-index congruence search,v_p(u_n)=1; u_n is not squarefull
858,0,2,2,1,local deterministic Miller-Rabin (<2^64),small-prime recurrence scan,v_p(u_n)=1; u_n is not squarefull
859,1,343601,6299580734,18334,local deterministic Miller-Rabin (<2^64),prime-index congruence search,v_p(u_n)=1; u_n is not squarefull
860,0,3,3,1,local deterministic Miller-Rabin (<2^64),small-prime recurrence scan,v_p(u_n)=1; u_n is not squarefull
861,0,5,20,4,local deterministic Miller-Rabin (<2^64),small-prime recurrence scan,v_p(u_n)=1; u_n is not squarefull
862,0,2,2,1,local deterministic Miller-Rabin (<2^64),small-prime recurrence scan,v_p(u_n)=1; u_n is not squarefull
863,1,209110079,7307002287712991,34943329,local deterministic Miller-Rabin (<2^64),prime-index congruence search,v_p(u_n)=1; u_n is not squarefull
864,0,5,20,4,local deterministic Miller-Rabin (<2^64),small-prime recurrence scan,v_p(u_n)=1; u_n is not squarefull
865,0,29,493,17,local deterministic Miller-Rabin (<2^64),small-prime recurrence scan,v_p(u_n)=1; u_n is not squarefull
866,0,2,2,1,local deterministic Miller-Rabin (<2^64),small-prime recurrence scan,v_p(u_n)=1; u_n is not squarefull
867,0,5,15,3,local deterministic Miller-Rabin (<2^64),small-prime recurrence scan,v_p(u_n)=1; u_n is not squarefull
868,0,3,6,2,local deterministic Miller-Rabin (<2^64),small-prime recurrence scan,v_p(u_n)=1; u_n is not squarefull
869,0,23,368,16,local deterministic Miller-Rabin (<2^64),small-prime recurrence scan,v_p(u_n)=1; u_n is not squarefull
870,0,2,2,1,local deterministic Miller-Rabin (<2^64),small-prime recurrence scan,v_p(u_n)=1; u_n is not squarefull
871,0,79,3476,44,local deterministic Miller-Rabin (<2^64),small-prime recurrence scan,v_p(u_n)=1; u_n is not squarefull
872,0,3,3,1,local deterministic Miller-Rabin (<2^64),small-prime recurrence scan,v_p(u_n)=1; u_n is not squarefull
873,0,5,10,2,local deterministic Miller-Rabin (<2^64),small-prime recurrence scan,v_p(u_n)=1; u_n is not squarefull
874,0,2,2,1,local deterministic Miller-Rabin (<2^64),small-prime recurrence scan,v_p(u_n)=1; u_n is not squarefull
875,0,29,348,12,local deterministic Miller-Rabin (<2^64),small-prime recurrence scan,v_p(u_n)=1; u_n is not squarefull
876,0,5,5,1,local deterministic Miller-Rabin (<2^64),small-prime recurrence scan,v_p(u_n)=1; u_n is not squarefull
877,1,26309,469457796,17844,local deterministic Miller-Rabin (<2^64),small-prime recurrence scan,v_p(u_n)=1; u_n is not squarefull
878,0,2,2,1,local deterministic Miller-Rabin (<2^64),small-prime recurrence scan,v_p(u_n)=1; u_n is not squarefull
879,0,5,5,1,local deterministic Miller-Rabin (<2^64),small-prime recurrence scan,v_p(u_n)=1; u_n is not squarefull
880,0,3,6,2,local deterministic Miller-Rabin (<2^64),small-prime recurrence scan,v_p(u_n)=1; u_n is not squarefull
881,1,19381,25679825,1325,local deterministic Miller-Rabin (<2^64),small-prime recurrence scan,v_p(u_n)=1; u_n is not squarefull
882,0,2,2,1,local deterministic Miller-Rabin (<2^64),small-prime recurrence scan,v_p(u_n)=1; u_n is not squarefull
883,1,1018981,364716736463,357923,local deterministic Miller-Rabin (<2^64),prime-index congruence search,v_p(u_n)=1; u_n is not squarefull
884,0,3,3,1,local deterministic Miller-Rabin (<2^64),small-prime recurrence scan,v_p(u_n)=1; u_n is not squarefull
885,0,7,35,5,local deterministic Miller-Rabin (<2^64),small-prime recurrence scan,v_p(u_n)=1; u_n is not squarefull
886,0,2,2,1,local deterministic Miller-Rabin (<2^64),small-prime recurrence scan,v_p(u_n)=1; u_n is not squarefull
887,1,10808983,105088942858693,9722371,local deterministic Miller-Rabin (<2^64),prime-index congruence search,v_p(u_n)=1; u_n is not squarefull
888,0,5,15,3,local deterministic Miller-Rabin (<2^64),small-prime recurrence scan,v_p(u_n)=1; u_n is not squarefull
889,0,239,45888,192,local deterministic Miller-Rabin (<2^64),small-prime recurrence scan,v_p(u_n)=1; u_n is not squarefull
890,0,2,2,1,local deterministic Miller-Rabin (<2^64),small-prime recurrence scan,v_p(u_n)=1; u_n is not squarefull
891,0,5,20,4,local deterministic Miller-Rabin (<2^64),small-prime recurrence scan,v_p(u_n)=1; u_n is not squarefull
892,0,3,6,2,local deterministic Miller-Rabin (<2^64),small-prime recurrence scan,v_p(u_n)=1; u_n is not squarefull
893,0,37,407,11,local deterministic Miller-Rabin (<2^64),small-prime recurrence scan,v_p(u_n)=1; u_n is not squarefull
894,0,2,2,1,local deterministic Miller-Rabin (<2^64),small-prime recurrence scan,v_p(u_n)=1; u_n is not squarefull
895,0,29,58,2,local deterministic Miller-Rabin (<2^64),small-prime recurrence scan,v_p(u_n)=1; u_n is not squarefull
896,0,3,3,1,local deterministic Miller-Rabin (<2^64),small-prime recurrence scan,v_p(u_n)=1; u_n is not squarefull
897,0,5,15,3,local deterministic Miller-Rabin (<2^64),small-prime recurrence scan,v_p(u_n)=1; u_n is not squarefull
898,0,2,2,1,local deterministic Miller-Rabin (<2^64),small-prime recurrence scan,v_p(u_n)=1; u_n is not squarefull
899,0,61,732,12,local deterministic Miller-Rabin (<2^64),small-prime recurrence scan,v_p(u_n)=1; u_n is not squarefull
900,0,7,14,2,local deterministic Miller-Rabin (<2^64),small-prime recurrence scan,v_p(u_n)=1; u_n is not squarefull
901,0,103,618,6,local deterministic Miller-Rabin (<2^64),small-prime recurrence scan,v_p(u_n)=1; u_n is not squarefull
902,0,2,2,1,local deterministic Miller-Rabin (<2^64),small-prime recurrence scan,v_p(u_n)=1; u_n is not squarefull
903,0,5,10,2,local deterministic Miller-Rabin (<2^64),small-prime recurrence scan,v_p(u_n)=1; u_n is not squarefull
904,0,3,6,2,local deterministic Miller-Rabin (<2^64),small-prime recurrence scan,v_p(u_n)=1; u_n is not squarefull
905,0,29,754,26,local deterministic Miller-Rabin (<2^64),small-prime recurrence scan,v_p(u_n)=1; u_n is not squarefull
906,0,2,2,1,local deterministic Miller-Rabin (<2^64),small-prime recurrence scan,v_p(u_n)=1; u_n is not squarefull
907,1,159619303,24949253335157614,156304738,local deterministic Miller-Rabin (<2^64),prime-index congruence search,v_p(u_n)=1; u_n is not squarefull
908,0,3,3,1,local deterministic Miller-Rabin (<2^64),small-prime recurrence scan,v_p(u_n)=1; u_n is not squarefull
909,0,5,5,1,local deterministic Miller-Rabin (<2^64),small-prime recurrence scan,v_p(u_n)=1; u_n is not squarefull
910,0,2,2,1,local deterministic Miller-Rabin (<2^64),small-prime recurrence scan,v_p(u_n)=1; u_n is not squarefull
911,1,1823,2572253,1411,local deterministic Miller-Rabin (<2^64),small-prime recurrence scan,v_p(u_n)=1; u_n is not squarefull
912,0,5,10,2,local deterministic Miller-Rabin (<2^64),small-prime recurrence scan,v_p(u_n)=1; u_n is not squarefull
913,0,23,92,4,local deterministic Miller-Rabin (<2^64),small-prime recurrence scan,v_p(u_n)=1; u_n is not squarefull
914,0,2,2,1,local deterministic Miller-Rabin (<2^64),small-prime recurrence scan,v_p(u_n)=1; u_n is not squarefull
915,0,7,42,6,local deterministic Miller-Rabin (<2^64),small-prime recurrence scan,v_p(u_n)=1; u_n is not squarefull
916,0,3,6,2,local deterministic Miller-Rabin (<2^64),small-prime recurrence scan,v_p(u_n)=1; u_n is not squarefull
917,0,239,36089,151,local deterministic Miller-Rabin (<2^64),small-prime recurrence scan,v_p(u_n)=1; u_n is not squarefull
918,0,2,2,1,local deterministic Miller-Rabin (<2^64),small-prime recurrence scan,v_p(u_n)=1; u_n is not squarefull
919,1,4471853,12375388104788,2767396,local deterministic Miller-Rabin (<2^64),prime-index congruence search,v_p(u_n)=1; u_n is not squarefull
920,0,3,3,1,local deterministic Miller-Rabin (<2^64),small-prime recurrence scan,v_p(u_n)=1; u_n is not squarefull
921,0,5,20,4,local deterministic Miller-Rabin (<2^64),small-prime recurrence scan,v_p(u_n)=1; u_n is not squarefull
922,0,2,2,1,local deterministic Miller-Rabin (<2^64),small-prime recurrence scan,v_p(u_n)=1; u_n is not squarefull
923,0,79,237,3,local deterministic Miller-Rabin (<2^64),small-prime recurrence scan,v_p(u_n)=1; u_n is not squarefull
924,0,5,20,4,local deterministic Miller-Rabin (<2^64),small-prime recurrence scan,v_p(u_n)=1; u_n is not squarefull
925,0,29,464,16,local deterministic Miller-Rabin (<2^64),small-prime recurrence scan,v_p(u_n)=1; u_n is not squarefull
926,0,2,2,1,local deterministic Miller-Rabin (<2^64),small-prime recurrence scan,v_p(u_n)=1; u_n is not squarefull
927,0,5,15,3,local deterministic Miller-Rabin (<2^64),small-prime recurrence scan,v_p(u_n)=1; u_n is not squarefull
928,0,3,6,2,local deterministic Miller-Rabin (<2^64),small-prime recurrence scan,v_p(u_n)=1; u_n is not squarefull
929,1,7433,787898,106,local deterministic Miller-Rabin (<2^64),small-prime recurrence scan,v_p(u_n)=1; u_n is not squarefull
930,0,2,2,1,local deterministic Miller-Rabin (<2^64),small-prime recurrence scan,v_p(u_n)=1; u_n is not squarefull
931,0,37,1036,28,local deterministic Miller-Rabin (<2^64),small-prime recurrence scan,v_p(u_n)=1; u_n is not squarefull
932,0,3,3,1,local deterministic Miller-Rabin (<2^64),small-prime recurrence scan,v_p(u_n)=1; u_n is not squarefull
933,0,5,10,2,local deterministic Miller-Rabin (<2^64),small-prime recurrence scan,v_p(u_n)=1; u_n is not squarefull
934,0,2,2,1,local deterministic Miller-Rabin (<2^64),small-prime recurrence scan,v_p(u_n)=1; u_n is not squarefull
935,0,23,483,21,local deterministic Miller-Rabin (<2^64),small-prime recurrence scan,v_p(u_n)=1; u_n is not squarefull
936,0,5,5,1,local deterministic Miller-Rabin (<2^64),small-prime recurrence scan,v_p(u_n)=1; u_n is not squarefull
937,1,27633725151978798737,733579035316833635571925669171918680174,26546512686303657102,local Pocklington certificate,FactorDB candidate discovery + local modular verification,v_p(u_n)=1; u_n is not squarefull
938,0,2,2,1,local deterministic Miller-Rabin (<2^64),small-prime recurrence scan,v_p(u_n)=1; u_n is not squarefull
939,0,5,5,1,local deterministic Miller-Rabin (<2^64),small-prime recurrence scan,v_p(u_n)=1; u_n is not squarefull
940,0,3,6,2,local deterministic Miller-Rabin (<2^64),small-prime recurrence scan,v_p(u_n)=1; u_n is not squarefull
941,1,5358053,27607453811348,5152516,local deterministic Miller-Rabin (<2^64),prime-index congruence search,v_p(u_n)=1; u_n is not squarefull
942,0,2,2,1,local deterministic Miller-Rabin (<2^64),small-prime recurrence scan,v_p(u_n)=1; u_n is not squarefull
943,0,47,2021,43,local deterministic Miller-Rabin (<2^64),small-prime recurrence scan,v_p(u_n)=1; u_n is not squarefull
944,0,3,3,1,local deterministic Miller-Rabin (<2^64),small-prime recurrence scan,v_p(u_n)=1; u_n is not squarefull
945,0,29,174,6,local deterministic Miller-Rabin (<2^64),small-prime recurrence scan,v_p(u_n)=1; u_n is not squarefull
946,0,2,2,1,local deterministic Miller-Rabin (<2^64),small-prime recurrence scan,v_p(u_n)=1; u_n is not squarefull
947,1,545473,20596515007,37759,local deterministic Miller-Rabin (<2^64),prime-index congruence search,v_p(u_n)=1; u_n is not squarefull
948,0,5,15,3,local deterministic Miller-Rabin (<2^64),small-prime recurrence scan,v_p(u_n)=1; u_n is not squarefull
949,0,79,1738,22,local deterministic Miller-Rabin (<2^64),small-prime recurrence scan,v_p(u_n)=1; u_n is not squarefull
950,0,2,2,1,local deterministic Miller-Rabin (<2^64),small-prime recurrence scan,v_p(u_n)=1; u_n is not squarefull
951,0,5,20,4,local deterministic Miller-Rabin (<2^64),small-prime recurrence scan,v_p(u_n)=1; u_n is not squarefull
952,0,3,6,2,local deterministic Miller-Rabin (<2^64),small-prime recurrence scan,v_p(u_n)=1; u_n is not squarefull
953,1,5717,15658863,2739,local deterministic Miller-Rabin (<2^64),small-prime recurrence scan,v_p(u_n)=1; u_n is not squarefull
954,0,2,2,1,local deterministic Miller-Rabin (<2^64),small-prime recurrence scan,v_p(u_n)=1; u_n is not squarefull
955,0,29,29,1,local deterministic Miller-Rabin (<2^64),small-prime recurrence scan,v_p(u_n)=1; u_n is not squarefull
956,0,3,3,1,local deterministic Miller-Rabin (<2^64),small-prime recurrence scan,v_p(u_n)=1; u_n is not squarefull
957,0,5,15,3,local deterministic Miller-Rabin (<2^64),small-prime recurrence scan,v_p(u_n)=1; u_n is not squarefull
958,0,2,2,1,local deterministic Miller-Rabin (<2^64),small-prime recurrence scan,v_p(u_n)=1; u_n is not squarefull
959,0,239,49951,209,local deterministic Miller-Rabin (<2^64),small-prime recurrence scan,v_p(u_n)=1; u_n is not squarefull
960,0,7,28,4,local deterministic Miller-Rabin (<2^64),small-prime recurrence scan,v_p(u_n)=1; u_n is not squarefull
961,0,61,3477,57,local deterministic Miller-Rabin (<2^64),small-prime recurrence scan,v_p(u_n)=1; u_n is not squarefull
962,0,2,2,1,local deterministic Miller-Rabin (<2^64),small-prime recurrence scan,v_p(u_n)=1; u_n is not squarefull
963,0,5,10,2,local deterministic Miller-Rabin (<2^64),small-prime recurrence scan,v_p(u_n)=1; u_n is not squarefull
964,0,3,6,2,local deterministic Miller-Rabin (<2^64),small-prime recurrence scan,v_p(u_n)=1; u_n is not squarefull
965,0,29,725,25,local deterministic Miller-Rabin (<2^64),small-prime recurrence scan,v_p(u_n)=1; u_n is not squarefull
966,0,2,2,1,local deterministic Miller-Rabin (<2^64),small-prime recurrence scan,v_p(u_n)=1; u_n is not squarefull
967,1,1933,711344,368,local deterministic Miller-Rabin (<2^64),small-prime recurrence scan,v_p(u_n)=1; u_n is not squarefull
968,0,3,3,1,local deterministic Miller-Rabin (<2^64),small-prime recurrence scan,v_p(u_n)=1; u_n is not squarefull
969,0,5,5,1,local deterministic Miller-Rabin (<2^64),small-prime recurrence scan,v_p(u_n)=1; u_n is not squarefull
970,0,2,2,1,local deterministic Miller-Rabin (<2^64),small-prime recurrence scan,v_p(u_n)=1; u_n is not squarefull
971,1,54377,1802651927,33151,local deterministic Miller-Rabin (<2^64),small-prime recurrence scan,v_p(u_n)=1; u_n is not squarefull
972,0,5,10,2,local deterministic Miller-Rabin (<2^64),small-prime recurrence scan,v_p(u_n)=1; u_n is not squarefull
973,0,239,16491,69,local deterministic Miller-Rabin (<2^64),small-prime recurrence scan,v_p(u_n)=1; u_n is not squarefull
974,0,2,2,1,local deterministic Miller-Rabin (<2^64),small-prime recurrence scan,v_p(u_n)=1; u_n is not squarefull
975,0,7,7,1,local deterministic Miller-Rabin (<2^64),small-prime recurrence scan,v_p(u_n)=1; u_n is not squarefull
976,0,3,6,2,local deterministic Miller-Rabin (<2^64),small-prime recurrence scan,v_p(u_n)=1; u_n is not squarefull
977,1,5861,29252251,4991,local deterministic Miller-Rabin (<2^64),small-prime recurrence scan,v_p(u_n)=1; u_n is not squarefull
978,0,2,2,1,local deterministic Miller-Rabin (<2^64),small-prime recurrence scan,v_p(u_n)=1; u_n is not squarefull
979,0,23,207,9,local deterministic Miller-Rabin (<2^64),small-prime recurrence scan,v_p(u_n)=1; u_n is not squarefull
980,0,3,3,1,local deterministic Miller-Rabin (<2^64),small-prime recurrence scan,v_p(u_n)=1; u_n is not squarefull
981,0,5,20,4,local deterministic Miller-Rabin (<2^64),small-prime recurrence scan,v_p(u_n)=1; u_n is not squarefull
982,0,2,2,1,local deterministic Miller-Rabin (<2^64),small-prime recurrence scan,v_p(u_n)=1; u_n is not squarefull
983,1,64877,3219391371,49623,local deterministic Miller-Rabin (<2^64),small-prime recurrence scan,v_p(u_n)=1; u_n is not squarefull
984,0,5,20,4,local deterministic Miller-Rabin (<2^64),small-prime recurrence scan,v_p(u_n)=1; u_n is not squarefull
985,0,29,435,15,local deterministic Miller-Rabin (<2^64),small-prime recurrence scan,v_p(u_n)=1; u_n is not squarefull
986,0,2,2,1,local deterministic Miller-Rabin (<2^64),small-prime recurrence scan,v_p(u_n)=1; u_n is not squarefull
987,0,5,15,3,local deterministic Miller-Rabin (<2^64),small-prime recurrence scan,v_p(u_n)=1; u_n is not squarefull
988,0,3,6,2,local deterministic Miller-Rabin (<2^64),small-prime recurrence scan,v_p(u_n)=1; u_n is not squarefull
989,0,47,611,13,local deterministic Miller-Rabin (<2^64),small-prime recurrence scan,v_p(u_n)=1; u_n is not squarefull
990,0,2,2,1,local deterministic Miller-Rabin (<2^64),small-prime recurrence scan,v_p(u_n)=1; u_n is not squarefull
991,1,707573,128132979424,181088,local deterministic Miller-Rabin (<2^64),prime-index congruence search,v_p(u_n)=1; u_n is not squarefull
992,0,3,3,1,local deterministic Miller-Rabin (<2^64),small-prime recurrence scan,v_p(u_n)=1; u_n is not squarefull
993,0,5,10,2,local deterministic Miller-Rabin (<2^64),small-prime recurrence scan,v_p(u_n)=1; u_n is not squarefull
994,0,2,2,1,local deterministic Miller-Rabin (<2^64),small-prime recurrence scan,v_p(u_n)=1; u_n is not squarefull
995,0,29,290,10,local deterministic Miller-Rabin (<2^64),small-prime recurrence scan,v_p(u_n)=1; u_n is not squarefull
996,0,5,5,1,local deterministic Miller-Rabin (<2^64),small-prime recurrence scan,v_p(u_n)=1; u_n is not squarefull
997,1,229309,41013978431,178859,local deterministic Miller-Rabin (<2^64),prime-index congruence search,v_p(u_n)=1; u_n is not squarefull
998,0,2,2,1,local deterministic Miller-Rabin (<2^64),small-prime recurrence scan,v_p(u_n)=1; u_n is not squarefull
999,0,5,5,1,local deterministic Miller-Rabin (<2^64),small-prime recurrence scan,v_p(u_n)=1; u_n is not squarefull
1000,0,3,6,2,local deterministic Miller-Rabin (<2^64),small-prime recurrence scan,v_p(u_n)=1; u_n is not squarefull
1001,0,23,69,3,local deterministic Miller-Rabin (<2^64),small-prime recurrence scan,v_p(u_n)=1; u_n is not squarefull
1002,0,2,2,1,local deterministic Miller-Rabin (<2^64),small-prime recurrence scan,v_p(u_n)=1; u_n is not squarefull
1003,0,103,3090,30,local deterministic Miller-Rabin (<2^64),small-prime recurrence scan,v_p(u_n)=1; u_n is not squarefull
1004,0,3,3,1,local deterministic Miller-Rabin (<2^64),small-prime recurrence scan,v_p(u_n)=1; u_n is not squarefull
1005,0,7,14,2,local deterministic Miller-Rabin (<2^64),small-prime recurrence scan,v_p(u_n)=1; u_n is not squarefull
1006,0,2,2,1,local deterministic Miller-Rabin (<2^64),small-prime recurrence scan,v_p(u_n)=1; u_n is not squarefull
1007,0,37,925,25,local deterministic Miller-Rabin (<2^64),small-prime recurrence scan,v_p(u_n)=1; u_n is not squarefull
1008,0,5,15,3,local deterministic Miller-Rabin (<2^64),small-prime recurrence scan,v_p(u_n)=1; u_n is not squarefull
1010,0,2,2,1,local deterministic Miller-Rabin (<2^64),small-prime recurrence scan,v_p(u_n)=1; u_n is not squarefull
1011,0,5,20,4,local deterministic Miller-Rabin (<2^64),small-prime recurrence scan,v_p(u_n)=1; u_n is not squarefull
1012,0,3,6,2,local deterministic Miller-Rabin (<2^64),small-prime recurrence scan,v_p(u_n)=1; u_n is not squarefull
1013,1,17073101,3785021126195,221695,local deterministic Miller-Rabin (<2^64),prime-index congruence search,v_p(u_n)=1; u_n is not squarefull
1014,0,2,2,1,local deterministic Miller-Rabin (<2^64),small-prime recurrence scan,v_p(u_n)=1; u_n is not squarefull
1015,0,41,984,24,local deterministic Miller-Rabin (<2^64),small-prime recurrence scan,v_p(u_n)=1; u_n is not squarefull
1016,0,3,3,1,local deterministic Miller-Rabin (<2^64),small-prime recurrence scan,v_p(u_n)=1; u_n is not squarefull
1017,0,5,15,3,local deterministic Miller-Rabin (<2^64),small-prime recurrence scan,v_p(u_n)=1; u_n is not squarefull
1018,0,2,2,1,local deterministic Miller-Rabin (<2^64),small-prime recurrence scan,v_p(u_n)=1; u_n is not squarefull
1019,1,2039,3509119,1721,local deterministic Miller-Rabin (<2^64),small-prime recurrence scan,v_p(u_n)=1; u_n is not squarefull
1020,0,7,42,6,local deterministic Miller-Rabin (<2^64),small-prime recurrence scan,v_p(u_n)=1; u_n is not squarefull
1021,1,357349,18626816625,52125,local deterministic Miller-Rabin (<2^64),prime-index congruence search,v_p(u_n)=1; u_n is not squarefull
1022,0,2,2,1,local deterministic Miller-Rabin (<2^64),small-prime recurrence scan,v_p(u_n)=1; u_n is not squarefull
1023,0,5,10,2,local deterministic Miller-Rabin (<2^64),small-prime recurrence scan,v_p(u_n)=1; u_n is not squarefull
1024,0,3,6,2,local deterministic Miller-Rabin (<2^64),small-prime recurrence scan,v_p(u_n)=1; u_n is not squarefull
1025,0,29,696,24,local deterministic Miller-Rabin (<2^64),small-prime recurrence scan,v_p(u_n)=1; u_n is not squarefull
1026,0,2,2,1,local deterministic Miller-Rabin (<2^64),small-prime recurrence scan,v_p(u_n)=1; u_n is not squarefull
1027,0,157,3297,21,local deterministic Miller-Rabin (<2^64),small-prime recurrence scan,v_p(u_n)=1; u_n is not squarefull
1028,0,3,3,1,local deterministic Miller-Rabin (<2^64),small-prime recurrence scan,v_p(u_n)=1; u_n is not squarefull
1029,0,5,5,1,local deterministic Miller-Rabin (<2^64),small-prime recurrence scan,v_p(u_n)=1; u_n is not squarefull
1030,0,2,2,1,local deterministic Miller-Rabin (<2^64),small-prime recurrence scan,v_p(u_n)=1; u_n is not squarefull
1031,1,2063,2873759,1393,local deterministic Miller-Rabin (<2^64),small-prime recurrence scan,v_p(u_n)=1; u_n is not squarefull
1032,0,5,10,2,local deterministic Miller-Rabin (<2^64),small-prime recurrence scan,v_p(u_n)=1; u_n is not squarefull
1033,1,22727,415290471,18273,local deterministic Miller-Rabin (<2^64),small-prime recurrence scan,v_p(u_n)=1; u_n is not squarefull
1034,0,2,2,1,local deterministic Miller-Rabin (<2^64),small-prime recurrence scan,v_p(u_n)=1; u_n is not squarefull
1035,0,7,21,3,local deterministic Miller-Rabin (<2^64),small-prime recurrence scan,v_p(u_n)=1; u_n is not squarefull
1036,0,3,6,2,local deterministic Miller-Rabin (<2^64),small-prime recurrence scan,v_p(u_n)=1; u_n is not squarefull
1037,0,103,3914,38,local deterministic Miller-Rabin (<2^64),small-prime recurrence scan,v_p(u_n)=1; u_n is not squarefull
1038,0,2,2,1,local deterministic Miller-Rabin (<2^64),small-prime recurrence scan,v_p(u_n)=1; u_n is not squarefull
1039,1,10391,18911620,1820,local deterministic Miller-Rabin (<2^64),small-prime recurrence scan,v_p(u_n)=1; u_n is not squarefull
1040,0,3,3,1,local deterministic Miller-Rabin (<2^64),small-prime recurrence scan,v_p(u_n)=1; u_n is not squarefull
1041,0,5,20,4,local deterministic Miller-Rabin (<2^64),small-prime recurrence scan,v_p(u_n)=1; u_n is not squarefull
1042,0,2,2,1,local deterministic Miller-Rabin (<2^64),small-prime recurrence scan,v_p(u_n)=1; u_n is not squarefull
1043,0,239,20554,86,local deterministic Miller-Rabin (<2^64),small-prime recurrence scan,v_p(u_n)=1; u_n is not squarefull
1044,0,5,20,4,local deterministic Miller-Rabin (<2^64),small-prime recurrence scan,v_p(u_n)=1; u_n is not squarefull
1045,0,23,322,14,local deterministic Miller-Rabin (<2^64),small-prime recurrence scan,v_p(u_n)=1; u_n is not squarefull
1046,0,2,2,1,local deterministic Miller-Rabin (<2^64),small-prime recurrence scan,v_p(u_n)=1; u_n is not squarefull
1047,0,5,15,3,local deterministic Miller-Rabin (<2^64),small-prime recurrence scan,v_p(u_n)=1; u_n is not squarefull
1048,0,3,6,2,local deterministic Miller-Rabin (<2^64),small-prime recurrence scan,v_p(u_n)=1; u_n is not squarefull
1049,1,5016317,17329203169739,3454567,local deterministic Miller-Rabin (<2^64),prime-index congruence search,v_p(u_n)=1; u_n is not squarefull
1050,0,2,2,1,local deterministic Miller-Rabin (<2^64),small-prime recurrence scan,v_p(u_n)=1; u_n is not squarefull
1051,1,496073,61953564824,124888,local deterministic Miller-Rabin (<2^64),prime-index congruence search,v_p(u_n)=1; u_n is not squarefull
1052,0,3,3,1,local deterministic Miller-Rabin (<2^64),small-prime recurrence scan,v_p(u_n)=1; u_n is not squarefull
1053,0,5,10,2,local deterministic Miller-Rabin (<2^64),small-prime recurrence scan,v_p(u_n)=1; u_n is not squarefull
1054,0,2,2,1,local deterministic Miller-Rabin (<2^64),small-prime recurrence scan,v_p(u_n)=1; u_n is not squarefull
1055,0,29,261,9,local deterministic Miller-Rabin (<2^64),small-prime recurrence scan,v_p(u_n)=1; u_n is not squarefull
1056,0,5,5,1,local deterministic Miller-Rabin (<2^64),small-prime recurrence scan,v_p(u_n)=1; u_n is not squarefull
1057,0,239,44215,185,local deterministic Miller-Rabin (<2^64),small-prime recurrence scan,v_p(u_n)=1; u_n is not squarefull
1058,0,2,2,1,local deterministic Miller-Rabin (<2^64),small-prime recurrence scan,v_p(u_n)=1; u_n is not squarefull
1059,0,5,5,1,local deterministic Miller-Rabin (<2^64),small-prime recurrence scan,v_p(u_n)=1; u_n is not squarefull
1060,0,3,6,2,local deterministic Miller-Rabin (<2^64),small-prime recurrence scan,v_p(u_n)=1; u_n is not squarefull
1061,1,6367,22755658,3574,local deterministic Miller-Rabin (<2^64),small-prime recurrence scan,v_p(u_n)=1; u_n is not squarefull
1062,0,2,2,1,local deterministic Miller-Rabin (<2^64),small-prime recurrence scan,v_p(u_n)=1; u_n is not squarefull
1063,1,790948537,159781333931953637,202012301,local deterministic Miller-Rabin (<2^64),FactorDB candidate discovery + local modular verification,v_p(u_n)=1; u_n is not squarefull
1064,0,3,3,1,local deterministic Miller-Rabin (<2^64),small-prime recurrence scan,v_p(u_n)=1; u_n is not squarefull
1065,0,7,28,4,local deterministic Miller-Rabin (<2^64),small-prime recurrence scan,v_p(u_n)=1; u_n is not squarefull
1066,0,2,2,1,local deterministic Miller-Rabin (<2^64),small-prime recurrence scan,v_p(u_n)=1; u_n is not squarefull
1067,0,23,184,8,local deterministic Miller-Rabin (<2^64),small-prime recurrence scan,v_p(u_n)=1; u_n is not squarefull
1068,0,5,15,3,local deterministic Miller-Rabin (<2^64),small-prime recurrence scan,v_p(u_n)=1; u_n is not squarefull
1069,1,25657,249001185,9705,local deterministic Miller-Rabin (<2^64),small-prime recurrence scan,v_p(u_n)=1; u_n is not squarefull
1070,0,2,2,1,local deterministic Miller-Rabin (<2^64),small-prime recurrence scan,v_p(u_n)=1; u_n is not squarefull
1071,0,5,20,4,local deterministic Miller-Rabin (<2^64),small-prime recurrence scan,v_p(u_n)=1; u_n is not squarefull
1072,0,3,6,2,local deterministic Miller-Rabin (<2^64),small-prime recurrence scan,v_p(u_n)=1; u_n is not squarefull
1073,0,223,27429,123,local deterministic Miller-Rabin (<2^64),small-prime recurrence scan,v_p(u_n)=1; u_n is not squarefull
1074,0,2,2,1,local deterministic Miller-Rabin (<2^64),small-prime recurrence scan,v_p(u_n)=1; u_n is not squarefull
1075,0,29,812,28,local deterministic Miller-Rabin (<2^64),small-prime recurrence scan,v_p(u_n)=1; u_n is not squarefull
1076,0,3,3,1,local deterministic Miller-Rabin (<2^64),small-prime recurrence scan,v_p(u_n)=1; u_n is not squarefull
1077,0,5,15,3,local deterministic Miller-Rabin (<2^64),small-prime recurrence scan,v_p(u_n)=1; u_n is not squarefull
1078,0,2,2,1,local deterministic Miller-Rabin (<2^64),small-prime recurrence scan,v_p(u_n)=1; u_n is not squarefull
1079,0,79,3002,38,local deterministic Miller-Rabin (<2^64),small-prime recurrence scan,v_p(u_n)=1; u_n is not squarefull
1080,0,7,7,1,local deterministic Miller-Rabin (<2^64),small-prime recurrence scan,v_p(u_n)=1; u_n is not squarefull
1081,0,229,46945,205,local deterministic Miller-Rabin (<2^64),small-prime recurrence scan,v_p(u_n)=1; u_n is not squarefull
1082,0,2,2,1,local deterministic Miller-Rabin (<2^64),small-prime recurrence scan,v_p(u_n)=1; u_n is not squarefull
1083,0,5,10,2,local deterministic Miller-Rabin (<2^64),small-prime recurrence scan,v_p(u_n)=1; u_n is not squarefull
1084,0,3,6,2,local deterministic Miller-Rabin (<2^64),small-prime recurrence scan,v_p(u_n)=1; u_n is not squarefull
1085,0,29,667,23,local deterministic Miller-Rabin (<2^64),small-prime recurrence scan,v_p(u_n)=1; u_n is not squarefull
1086,0,2,2,1,local deterministic Miller-Rabin (<2^64),small-prime recurrence scan,v_p(u_n)=1; u_n is not squarefull
1087,1,323927,70507570455,217665,local deterministic Miller-Rabin (<2^64),prime-index congruence search,v_p(u_n)=1; u_n is not squarefull
1088,0,3,3,1,local deterministic Miller-Rabin (<2^64),small-prime recurrence scan,v_p(u_n)=1; u_n is not squarefull
1089,0,5,5,1,local deterministic Miller-Rabin (<2^64),small-prime recurrence scan,v_p(u_n)=1; u_n is not squarefull
1090,0,2,2,1,local deterministic Miller-Rabin (<2^64),small-prime recurrence scan,v_p(u_n)=1; u_n is not squarefull
1091,1,78553,717031784,9128,local deterministic Miller-Rabin (<2^64),small-prime recurrence scan,v_p(u_n)=1; u_n is not squarefull
1092,0,5,10,2,local deterministic Miller-Rabin (<2^64),small-prime recurrence scan,v_p(u_n)=1; u_n is not squarefull
1093,1,11883097,320712904933,26989,local deterministic Miller-Rabin (<2^64),prime-index congruence search,v_p(u_n)=1; u_n is not squarefull
1094,0,2,2,1,local deterministic Miller-Rabin (<2^64),small-prime recurrence scan,v_p(u_n)=1; u_n is not squarefull
1095,0,7,35,5,local deterministic Miller-Rabin (<2^64),small-prime recurrence scan,v_p(u_n)=1; u_n is not squarefull
1096,0,3,6,2,local deterministic Miller-Rabin (<2^64),small-prime recurrence scan,v_p(u_n)=1; u_n is not squarefull
1097,1,59239,1655730050,27950,local deterministic Miller-Rabin (<2^64),small-prime recurrence scan,v_p(u_n)=1; u_n is not squarefull
1098,0,2,2,1,local deterministic Miller-Rabin (<2^64),small-prime recurrence scan,v_p(u_n)=1; u_n is not squarefull
1099,0,239,956,4,local deterministic Miller-Rabin (<2^64),small-prime recurrence scan,v_p(u_n)=1; u_n is not squarefull
1100,0,3,3,1,local deterministic Miller-Rabin (<2^64),small-prime recurrence scan,v_p(u_n)=1; u_n is not squarefull
1101,0,5,20,4,local deterministic Miller-Rabin (<2^64),small-prime recurrence scan,v_p(u_n)=1; u_n is not squarefull
1102,0,2,2,1,local deterministic Miller-Rabin (<2^64),small-prime recurrence scan,v_p(u_n)=1; u_n is not squarefull
1103,1,2207,4378688,1984,local deterministic Miller-Rabin (<2^64),small-prime recurrence scan,v_p(u_n)=1; u_n is not squarefull
1104,0,5,20,4,local deterministic Miller-Rabin (<2^64),small-prime recurrence scan,v_p(u_n)=1; u_n is not squarefull
1105,0,29,377,13,local deterministic Miller-Rabin (<2^64),small-prime recurrence scan,v_p(u_n)=1; u_n is not squarefull
1106,0,2,2,1,local deterministic Miller-Rabin (<2^64),small-prime recurrence scan,v_p(u_n)=1; u_n is not squarefull
1107,0,5,15,3,local deterministic Miller-Rabin (<2^64),small-prime recurrence scan,v_p(u_n)=1; u_n is not squarefull
1108,0,3,6,2,local deterministic Miller-Rabin (<2^64),small-prime recurrence scan,v_p(u_n)=1; u_n is not squarefull
1109,1,6653,13991259,2103,local deterministic Miller-Rabin (<2^64),small-prime recurrence scan,v_p(u_n)=1; u_n is not squarefull
1110,0,2,2,1,local deterministic Miller-Rabin (<2^64),small-prime recurrence scan,v_p(u_n)=1; u_n is not squarefull
1111,0,23,437,19,local deterministic Miller-Rabin (<2^64),small-prime recurrence scan,v_p(u_n)=1; u_n is not squarefull
1112,0,3,3,1,local deterministic Miller-Rabin (<2^64),small-prime recurrence scan,v_p(u_n)=1; u_n is not squarefull
1113,0,5,10,2,local deterministic Miller-Rabin (<2^64),small-prime recurrence scan,v_p(u_n)=1; u_n is not squarefull
1114,0,2,2,1,local deterministic Miller-Rabin (<2^64),small-prime recurrence scan,v_p(u_n)=1; u_n is not squarefull
1115,0,29,232,8,local deterministic Miller-Rabin (<2^64),small-prime recurrence scan,v_p(u_n)=1; u_n is not squarefull
1116,0,5,5,1,local deterministic Miller-Rabin (<2^64),small-prime recurrence scan,v_p(u_n)=1; u_n is not squarefull
1117,1,6703,26570692,3964,local deterministic Miller-Rabin (<2^64),small-prime recurrence scan,v_p(u_n)=1; u_n is not squarefull
1118,0,2,2,1,local deterministic Miller-Rabin (<2^64),small-prime recurrence scan,v_p(u_n)=1; u_n is not squarefull
1119,0,5,5,1,local deterministic Miller-Rabin (<2^64),small-prime recurrence scan,v_p(u_n)=1; u_n is not squarefull
1120,0,3,6,2,local deterministic Miller-Rabin (<2^64),small-prime recurrence scan,v_p(u_n)=1; u_n is not squarefull
1121,0,37,74,2,local deterministic Miller-Rabin (<2^64),small-prime recurrence scan,v_p(u_n)=1; u_n is not squarefull
1122,0,2,2,1,local deterministic Miller-Rabin (<2^64),small-prime recurrence scan,v_p(u_n)=1; u_n is not squarefull
1123,1,38183,587025442,15374,local deterministic Miller-Rabin (<2^64),small-prime recurrence scan,v_p(u_n)=1; u_n is not squarefull
1124,0,3,3,1,local deterministic Miller-Rabin (<2^64),small-prime recurrence scan,v_p(u_n)=1; u_n is not squarefull
1125,0,7,42,6,local deterministic Miller-Rabin (<2^64),small-prime recurrence scan,v_p(u_n)=1; u_n is not squarefull
1126,0,2,2,1,local deterministic Miller-Rabin (<2^64),small-prime recurrence scan,v_p(u_n)=1; u_n is not squarefull
1127,0,47,799,17,local deterministic Miller-Rabin (<2^64),small-prime recurrence scan,v_p(u_n)=1; u_n is not squarefull
1128,0,5,15,3,local deterministic Miller-Rabin (<2^64),small-prime recurrence scan,v_p(u_n)=1; u_n is not squarefull
1129,1,69997,2991181801,42733,local deterministic Miller-Rabin (<2^64),small-prime recurrence scan,v_p(u_n)=1; u_n is not squarefull
1130,0,2,2,1,local deterministic Miller-Rabin (<2^64),small-prime recurrence scan,v_p(u_n)=1; u_n is not squarefull
1131,0,5,20,4,local deterministic Miller-Rabin (<2^64),small-prime recurrence scan,v_p(u_n)=1; u_n is not squarefull
1132,0,3,6,2,local deterministic Miller-Rabin (<2^64),small-prime recurrence scan,v_p(u_n)=1; u_n is not squarefull
1133,0,23,299,13,local deterministic Miller-Rabin (<2^64),small-prime recurrence scan,v_p(u_n)=1; u_n is not squarefull
1134,0,2,2,1,local deterministic Miller-Rabin (<2^64),small-prime recurrence scan,v_p(u_n)=1; u_n is not squarefull
1135,0,29,783,27,local deterministic Miller-Rabin (<2^64),small-prime recurrence scan,v_p(u_n)=1; u_n is not squarefull
1136,0,3,3,1,local deterministic Miller-Rabin (<2^64),small-prime recurrence scan,v_p(u_n)=1; u_n is not squarefull
1137,0,5,15,3,local deterministic Miller-Rabin (<2^64),small-prime recurrence scan,v_p(u_n)=1; u_n is not squarefull
1138,0,2,2,1,local deterministic Miller-Rabin (<2^64),small-prime recurrence scan,v_p(u_n)=1; u_n is not squarefull
1139,0,103,6386,62,local deterministic Miller-Rabin (<2^64),small-prime recurrence scan,v_p(u_n)=1; u_n is not squarefull
1140,0,7,21,3,local deterministic Miller-Rabin (<2^64),small-prime recurrence scan,v_p(u_n)=1; u_n is not squarefull
1141,0,239,14818,62,local deterministic Miller-Rabin (<2^64),small-prime recurrence scan,v_p(u_n)=1; u_n is not squarefull
1142,0,2,2,1,local deterministic Miller-Rabin (<2^64),small-prime recurrence scan,v_p(u_n)=1; u_n is not squarefull
1143,0,5,10,2,local deterministic Miller-Rabin (<2^64),small-prime recurrence scan,v_p(u_n)=1; u_n is not squarefull
1144,0,3,6,2,local deterministic Miller-Rabin (<2^64),small-prime recurrence scan,v_p(u_n)=1; u_n is not squarefull
1145,0,29,638,22,local deterministic Miller-Rabin (<2^64),small-prime recurrence scan,v_p(u_n)=1; u_n is not squarefull
1146,0,2,2,1,local deterministic Miller-Rabin (<2^64),small-prime recurrence scan,v_p(u_n)=1; u_n is not squarefull
1147,0,61,549,9,local deterministic Miller-Rabin (<2^64),small-prime recurrence scan,v_p(u_n)=1; u_n is not squarefull
1148,0,3,3,1,local deterministic Miller-Rabin (<2^64),small-prime recurrence scan,v_p(u_n)=1; u_n is not squarefull
1149,0,5,5,1,local deterministic Miller-Rabin (<2^64),small-prime recurrence scan,v_p(u_n)=1; u_n is not squarefull
1150,0,2,2,1,local deterministic Miller-Rabin (<2^64),small-prime recurrence scan,v_p(u_n)=1; u_n is not squarefull
1151,1,75967,4917495844,64732,local deterministic Miller-Rabin (<2^64),small-prime recurrence scan,v_p(u_n)=1; u_n is not squarefull
1152,0,5,10,2,local deterministic Miller-Rabin (<2^64),small-prime recurrence scan,v_p(u_n)=1; u_n is not squarefull
1153,1,34591,71949280,2080,local deterministic Miller-Rabin (<2^64),small-prime recurrence scan,v_p(u_n)=1; u_n is not squarefull
1154,0,2,2,1,local deterministic Miller-Rabin (<2^64),small-prime recurrence scan,v_p(u_n)=1; u_n is not squarefull
1155,0,23,161,7,local deterministic Miller-Rabin (<2^64),small-prime recurrence scan,v_p(u_n)=1; u_n is not squarefull
1156,0,3,6,2,local deterministic Miller-Rabin (<2^64),small-prime recurrence scan,v_p(u_n)=1; u_n is not squarefull
1157,0,79,1264,16,local deterministic Miller-Rabin (<2^64),small-prime recurrence scan,v_p(u_n)=1; u_n is not squarefull
1158,0,2,2,1,local deterministic Miller-Rabin (<2^64),small-prime recurrence scan,v_p(u_n)=1; u_n is not squarefull
1159,0,37,703,19,local deterministic Miller-Rabin (<2^64),small-prime recurrence scan,v_p(u_n)=1; u_n is not squarefull
1160,0,3,3,1,local deterministic Miller-Rabin (<2^64),small-prime recurrence scan,v_p(u_n)=1; u_n is not squarefull
1161,0,5,20,4,local deterministic Miller-Rabin (<2^64),small-prime recurrence scan,v_p(u_n)=1; u_n is not squarefull
1162,0,2,2,1,local deterministic Miller-Rabin (<2^64),small-prime recurrence scan,v_p(u_n)=1; u_n is not squarefull
1163,1,58151,65419875,1125,local deterministic Miller-Rabin (<2^64),small-prime recurrence scan,v_p(u_n)=1; u_n is not squarefull
1164,0,5,20,4,local deterministic Miller-Rabin (<2^64),small-prime recurrence scan,v_p(u_n)=1; u_n is not squarefull
1165,0,29,348,12,local deterministic Miller-Rabin (<2^64),small-prime recurrence scan,v_p(u_n)=1; u_n is not squarefull
1166,0,2,2,1,local deterministic Miller-Rabin (<2^64),small-prime recurrence scan,v_p(u_n)=1; u_n is not squarefull
1167,0,5,15,3,local deterministic Miller-Rabin (<2^64),small-prime recurrence scan,v_p(u_n)=1; u_n is not squarefull
1168,0,3,6,2,local deterministic Miller-Rabin (<2^64),small-prime recurrence scan,v_p(u_n)=1; u_n is not squarefull
1169,0,239,5019,21,local deterministic Miller-Rabin (<2^64),small-prime recurrence scan,v_p(u_n)=1; u_n is not squarefull
1170,0,2,2,1,local deterministic Miller-Rabin (<2^64),small-prime recurrence scan,v_p(u_n)=1; u_n is not squarefull
1171,1,2341,4541540,1940,local deterministic Miller-Rabin (<2^64),small-prime recurrence scan,v_p(u_n)=1; u_n is not squarefull
1172,0,3,3,1,local deterministic Miller-Rabin (<2^64),small-prime recurrence scan,v_p(u_n)=1; u_n is not squarefull
1173,0,5,10,2,local deterministic Miller-Rabin (<2^64),small-prime recurrence scan,v_p(u_n)=1; u_n is not squarefull
1174,0,2,2,1,local deterministic Miller-Rabin (<2^64),small-prime recurrence scan,v_p(u_n)=1; u_n is not squarefull
1175,0,29,203,7,local deterministic Miller-Rabin (<2^64),small-prime recurrence scan,v_p(u_n)=1; u_n is not squarefull
1176,0,5,5,1,local deterministic Miller-Rabin (<2^64),small-prime recurrence scan,v_p(u_n)=1; u_n is not squarefull
1177,0,23,23,1,local deterministic Miller-Rabin (<2^64),small-prime recurrence scan,v_p(u_n)=1; u_n is not squarefull
1178,0,2,2,1,local deterministic Miller-Rabin (<2^64),small-prime recurrence scan,v_p(u_n)=1; u_n is not squarefull
1179,0,5,5,1,local deterministic Miller-Rabin (<2^64),small-prime recurrence scan,v_p(u_n)=1; u_n is not squarefull
1180,0,3,6,2,local deterministic Miller-Rabin (<2^64),small-prime recurrence scan,v_p(u_n)=1; u_n is not squarefull
1182,0,2,2,1,local deterministic Miller-Rabin (<2^64),small-prime recurrence scan,v_p(u_n)=1; u_n is not squarefull
1183,0,79,2765,35,local deterministic Miller-Rabin (<2^64),small-prime recurrence scan,v_p(u_n)=1; u_n is not squarefull
1184,0,3,3,1,local deterministic Miller-Rabin (<2^64),small-prime recurrence scan,v_p(u_n)=1; u_n is not squarefull
1185,0,7,7,1,local deterministic Miller-Rabin (<2^64),small-prime recurrence scan,v_p(u_n)=1; u_n is not squarefull
1186,0,2,2,1,local deterministic Miller-Rabin (<2^64),small-prime recurrence scan,v_p(u_n)=1; u_n is not squarefull
1187,1,9497,31083681,3273,local deterministic Miller-Rabin (<2^64),small-prime recurrence scan,v_p(u_n)=1; u_n is not squarefull
1188,0,5,15,3,local deterministic Miller-Rabin (<2^64),small-prime recurrence scan,v_p(u_n)=1; u_n is not squarefull
1189,0,2297,4619267,2011,local deterministic Miller-Rabin (<2^64),small-prime recurrence scan,v_p(u_n)=1; u_n is not squarefull
1190,0,2,2,1,local deterministic Miller-Rabin (<2^64),small-prime recurrence scan,v_p(u_n)=1; u_n is not squarefull
1191,0,5,20,4,local deterministic Miller-Rabin (<2^64),small-prime recurrence scan,v_p(u_n)=1; u_n is not squarefull
1192,0,3,6,2,local deterministic Miller-Rabin (<2^64),small-prime recurrence scan,v_p(u_n)=1; u_n is not squarefull
1193,1,7159,50642766,7074,local deterministic Miller-Rabin (<2^64),small-prime recurrence scan,v_p(u_n)=1; u_n is not squarefull
1194,0,2,2,1,local deterministic Miller-Rabin (<2^64),small-prime recurrence scan,v_p(u_n)=1; u_n is not squarefull
1195,0,29,754,26,local deterministic Miller-Rabin (<2^64),small-prime recurrence scan,v_p(u_n)=1; u_n is not squarefull
1196,0,3,3,1,local deterministic Miller-Rabin (<2^64),small-prime recurrence scan,v_p(u_n)=1; u_n is not squarefull
1197,0,5,15,3,local deterministic Miller-Rabin (<2^64),small-prime recurrence scan,v_p(u_n)=1; u_n is not squarefull
1198,0,2,2,1,local deterministic Miller-Rabin (<2^64),small-prime recurrence scan,v_p(u_n)=1; u_n is not squarefull
1199,0,23,414,18,local deterministic Miller-Rabin (<2^64),small-prime recurrence scan,v_p(u_n)=1; u_n is not squarefull
1200,0,7,35,5,local deterministic Miller-Rabin (<2^64),small-prime recurrence scan,v_p(u_n)=1; u_n is not squarefull
1201,1,727807,143923834250,197750,local deterministic Miller-Rabin (<2^64),prime-index congruence search,v_p(u_n)=1; u_n is not squarefull
1202,0,2,2,1,local deterministic Miller-Rabin (<2^64),small-prime recurrence scan,v_p(u_n)=1; u_n is not squarefull
1203,0,5,10,2,local deterministic Miller-Rabin (<2^64),small-prime recurrence scan,v_p(u_n)=1; u_n is not squarefull
1204,0,3,6,2,local deterministic Miller-Rabin (<2^64),small-prime recurrence scan,v_p(u_n)=1; u_n is not squarefull
1205,0,29,609,21,local deterministic Miller-Rabin (<2^64),small-prime recurrence scan,v_p(u_n)=1; u_n is not squarefull
1206,0,2,2,1,local deterministic Miller-Rabin (<2^64),small-prime recurrence scan,v_p(u_n)=1; u_n is not squarefull
1207,0,103,8034,78,local deterministic Miller-Rabin (<2^64),small-prime recurrence scan,v_p(u_n)=1; u_n is not squarefull
1208,0,3,3,1,local deterministic Miller-Rabin (<2^64),small-prime recurrence scan,v_p(u_n)=1; u_n is not squarefull
1209,0,5,5,1,local deterministic Miller-Rabin (<2^64),small-prime recurrence scan,v_p(u_n)=1; u_n is not squarefull
1210,0,2,2,1,local deterministic Miller-Rabin (<2^64),small-prime recurrence scan,v_p(u_n)=1; u_n is not squarefull
1211,0,239,18881,79,local deterministic Miller-Rabin (<2^64),small-prime recurrence scan,v_p(u_n)=1; u_n is not squarefull
1212,0,5,10,2,local deterministic Miller-Rabin (<2^64),small-prime recurrence scan,v_p(u_n)=1; u_n is not squarefull
1213,1,46093,735506001,15957,local deterministic Miller-Rabin (<2^64),small-prime recurrence scan,v_p(u_n)=1; u_n is not squarefull
1214,0,2,2,1,local deterministic Miller-Rabin (<2^64),small-prime recurrence scan,v_p(u_n)=1; u_n is not squarefull
1215,0,7,14,2,local deterministic Miller-Rabin (<2^64),small-prime recurrence scan,v_p(u_n)=1; u_n is not squarefull
1216,0,3,6,2,local deterministic Miller-Rabin (<2^64),small-prime recurrence scan,v_p(u_n)=1; u_n is not squarefull
1217,1,65719,256961290,3910,local deterministic Miller-Rabin (<2^64),small-prime recurrence scan,v_p(u_n)=1; u_n is not squarefull
1218,0,2,2,1,local deterministic Miller-Rabin (<2^64),small-prime recurrence scan,v_p(u_n)=1; u_n is not squarefull
1219,0,47,188,4,local deterministic Miller-Rabin (<2^64),small-prime recurrence scan,v_p(u_n)=1; u_n is not squarefull
1220,0,3,3,1,local deterministic Miller-Rabin (<2^64),small-prime recurrence scan,v_p(u_n)=1; u_n is not squarefull
1221,0,5,20,4,local deterministic Miller-Rabin (<2^64),small-prime recurrence scan,v_p(u_n)=1; u_n is not squarefull
1222,0,2,2,1,local deterministic Miller-Rabin (<2^64),small-prime recurrence scan,v_p(u_n)=1; u_n is not squarefull
1223,1,2447,22023,9,local deterministic Miller-Rabin (<2^64),small-prime recurrence scan,v_p(u_n)=1; u_n is not squarefull
1224,0,5,20,4,local deterministic Miller-Rabin (<2^64),small-prime recurrence scan,v_p(u_n)=1; u_n is not squarefull
1225,0,29,319,11,local deterministic Miller-Rabin (<2^64),small-prime recurrence scan,v_p(u_n)=1; u_n is not squarefull
1226,0,2,2,1,local deterministic Miller-Rabin (<2^64),small-prime recurrence scan,v_p(u_n)=1; u_n is not squarefull
1227,0,5,15,3,local deterministic Miller-Rabin (<2^64),small-prime recurrence scan,v_p(u_n)=1; u_n is not squarefull
1228,0,3,6,2,local deterministic Miller-Rabin (<2^64),small-prime recurrence scan,v_p(u_n)=1; u_n is not squarefull
1229,1,9833,63167192,6424,local deterministic Miller-Rabin (<2^64),small-prime recurrence scan,v_p(u_n)=1; u_n is not squarefull
1230,0,2,2,1,local deterministic Miller-Rabin (<2^64),small-prime recurrence scan,v_p(u_n)=1; u_n is not squarefull
1231,1,22159,164176031,7409,local deterministic Miller-Rabin (<2^64),small-prime recurrence scan,v_p(u_n)=1; u_n is not squarefull
1232,0,3,3,1,local deterministic Miller-Rabin (<2^64),small-prime recurrence scan,v_p(u_n)=1; u_n is not squarefull
1233,0,5,10,2,local deterministic Miller-Rabin (<2^64),small-prime recurrence scan,v_p(u_n)=1; u_n is not squarefull
1234,0,2,2,1,local deterministic Miller-Rabin (<2^64),small-prime recurrence scan,v_p(u_n)=1; u_n is not squarefull
1235,0,29,174,6,local deterministic Miller-Rabin (<2^64),small-prime recurrence scan,v_p(u_n)=1; u_n is not squarefull
1236,0,5,5,1,local deterministic Miller-Rabin (<2^64),small-prime recurrence scan,v_p(u_n)=1; u_n is not squarefull
1237,1,7488797,9386847577244,1253452,local deterministic Miller-Rabin (<2^64),prime-index congruence search,v_p(u_n)=1; u_n is not squarefull
1238,0,2,2,1,local deterministic Miller-Rabin (<2^64),small-prime recurrence scan,v_p(u_n)=1; u_n is not squarefull
1239,0,5,5,1,local deterministic Miller-Rabin (<2^64),small-prime recurrence scan,v_p(u_n)=1; u_n is not squarefull
1240,0,3,6,2,local deterministic Miller-Rabin (<2^64),small-prime recurrence scan,v_p(u_n)=1; u_n is not squarefull
1241,0,103,8858,86,local deterministic Miller-Rabin (<2^64),small-prime recurrence scan,v_p(u_n)=1; u_n is not squarefull
1242,0,2,2,1,local deterministic Miller-Rabin (<2^64),small-prime recurrence scan,v_p(u_n)=1; u_n is not squarefull
1243,0,23,138,6,local deterministic Miller-Rabin (<2^64),small-prime recurrence scan,v_p(u_n)=1; u_n is not squarefull
1244,0,3,3,1,local deterministic Miller-Rabin (<2^64),small-prime recurrence scan,v_p(u_n)=1; u_n is not squarefull
1245,0,7,21,3,local deterministic Miller-Rabin (<2^64),small-prime recurrence scan,v_p(u_n)=1; u_n is not squarefull
1246,0,2,2,1,local deterministic Miller-Rabin (<2^64),small-prime recurrence scan,v_p(u_n)=1; u_n is not squarefull
1247,0,11437,89917694,7862,local deterministic Miller-Rabin (<2^64),small-prime recurrence scan,v_p(u_n)=1; u_n is not squarefull
1248,0,5,15,3,local deterministic Miller-Rabin (<2^64),small-prime recurrence scan,v_p(u_n)=1; u_n is not squarefull
1249,1,257293,30836051464,119848,local deterministic Miller-Rabin (<2^64),prime-index congruence search,v_p(u_n)=1; u_n is not squarefull
1250,0,2,2,1,local deterministic Miller-Rabin (<2^64),small-prime recurrence scan,v_p(u_n)=1; u_n is not squarefull
1251,0,5,20,4,local deterministic Miller-Rabin (<2^64),small-prime recurrence scan,v_p(u_n)=1; u_n is not squarefull
1252,0,3,6,2,local deterministic Miller-Rabin (<2^64),small-prime recurrence scan,v_p(u_n)=1; u_n is not squarefull
1253,0,239,32743,137,local deterministic Miller-Rabin (<2^64),small-prime recurrence scan,v_p(u_n)=1; u_n is not squarefull
1254,0,2,2,1,local deterministic Miller-Rabin (<2^64),small-prime recurrence scan,v_p(u_n)=1; u_n is not squarefull
1255,0,29,725,25,local deterministic Miller-Rabin (<2^64),small-prime recurrence scan,v_p(u_n)=1; u_n is not squarefull
1256,0,3,3,1,local deterministic Miller-Rabin (<2^64),small-prime recurrence scan,v_p(u_n)=1; u_n is not squarefull
1257,0,5,15,3,local deterministic Miller-Rabin (<2^64),small-prime recurrence scan,v_p(u_n)=1; u_n is not squarefull
1258,0,2,2,1,local deterministic Miller-Rabin (<2^64),small-prime recurrence scan,v_p(u_n)=1; u_n is not squarefull
1259,1,83093,3674040088,44216,local deterministic Miller-Rabin (<2^64),small-prime recurrence scan,v_p(u_n)=1; u_n is not squarefull
1260,0,11,88,8,local deterministic Miller-Rabin (<2^64),small-prime recurrence scan,v_p(u_n)=1; u_n is not squarefull
1261,0,79,1027,13,local deterministic Miller-Rabin (<2^64),small-prime recurrence scan,v_p(u_n)=1; u_n is not squarefull
1262,0,2,2,1,local deterministic Miller-Rabin (<2^64),small-prime recurrence scan,v_p(u_n)=1; u_n is not squarefull
1263,0,5,10,2,local deterministic Miller-Rabin (<2^64),small-prime recurrence scan,v_p(u_n)=1; u_n is not squarefull
1264,0,3,6,2,local deterministic Miller-Rabin (<2^64),small-prime recurrence scan,v_p(u_n)=1; u_n is not squarefull
1265,0,29,580,20,local deterministic Miller-Rabin (<2^64),small-prime recurrence scan,v_p(u_n)=1; u_n is not squarefull
1266,0,2,2,1,local deterministic Miller-Rabin (<2^64),small-prime recurrence scan,v_p(u_n)=1; u_n is not squarefull
1267,0,239,56404,236,local deterministic Miller-Rabin (<2^64),small-prime recurrence scan,v_p(u_n)=1; u_n is not squarefull
1268,0,3,3,1,local deterministic Miller-Rabin (<2^64),small-prime recurrence scan,v_p(u_n)=1; u_n is not squarefull
1269,0,5,5,1,local deterministic Miller-Rabin (<2^64),small-prime recurrence scan,v_p(u_n)=1; u_n is not squarefull
1270,0,2,2,1,local deterministic Miller-Rabin (<2^64),small-prime recurrence scan,v_p(u_n)=1; u_n is not squarefull
1271,0,61,2318,38,local deterministic Miller-Rabin (<2^64),small-prime recurrence scan,v_p(u_n)=1; u_n is not squarefull
1272,0,5,10,2,local deterministic Miller-Rabin (<2^64),small-prime recurrence scan,v_p(u_n)=1; u_n is not squarefull
1273,0,37,1221,33,local deterministic Miller-Rabin (<2^64),small-prime recurrence scan,v_p(u_n)=1; u_n is not squarefull
1274,0,2,2,1,local deterministic Miller-Rabin (<2^64),small-prime recurrence scan,v_p(u_n)=1; u_n is not squarefull
1275,0,7,28,4,local deterministic Miller-Rabin (<2^64),small-prime recurrence scan,v_p(u_n)=1; u_n is not squarefull
1276,0,3,6,2,local deterministic Miller-Rabin (<2^64),small-prime recurrence scan,v_p(u_n)=1; u_n is not squarefull
1277,1,12667841,103963539620967,8206887,local deterministic Miller-Rabin (<2^64),prime-index congruence search,v_p(u_n)=1; u_n is not squarefull
1278,0,2,2,1,local deterministic Miller-Rabin (<2^64),small-prime recurrence scan,v_p(u_n)=1; u_n is not squarefull
1279,1,2557,3480077,1361,local deterministic Miller-Rabin (<2^64),small-prime recurrence scan,v_p(u_n)=1; u_n is not squarefull
1280,0,3,3,1,local deterministic Miller-Rabin (<2^64),small-prime recurrence scan,v_p(u_n)=1; u_n is not squarefull
1281,0,5,20,4,local deterministic Miller-Rabin (<2^64),small-prime recurrence scan,v_p(u_n)=1; u_n is not squarefull
1282,0,2,2,1,local deterministic Miller-Rabin (<2^64),small-prime recurrence scan,v_p(u_n)=1; u_n is not squarefull
1283,1,115471,10558206356,91436,local deterministic Miller-Rabin (<2^64),small-prime recurrence scan,v_p(u_n)=1; u_n is not squarefull
1284,0,5,20,4,local deterministic Miller-Rabin (<2^64),small-prime recurrence scan,v_p(u_n)=1; u_n is not squarefull
1285,0,29,290,10,local deterministic Miller-Rabin (<2^64),small-prime recurrence scan,v_p(u_n)=1; u_n is not squarefull
1286,0,2,2,1,local deterministic Miller-Rabin (<2^64),small-prime recurrence scan,v_p(u_n)=1; u_n is not squarefull
1287,0,5,15,3,local deterministic Miller-Rabin (<2^64),small-prime recurrence scan,v_p(u_n)=1; u_n is not squarefull
1288,0,3,6,2,local deterministic Miller-Rabin (<2^64),small-prime recurrence scan,v_p(u_n)=1; u_n is not squarefull
1289,1,10313,46913837,4549,local deterministic Miller-Rabin (<2^64),small-prime recurrence scan,v_p(u_n)=1; u_n is not squarefull
1290,0,2,2,1,local deterministic Miller-Rabin (<2^64),small-prime recurrence scan,v_p(u_n)=1; u_n is not squarefull
1291,1,20900122937,263815945765057956612,12622698276,local deterministic Miller-Rabin (<2^64),FactorDB candidate discovery + local modular verification,v_p(u_n)=1; u_n is not squarefull
1292,0,3,3,1,local deterministic Miller-Rabin (<2^64),small-prime recurrence scan,v_p(u_n)=1; u_n is not squarefull
1293,0,5,10,2,local deterministic Miller-Rabin (<2^64),small-prime recurrence scan,v_p(u_n)=1; u_n is not squarefull
1294,0,2,2,1,local deterministic Miller-Rabin (<2^64),small-prime recurrence scan,v_p(u_n)=1; u_n is not squarefull
1295,0,29,145,5,local deterministic Miller-Rabin (<2^64),small-prime recurrence scan,v_p(u_n)=1; u_n is not squarefull
1296,0,5,5,1,local deterministic Miller-Rabin (<2^64),small-prime recurrence scan,v_p(u_n)=1; u_n is not squarefull
1297,1,8379852149,26663392353765039098,3181845202,local deterministic Miller-Rabin (<2^64),FactorDB candidate discovery + local modular verification,v_p(u_n)=1; u_n is not squarefull
1298,0,2,2,1,local deterministic Miller-Rabin (<2^64),small-prime recurrence scan,v_p(u_n)=1; u_n is not squarefull
1299,0,5,5,1,local deterministic Miller-Rabin (<2^64),small-prime recurrence scan,v_p(u_n)=1; u_n is not squarefull
1300,0,3,6,2,local deterministic Miller-Rabin (<2^64),small-prime recurrence scan,v_p(u_n)=1; u_n is not squarefull
1301,1,86896393,854493595052068,9833476,local deterministic Miller-Rabin (<2^64),prime-index congruence search,v_p(u_n)=1; u_n is not squarefull
1302,0,2,2,1,local deterministic Miller-Rabin (<2^64),small-prime recurrence scan,v_p(u_n)=1; u_n is not squarefull
1303,1,294479,14387949461,48859,local deterministic Miller-Rabin (<2^64),prime-index congruence search,v_p(u_n)=1; u_n is not squarefull
1304,0,3,3,1,local deterministic Miller-Rabin (<2^64),small-prime recurrence scan,v_p(u_n)=1; u_n is not squarefull
1305,0,7,35,5,local deterministic Miller-Rabin (<2^64),small-prime recurrence scan,v_p(u_n)=1; u_n is not squarefull
1306,0,2,2,1,local deterministic Miller-Rabin (<2^64),small-prime recurrence scan,v_p(u_n)=1; u_n is not squarefull
1307,1,243101,20846396952,85752,local deterministic Miller-Rabin (<2^64),prime-index congruence search,v_p(u_n)=1; u_n is not squarefull
1308,0,5,15,3,local deterministic Miller-Rabin (<2^64),small-prime recurrence scan,v_p(u_n)=1; u_n is not squarefull
1309,0,23,253,11,local deterministic Miller-Rabin (<2^64),small-prime recurrence scan,v_p(u_n)=1; u_n is not squarefull
1310,0,2,2,1,local deterministic Miller-Rabin (<2^64),small-prime recurrence scan,v_p(u_n)=1; u_n is not squarefull
1311,0,5,20,4,local deterministic Miller-Rabin (<2^64),small-prime recurrence scan,v_p(u_n)=1; u_n is not squarefull
1312,0,3,6,2,local deterministic Miller-Rabin (<2^64),small-prime recurrence scan,v_p(u_n)=1; u_n is not squarefull
1313,0,79,4029,51,local deterministic Miller-Rabin (<2^64),small-prime recurrence scan,v_p(u_n)=1; u_n is not squarefull
1314,0,2,2,1,local deterministic Miller-Rabin (<2^64),small-prime recurrence scan,v_p(u_n)=1; u_n is not squarefull
1315,0,29,696,24,local deterministic Miller-Rabin (<2^64),small-prime recurrence scan,v_p(u_n)=1; u_n is not squarefull
1316,0,3,3,1,local deterministic Miller-Rabin (<2^64),small-prime recurrence scan,v_p(u_n)=1; u_n is not squarefull
1317,0,5,15,3,local deterministic Miller-Rabin (<2^64),small-prime recurrence scan,v_p(u_n)=1; u_n is not squarefull
1318,0,2,2,1,local deterministic Miller-Rabin (<2^64),small-prime recurrence scan,v_p(u_n)=1; u_n is not squarefull
1319,1,31657,212861668,6724,local deterministic Miller-Rabin (<2^64),small-prime recurrence scan,v_p(u_n)=1; u_n is not squarefull
1320,0,7,14,2,local deterministic Miller-Rabin (<2^64),small-prime recurrence scan,v_p(u_n)=1; u_n is not squarefull
1321,1,1923377,345175006551,179463,local deterministic Miller-Rabin (<2^64),prime-index congruence search,v_p(u_n)=1; u_n is not squarefull
1322,0,2,2,1,local deterministic Miller-Rabin (<2^64),small-prime recurrence scan,v_p(u_n)=1; u_n is not squarefull
1323,0,5,10,2,local deterministic Miller-Rabin (<2^64),small-prime recurrence scan,v_p(u_n)=1; u_n is not squarefull
1324,0,3,6,2,local deterministic Miller-Rabin (<2^64),small-prime recurrence scan,v_p(u_n)=1; u_n is not squarefull
1325,0,29,551,19,local deterministic Miller-Rabin (<2^64),small-prime recurrence scan,v_p(u_n)=1; u_n is not squarefull
1326,0,2,2,1,local deterministic Miller-Rabin (<2^64),small-prime recurrence scan,v_p(u_n)=1; u_n is not squarefull
1327,1,23887,169143847,7081,local deterministic Miller-Rabin (<2^64),small-prime recurrence scan,v_p(u_n)=1; u_n is not squarefull
1328,0,3,3,1,local deterministic Miller-Rabin (<2^64),small-prime recurrence scan,v_p(u_n)=1; u_n is not squarefull
1329,0,5,5,1,local deterministic Miller-Rabin (<2^64),small-prime recurrence scan,v_p(u_n)=1; u_n is not squarefull
1330,0,2,2,1,local deterministic Miller-Rabin (<2^64),small-prime recurrence scan,v_p(u_n)=1; u_n is not squarefull
1331,0,23,115,5,local deterministic Miller-Rabin (<2^64),small-prime recurrence scan,v_p(u_n)=1; u_n is not squarefull
1332,0,5,10,2,local deterministic Miller-Rabin (<2^64),small-prime recurrence scan,v_p(u_n)=1; u_n is not squarefull
1333,0,61,1342,22,local deterministic Miller-Rabin (<2^64),small-prime recurrence scan,v_p(u_n)=1; u_n is not squarefull
1334,0,2,2,1,local deterministic Miller-Rabin (<2^64),small-prime recurrence scan,v_p(u_n)=1; u_n is not squarefull
1335,0,7,42,6,local deterministic Miller-Rabin (<2^64),small-prime recurrence scan,v_p(u_n)=1; u_n is not squarefull
1336,0,3,6,2,local deterministic Miller-Rabin (<2^64),small-prime recurrence scan,v_p(u_n)=1; u_n is not squarefull
1337,0,239,3346,14,local deterministic Miller-Rabin (<2^64),small-prime recurrence scan,v_p(u_n)=1; u_n is not squarefull
1338,0,2,2,1,local deterministic Miller-Rabin (<2^64),small-prime recurrence scan,v_p(u_n)=1; u_n is not squarefull
1339,0,79,5530,70,local deterministic Miller-Rabin (<2^64),small-prime recurrence scan,v_p(u_n)=1; u_n is not squarefull
1340,0,3,3,1,local deterministic Miller-Rabin (<2^64),small-prime recurrence scan,v_p(u_n)=1; u_n is not squarefull
1341,0,5,20,4,local deterministic Miller-Rabin (<2^64),small-prime recurrence scan,v_p(u_n)=1; u_n is not squarefull
1342,0,2,2,1,local deterministic Miller-Rabin (<2^64),small-prime recurrence scan,v_p(u_n)=1; u_n is not squarefull
1343,0,103,721,7,local deterministic Miller-Rabin (<2^64),small-prime recurrence scan,v_p(u_n)=1; u_n is not squarefull
1344,0,5,20,4,local deterministic Miller-Rabin (<2^64),small-prime recurrence scan,v_p(u_n)=1; u_n is not squarefull
1345,0,29,261,9,local deterministic Miller-Rabin (<2^64),small-prime recurrence scan,v_p(u_n)=1; u_n is not squarefull
1346,0,2,2,1,local deterministic Miller-Rabin (<2^64),small-prime recurrence scan,v_p(u_n)=1; u_n is not squarefull
1347,0,5,15,3,local deterministic Miller-Rabin (<2^64),small-prime recurrence scan,v_p(u_n)=1; u_n is not squarefull
1348,0,3,6,2,local deterministic Miller-Rabin (<2^64),small-prime recurrence scan,v_p(u_n)=1; u_n is not squarefull
1349,0,37,1110,30,local deterministic Miller-Rabin (<2^64),small-prime recurrence scan,v_p(u_n)=1; u_n is not squarefull
1350,0,2,2,1,local deterministic Miller-Rabin (<2^64),small-prime recurrence scan,v_p(u_n)=1; u_n is not squarefull
1351,0,239,27007,113,local deterministic Miller-Rabin (<2^64),small-prime recurrence scan,v_p(u_n)=1; u_n is not squarefull
1352,0,3,3,1,local deterministic Miller-Rabin (<2^64),small-prime recurrence scan,v_p(u_n)=1; u_n is not squarefull
1353,0,5,10,2,local deterministic Miller-Rabin (<2^64),small-prime recurrence scan,v_p(u_n)=1; u_n is not squarefull
1354,0,2,2,1,local deterministic Miller-Rabin (<2^64),small-prime recurrence scan,v_p(u_n)=1; u_n is not squarefull
1355,0,29,116,4,local deterministic Miller-Rabin (<2^64),small-prime recurrence scan,v_p(u_n)=1; u_n is not squarefull
1356,0,5,5,1,local deterministic Miller-Rabin (<2^64),small-prime recurrence scan,v_p(u_n)=1; u_n is not squarefull
1357,0,47,376,8,local deterministic Miller-Rabin (<2^64),small-prime recurrence scan,v_p(u_n)=1; u_n is not squarefull
1358,0,2,2,1,local deterministic Miller-Rabin (<2^64),small-prime recurrence scan,v_p(u_n)=1; u_n is not squarefull
1359,0,5,5,1,local deterministic Miller-Rabin (<2^64),small-prime recurrence scan,v_p(u_n)=1; u_n is not squarefull
1360,0,3,6,2,local deterministic Miller-Rabin (<2^64),small-prime recurrence scan,v_p(u_n)=1; u_n is not squarefull
1361,1,696833,130685454486,187542,local deterministic Miller-Rabin (<2^64),prime-index congruence search,v_p(u_n)=1; u_n is not squarefull
1362,0,2,2,1,local deterministic Miller-Rabin (<2^64),small-prime recurrence scan,v_p(u_n)=1; u_n is not squarefull
1363,0,3761,4893061,1301,local deterministic Miller-Rabin (<2^64),small-prime recurrence scan,v_p(u_n)=1; u_n is not squarefull
1364,0,3,3,1,local deterministic Miller-Rabin (<2^64),small-prime recurrence scan,v_p(u_n)=1; u_n is not squarefull
1365,0,29,812,28,local deterministic Miller-Rabin (<2^64),small-prime recurrence scan,v_p(u_n)=1; u_n is not squarefull
1366,0,2,2,1,local deterministic Miller-Rabin (<2^64),small-prime recurrence scan,v_p(u_n)=1; u_n is not squarefull
1367,1,13669,178653830,13070,local deterministic Miller-Rabin (<2^64),small-prime recurrence scan,v_p(u_n)=1; u_n is not squarefull
1368,0,5,15,3,local deterministic Miller-Rabin (<2^64),small-prime recurrence scan,v_p(u_n)=1; u_n is not squarefull
1369,0,223,40140,180,local deterministic Miller-Rabin (<2^64),small-prime recurrence scan,v_p(u_n)=1; u_n is not squarefull
1370,0,2,2,1,local deterministic Miller-Rabin (<2^64),small-prime recurrence scan,v_p(u_n)=1; u_n is not squarefull
1371,0,5,20,4,local deterministic Miller-Rabin (<2^64),small-prime recurrence scan,v_p(u_n)=1; u_n is not squarefull
1372,0,3,6,2,local deterministic Miller-Rabin (<2^64),small-prime recurrence scan,v_p(u_n)=1; u_n is not squarefull
1373,1,8237,52057840,6320,local deterministic Miller-Rabin (<2^64),small-prime recurrence scan,v_p(u_n)=1; u_n is not squarefull
1374,0,2,2,1,local deterministic Miller-Rabin (<2^64),small-prime recurrence scan,v_p(u_n)=1; u_n is not squarefull
1375,0,23,368,16,local deterministic Miller-Rabin (<2^64),small-prime recurrence scan,v_p(u_n)=1; u_n is not squarefull
1376,0,3,3,1,local deterministic Miller-Rabin (<2^64),small-prime recurrence scan,v_p(u_n)=1; u_n is not squarefull
1377,0,5,15,3,local deterministic Miller-Rabin (<2^64),small-prime recurrence scan,v_p(u_n)=1; u_n is not squarefull
1378,0,2,2,1,local deterministic Miller-Rabin (<2^64),small-prime recurrence scan,v_p(u_n)=1; u_n is not squarefull
1379,0,239,17208,72,local deterministic Miller-Rabin (<2^64),small-prime recurrence scan,v_p(u_n)=1; u_n is not squarefull
1380,0,7,28,4,local deterministic Miller-Rabin (<2^64),small-prime recurrence scan,v_p(u_n)=1; u_n is not squarefull
1381,1,19333,268612702,13894,local deterministic Miller-Rabin (<2^64),small-prime recurrence scan,v_p(u_n)=1; u_n is not squarefull
1382,0,2,2,1,local deterministic Miller-Rabin (<2^64),small-prime recurrence scan,v_p(u_n)=1; u_n is not squarefull
1383,0,5,10,2,local deterministic Miller-Rabin (<2^64),small-prime recurrence scan,v_p(u_n)=1; u_n is not squarefull
1384,0,3,6,2,local deterministic Miller-Rabin (<2^64),small-prime recurrence scan,v_p(u_n)=1; u_n is not squarefull
1385,0,29,522,18,local deterministic Miller-Rabin (<2^64),small-prime recurrence scan,v_p(u_n)=1; u_n is not squarefull
1386,0,2,2,1,local deterministic Miller-Rabin (<2^64),small-prime recurrence scan,v_p(u_n)=1; u_n is not squarefull
1387,0,37,370,10,local deterministic Miller-Rabin (<2^64),small-prime recurrence scan,v_p(u_n)=1; u_n is not squarefull
1388,0,3,3,1,local deterministic Miller-Rabin (<2^64),small-prime recurrence scan,v_p(u_n)=1; u_n is not squarefull
1389,0,5,5,1,local deterministic Miller-Rabin (<2^64),small-prime recurrence scan,v_p(u_n)=1; u_n is not squarefull
1390,0,2,2,1,local deterministic Miller-Rabin (<2^64),small-prime recurrence scan,v_p(u_n)=1; u_n is not squarefull
1391,0,79,2291,29,local deterministic Miller-Rabin (<2^64),small-prime recurrence scan,v_p(u_n)=1; u_n is not squarefull
1392,0,5,10,2,local deterministic Miller-Rabin (<2^64),small-prime recurrence scan,v_p(u_n)=1; u_n is not squarefull
1393,0,239,40869,171,local deterministic Miller-Rabin (<2^64),small-prime recurrence scan,v_p(u_n)=1; u_n is not squarefull
1394,0,2,2,1,local deterministic Miller-Rabin (<2^64),small-prime recurrence scan,v_p(u_n)=1; u_n is not squarefull
1395,0,7,7,1,local deterministic Miller-Rabin (<2^64),small-prime recurrence scan,v_p(u_n)=1; u_n is not squarefull
1396,0,3,6,2,local deterministic Miller-Rabin (<2^64),small-prime recurrence scan,v_p(u_n)=1; u_n is not squarefull
1397,0,23,230,10,local deterministic Miller-Rabin (<2^64),small-prime recurrence scan,v_p(u_n)=1; u_n is not squarefull
1398,0,2,2,1,local deterministic Miller-Rabin (<2^64),small-prime recurrence scan,v_p(u_n)=1; u_n is not squarefull
1399,1,2797,5146480,1840,local deterministic Miller-Rabin (<2^64),small-prime recurrence scan,v_p(u_n)=1; u_n is not squarefull
1400,0,3,3,1,local deterministic Miller-Rabin (<2^64),small-prime recurrence scan,v_p(u_n)=1; u_n is not squarefull
1401,0,5,20,4,local deterministic Miller-Rabin (<2^64),small-prime recurrence scan,v_p(u_n)=1; u_n is not squarefull
1402,0,2,2,1,local deterministic Miller-Rabin (<2^64),small-prime recurrence scan,v_p(u_n)=1; u_n is not squarefull
1403,0,47,1175,25,local deterministic Miller-Rabin (<2^64),small-prime recurrence scan,v_p(u_n)=1; u_n is not squarefull
1404,0,5,20,4,local deterministic Miller-Rabin (<2^64),small-prime recurrence scan,v_p(u_n)=1; u_n is not squarefull
1405,0,29,232,8,local deterministic Miller-Rabin (<2^64),small-prime recurrence scan,v_p(u_n)=1; u_n is not squarefull
1406,0,2,2,1,local deterministic Miller-Rabin (<2^64),small-prime recurrence scan,v_p(u_n)=1; u_n is not squarefull
1407,0,5,15,3,local deterministic Miller-Rabin (<2^64),small-prime recurrence scan,v_p(u_n)=1; u_n is not squarefull
1408,0,3,6,2,local deterministic Miller-Rabin (<2^64),small-prime recurrence scan,v_p(u_n)=1; u_n is not squarefull
1409,1,11273,2806977,249,local deterministic Miller-Rabin (<2^64),small-prime recurrence scan,v_p(u_n)=1; u_n is not squarefull
1410,0,2,2,1,local deterministic Miller-Rabin (<2^64),small-prime recurrence scan,v_p(u_n)=1; u_n is not squarefull
1411,0,103,2369,23,local deterministic Miller-Rabin (<2^64),small-prime recurrence scan,v_p(u_n)=1; u_n is not squarefull
1412,0,3,3,1,local deterministic Miller-Rabin (<2^64),small-prime recurrence scan,v_p(u_n)=1; u_n is not squarefull
1413,0,5,10,2,local deterministic Miller-Rabin (<2^64),small-prime recurrence scan,v_p(u_n)=1; u_n is not squarefull
1414,0,2,2,1,local deterministic Miller-Rabin (<2^64),small-prime recurrence scan,v_p(u_n)=1; u_n is not squarefull
1415,0,29,87,3,local deterministic Miller-Rabin (<2^64),small-prime recurrence scan,v_p(u_n)=1; u_n is not squarefull
1416,0,5,5,1,local deterministic Miller-Rabin (<2^64),small-prime recurrence scan,v_p(u_n)=1; u_n is not squarefull
1417,0,79,3792,48,local deterministic Miller-Rabin (<2^64),small-prime recurrence scan,v_p(u_n)=1; u_n is not squarefull
1418,0,2,2,1,local deterministic Miller-Rabin (<2^64),small-prime recurrence scan,v_p(u_n)=1; u_n is not squarefull
1419,0,5,5,1,local deterministic Miller-Rabin (<2^64),small-prime recurrence scan,v_p(u_n)=1; u_n is not squarefull
1420,0,3,6,2,local deterministic Miller-Rabin (<2^64),small-prime recurrence scan,v_p(u_n)=1; u_n is not squarefull
1421,0,239,31070,130,local deterministic Miller-Rabin (<2^64),small-prime recurrence scan,v_p(u_n)=1; u_n is not squarefull
1422,0,2,2,1,local deterministic Miller-Rabin (<2^64),small-prime recurrence scan,v_p(u_n)=1; u_n is not squarefull
1423,1,993253,488272249017,491589,local deterministic Miller-Rabin (<2^64),prime-index congruence search,v_p(u_n)=1; u_n is not squarefull
1424,0,3,3,1,local deterministic Miller-Rabin (<2^64),small-prime recurrence scan,v_p(u_n)=1; u_n is not squarefull
1425,0,7,14,2,local deterministic Miller-Rabin (<2^64),small-prime recurrence scan,v_p(u_n)=1; u_n is not squarefull
1426,0,2,2,1,local deterministic Miller-Rabin (<2^64),small-prime recurrence scan,v_p(u_n)=1; u_n is not squarefull
1427,1,6978031,31999617306746,4585766,local deterministic Miller-Rabin (<2^64),prime-index congruence search,v_p(u_n)=1; u_n is not squarefull
1428,0,5,15,3,local deterministic Miller-Rabin (<2^64),small-prime recurrence scan,v_p(u_n)=1; u_n is not squarefull
1429,1,145757,2969653118,20374,local deterministic Miller-Rabin (<2^64),small-prime recurrence scan,v_p(u_n)=1; u_n is not squarefull
1430,0,2,2,1,local deterministic Miller-Rabin (<2^64),small-prime recurrence scan,v_p(u_n)=1; u_n is not squarefull
1431,0,5,20,4,local deterministic Miller-Rabin (<2^64),small-prime recurrence scan,v_p(u_n)=1; u_n is not squarefull
1432,0,3,6,2,local deterministic Miller-Rabin (<2^64),small-prime recurrence scan,v_p(u_n)=1; u_n is not squarefull
1433,1,8599,32194656,3744,local deterministic Miller-Rabin (<2^64),small-prime recurrence scan,v_p(u_n)=1; u_n is not squarefull
1434,0,2,2,1,local deterministic Miller-Rabin (<2^64),small-prime recurrence scan,v_p(u_n)=1; u_n is not squarefull
1435,0,29,638,22,local deterministic Miller-Rabin (<2^64),small-prime recurrence scan,v_p(u_n)=1; u_n is not squarefull
1436,0,3,3,1,local deterministic Miller-Rabin (<2^64),small-prime recurrence scan,v_p(u_n)=1; u_n is not squarefull
1437,0,5,15,3,local deterministic Miller-Rabin (<2^64),small-prime recurrence scan,v_p(u_n)=1; u_n is not squarefull
1438,0,2,2,1,local deterministic Miller-Rabin (<2^64),small-prime recurrence scan,v_p(u_n)=1; u_n is not squarefull
1439,1,2879,118039,41,local deterministic Miller-Rabin (<2^64),small-prime recurrence scan,v_p(u_n)=1; u_n is not squarefull
1440,0,7,42,6,local deterministic Miller-Rabin (<2^64),small-prime recurrence scan,v_p(u_n)=1; u_n is not squarefull
1441,0,23,483,21,local deterministic Miller-Rabin (<2^64),small-prime recurrence scan,v_p(u_n)=1; u_n is not squarefull
1442,0,2,2,1,local deterministic Miller-Rabin (<2^64),small-prime recurrence scan,v_p(u_n)=1; u_n is not squarefull
1443,0,5,10,2,local deterministic Miller-Rabin (<2^64),small-prime recurrence scan,v_p(u_n)=1; u_n is not squarefull
1444,0,3,6,2,local deterministic Miller-Rabin (<2^64),small-prime recurrence scan,v_p(u_n)=1; u_n is not squarefull
1445,0,29,493,17,local deterministic Miller-Rabin (<2^64),small-prime recurrence scan,v_p(u_n)=1; u_n is not squarefull
1446,0,2,2,1,local deterministic Miller-Rabin (<2^64),small-prime recurrence scan,v_p(u_n)=1; u_n is not squarefull
1447,1,606142513,196069333887731405,323470685,local deterministic Miller-Rabin (<2^64),deep prime-index congruence search,v_p(u_n)=1; u_n is not squarefull
1448,0,3,3,1,local deterministic Miller-Rabin (<2^64),small-prime recurrence scan,v_p(u_n)=1; u_n is not squarefull
1449,0,5,5,1,local deterministic Miller-Rabin (<2^64),small-prime recurrence scan,v_p(u_n)=1; u_n is not squarefull
1450,0,2,2,1,local deterministic Miller-Rabin (<2^64),small-prime recurrence scan,v_p(u_n)=1; u_n is not squarefull
1451,1,2903,3750676,1292,local deterministic Miller-Rabin (<2^64),small-prime recurrence scan,v_p(u_n)=1; u_n is not squarefull
1452,0,5,10,2,local deterministic Miller-Rabin (<2^64),small-prime recurrence scan,v_p(u_n)=1; u_n is not squarefull
1453,1,531799,233466142588,439012,local deterministic Miller-Rabin (<2^64),prime-index congruence search,v_p(u_n)=1; u_n is not squarefull
1454,0,2,2,1,local deterministic Miller-Rabin (<2^64),small-prime recurrence scan,v_p(u_n)=1; u_n is not squarefull
1455,0,7,21,3,local deterministic Miller-Rabin (<2^64),small-prime recurrence scan,v_p(u_n)=1; u_n is not squarefull
1456,0,3,6,2,local deterministic Miller-Rabin (<2^64),small-prime recurrence scan,v_p(u_n)=1; u_n is not squarefull
1457,0,61,3111,51,local deterministic Miller-Rabin (<2^64),small-prime recurrence scan,v_p(u_n)=1; u_n is not squarefull
1458,0,2,2,1,local deterministic Miller-Rabin (<2^64),small-prime recurrence scan,v_p(u_n)=1; u_n is not squarefull
1459,1,2917,2068153,709,local deterministic Miller-Rabin (<2^64),small-prime recurrence scan,v_p(u_n)=1; u_n is not squarefull
1460,0,3,3,1,local deterministic Miller-Rabin (<2^64),small-prime recurrence scan,v_p(u_n)=1; u_n is not squarefull
1461,0,5,20,4,local deterministic Miller-Rabin (<2^64),small-prime recurrence scan,v_p(u_n)=1; u_n is not squarefull
1462,0,2,2,1,local deterministic Miller-Rabin (<2^64),small-prime recurrence scan,v_p(u_n)=1; u_n is not squarefull
1463,0,23,345,15,local deterministic Miller-Rabin (<2^64),small-prime recurrence scan,v_p(u_n)=1; u_n is not squarefull
1464,0,5,20,4,local deterministic Miller-Rabin (<2^64),small-prime recurrence scan,v_p(u_n)=1; u_n is not squarefull
1465,0,29,203,7,local deterministic Miller-Rabin (<2^64),small-prime recurrence scan,v_p(u_n)=1; u_n is not squarefull
1466,0,2,2,1,local deterministic Miller-Rabin (<2^64),small-prime recurrence scan,v_p(u_n)=1; u_n is not squarefull
1467,0,5,15,3,local deterministic Miller-Rabin (<2^64),small-prime recurrence scan,v_p(u_n)=1; u_n is not squarefull
1468,0,3,6,2,local deterministic Miller-Rabin (<2^64),small-prime recurrence scan,v_p(u_n)=1; u_n is not squarefull
1469,0,79,553,7,local deterministic Miller-Rabin (<2^64),small-prime recurrence scan,v_p(u_n)=1; u_n is not squarefull
1470,0,2,2,1,local deterministic Miller-Rabin (<2^64),small-prime recurrence scan,v_p(u_n)=1; u_n is not squarefull
1471,1,23537,380852197,16181,local deterministic Miller-Rabin (<2^64),small-prime recurrence scan,v_p(u_n)=1; u_n is not squarefull
1472,0,3,3,1,local deterministic Miller-Rabin (<2^64),small-prime recurrence scan,v_p(u_n)=1; u_n is not squarefull
1473,0,5,10,2,local deterministic Miller-Rabin (<2^64),small-prime recurrence scan,v_p(u_n)=1; u_n is not squarefull
1474,0,2,2,1,local deterministic Miller-Rabin (<2^64),small-prime recurrence scan,v_p(u_n)=1; u_n is not squarefull
1475,0,29,58,2,local deterministic Miller-Rabin (<2^64),small-prime recurrence scan,v_p(u_n)=1; u_n is not squarefull
1476,0,5,5,1,local deterministic Miller-Rabin (<2^64),small-prime recurrence scan,v_p(u_n)=1; u_n is not squarefull
1477,0,239,11472,48,local deterministic Miller-Rabin (<2^64),small-prime recurrence scan,v_p(u_n)=1; u_n is not squarefull
1478,0,2,2,1,local deterministic Miller-Rabin (<2^64),small-prime recurrence scan,v_p(u_n)=1; u_n is not squarefull
1479,0,5,5,1,local deterministic Miller-Rabin (<2^64),small-prime recurrence scan,v_p(u_n)=1; u_n is not squarefull
1480,0,3,6,2,local deterministic Miller-Rabin (<2^64),small-prime recurrence scan,v_p(u_n)=1; u_n is not squarefull
1481,1,8887,50024923,5629,local deterministic Miller-Rabin (<2^64),small-prime recurrence scan,v_p(u_n)=1; u_n is not squarefull
1482,0,2,2,1,local deterministic Miller-Rabin (<2^64),small-prime recurrence scan,v_p(u_n)=1; u_n is not squarefull
1483,1,14831,59754099,4029,local deterministic Miller-Rabin (<2^64),small-prime recurrence scan,v_p(u_n)=1; u_n is not squarefull
1484,0,3,3,1,local deterministic Miller-Rabin (<2^64),small-prime recurrence scan,v_p(u_n)=1; u_n is not squarefull
1485,0,7,28,4,local deterministic Miller-Rabin (<2^64),small-prime recurrence scan,v_p(u_n)=1; u_n is not squarefull
1486,0,2,2,1,local deterministic Miller-Rabin (<2^64),small-prime recurrence scan,v_p(u_n)=1; u_n is not squarefull
1487,1,11897,93022643,7819,local deterministic Miller-Rabin (<2^64),small-prime recurrence scan,v_p(u_n)=1; u_n is not squarefull
1488,0,5,15,3,local deterministic Miller-Rabin (<2^64),small-prime recurrence scan,v_p(u_n)=1; u_n is not squarefull
1489,1,59561,1175078969,19729,local deterministic Miller-Rabin (<2^64),small-prime recurrence scan,v_p(u_n)=1; u_n is not squarefull
1490,0,2,2,1,local deterministic Miller-Rabin (<2^64),small-prime recurrence scan,v_p(u_n)=1; u_n is not squarefull
1491,0,5,20,4,local deterministic Miller-Rabin (<2^64),small-prime recurrence scan,v_p(u_n)=1; u_n is not squarefull
1492,0,3,6,2,local deterministic Miller-Rabin (<2^64),small-prime recurrence scan,v_p(u_n)=1; u_n is not squarefull
1493,1,83609,2862437724,34236,local deterministic Miller-Rabin (<2^64),small-prime recurrence scan,v_p(u_n)=1; u_n is not squarefull
1494,0,2,2,1,local deterministic Miller-Rabin (<2^64),small-prime recurrence scan,v_p(u_n)=1; u_n is not squarefull
1495,0,29,609,21,local deterministic Miller-Rabin (<2^64),small-prime recurrence scan,v_p(u_n)=1; u_n is not squarefull
1496,0,3,3,1,local deterministic Miller-Rabin (<2^64),small-prime recurrence scan,v_p(u_n)=1; u_n is not squarefull
1497,0,5,15,3,local deterministic Miller-Rabin (<2^64),small-prime recurrence scan,v_p(u_n)=1; u_n is not squarefull
1498,0,2,2,1,local deterministic Miller-Rabin (<2^64),small-prime recurrence scan,v_p(u_n)=1; u_n is not squarefull
1499,1,2999,7281572,2428,local deterministic Miller-Rabin (<2^64),small-prime recurrence scan,v_p(u_n)=1; u_n is not squarefull
1500,0,7,7,1,local deterministic Miller-Rabin (<2^64),small-prime recurrence scan,v_p(u_n)=1; u_n is not squarefull
1501,0,37,888,24,local deterministic Miller-Rabin (<2^64),small-prime recurrence scan,v_p(u_n)=1; u_n is not squarefull
1502,0,2,2,1,local deterministic Miller-Rabin (<2^64),small-prime recurrence scan,v_p(u_n)=1; u_n is not squarefull
1503,0,5,10,2,local deterministic Miller-Rabin (<2^64),small-prime recurrence scan,v_p(u_n)=1; u_n is not squarefull
1504,0,3,6,2,local deterministic Miller-Rabin (<2^64),small-prime recurrence scan,v_p(u_n)=1; u_n is not squarefull
1505,0,29,464,16,local deterministic Miller-Rabin (<2^64),small-prime recurrence scan,v_p(u_n)=1; u_n is not squarefull
1506,0,2,2,1,local deterministic Miller-Rabin (<2^64),small-prime recurrence scan,v_p(u_n)=1; u_n is not squarefull
1507,0,23,69,3,local deterministic Miller-Rabin (<2^64),small-prime recurrence scan,v_p(u_n)=1; u_n is not squarefull
1508,0,3,3,1,local deterministic Miller-Rabin (<2^64),small-prime recurrence scan,v_p(u_n)=1; u_n is not squarefull
1509,0,5,5,1,local deterministic Miller-Rabin (<2^64),small-prime recurrence scan,v_p(u_n)=1; u_n is not squarefull
1510,0,2,2,1,local deterministic Miller-Rabin (<2^64),small-prime recurrence scan,v_p(u_n)=1; u_n is not squarefull
1511,1,3023,7094981,2347,local deterministic Miller-Rabin (<2^64),small-prime recurrence scan,v_p(u_n)=1; u_n is not squarefull
1512,0,5,10,2,local deterministic Miller-Rabin (<2^64),small-prime recurrence scan,v_p(u_n)=1; u_n is not squarefull
1513,0,103,4841,47,local deterministic Miller-Rabin (<2^64),small-prime recurrence scan,v_p(u_n)=1; u_n is not squarefull
1514,0,2,2,1,local deterministic Miller-Rabin (<2^64),small-prime recurrence scan,v_p(u_n)=1; u_n is not squarefull
1515,0,7,35,5,local deterministic Miller-Rabin (<2^64),small-prime recurrence scan,v_p(u_n)=1; u_n is not squarefull
1516,0,3,6,2,local deterministic Miller-Rabin (<2^64),small-prime recurrence scan,v_p(u_n)=1; u_n is not squarefull
1517,0,223,21631,97,local deterministic Miller-Rabin (<2^64),small-prime recurrence scan,v_p(u_n)=1; u_n is not squarefull
1518,0,2,2,1,local deterministic Miller-Rabin (<2^64),small-prime recurrence scan,v_p(u_n)=1; u_n is not squarefull
1519,0,61,2135,35,local deterministic Miller-Rabin (<2^64),small-prime recurrence scan,v_p(u_n)=1; u_n is not squarefull
1520,0,3,3,1,local deterministic Miller-Rabin (<2^64),small-prime recurrence scan,v_p(u_n)=1; u_n is not squarefull
1521,0,5,20,4,local deterministic Miller-Rabin (<2^64),small-prime recurrence scan,v_p(u_n)=1; u_n is not squarefull
1522,0,2,2,1,local deterministic Miller-Rabin (<2^64),small-prime recurrence scan,v_p(u_n)=1; u_n is not squarefull
1523,1,3298747943,5918800334439132660,1794256620,local deterministic Miller-Rabin (<2^64),deep prime-index congruence search,v_p(u_n)=1; u_n is not squarefull
1524,0,5,20,4,local deterministic Miller-Rabin (<2^64),small-prime recurrence scan,v_p(u_n)=1; u_n is not squarefull
1525,0,29,174,6,local deterministic Miller-Rabin (<2^64),small-prime recurrence scan,v_p(u_n)=1; u_n is not squarefull
1526,0,2,2,1,local deterministic Miller-Rabin (<2^64),small-prime recurrence scan,v_p(u_n)=1; u_n is not squarefull
1527,0,5,15,3,local deterministic Miller-Rabin (<2^64),small-prime recurrence scan,v_p(u_n)=1; u_n is not squarefull
1528,0,3,6,2,local deterministic Miller-Rabin (<2^64),small-prime recurrence scan,v_p(u_n)=1; u_n is not squarefull
1529,0,23,460,20,local deterministic Miller-Rabin (<2^64),small-prime recurrence scan,v_p(u_n)=1; u_n is not squarefull
1530,0,2,2,1,local deterministic Miller-Rabin (<2^64),small-prime recurrence scan,v_p(u_n)=1; u_n is not squarefull
1531,1,3061,707091,231,local deterministic Miller-Rabin (<2^64),small-prime recurrence scan,v_p(u_n)=1; u_n is not squarefull
1532,0,3,3,1,local deterministic Miller-Rabin (<2^64),small-prime recurrence scan,v_p(u_n)=1; u_n is not squarefull
1533,0,5,10,2,local deterministic Miller-Rabin (<2^64),small-prime recurrence scan,v_p(u_n)=1; u_n is not squarefull
1534,0,2,2,1,local deterministic Miller-Rabin (<2^64),small-prime recurrence scan,v_p(u_n)=1; u_n is not squarefull
1535,0,29,29,1,local deterministic Miller-Rabin (<2^64),small-prime recurrence scan,v_p(u_n)=1; u_n is not squarefull
1536,0,5,5,1,local deterministic Miller-Rabin (<2^64),small-prime recurrence scan,v_p(u_n)=1; u_n is not squarefull
1537,0,9221,43744424,4744,local deterministic Miller-Rabin (<2^64),small-prime recurrence scan,v_p(u_n)=1; u_n is not squarefull
1538,0,2,2,1,local deterministic Miller-Rabin (<2^64),small-prime recurrence scan,v_p(u_n)=1; u_n is not squarefull
1539,0,5,5,1,local deterministic Miller-Rabin (<2^64),small-prime recurrence scan,v_p(u_n)=1; u_n is not squarefull
1540,0,3,6,2,local deterministic Miller-Rabin (<2^64),small-prime recurrence scan,v_p(u_n)=1; u_n is not squarefull
1541,0,47,1363,29,local deterministic Miller-Rabin (<2^64),small-prime recurrence scan,v_p(u_n)=1; u_n is not squarefull
1542,0,2,2,1,local deterministic Miller-Rabin (<2^64),small-prime recurrence scan,v_p(u_n)=1; u_n is not squarefull
1543,1,138869,1412019992,10168,local deterministic Miller-Rabin (<2^64),small-prime recurrence scan,v_p(u_n)=1; u_n is not squarefull
1544,0,3,3,1,local deterministic Miller-Rabin (<2^64),small-prime recurrence scan,v_p(u_n)=1; u_n is not squarefull
1545,0,7,42,6,local deterministic Miller-Rabin (<2^64),small-prime recurrence scan,v_p(u_n)=1; u_n is not squarefull
1546,0,2,2,1,local deterministic Miller-Rabin (<2^64),small-prime recurrence scan,v_p(u_n)=1; u_n is not squarefull
1547,0,79,5056,64,local deterministic Miller-Rabin (<2^64),small-prime recurrence scan,v_p(u_n)=1; u_n is not squarefull
1548,0,5,15,3,local deterministic Miller-Rabin (<2^64),small-prime recurrence scan,v_p(u_n)=1; u_n is not squarefull
1549,1,740423,24191100256,32672,local deterministic Miller-Rabin (<2^64),prime-index congruence search,v_p(u_n)=1; u_n is not squarefull
1550,0,2,2,1,local deterministic Miller-Rabin (<2^64),small-prime recurrence scan,v_p(u_n)=1; u_n is not squarefull
1551,0,5,20,4,local deterministic Miller-Rabin (<2^64),small-prime recurrence scan,v_p(u_n)=1; u_n is not squarefull
1552,0,3,6,2,local deterministic Miller-Rabin (<2^64),small-prime recurrence scan,v_p(u_n)=1; u_n is not squarefull
1553,1,86969,2199532979,25291,local deterministic Miller-Rabin (<2^64),small-prime recurrence scan,v_p(u_n)=1; u_n is not squarefull
1554,0,2,2,1,local deterministic Miller-Rabin (<2^64),small-prime recurrence scan,v_p(u_n)=1; u_n is not squarefull
1555,0,29,580,20,local deterministic Miller-Rabin (<2^64),small-prime recurrence scan,v_p(u_n)=1; u_n is not squarefull
1556,0,3,3,1,local deterministic Miller-Rabin (<2^64),small-prime recurrence scan,v_p(u_n)=1; u_n is not squarefull
1557,0,5,15,3,local deterministic Miller-Rabin (<2^64),small-prime recurrence scan,v_p(u_n)=1; u_n is not squarefull
1558,0,2,2,1,local deterministic Miller-Rabin (<2^64),small-prime recurrence scan,v_p(u_n)=1; u_n is not squarefull
1559,1,3119,1643713,527,local deterministic Miller-Rabin (<2^64),small-prime recurrence scan,v_p(u_n)=1; u_n is not squarefull
1560,0,7,21,3,local deterministic Miller-Rabin (<2^64),small-prime recurrence scan,v_p(u_n)=1; u_n is not squarefull
1561,0,239,39196,164,local deterministic Miller-Rabin (<2^64),small-prime recurrence scan,v_p(u_n)=1; u_n is not squarefull
1562,0,2,2,1,local deterministic Miller-Rabin (<2^64),small-prime recurrence scan,v_p(u_n)=1; u_n is not squarefull
1563,0,5,10,2,local deterministic Miller-Rabin (<2^64),small-prime recurrence scan,v_p(u_n)=1; u_n is not squarefull
1564,0,3,6,2,local deterministic Miller-Rabin (<2^64),small-prime recurrence scan,v_p(u_n)=1; u_n is not squarefull
1565,0,29,435,15,local deterministic Miller-Rabin (<2^64),small-prime recurrence scan,v_p(u_n)=1; u_n is not squarefull
1566,0,2,2,1,local deterministic Miller-Rabin (<2^64),small-prime recurrence scan,v_p(u_n)=1; u_n is not squarefull
1567,1,15671,97896737,6247,local deterministic Miller-Rabin (<2^64),small-prime recurrence scan,v_p(u_n)=1; u_n is not squarefull
1568,0,3,3,1,local deterministic Miller-Rabin (<2^64),small-prime recurrence scan,v_p(u_n)=1; u_n is not squarefull
1569,0,5,5,1,local deterministic Miller-Rabin (<2^64),small-prime recurrence scan,v_p(u_n)=1; u_n is not squarefull
1570,0,2,2,1,local deterministic Miller-Rabin (<2^64),small-prime recurrence scan,v_p(u_n)=1; u_n is not squarefull
1571,1,430453,102967370771,239207,local deterministic Miller-Rabin (<2^64),prime-index congruence search,v_p(u_n)=1; u_n is not squarefull
1572,0,5,10,2,local deterministic Miller-Rabin (<2^64),small-prime recurrence scan,v_p(u_n)=1; u_n is not squarefull
1573,0,23,184,8,local deterministic Miller-Rabin (<2^64),small-prime recurrence scan,v_p(u_n)=1; u_n is not squarefull
1574,0,2,2,1,local deterministic Miller-Rabin (<2^64),small-prime recurrence scan,v_p(u_n)=1; u_n is not squarefull
1575,0,29,290,10,local deterministic Miller-Rabin (<2^64),small-prime recurrence scan,v_p(u_n)=1; u_n is not squarefull
1576,0,3,6,2,local deterministic Miller-Rabin (<2^64),small-prime recurrence scan,v_p(u_n)=1; u_n is not squarefull
1577,0,37,777,21,local deterministic Miller-Rabin (<2^64),small-prime recurrence scan,v_p(u_n)=1; u_n is not squarefull
1578,0,2,2,1,local deterministic Miller-Rabin (<2^64),small-prime recurrence scan,v_p(u_n)=1; u_n is not squarefull
1579,1,305849143,11451740632622064,37442448,local deterministic Miller-Rabin (<2^64),prime-index congruence search,v_p(u_n)=1; u_n is not squarefull
1580,0,3,3,1,local deterministic Miller-Rabin (<2^64),small-prime recurrence scan,v_p(u_n)=1; u_n is not squarefull
1581,0,5,20,4,local deterministic Miller-Rabin (<2^64),small-prime recurrence scan,v_p(u_n)=1; u_n is not squarefull
1582,0,2,2,1,local deterministic Miller-Rabin (<2^64),small-prime recurrence scan,v_p(u_n)=1; u_n is not squarefull
1583,1,3167,5355397,1691,local deterministic Miller-Rabin (<2^64),small-prime recurrence scan,v_p(u_n)=1; u_n is not squarefull
1584,0,5,20,4,local deterministic Miller-Rabin (<2^64),small-prime recurrence scan,v_p(u_n)=1; u_n is not squarefull
1585,0,29,145,5,local deterministic Miller-Rabin (<2^64),small-prime recurrence scan,v_p(u_n)=1; u_n is not squarefull
1586,0,2,2,1,local deterministic Miller-Rabin (<2^64),small-prime recurrence scan,v_p(u_n)=1; u_n is not squarefull
1587,0,5,15,3,local deterministic Miller-Rabin (<2^64),small-prime recurrence scan,v_p(u_n)=1; u_n is not squarefull
1588,0,3,6,2,local deterministic Miller-Rabin (<2^64),small-prime recurrence scan,v_p(u_n)=1; u_n is not squarefull
1589,0,239,29397,123,local deterministic Miller-Rabin (<2^64),small-prime recurrence scan,v_p(u_n)=1; u_n is not squarefull
1590,0,2,2,1,local deterministic Miller-Rabin (<2^64),small-prime recurrence scan,v_p(u_n)=1; u_n is not squarefull
1591,0,223,37241,167,local deterministic Miller-Rabin (<2^64),small-prime recurrence scan,v_p(u_n)=1; u_n is not squarefull
1592,0,3,3,1,local deterministic Miller-Rabin (<2^64),small-prime recurrence scan,v_p(u_n)=1; u_n is not squarefull
1593,0,5,10,2,local deterministic Miller-Rabin (<2^64),small-prime recurrence scan,v_p(u_n)=1; u_n is not squarefull
1594,0,2,2,1,local deterministic Miller-Rabin (<2^64),small-prime recurrence scan,v_p(u_n)=1; u_n is not squarefull
1595,0,23,46,2,local deterministic Miller-Rabin (<2^64),small-prime recurrence scan,v_p(u_n)=1; u_n is not squarefull
1596,0,5,5,1,local deterministic Miller-Rabin (<2^64),small-prime recurrence scan,v_p(u_n)=1; u_n is not squarefull
1597,1,38329,550366111,14359,local deterministic Miller-Rabin (<2^64),small-prime recurrence scan,v_p(u_n)=1; u_n is not squarefull
1598,0,2,2,1,local deterministic Miller-Rabin (<2^64),small-prime recurrence scan,v_p(u_n)=1; u_n is not squarefull
1599,0,5,5,1,local deterministic Miller-Rabin (<2^64),small-prime recurrence scan,v_p(u_n)=1; u_n is not squarefull
1600,0,3,6,2,local deterministic Miller-Rabin (<2^64),small-prime recurrence scan,v_p(u_n)=1; u_n is not squarefull
1601,1,12809,160240590,12510,local deterministic Miller-Rabin (<2^64),small-prime recurrence scan,v_p(u_n)=1; u_n is not squarefull
1602,0,2,2,1,local deterministic Miller-Rabin (<2^64),small-prime recurrence scan,v_p(u_n)=1; u_n is not squarefull
1603,0,239,53058,222,local deterministic Miller-Rabin (<2^64),small-prime recurrence scan,v_p(u_n)=1; u_n is not squarefull
1604,0,3,3,1,local deterministic Miller-Rabin (<2^64),small-prime recurrence scan,v_p(u_n)=1; u_n is not squarefull
1605,0,7,7,1,local deterministic Miller-Rabin (<2^64),small-prime recurrence scan,v_p(u_n)=1; u_n is not squarefull
1606,0,2,2,1,local deterministic Miller-Rabin (<2^64),small-prime recurrence scan,v_p(u_n)=1; u_n is not squarefull
1607,1,16069,233643260,14540,local deterministic Miller-Rabin (<2^64),small-prime recurrence scan,v_p(u_n)=1; u_n is not squarefull
1608,0,5,15,3,local deterministic Miller-Rabin (<2^64),small-prime recurrence scan,v_p(u_n)=1; u_n is not squarefull
1609,1,6818941,26705107284533,3916313,local deterministic Miller-Rabin (<2^64),prime-index congruence search,v_p(u_n)=1; u_n is not squarefull
1610,0,2,2,1,local deterministic Miller-Rabin (<2^64),small-prime recurrence scan,v_p(u_n)=1; u_n is not squarefull
1611,0,5,20,4,local deterministic Miller-Rabin (<2^64),small-prime recurrence scan,v_p(u_n)=1; u_n is not squarefull
1612,0,3,6,2,local deterministic Miller-Rabin (<2^64),small-prime recurrence scan,v_p(u_n)=1; u_n is not squarefull
1613,1,1958183,1125753532151,574897,local deterministic Miller-Rabin (<2^64),prime-index congruence search,v_p(u_n)=1; u_n is not squarefull
1614,0,2,2,1,local deterministic Miller-Rabin (<2^64),small-prime recurrence scan,v_p(u_n)=1; u_n is not squarefull
1615,0,29,551,19,local deterministic Miller-Rabin (<2^64),small-prime recurrence scan,v_p(u_n)=1; u_n is not squarefull
1616,0,3,3,1,local deterministic Miller-Rabin (<2^64),small-prime recurrence scan,v_p(u_n)=1; u_n is not squarefull
1617,0,5,15,3,local deterministic Miller-Rabin (<2^64),small-prime recurrence scan,v_p(u_n)=1; u_n is not squarefull
1618,0,2,2,1,local deterministic Miller-Rabin (<2^64),small-prime recurrence scan,v_p(u_n)=1; u_n is not squarefull
1619,1,12953,38496316,2972,local deterministic Miller-Rabin (<2^64),small-prime recurrence scan,v_p(u_n)=1; u_n is not squarefull
1620,0,7,35,5,local deterministic Miller-Rabin (<2^64),small-prime recurrence scan,v_p(u_n)=1; u_n is not squarefull
1621,1,2173125569,3894398543001120103,1792072487,local deterministic Miller-Rabin (<2^64),deep prime-index congruence search,v_p(u_n)=1; u_n is not squarefull
1622,0,2,2,1,local deterministic Miller-Rabin (<2^64),small-prime recurrence scan,v_p(u_n)=1; u_n is not squarefull
1623,0,5,10,2,local deterministic Miller-Rabin (<2^64),small-prime recurrence scan,v_p(u_n)=1; u_n is not squarefull
1624,0,3,6,2,local deterministic Miller-Rabin (<2^64),small-prime recurrence scan,v_p(u_n)=1; u_n is not squarefull
1625,0,29,406,14,local deterministic Miller-Rabin (<2^64),small-prime recurrence scan,v_p(u_n)=1; u_n is not squarefull
1626,0,2,2,1,local deterministic Miller-Rabin (<2^64),small-prime recurrence scan,v_p(u_n)=1; u_n is not squarefull
1627,1,3253,8392740,2580,local deterministic Miller-Rabin (<2^64),small-prime recurrence scan,v_p(u_n)=1; u_n is not squarefull
1628,0,3,3,1,local deterministic Miller-Rabin (<2^64),small-prime recurrence scan,v_p(u_n)=1; u_n is not squarefull
1629,0,5,5,1,local deterministic Miller-Rabin (<2^64),small-prime recurrence scan,v_p(u_n)=1; u_n is not squarefull
1630,0,2,2,1,local deterministic Miller-Rabin (<2^64),small-prime recurrence scan,v_p(u_n)=1; u_n is not squarefull
1631,0,239,43259,181,local deterministic Miller-Rabin (<2^64),small-prime recurrence scan,v_p(u_n)=1; u_n is not squarefull
1632,0,5,10,2,local deterministic Miller-Rabin (<2^64),small-prime recurrence scan,v_p(u_n)=1; u_n is not squarefull
1633,0,47,752,16,local deterministic Miller-Rabin (<2^64),small-prime recurrence scan,v_p(u_n)=1; u_n is not squarefull
1634,0,2,2,1,local deterministic Miller-Rabin (<2^64),small-prime recurrence scan,v_p(u_n)=1; u_n is not squarefull
1635,0,7,14,2,local deterministic Miller-Rabin (<2^64),small-prime recurrence scan,v_p(u_n)=1; u_n is not squarefull
1636,0,3,6,2,local deterministic Miller-Rabin (<2^64),small-prime recurrence scan,v_p(u_n)=1; u_n is not squarefull
1637,1,6953977,38258201528533,5501629,local deterministic Miller-Rabin (<2^64),prime-index congruence search,v_p(u_n)=1; u_n is not squarefull
1638,0,2,2,1,local deterministic Miller-Rabin (<2^64),small-prime recurrence scan,v_p(u_n)=1; u_n is not squarefull
1639,0,23,299,13,local deterministic Miller-Rabin (<2^64),small-prime recurrence scan,v_p(u_n)=1; u_n is not squarefull
1640,0,3,3,1,local deterministic Miller-Rabin (<2^64),small-prime recurrence scan,v_p(u_n)=1; u_n is not squarefull
1641,0,5,20,4,local deterministic Miller-Rabin (<2^64),small-prime recurrence scan,v_p(u_n)=1; u_n is not squarefull
1642,0,2,2,1,local deterministic Miller-Rabin (<2^64),small-prime recurrence scan,v_p(u_n)=1; u_n is not squarefull
1643,0,61,183,3,local deterministic Miller-Rabin (<2^64),small-prime recurrence scan,v_p(u_n)=1; u_n is not squarefull
1644,0,5,20,4,local deterministic Miller-Rabin (<2^64),small-prime recurrence scan,v_p(u_n)=1; u_n is not squarefull
1645,0,29,116,4,local deterministic Miller-Rabin (<2^64),small-prime recurrence scan,v_p(u_n)=1; u_n is not squarefull
1646,0,2,2,1,local deterministic Miller-Rabin (<2^64),small-prime recurrence scan,v_p(u_n)=1; u_n is not squarefull
1647,0,5,15,3,local deterministic Miller-Rabin (<2^64),small-prime recurrence scan,v_p(u_n)=1; u_n is not squarefull
1648,0,3,6,2,local deterministic Miller-Rabin (<2^64),small-prime recurrence scan,v_p(u_n)=1; u_n is not squarefull
1649,0,103,8137,79,local deterministic Miller-Rabin (<2^64),small-prime recurrence scan,v_p(u_n)=1; u_n is not squarefull
1650,0,2,2,1,local deterministic Miller-Rabin (<2^64),small-prime recurrence scan,v_p(u_n)=1; u_n is not squarefull
1651,0,79,4819,61,local deterministic Miller-Rabin (<2^64),small-prime recurrence scan,v_p(u_n)=1; u_n is not squarefull
1652,0,3,3,1,local deterministic Miller-Rabin (<2^64),small-prime recurrence scan,v_p(u_n)=1; u_n is not squarefull
1653,0,5,10,2,local deterministic Miller-Rabin (<2^64),small-prime recurrence scan,v_p(u_n)=1; u_n is not squarefull
1654,0,2,2,1,local deterministic Miller-Rabin (<2^64),small-prime recurrence scan,v_p(u_n)=1; u_n is not squarefull
1655,0,29,812,28,local deterministic Miller-Rabin (<2^64),small-prime recurrence scan,v_p(u_n)=1; u_n is not squarefull
1656,0,5,5,1,local deterministic Miller-Rabin (<2^64),small-prime recurrence scan,v_p(u_n)=1; u_n is not squarefull
1657,1,26513,182886674,6898,local deterministic Miller-Rabin (<2^64),small-prime recurrence scan,v_p(u_n)=1; u_n is not squarefull
1658,0,2,2,1,local deterministic Miller-Rabin (<2^64),small-prime recurrence scan,v_p(u_n)=1; u_n is not squarefull
1659,0,5,5,1,local deterministic Miller-Rabin (<2^64),small-prime recurrence scan,v_p(u_n)=1; u_n is not squarefull
1660,0,3,6,2,local deterministic Miller-Rabin (<2^64),small-prime recurrence scan,v_p(u_n)=1; u_n is not squarefull
1661,0,23,161,7,local deterministic Miller-Rabin (<2^64),small-prime recurrence scan,v_p(u_n)=1; u_n is not squarefull
1662,0,2,2,1,local deterministic Miller-Rabin (<2^64),small-prime recurrence scan,v_p(u_n)=1; u_n is not squarefull
1663,1,16631,119959403,7213,local deterministic Miller-Rabin (<2^64),small-prime recurrence scan,v_p(u_n)=1; u_n is not squarefull
1664,0,3,3,1,local deterministic Miller-Rabin (<2^64),small-prime recurrence scan,v_p(u_n)=1; u_n is not squarefull
1665,0,7,21,3,local deterministic Miller-Rabin (<2^64),small-prime recurrence scan,v_p(u_n)=1; u_n is not squarefull
1666,0,2,2,1,local deterministic Miller-Rabin (<2^64),small-prime recurrence scan,v_p(u_n)=1; u_n is not squarefull
1668,0,5,15,3,local deterministic Miller-Rabin (<2^64),small-prime recurrence scan,v_p(u_n)=1; u_n is not squarefull
1669,1,34768609,258174758121417,7425513,local deterministic Miller-Rabin (<2^64),prime-index congruence search,v_p(u_n)=1; u_n is not squarefull
1670,0,2,2,1,local deterministic Miller-Rabin (<2^64),small-prime recurrence scan,v_p(u_n)=1; u_n is not squarefull
1671,0,5,20,4,local deterministic Miller-Rabin (<2^64),small-prime recurrence scan,v_p(u_n)=1; u_n is not squarefull
1672,0,3,6,2,local deterministic Miller-Rabin (<2^64),small-prime recurrence scan,v_p(u_n)=1; u_n is not squarefull
1673,0,479,183457,383,local deterministic Miller-Rabin (<2^64),small-prime recurrence scan,v_p(u_n)=1; u_n is not squarefull
1674,0,2,2,1,local deterministic Miller-Rabin (<2^64),small-prime recurrence scan,v_p(u_n)=1; u_n is not squarefull
1675,0,29,522,18,local deterministic Miller-Rabin (<2^64),small-prime recurrence scan,v_p(u_n)=1; u_n is not squarefull
1676,0,3,3,1,local deterministic Miller-Rabin (<2^64),small-prime recurrence scan,v_p(u_n)=1; u_n is not squarefull
1677,0,5,15,3,local deterministic Miller-Rabin (<2^64),small-prime recurrence scan,v_p(u_n)=1; u_n is not squarefull
1678,0,2,2,1,local deterministic Miller-Rabin (<2^64),small-prime recurrence scan,v_p(u_n)=1; u_n is not squarefull
1679,0,47,1551,33,local deterministic Miller-Rabin (<2^64),small-prime recurrence scan,v_p(u_n)=1; u_n is not squarefull
1680,0,11,77,7,local deterministic Miller-Rabin (<2^64),small-prime recurrence scan,v_p(u_n)=1; u_n is not squarefull
1681,0,2297,2891923,1259,local deterministic Miller-Rabin (<2^64),small-prime recurrence scan,v_p(u_n)=1; u_n is not squarefull
1682,0,2,2,1,local deterministic Miller-Rabin (<2^64),small-prime recurrence scan,v_p(u_n)=1; u_n is not squarefull
1683,0,5,10,2,local deterministic Miller-Rabin (<2^64),small-prime recurrence scan,v_p(u_n)=1; u_n is not squarefull
1684,0,3,6,2,local deterministic Miller-Rabin (<2^64),small-prime recurrence scan,v_p(u_n)=1; u_n is not squarefull
1685,0,29,377,13,local deterministic Miller-Rabin (<2^64),small-prime recurrence scan,v_p(u_n)=1; u_n is not squarefull
1686,0,2,2,1,local deterministic Miller-Rabin (<2^64),small-prime recurrence scan,v_p(u_n)=1; u_n is not squarefull
1687,0,239,23661,99,local deterministic Miller-Rabin (<2^64),small-prime recurrence scan,v_p(u_n)=1; u_n is not squarefull
1688,0,3,3,1,local deterministic Miller-Rabin (<2^64),small-prime recurrence scan,v_p(u_n)=1; u_n is not squarefull
1689,0,5,5,1,local deterministic Miller-Rabin (<2^64),small-prime recurrence scan,v_p(u_n)=1; u_n is not squarefull
1690,0,2,2,1,local deterministic Miller-Rabin (<2^64),small-prime recurrence scan,v_p(u_n)=1; u_n is not squarefull
1691,0,37,1295,35,local deterministic Miller-Rabin (<2^64),small-prime recurrence scan,v_p(u_n)=1; u_n is not squarefull
1692,0,5,10,2,local deterministic Miller-Rabin (<2^64),small-prime recurrence scan,v_p(u_n)=1; u_n is not squarefull
1693,1,528217,249227570676,471828,local deterministic Miller-Rabin (<2^64),prime-index congruence search,v_p(u_n)=1; u_n is not squarefull
1694,0,2,2,1,local deterministic Miller-Rabin (<2^64),small-prime recurrence scan,v_p(u_n)=1; u_n is not squarefull
1695,0,7,28,4,local deterministic Miller-Rabin (<2^64),small-prime recurrence scan,v_p(u_n)=1; u_n is not squarefull
1696,0,3,6,2,local deterministic Miller-Rabin (<2^64),small-prime recurrence scan,v_p(u_n)=1; u_n is not squarefull
1697,1,10181,76571301,7521,local deterministic Miller-Rabin (<2^64),small-prime recurrence scan,v_p(u_n)=1; u_n is not squarefull
1698,0,2,2,1,local deterministic Miller-Rabin (<2^64),small-prime recurrence scan,v_p(u_n)=1; u_n is not squarefull
1700,0,3,3,1,local deterministic Miller-Rabin (<2^64),small-prime recurrence scan,v_p(u_n)=1; u_n is not squarefull
1701,0,5,20,4,local deterministic Miller-Rabin (<2^64),small-prime recurrence scan,v_p(u_n)=1; u_n is not squarefull
1702,0,2,2,1,local deterministic Miller-Rabin (<2^64),small-prime recurrence scan,v_p(u_n)=1; u_n is not squarefull
1703,0,79,1580,20,local deterministic Miller-Rabin (<2^64),small-prime recurrence scan,v_p(u_n)=1; u_n is not squarefull
1704,0,5,20,4,local deterministic Miller-Rabin (<2^64),small-prime recurrence scan,v_p(u_n)=1; u_n is not squarefull
1705,0,23,414,18,local deterministic Miller-Rabin (<2^64),small-prime recurrence scan,v_p(u_n)=1; u_n is not squarefull
1706,0,2,2,1,local deterministic Miller-Rabin (<2^64),small-prime recurrence scan,v_p(u_n)=1; u_n is not squarefull
1707,0,5,15,3,local deterministic Miller-Rabin (<2^64),small-prime recurrence scan,v_p(u_n)=1; u_n is not squarefull
1708,0,3,6,2,local deterministic Miller-Rabin (<2^64),small-prime recurrence scan,v_p(u_n)=1; u_n is not squarefull
1709,1,10253,65803754,6418,local deterministic Miller-Rabin (<2^64),small-prime recurrence scan,v_p(u_n)=1; u_n is not squarefull
1710,0,2,2,1,local deterministic Miller-Rabin (<2^64),small-prime recurrence scan,v_p(u_n)=1; u_n is not squarefull
1711,0,44560482149,870900556757118232308,19544235492,local deterministic Miller-Rabin (<2^64),composite-index inheritance from n=29 + local modular verification,v_p(u_n)=1; u_n is not squarefull
1712,0,3,3,1,local deterministic Miller-Rabin (<2^64),small-prime recurrence scan,v_p(u_n)=1; u_n is not squarefull
1713,0,5,10,2,local deterministic Miller-Rabin (<2^64),small-prime recurrence scan,v_p(u_n)=1; u_n is not squarefull
1714,0,2,2,1,local deterministic Miller-Rabin (<2^64),small-prime recurrence scan,v_p(u_n)=1; u_n is not squarefull
1715,0,29,783,27,local deterministic Miller-Rabin (<2^64),small-prime recurrence scan,v_p(u_n)=1; u_n is not squarefull
1716,0,5,5,1,local deterministic Miller-Rabin (<2^64),small-prime recurrence scan,v_p(u_n)=1; u_n is not squarefull
1717,0,103,9785,95,local deterministic Miller-Rabin (<2^64),small-prime recurrence scan,v_p(u_n)=1; u_n is not squarefull
1718,0,2,2,1,local deterministic Miller-Rabin (<2^64),small-prime recurrence scan,v_p(u_n)=1; u_n is not squarefull
1719,0,5,5,1,local deterministic Miller-Rabin (<2^64),small-prime recurrence scan,v_p(u_n)=1; u_n is not squarefull
1720,0,3,6,2,local deterministic Miller-Rabin (<2^64),small-prime recurrence scan,v_p(u_n)=1; u_n is not squarefull
1721,1,382061,142720796855,373555,local deterministic Miller-Rabin (<2^64),prime-index congruence search,v_p(u_n)=1; u_n is not squarefull
1722,0,2,2,1,local deterministic Miller-Rabin (<2^64),small-prime recurrence scan,v_p(u_n)=1; u_n is not squarefull
1724,0,3,3,1,local deterministic Miller-Rabin (<2^64),small-prime recurrence scan,v_p(u_n)=1; u_n is not squarefull
1725,0,7,35,5,local deterministic Miller-Rabin (<2^64),small-prime recurrence scan,v_p(u_n)=1; u_n is not squarefull
1726,0,2,2,1,local deterministic Miller-Rabin (<2^64),small-prime recurrence scan,v_p(u_n)=1; u_n is not squarefull
1727,0,23,276,12,local deterministic Miller-Rabin (<2^64),small-prime recurrence scan,v_p(u_n)=1; u_n is not squarefull
1728,0,5,15,3,local deterministic Miller-Rabin (<2^64),small-prime recurrence scan,v_p(u_n)=1; u_n is not squarefull
1729,0,37,555,15,local deterministic Miller-Rabin (<2^64),small-prime recurrence scan,v_p(u_n)=1; u_n is not squarefull
1730,0,2,2,1,local deterministic Miller-Rabin (<2^64),small-prime recurrence scan,v_p(u_n)=1; u_n is not squarefull
1731,0,5,20,4,local deterministic Miller-Rabin (<2^64),small-prime recurrence scan,v_p(u_n)=1; u_n is not squarefull
1732,0,3,6,2,local deterministic Miller-Rabin (<2^64),small-prime recurrence scan,v_p(u_n)=1; u_n is not squarefull
1733,1,259949,17180289359,66091,local deterministic Miller-Rabin (<2^64),prime-index congruence search,v_p(u_n)=1; u_n is not squarefull
1734,0,2,2,1,local deterministic Miller-Rabin (<2^64),small-prime recurrence scan,v_p(u_n)=1; u_n is not squarefull
1735,0,29,493,17,local deterministic Miller-Rabin (<2^64),small-prime recurrence scan,v_p(u_n)=1; u_n is not squarefull
1736,0,3,3,1,local deterministic Miller-Rabin (<2^64),small-prime recurrence scan,v_p(u_n)=1; u_n is not squarefull
1737,0,5,15,3,local deterministic Miller-Rabin (<2^64),small-prime recurrence scan,v_p(u_n)=1; u_n is not squarefull
1738,0,2,2,1,local deterministic Miller-Rabin (<2^64),small-prime recurrence scan,v_p(u_n)=1; u_n is not squarefull
1739,0,223,18732,84,local deterministic Miller-Rabin (<2^64),small-prime recurrence scan,v_p(u_n)=1; u_n is not squarefull
1740,0,7,14,2,local deterministic Miller-Rabin (<2^64),small-prime recurrence scan,v_p(u_n)=1; u_n is not squarefull
1741,1,125353,7064644374,56358,local deterministic Miller-Rabin (<2^64),small-prime recurrence scan,v_p(u_n)=1; u_n is not squarefull
1742,0,2,2,1,local deterministic Miller-Rabin (<2^64),small-prime recurrence scan,v_p(u_n)=1; u_n is not squarefull
1743,0,5,10,2,local deterministic Miller-Rabin (<2^64),small-prime recurrence scan,v_p(u_n)=1; u_n is not squarefull
1744,0,3,6,2,local deterministic Miller-Rabin (<2^64),small-prime recurrence scan,v_p(u_n)=1; u_n is not squarefull
1745,0,29,348,12,local deterministic Miller-Rabin (<2^64),small-prime recurrence scan,v_p(u_n)=1; u_n is not squarefull
1746,0,2,2,1,local deterministic Miller-Rabin (<2^64),small-prime recurrence scan,v_p(u_n)=1; u_n is not squarefull
1747,1,9269581,10267108420153,1107613,local deterministic Miller-Rabin (<2^64),prime-index congruence search,v_p(u_n)=1; u_n is not squarefull
1748,0,3,3,1,local deterministic Miller-Rabin (<2^64),small-prime recurrence scan,v_p(u_n)=1; u_n is not squarefull
1749,0,5,5,1,local deterministic Miller-Rabin (<2^64),small-prime recurrence scan,v_p(u_n)=1; u_n is not squarefull
1750,0,2,2,1,local deterministic Miller-Rabin (<2^64),small-prime recurrence scan,v_p(u_n)=1; u_n is not squarefull
1751,0,137,959,7,local deterministic Miller-Rabin (<2^64),small-prime recurrence scan,v_p(u_n)=1; u_n is not squarefull
1752,0,5,10,2,local deterministic Miller-Rabin (<2^64),small-prime recurrence scan,v_p(u_n)=1; u_n is not squarefull
1753,1,42073,1456693479,34623,local deterministic Miller-Rabin (<2^64),small-prime recurrence scan,v_p(u_n)=1; u_n is not squarefull
1754,0,2,2,1,local deterministic Miller-Rabin (<2^64),small-prime recurrence scan,v_p(u_n)=1; u_n is not squarefull
1755,0,7,42,6,local deterministic Miller-Rabin (<2^64),small-prime recurrence scan,v_p(u_n)=1; u_n is not squarefull
1756,0,3,6,2,local deterministic Miller-Rabin (<2^64),small-prime recurrence scan,v_p(u_n)=1; u_n is not squarefull
1757,0,239,27724,116,local deterministic Miller-Rabin (<2^64),small-prime recurrence scan,v_p(u_n)=1; u_n is not squarefull
1758,0,2,2,1,local deterministic Miller-Rabin (<2^64),small-prime recurrence scan,v_p(u_n)=1; u_n is not squarefull
1759,1,3517,11247366,3198,local deterministic Miller-Rabin (<2^64),small-prime recurrence scan,v_p(u_n)=1; u_n is not squarefull
1760,0,3,3,1,local deterministic Miller-Rabin (<2^64),small-prime recurrence scan,v_p(u_n)=1; u_n is not squarefull
1761,0,5,20,4,local deterministic Miller-Rabin (<2^64),small-prime recurrence scan,v_p(u_n)=1; u_n is not squarefull
1762,0,2,2,1,local deterministic Miller-Rabin (<2^64),small-prime recurrence scan,v_p(u_n)=1; u_n is not squarefull
1763,0,2297,845296,368,local deterministic Miller-Rabin (<2^64),small-prime recurrence scan,v_p(u_n)=1; u_n is not squarefull
1764,0,5,20,4,local deterministic Miller-Rabin (<2^64),small-prime recurrence scan,v_p(u_n)=1; u_n is not squarefull
1765,0,29,58,2,local deterministic Miller-Rabin (<2^64),small-prime recurrence scan,v_p(u_n)=1; u_n is not squarefull
1766,0,2,2,1,local deterministic Miller-Rabin (<2^64),small-prime recurrence scan,v_p(u_n)=1; u_n is not squarefull
1767,0,5,15,3,local deterministic Miller-Rabin (<2^64),small-prime recurrence scan,v_p(u_n)=1; u_n is not squarefull
1768,0,3,6,2,local deterministic Miller-Rabin (<2^64),small-prime recurrence scan,v_p(u_n)=1; u_n is not squarefull
1769,0,853,438442,514,local deterministic Miller-Rabin (<2^64),small-prime recurrence scan,v_p(u_n)=1; u_n is not squarefull
1770,0,2,2,1,local deterministic Miller-Rabin (<2^64),small-prime recurrence scan,v_p(u_n)=1; u_n is not squarefull
1771,0,47,940,20,local deterministic Miller-Rabin (<2^64),small-prime recurrence scan,v_p(u_n)=1; u_n is not squarefull
1772,0,3,3,1,local deterministic Miller-Rabin (<2^64),small-prime recurrence scan,v_p(u_n)=1; u_n is not squarefull
1773,0,5,10,2,local deterministic Miller-Rabin (<2^64),small-prime recurrence scan,v_p(u_n)=1; u_n is not squarefull
1774,0,2,2,1,local deterministic Miller-Rabin (<2^64),small-prime recurrence scan,v_p(u_n)=1; u_n is not squarefull
1775,0,29,754,26,local deterministic Miller-Rabin (<2^64),small-prime recurrence scan,v_p(u_n)=1; u_n is not squarefull
1776,0,5,5,1,local deterministic Miller-Rabin (<2^64),small-prime recurrence scan,v_p(u_n)=1; u_n is not squarefull
1777,1,10663,31455850,2950,local deterministic Miller-Rabin (<2^64),small-prime recurrence scan,v_p(u_n)=1; u_n is not squarefull
1778,0,2,2,1,local deterministic Miller-Rabin (<2^64),small-prime recurrence scan,v_p(u_n)=1; u_n is not squarefull
1779,0,5,5,1,local deterministic Miller-Rabin (<2^64),small-prime recurrence scan,v_p(u_n)=1; u_n is not squarefull
1780,0,3,6,2,local deterministic Miller-Rabin (<2^64),small-prime recurrence scan,v_p(u_n)=1; u_n is not squarefull
1781,0,79,6083,77,local deterministic Miller-Rabin (<2^64),small-prime recurrence scan,v_p(u_n)=1; u_n is not squarefull
1782,0,2,2,1,local deterministic Miller-Rabin (<2^64),small-prime recurrence scan,v_p(u_n)=1; u_n is not squarefull
1783,1,60623,112698157,1859,local deterministic Miller-Rabin (<2^64),small-prime recurrence scan,v_p(u_n)=1; u_n is not squarefull
1784,0,3,3,1,local deterministic Miller-Rabin (<2^64),small-prime recurrence scan,v_p(u_n)=1; u_n is not squarefull
1785,0,29,609,21,local deterministic Miller-Rabin (<2^64),small-prime recurrence scan,v_p(u_n)=1; u_n is not squarefull
1786,0,2,2,1,local deterministic Miller-Rabin (<2^64),small-prime recurrence scan,v_p(u_n)=1; u_n is not squarefull
1787,1,159371809,23958971891049526,150333814,local deterministic Miller-Rabin (<2^64),prime-index congruence search,v_p(u_n)=1; u_n is not squarefull
1788,0,5,15,3,local deterministic Miller-Rabin (<2^64),small-prime recurrence scan,v_p(u_n)=1; u_n is not squarefull
1789,1,468719,219387208983,468057,local deterministic Miller-Rabin (<2^64),prime-index congruence search,v_p(u_n)=1; u_n is not squarefull
1790,0,2,2,1,local deterministic Miller-Rabin (<2^64),small-prime recurrence scan,v_p(u_n)=1; u_n is not squarefull
1791,0,5,20,4,local deterministic Miller-Rabin (<2^64),small-prime recurrence scan,v_p(u_n)=1; u_n is not squarefull
1792,0,3,6,2,local deterministic Miller-Rabin (<2^64),small-prime recurrence scan,v_p(u_n)=1; u_n is not squarefull
1793,0,23,391,17,local deterministic Miller-Rabin (<2^64),small-prime recurrence scan,v_p(u_n)=1; u_n is not squarefull
1794,0,2,2,1,local deterministic Miller-Rabin (<2^64),small-prime recurrence scan,v_p(u_n)=1; u_n is not squarefull
1795,0,29,464,16,local deterministic Miller-Rabin (<2^64),small-prime recurrence scan,v_p(u_n)=1; u_n is not squarefull
1796,0,3,3,1,local deterministic Miller-Rabin (<2^64),small-prime recurrence scan,v_p(u_n)=1; u_n is not squarefull
1797,0,5,15,3,local deterministic Miller-Rabin (<2^64),small-prime recurrence scan,v_p(u_n)=1; u_n is not squarefull
1798,0,2,2,1,local deterministic Miller-Rabin (<2^64),small-prime recurrence scan,v_p(u_n)=1; u_n is not squarefull
1799,0,239,41586,174,local deterministic Miller-Rabin (<2^64),small-prime recurrence scan,v_p(u_n)=1; u_n is not squarefull
1800,0,7,28,4,local deterministic Miller-Rabin (<2^64),small-prime recurrence scan,v_p(u_n)=1; u_n is not squarefull
1801,1,641617057,309253433262007019,481990667,local deterministic Miller-Rabin (<2^64),deep prime-index congruence search,v_p(u_n)=1; u_n is not squarefull
1802,0,2,2,1,local deterministic Miller-Rabin (<2^64),small-prime recurrence scan,v_p(u_n)=1; u_n is not squarefull
1803,0,5,10,2,local deterministic Miller-Rabin (<2^64),small-prime recurrence scan,v_p(u_n)=1; u_n is not squarefull
1804,0,3,6,2,local deterministic Miller-Rabin (<2^64),small-prime recurrence scan,v_p(u_n)=1; u_n is not squarefull
1805,0,29,319,11,local deterministic Miller-Rabin (<2^64),small-prime recurrence scan,v_p(u_n)=1; u_n is not squarefull
1806,0,2,2,1,local deterministic Miller-Rabin (<2^64),small-prime recurrence scan,v_p(u_n)=1; u_n is not squarefull
1807,0,79,1343,17,local deterministic Miller-Rabin (<2^64),small-prime recurrence scan,v_p(u_n)=1; u_n is not squarefull
1808,0,3,3,1,local deterministic Miller-Rabin (<2^64),small-prime recurrence scan,v_p(u_n)=1; u_n is not squarefull
1809,0,5,5,1,local deterministic Miller-Rabin (<2^64),small-prime recurrence scan,v_p(u_n)=1; u_n is not squarefull
1810,0,2,2,1,local deterministic Miller-Rabin (<2^64),small-prime recurrence scan,v_p(u_n)=1; u_n is not squarefull
1811,1,3623,11517517,3179,local deterministic Miller-Rabin (<2^64),small-prime recurrence scan,v_p(u_n)=1; u_n is not squarefull
1812,0,5,10,2,local deterministic Miller-Rabin (<2^64),small-prime recurrence scan,v_p(u_n)=1; u_n is not squarefull
1813,0,223,34342,154,local deterministic Miller-Rabin (<2^64),small-prime recurrence scan,v_p(u_n)=1; u_n is not squarefull
1814,0,2,2,1,local deterministic Miller-Rabin (<2^64),small-prime recurrence scan,v_p(u_n)=1; u_n is not squarefull
1815,0,7,7,1,local deterministic Miller-Rabin (<2^64),small-prime recurrence scan,v_p(u_n)=1; u_n is not squarefull
1816,0,3,6,2,local deterministic Miller-Rabin (<2^64),small-prime recurrence scan,v_p(u_n)=1; u_n is not squarefull
1817,0,47,1739,37,local deterministic Miller-Rabin (<2^64),small-prime recurrence scan,v_p(u_n)=1; u_n is not squarefull
1818,0,2,2,1,local deterministic Miller-Rabin (<2^64),small-prime recurrence scan,v_p(u_n)=1; u_n is not squarefull
1819,0,103,1648,16,local deterministic Miller-Rabin (<2^64),small-prime recurrence scan,v_p(u_n)=1; u_n is not squarefull
1820,0,3,3,1,local deterministic Miller-Rabin (<2^64),small-prime recurrence scan,v_p(u_n)=1; u_n is not squarefull
1821,0,5,20,4,local deterministic Miller-Rabin (<2^64),small-prime recurrence scan,v_p(u_n)=1; u_n is not squarefull
1822,0,2,2,1,local deterministic Miller-Rabin (<2^64),small-prime recurrence scan,v_p(u_n)=1; u_n is not squarefull
1823,1,164071,15976741767,97377,local deterministic Miller-Rabin (<2^64),small-prime recurrence scan,v_p(u_n)=1; u_n is not squarefull
1824,0,5,20,4,local deterministic Miller-Rabin (<2^64),small-prime recurrence scan,v_p(u_n)=1; u_n is not squarefull
1825,0,29,29,1,local deterministic Miller-Rabin (<2^64),small-prime recurrence scan,v_p(u_n)=1; u_n is not squarefull
1826,0,2,2,1,local deterministic Miller-Rabin (<2^64),small-prime recurrence scan,v_p(u_n)=1; u_n is not squarefull
1827,0,5,15,3,local deterministic Miller-Rabin (<2^64),small-prime recurrence scan,v_p(u_n)=1; u_n is not squarefull
1828,0,3,6,2,local deterministic Miller-Rabin (<2^64),small-prime recurrence scan,v_p(u_n)=1; u_n is not squarefull
1829,0,61,976,16,local deterministic Miller-Rabin (<2^64),small-prime recurrence scan,v_p(u_n)=1; u_n is not squarefull
1830,0,2,2,1,local deterministic Miller-Rabin (<2^64),small-prime recurrence scan,v_p(u_n)=1; u_n is not squarefull
1831,1,18311,207976338,11358,local deterministic Miller-Rabin (<2^64),small-prime recurrence scan,v_p(u_n)=1; u_n is not squarefull
1832,0,3,3,1,local deterministic Miller-Rabin (<2^64),small-prime recurrence scan,v_p(u_n)=1; u_n is not squarefull
1833,0,5,10,2,local deterministic Miller-Rabin (<2^64),small-prime recurrence scan,v_p(u_n)=1; u_n is not squarefull
1834,0,2,2,1,local deterministic Miller-Rabin (<2^64),small-prime recurrence scan,v_p(u_n)=1; u_n is not squarefull
1835,0,29,725,25,local deterministic Miller-Rabin (<2^64),small-prime recurrence scan,v_p(u_n)=1; u_n is not squarefull
1836,0,5,5,1,local deterministic Miller-Rabin (<2^64),small-prime recurrence scan,v_p(u_n)=1; u_n is not squarefull
1837,0,23,115,5,local deterministic Miller-Rabin (<2^64),small-prime recurrence scan,v_p(u_n)=1; u_n is not squarefull
1838,0,2,2,1,local deterministic Miller-Rabin (<2^64),small-prime recurrence scan,v_p(u_n)=1; u_n is not squarefull
1839,0,5,5,1,local deterministic Miller-Rabin (<2^64),small-prime recurrence scan,v_p(u_n)=1; u_n is not squarefull
1840,0,3,6,2,local deterministic Miller-Rabin (<2^64),small-prime recurrence scan,v_p(u_n)=1; u_n is not squarefull
1841,0,239,55448,232,local deterministic Miller-Rabin (<2^64),small-prime recurrence scan,v_p(u_n)=1; u_n is not squarefull
1842,0,2,2,1,local deterministic Miller-Rabin (<2^64),small-prime recurrence scan,v_p(u_n)=1; u_n is not squarefull
1843,0,37,1073,29,local deterministic Miller-Rabin (<2^64),small-prime recurrence scan,v_p(u_n)=1; u_n is not squarefull
1844,0,3,3,1,local deterministic Miller-Rabin (<2^64),small-prime recurrence scan,v_p(u_n)=1; u_n is not squarefull
1845,0,7,14,2,local deterministic Miller-Rabin (<2^64),small-prime recurrence scan,v_p(u_n)=1; u_n is not squarefull
1846,0,2,2,1,local deterministic Miller-Rabin (<2^64),small-prime recurrence scan,v_p(u_n)=1; u_n is not squarefull
1848,0,5,15,3,local deterministic Miller-Rabin (<2^64),small-prime recurrence scan,v_p(u_n)=1; u_n is not squarefull
1849,0,11437,56647461,4953,local deterministic Miller-Rabin (<2^64),small-prime recurrence scan,v_p(u_n)=1; u_n is not squarefull
1850,0,2,2,1,local deterministic Miller-Rabin (<2^64),small-prime recurrence scan,v_p(u_n)=1; u_n is not squarefull
1851,0,5,20,4,local deterministic Miller-Rabin (<2^64),small-prime recurrence scan,v_p(u_n)=1; u_n is not squarefull
1852,0,3,6,2,local deterministic Miller-Rabin (<2^64),small-prime recurrence scan,v_p(u_n)=1; u_n is not squarefull
1853,0,103,2472,24,local deterministic Miller-Rabin (<2^64),small-prime recurrence scan,v_p(u_n)=1; u_n is not squarefull
1854,0,2,2,1,local deterministic Miller-Rabin (<2^64),small-prime recurrence scan,v_p(u_n)=1; u_n is not squarefull
1855,0,29,435,15,local deterministic Miller-Rabin (<2^64),small-prime recurrence scan,v_p(u_n)=1; u_n is not squarefull
1856,0,3,3,1,local deterministic Miller-Rabin (<2^64),small-prime recurrence scan,v_p(u_n)=1; u_n is not squarefull
1857,0,5,15,3,local deterministic Miller-Rabin (<2^64),small-prime recurrence scan,v_p(u_n)=1; u_n is not squarefull
1858,0,2,2,1,local deterministic Miller-Rabin (<2^64),small-prime recurrence scan,v_p(u_n)=1; u_n is not squarefull
1859,0,23,506,22,local deterministic Miller-Rabin (<2^64),small-prime recurrence scan,v_p(u_n)=1; u_n is not squarefull
1860,0,7,42,6,local deterministic Miller-Rabin (<2^64),small-prime recurrence scan,v_p(u_n)=1; u_n is not squarefull
1861,1,413141,65458886322,158442,local deterministic Miller-Rabin (<2^64),prime-index congruence search,v_p(u_n)=1; u_n is not squarefull
1862,0,2,2,1,local deterministic Miller-Rabin (<2^64),small-prime recurrence scan,v_p(u_n)=1; u_n is not squarefull
1863,0,5,10,2,local deterministic Miller-Rabin (<2^64),small-prime recurrence scan,v_p(u_n)=1; u_n is not squarefull
1864,0,3,6,2,local deterministic Miller-Rabin (<2^64),small-prime recurrence scan,v_p(u_n)=1; u_n is not squarefull
1865,0,29,290,10,local deterministic Miller-Rabin (<2^64),small-prime recurrence scan,v_p(u_n)=1; u_n is not squarefull
1866,0,2,2,1,local deterministic Miller-Rabin (<2^64),small-prime recurrence scan,v_p(u_n)=1; u_n is not squarefull
1867,1,3733,5670427,1519,local deterministic Miller-Rabin (<2^64),small-prime recurrence scan,v_p(u_n)=1; u_n is not squarefull
1868,0,3,3,1,local deterministic Miller-Rabin (<2^64),small-prime recurrence scan,v_p(u_n)=1; u_n is not squarefull
1869,0,5,5,1,local deterministic Miller-Rabin (<2^64),small-prime recurrence scan,v_p(u_n)=1; u_n is not squarefull
1870,0,2,2,1,local deterministic Miller-Rabin (<2^64),small-prime recurrence scan,v_p(u_n)=1; u_n is not squarefull
1871,1,48647,1122967348,23084,local deterministic Miller-Rabin (<2^64),small-prime recurrence scan,v_p(u_n)=1; u_n is not squarefull
1872,0,5,10,2,local deterministic Miller-Rabin (<2^64),small-prime recurrence scan,v_p(u_n)=1; u_n is not squarefull
1874,0,2,2,1,local deterministic Miller-Rabin (<2^64),small-prime recurrence scan,v_p(u_n)=1; u_n is not squarefull
1875,0,7,21,3,local deterministic Miller-Rabin (<2^64),small-prime recurrence scan,v_p(u_n)=1; u_n is not squarefull
1876,0,3,6,2,local deterministic Miller-Rabin (<2^64),small-prime recurrence scan,v_p(u_n)=1; u_n is not squarefull
1877,1,240257,57441604588,239084,local deterministic Miller-Rabin (<2^64),prime-index congruence search,v_p(u_n)=1; u_n is not squarefull
1878,0,2,2,1,local deterministic Miller-Rabin (<2^64),small-prime recurrence scan,v_p(u_n)=1; u_n is not squarefull
1879,1,19351103221,216738097547525670700,11200296700,local deterministic Miller-Rabin (<2^64),deep prime-index congruence search,v_p(u_n)=1; u_n is not squarefull
1880,0,3,3,1,local deterministic Miller-Rabin (<2^64),small-prime recurrence scan,v_p(u_n)=1; u_n is not squarefull
1881,0,5,20,4,local deterministic Miller-Rabin (<2^64),small-prime recurrence scan,v_p(u_n)=1; u_n is not squarefull
1882,0,2,2,1,local deterministic Miller-Rabin (<2^64),small-prime recurrence scan,v_p(u_n)=1; u_n is not squarefull
1883,0,239,12189,51,local deterministic Miller-Rabin (<2^64),small-prime recurrence scan,v_p(u_n)=1; u_n is not squarefull
1884,0,5,20,4,local deterministic Miller-Rabin (<2^64),small-prime recurrence scan,v_p(u_n)=1; u_n is not squarefull
1885,0,41,1107,27,local deterministic Miller-Rabin (<2^64),small-prime recurrence scan,v_p(u_n)=1; u_n is not squarefull
1886,0,2,2,1,local deterministic Miller-Rabin (<2^64),small-prime recurrence scan,v_p(u_n)=1; u_n is not squarefull
1887,0,5,15,3,local deterministic Miller-Rabin (<2^64),small-prime recurrence scan,v_p(u_n)=1; u_n is not squarefull
1888,0,3,6,2,local deterministic Miller-Rabin (<2^64),small-prime recurrence scan,v_p(u_n)=1; u_n is not squarefull
1889,1,56671,77299244,1364,local deterministic Miller-Rabin (<2^64),small-prime recurrence scan,v_p(u_n)=1; u_n is not squarefull
1890,0,2,2,1,local deterministic Miller-Rabin (<2^64),small-prime recurrence scan,v_p(u_n)=1; u_n is not squarefull
1891,0,853,17060,20,local deterministic Miller-Rabin (<2^64),small-prime recurrence scan,v_p(u_n)=1; u_n is not squarefull
1892,0,3,3,1,local deterministic Miller-Rabin (<2^64),small-prime recurrence scan,v_p(u_n)=1; u_n is not squarefull
1893,0,5,10,2,local deterministic Miller-Rabin (<2^64),small-prime recurrence scan,v_p(u_n)=1; u_n is not squarefull
1894,0,2,2,1,local deterministic Miller-Rabin (<2^64),small-prime recurrence scan,v_p(u_n)=1; u_n is not squarefull
1895,0,29,696,24,local deterministic Miller-Rabin (<2^64),small-prime recurrence scan,v_p(u_n)=1; u_n is not squarefull
1896,0,5,5,1,local deterministic Miller-Rabin (<2^64),small-prime recurrence scan,v_p(u_n)=1; u_n is not squarefull
1897,0,239,35850,150,local deterministic Miller-Rabin (<2^64),small-prime recurrence scan,v_p(u_n)=1; u_n is not squarefull
1898,0,2,2,1,local deterministic Miller-Rabin (<2^64),small-prime recurrence scan,v_p(u_n)=1; u_n is not squarefull
1899,0,5,5,1,local deterministic Miller-Rabin (<2^64),small-prime recurrence scan,v_p(u_n)=1; u_n is not squarefull
1900,0,3,6,2,local deterministic Miller-Rabin (<2^64),small-prime recurrence scan,v_p(u_n)=1; u_n is not squarefull
1902,0,2,2,1,local deterministic Miller-Rabin (<2^64),small-prime recurrence scan,v_p(u_n)=1; u_n is not squarefull
1903,0,23,230,10,local deterministic Miller-Rabin (<2^64),small-prime recurrence scan,v_p(u_n)=1; u_n is not squarefull
1904,0,3,3,1,local deterministic Miller-Rabin (<2^64),small-prime recurrence scan,v_p(u_n)=1; u_n is not squarefull
1905,0,7,28,4,local deterministic Miller-Rabin (<2^64),small-prime recurrence scan,v_p(u_n)=1; u_n is not squarefull
1906,0,2,2,1,local deterministic Miller-Rabin (<2^64),small-prime recurrence scan,v_p(u_n)=1; u_n is not squarefull
1907,1,19069,55338238,2902,local deterministic Miller-Rabin (<2^64),small-prime recurrence scan,v_p(u_n)=1; u_n is not squarefull
1908,0,5,15,3,local deterministic Miller-Rabin (<2^64),small-prime recurrence scan,v_p(u_n)=1; u_n is not squarefull
1909,0,47,1128,24,local deterministic Miller-Rabin (<2^64),small-prime recurrence scan,v_p(u_n)=1; u_n is not squarefull
1910,0,2,2,1,local deterministic Miller-Rabin (<2^64),small-prime recurrence scan,v_p(u_n)=1; u_n is not squarefull
1911,0,5,20,4,local deterministic Miller-Rabin (<2^64),small-prime recurrence scan,v_p(u_n)=1; u_n is not squarefull
1912,0,3,6,2,local deterministic Miller-Rabin (<2^64),small-prime recurrence scan,v_p(u_n)=1; u_n is not squarefull
1913,1,5131308769,7782516710303147957,1516672853,local deterministic Miller-Rabin (<2^64),deep prime-index congruence search,v_p(u_n)=1; u_n is not squarefull
1914,0,2,2,1,local deterministic Miller-Rabin (<2^64),small-prime recurrence scan,v_p(u_n)=1; u_n is not squarefull
1915,0,29,406,14,local deterministic Miller-Rabin (<2^64),small-prime recurrence scan,v_p(u_n)=1; u_n is not squarefull
1916,0,3,3,1,local deterministic Miller-Rabin (<2^64),small-prime recurrence scan,v_p(u_n)=1; u_n is not squarefull
1917,0,5,15,3,local deterministic Miller-Rabin (<2^64),small-prime recurrence scan,v_p(u_n)=1; u_n is not squarefull
1918,0,2,2,1,local deterministic Miller-Rabin (<2^64),small-prime recurrence scan,v_p(u_n)=1; u_n is not squarefull
1919,0,37,962,26,local deterministic Miller-Rabin (<2^64),small-prime recurrence scan,v_p(u_n)=1; u_n is not squarefull
1920,0,7,7,1,local deterministic Miller-Rabin (<2^64),small-prime recurrence scan,v_p(u_n)=1; u_n is not squarefull
1921,0,103,4120,40,local deterministic Miller-Rabin (<2^64),small-prime recurrence scan,v_p(u_n)=1; u_n is not squarefull
1922,0,2,2,1,local deterministic Miller-Rabin (<2^64),small-prime recurrence scan,v_p(u_n)=1; u_n is not squarefull
1923,0,5,10,2,local deterministic Miller-Rabin (<2^64),small-prime recurrence scan,v_p(u_n)=1; u_n is not squarefull
1924,0,3,6,2,local deterministic Miller-Rabin (<2^64),small-prime recurrence scan,v_p(u_n)=1; u_n is not squarefull
1925,0,23,92,4,local deterministic Miller-Rabin (<2^64),small-prime recurrence scan,v_p(u_n)=1; u_n is not squarefull
1926,0,2,2,1,local deterministic Miller-Rabin (<2^64),small-prime recurrence scan,v_p(u_n)=1; u_n is not squarefull
1927,0,2297,2028251,883,local deterministic Miller-Rabin (<2^64),small-prime recurrence scan,v_p(u_n)=1; u_n is not squarefull
1928,0,3,3,1,local deterministic Miller-Rabin (<2^64),small-prime recurrence scan,v_p(u_n)=1; u_n is not squarefull
1929,0,5,5,1,local deterministic Miller-Rabin (<2^64),small-prime recurrence scan,v_p(u_n)=1; u_n is not squarefull
1930,0,2,2,1,local deterministic Miller-Rabin (<2^64),small-prime recurrence scan,v_p(u_n)=1; u_n is not squarefull
1931,1,3863,9931773,2571,local deterministic Miller-Rabin (<2^64),small-prime recurrence scan,v_p(u_n)=1; u_n is not squarefull
1932,0,5,10,2,local deterministic Miller-Rabin (<2^64),small-prime recurrence scan,v_p(u_n)=1; u_n is not squarefull
1933,1,104381,6062448480,58080,local deterministic Miller-Rabin (<2^64),small-prime recurrence scan,v_p(u_n)=1; u_n is not squarefull
1934,0,2,2,1,local deterministic Miller-Rabin (<2^64),small-prime recurrence scan,v_p(u_n)=1; u_n is not squarefull
1935,0,7,35,5,local deterministic Miller-Rabin (<2^64),small-prime recurrence scan,v_p(u_n)=1; u_n is not squarefull
1936,0,3,6,2,local deterministic Miller-Rabin (<2^64),small-prime recurrence scan,v_p(u_n)=1; u_n is not squarefull
1937,0,79,2607,33,local deterministic Miller-Rabin (<2^64),small-prime recurrence scan,v_p(u_n)=1; u_n is not squarefull
1938,0,2,2,1,local deterministic Miller-Rabin (<2^64),small-prime recurrence scan,v_p(u_n)=1; u_n is not squarefull
1939,0,239,49712,208,local deterministic Miller-Rabin (<2^64),small-prime recurrence scan,v_p(u_n)=1; u_n is not squarefull
1940,0,3,3,1,local deterministic Miller-Rabin (<2^64),small-prime recurrence scan,v_p(u_n)=1; u_n is not squarefull
1941,0,5,20,4,local deterministic Miller-Rabin (<2^64),small-prime recurrence scan,v_p(u_n)=1; u_n is not squarefull
1942,0,2,2,1,local deterministic Miller-Rabin (<2^64),small-prime recurrence scan,v_p(u_n)=1; u_n is not squarefull
1943,0,4289,7033960,1640,local deterministic Miller-Rabin (<2^64),small-prime recurrence scan,v_p(u_n)=1; u_n is not squarefull
1944,0,5,20,4,local deterministic Miller-Rabin (<2^64),small-prime recurrence scan,v_p(u_n)=1; u_n is not squarefull
1945,0,29,812,28,local deterministic Miller-Rabin (<2^64),small-prime recurrence scan,v_p(u_n)=1; u_n is not squarefull
1946,0,2,2,1,local deterministic Miller-Rabin (<2^64),small-prime recurrence scan,v_p(u_n)=1; u_n is not squarefull
1947,0,5,15,3,local deterministic Miller-Rabin (<2^64),small-prime recurrence scan,v_p(u_n)=1; u_n is not squarefull
1948,0,3,6,2,local deterministic Miller-Rabin (<2^64),small-prime recurrence scan,v_p(u_n)=1; u_n is not squarefull
1949,1,573007,312343250665,545095,local deterministic Miller-Rabin (<2^64),prime-index congruence search,v_p(u_n)=1; u_n is not squarefull
1950,0,2,2,1,local deterministic Miller-Rabin (<2^64),small-prime recurrence scan,v_p(u_n)=1; u_n is not squarefull
1952,0,3,3,1,local deterministic Miller-Rabin (<2^64),small-prime recurrence scan,v_p(u_n)=1; u_n is not squarefull
1953,0,5,10,2,local deterministic Miller-Rabin (<2^64),small-prime recurrence scan,v_p(u_n)=1; u_n is not squarefull
1954,0,2,2,1,local deterministic Miller-Rabin (<2^64),small-prime recurrence scan,v_p(u_n)=1; u_n is not squarefull
1955,0,29,667,23,local deterministic Miller-Rabin (<2^64),small-prime recurrence scan,v_p(u_n)=1; u_n is not squarefull
1956,0,5,5,1,local deterministic Miller-Rabin (<2^64),small-prime recurrence scan,v_p(u_n)=1; u_n is not squarefull
1957,0,37,222,6,local deterministic Miller-Rabin (<2^64),small-prime recurrence scan,v_p(u_n)=1; u_n is not squarefull
1958,0,2,2,1,local deterministic Miller-Rabin (<2^64),small-prime recurrence scan,v_p(u_n)=1; u_n is not squarefull
1959,0,5,5,1,local deterministic Miller-Rabin (<2^64),small-prime recurrence scan,v_p(u_n)=1; u_n is not squarefull
1960,0,3,6,2,local deterministic Miller-Rabin (<2^64),small-prime recurrence scan,v_p(u_n)=1; u_n is not squarefull
1961,0,223,15833,71,local deterministic Miller-Rabin (<2^64),small-prime recurrence scan,v_p(u_n)=1; u_n is not squarefull
1962,0,2,2,1,local deterministic Miller-Rabin (<2^64),small-prime recurrence scan,v_p(u_n)=1; u_n is not squarefull
1963,0,79,4108,52,local deterministic Miller-Rabin (<2^64),small-prime recurrence scan,v_p(u_n)=1; u_n is not squarefull
1964,0,3,3,1,local deterministic Miller-Rabin (<2^64),small-prime recurrence scan,v_p(u_n)=1; u_n is not squarefull
1965,0,7,42,6,local deterministic Miller-Rabin (<2^64),small-prime recurrence scan,v_p(u_n)=1; u_n is not squarefull
1966,0,2,2,1,local deterministic Miller-Rabin (<2^64),small-prime recurrence scan,v_p(u_n)=1; u_n is not squarefull
1967,0,239,39913,167,local deterministic Miller-Rabin (<2^64),small-prime recurrence scan,v_p(u_n)=1; u_n is not squarefull
1968,0,5,15,3,local deterministic Miller-Rabin (<2^64),small-prime recurrence scan,v_p(u_n)=1; u_n is not squarefull
1969,0,23,345,15,local deterministic Miller-Rabin (<2^64),small-prime recurrence scan,v_p(u_n)=1; u_n is not squarefull
1970,0,2,2,1,local deterministic Miller-Rabin (<2^64),small-prime recurrence scan,v_p(u_n)=1; u_n is not squarefull
1971,0,5,20,4,local deterministic Miller-Rabin (<2^64),small-prime recurrence scan,v_p(u_n)=1; u_n is not squarefull
1972,0,3,6,2,local deterministic Miller-Rabin (<2^64),small-prime recurrence scan,v_p(u_n)=1; u_n is not squarefull
1973,1,5883487,26611099953305,4523015,local deterministic Miller-Rabin (<2^64),prime-index congruence search,v_p(u_n)=1; u_n is not squarefull
1974,0,2,2,1,local deterministic Miller-Rabin (<2^64),small-prime recurrence scan,v_p(u_n)=1; u_n is not squarefull
1975,0,29,377,13,local deterministic Miller-Rabin (<2^64),small-prime recurrence scan,v_p(u_n)=1; u_n is not squarefull
1976,0,3,3,1,local deterministic Miller-Rabin (<2^64),small-prime recurrence scan,v_p(u_n)=1; u_n is not squarefull
1977,0,5,15,3,local deterministic Miller-Rabin (<2^64),small-prime recurrence scan,v_p(u_n)=1; u_n is not squarefull
1978,0,2,2,1,local deterministic Miller-Rabin (<2^64),small-prime recurrence scan,v_p(u_n)=1; u_n is not squarefull
1979,1,69977441,872716307800195,12471395,local deterministic Miller-Rabin (<2^64),prime-index congruence search,v_p(u_n)=1; u_n is not squarefull
1980,0,7,21,3,local deterministic Miller-Rabin (<2^64),small-prime recurrence scan,v_p(u_n)=1; u_n is not squarefull
1981,0,239,6453,27,local deterministic Miller-Rabin (<2^64),small-prime recurrence scan,v_p(u_n)=1; u_n is not squarefull
1982,0,2,2,1,local deterministic Miller-Rabin (<2^64),small-prime recurrence scan,v_p(u_n)=1; u_n is not squarefull
1983,0,5,10,2,local deterministic Miller-Rabin (<2^64),small-prime recurrence scan,v_p(u_n)=1; u_n is not squarefull
1984,0,3,6,2,local deterministic Miller-Rabin (<2^64),small-prime recurrence scan,v_p(u_n)=1; u_n is not squarefull
1985,0,29,232,8,local deterministic Miller-Rabin (<2^64),small-prime recurrence scan,v_p(u_n)=1; u_n is not squarefull
1986,0,2,2,1,local deterministic Miller-Rabin (<2^64),small-prime recurrence scan,v_p(u_n)=1; u_n is not squarefull
1987,1,9394537,4527001911412,481876,local deterministic Miller-Rabin (<2^64),prime-index congruence search,v_p(u_n)=1; u_n is not squarefull
1988,0,3,3,1,local deterministic Miller-Rabin (<2^64),small-prime recurrence scan,v_p(u_n)=1; u_n is not squarefull
1989,0,5,5,1,local deterministic Miller-Rabin (<2^64),small-prime recurrence scan,v_p(u_n)=1; u_n is not squarefull
1990,0,2,2,1,local deterministic Miller-Rabin (<2^64),small-prime recurrence scan,v_p(u_n)=1; u_n is not squarefull
1991,0,23,207,9,local deterministic Miller-Rabin (<2^64),small-prime recurrence scan,v_p(u_n)=1; u_n is not squarefull
1992,0,5,10,2,local deterministic Miller-Rabin (<2^64),small-prime recurrence scan,v_p(u_n)=1; u_n is not squarefull
1993,1,11959,107810385,9015,local deterministic Miller-Rabin (<2^64),small-prime recurrence scan,v_p(u_n)=1; u_n is not squarefull
1994,0,2,2,1,local deterministic Miller-Rabin (<2^64),small-prime recurrence scan,v_p(u_n)=1; u_n is not squarefull
1995,0,29,87,3,local deterministic Miller-Rabin (<2^64),small-prime recurrence scan,v_p(u_n)=1; u_n is not squarefull
1996,0,3,6,2,local deterministic Miller-Rabin (<2^64),small-prime recurrence scan,v_p(u_n)=1; u_n is not squarefull
1997,1,11981,122433839,10219,local deterministic Miller-Rabin (<2^64),small-prime recurrence scan,v_p(u_n)=1; u_n is not squarefull
1998,0,2,2,1,local deterministic Miller-Rabin (<2^64),small-prime recurrence scan,v_p(u_n)=1; u_n is not squarefull
1999,1,47977,2036911512,42456,local deterministic Miller-Rabin (<2^64),small-prime recurrence scan,v_p(u_n)=1; u_n is not squarefull
2000,0,3,3,1,local deterministic Miller-Rabin (<2^64),small-prime recurrence scan,v_p(u_n)=1; u_n is not squarefull
