n,is_prime_index,p,residue_mod_p2,quotient_mod_p,method,status
2,1,2,2,1,small-prime recurrence scan,not_squarefull
3,1,5,10,2,small-prime recurrence scan,not_squarefull
4,0,3,6,2,small-prime recurrence scan,not_squarefull
5,1,29,348,12,small-prime recurrence scan,not_squarefull
6,0,2,2,1,small-prime recurrence scan,not_squarefull
7,1,239,40391,169,small-prime recurrence scan,not_squarefull
8,0,3,3,1,small-prime recurrence scan,not_squarefull
9,0,5,5,1,small-prime recurrence scan,not_squarefull
10,0,2,2,1,small-prime recurrence scan,not_squarefull
11,1,23,460,20,small-prime recurrence scan,not_squarefull
12,0,5,10,2,small-prime recurrence scan,not_squarefull
13,1,79,3871,49,small-prime recurrence scan,not_squarefull
14,0,2,2,1,small-prime recurrence scan,not_squarefull
15,0,7,28,4,small-prime recurrence scan,not_squarefull
16,0,3,6,2,small-prime recurrence scan,not_squarefull
17,1,103,412,4,small-prime recurrence scan,not_squarefull
18,0,2,2,1,small-prime recurrence scan,not_squarefull
19,1,37,999,27,small-prime recurrence scan,not_squarefull
20,0,3,3,1,small-prime recurrence scan,not_squarefull
21,0,5,20,4,small-prime recurrence scan,not_squarefull
22,0,2,2,1,small-prime recurrence scan,not_squarefull
23,1,47,1504,32,small-prime recurrence scan,not_squarefull
24,0,5,20,4,small-prime recurrence scan,not_squarefull
25,0,29,58,2,small-prime recurrence scan,not_squarefull
26,0,2,2,1,small-prime recurrence scan,not_squarefull
27,0,5,15,3,small-prime recurrence scan,not_squarefull
28,0,3,6,2,small-prime recurrence scan,not_squarefull
29,1,,,,,unresolved_by_search
30,0,2,2,1,small-prime recurrence scan,not_squarefull
31,1,61,3233,53,small-prime recurrence scan,not_squarefull
32,0,3,3,1,small-prime recurrence scan,not_squarefull
33,0,5,10,2,small-prime recurrence scan,not_squarefull
34,0,2,2,1,small-prime recurrence scan,not_squarefull
35,0,29,754,26,small-prime recurrence scan,not_squarefull
36,0,5,5,1,small-prime recurrence scan,not_squarefull
37,1,223,7805,35,small-prime recurrence scan,not_squarefull
38,0,2,2,1,small-prime recurrence scan,not_squarefull
39,0,5,5,1,small-prime recurrence scan,not_squarefull
40,0,3,6,2,small-prime recurrence scan,not_squarefull
41,1,2297,1614791,703,small-prime recurrence scan,not_squarefull
42,0,2,2,1,small-prime recurrence scan,not_squarefull
43,1,11437,25653191,2243,small-prime recurrence scan,not_squarefull
44,0,3,3,1,small-prime recurrence scan,not_squarefull
45,0,7,35,5,small-prime recurrence scan,not_squarefull
46,0,2,2,1,small-prime recurrence scan,not_squarefull
47,1,3761,3095303,823,small-prime recurrence scan,not_squarefull
48,0,5,15,3,small-prime recurrence scan,not_squarefull
49,0,239,54253,227,small-prime recurrence scan,not_squarefull
50,0,2,2,1,small-prime recurrence scan,not_squarefull
51,0,5,20,4,small-prime recurrence scan,not_squarefull
52,0,3,6,2,small-prime recurrence scan,not_squarefull
53,1,9940681,30511747329142,3069382,prime-index congruence search,not_squarefull
54,0,2,2,1,small-prime recurrence scan,not_squarefull
55,0,23,184,8,small-prime recurrence scan,not_squarefull
56,0,3,3,1,small-prime recurrence scan,not_squarefull
57,0,5,15,3,small-prime recurrence scan,not_squarefull
58,0,2,2,1,small-prime recurrence scan,not_squarefull
59,1,,,,,unresolved_by_search
60,0,7,14,2,small-prime recurrence scan,not_squarefull
61,1,853,516918,606,small-prime recurrence scan,not_squarefull
62,0,2,2,1,small-prime recurrence scan,not_squarefull
63,0,5,10,2,small-prime recurrence scan,not_squarefull
64,0,3,6,2,small-prime recurrence scan,not_squarefull
65,0,29,319,11,small-prime recurrence scan,not_squarefull
66,0,2,2,1,small-prime recurrence scan,not_squarefull
67,1,4289,9757475,2275,small-prime recurrence scan,not_squarefull
68,0,3,3,1,small-prime recurrence scan,not_squarefull
69,0,5,5,1,small-prime recurrence scan,not_squarefull
70,0,2,2,1,small-prime recurrence scan,not_squarefull
71,1,569,240118,422,small-prime recurrence scan,not_squarefull
72,0,5,10,2,small-prime recurrence scan,not_squarefull
73,1,2593399,6406556538468,2470332,prime-index congruence search,not_squarefull
74,0,2,2,1,small-prime recurrence scan,not_squarefull
75,0,7,42,6,small-prime recurrence scan,not_squarefull
76,0,3,6,2,small-prime recurrence scan,not_squarefull
77,0,23,46,2,small-prime recurrence scan,not_squarefull
78,0,2,2,1,small-prime recurrence scan,not_squarefull
79,1,157,9734,62,small-prime recurrence scan,not_squarefull
80,0,3,3,1,small-prime recurrence scan,not_squarefull
81,0,5,20,4,small-prime recurrence scan,not_squarefull
82,0,2,2,1,small-prime recurrence scan,not_squarefull
83,1,167,23881,143,small-prime recurrence scan,not_squarefull
84,0,5,20,4,small-prime recurrence scan,not_squarefull
85,0,29,29,1,small-prime recurrence scan,not_squarefull
86,0,2,2,1,small-prime recurrence scan,not_squarefull
87,0,5,15,3,small-prime recurrence scan,not_squarefull
88,0,3,6,2,small-prime recurrence scan,not_squarefull
89,1,2671,1343513,503,small-prime recurrence scan,not_squarefull
90,0,2,2,1,small-prime recurrence scan,not_squarefull
91,0,79,2133,27,small-prime recurrence scan,not_squarefull
92,0,3,3,1,small-prime recurrence scan,not_squarefull
93,0,5,10,2,small-prime recurrence scan,not_squarefull
94,0,2,2,1,small-prime recurrence scan,not_squarefull
95,0,29,725,25,small-prime recurrence scan,not_squarefull
96,0,5,5,1,small-prime recurrence scan,not_squarefull
97,1,4463,19472069,4363,small-prime recurrence scan,not_squarefull
98,0,2,2,1,small-prime recurrence scan,not_squarefull
99,0,5,5,1,small-prime recurrence scan,not_squarefull
100,0,3,6,2,small-prime recurrence scan,not_squarefull
101,1,607,164497,271,small-prime recurrence scan,not_squarefull
102,0,2,2,1,small-prime recurrence scan,not_squarefull
103,1,1031,374253,363,small-prime recurrence scan,not_squarefull
104,0,3,3,1,small-prime recurrence scan,not_squarefull
105,0,29,580,20,small-prime recurrence scan,not_squarefull
106,0,2,2,1,small-prime recurrence scan,not_squarefull
107,1,857,100269,117,small-prime recurrence scan,not_squarefull
108,0,5,15,3,small-prime recurrence scan,not_squarefull
109,1,2617,5197362,1986,small-prime recurrence scan,not_squarefull
110,0,2,2,1,small-prime recurrence scan,not_squarefull
111,0,5,20,4,small-prime recurrence scan,not_squarefull
112,0,3,6,2,small-prime recurrence scan,not_squarefull
113,1,677,431249,637,small-prime recurrence scan,not_squarefull
114,0,2,2,1,small-prime recurrence scan,not_squarefull
115,0,29,435,15,small-prime recurrence scan,not_squarefull
116,0,3,3,1,small-prime recurrence scan,not_squarefull
117,0,5,15,3,small-prime recurrence scan,not_squarefull
118,0,2,2,1,small-prime recurrence scan,not_squarefull
119,0,103,2884,28,small-prime recurrence scan,not_squarefull
120,0,7,28,4,small-prime recurrence scan,not_squarefull
121,0,23,299,13,small-prime recurrence scan,not_squarefull
122,0,2,2,1,small-prime recurrence scan,not_squarefull
123,0,5,10,2,small-prime recurrence scan,not_squarefull
124,0,3,6,2,small-prime recurrence scan,not_squarefull
125,0,29,290,10,small-prime recurrence scan,not_squarefull
126,0,2,2,1,small-prime recurrence scan,not_squarefull
127,1,206249,10730516723,52027,prime-index congruence search,not_squarefull
128,0,3,3,1,small-prime recurrence scan,not_squarefull
129,0,5,5,1,small-prime recurrence scan,not_squarefull
130,0,2,2,1,small-prime recurrence scan,not_squarefull
131,1,263,39976,152,small-prime recurrence scan,not_squarefull
132,0,5,10,2,small-prime recurrence scan,not_squarefull
133,0,37,148,4,small-prime recurrence scan,not_squarefull
134,0,2,2,1,small-prime recurrence scan,not_squarefull
135,0,7,7,1,small-prime recurrence scan,not_squarefull
136,0,3,6,2,small-prime recurrence scan,not_squarefull
137,1,821,104267,127,small-prime recurrence scan,not_squarefull
138,0,2,2,1,small-prime recurrence scan,not_squarefull
139,1,277,75067,271,small-prime recurrence scan,not_squarefull
140,0,3,3,1,small-prime recurrence scan,not_squarefull
141,0,5,20,4,small-prime recurrence scan,not_squarefull
142,0,2,2,1,small-prime recurrence scan,not_squarefull
143,0,23,161,7,small-prime recurrence scan,not_squarefull
144,0,5,20,4,small-prime recurrence scan,not_squarefull
145,0,41,861,21,small-prime recurrence scan,not_squarefull
146,0,2,2,1,small-prime recurrence scan,not_squarefull
147,0,5,15,3,small-prime recurrence scan,not_squarefull
148,0,3,6,2,small-prime recurrence scan,not_squarefull
149,1,33377,1087789807,32591,small-prime recurrence scan,not_squarefull
150,0,2,2,1,small-prime recurrence scan,not_squarefull
151,1,2719,7265168,2672,small-prime recurrence scan,not_squarefull
152,0,3,3,1,small-prime recurrence scan,not_squarefull
153,0,5,10,2,small-prime recurrence scan,not_squarefull
154,0,2,2,1,small-prime recurrence scan,not_squarefull
155,0,29,696,24,small-prime recurrence scan,not_squarefull
156,0,5,5,1,small-prime recurrence scan,not_squarefull
157,1,,,,,unresolved_by_search
158,0,2,2,1,small-prime recurrence scan,not_squarefull
159,0,5,5,1,small-prime recurrence scan,not_squarefull
160,0,3,6,2,small-prime recurrence scan,not_squarefull
161,0,47,1692,36,small-prime recurrence scan,not_squarefull
162,0,2,2,1,small-prime recurrence scan,not_squarefull
163,1,820541,53737230090,65490,prime-index congruence search,not_squarefull
164,0,3,3,1,small-prime recurrence scan,not_squarefull
165,0,7,14,2,small-prime recurrence scan,not_squarefull
166,0,2,2,1,small-prime recurrence scan,not_squarefull
167,1,2889769,7492778008416,2592864,prime-index congruence search,not_squarefull
168,0,5,15,3,small-prime recurrence scan,not_squarefull
169,0,79,395,5,small-prime recurrence scan,not_squarefull
170,0,2,2,1,small-prime recurrence scan,not_squarefull
171,0,5,20,4,small-prime recurrence scan,not_squarefull
172,0,3,6,2,small-prime recurrence scan,not_squarefull
173,1,5189,17040676,3284,small-prime recurrence scan,not_squarefull
174,0,2,2,1,small-prime recurrence scan,not_squarefull
175,0,29,406,14,small-prime recurrence scan,not_squarefull
176,0,3,3,1,small-prime recurrence scan,not_squarefull
177,0,5,15,3,small-prime recurrence scan,not_squarefull
178,0,2,2,1,small-prime recurrence scan,not_squarefull
179,1,359,85442,238,small-prime recurrence scan,not_squarefull
180,0,7,42,6,small-prime recurrence scan,not_squarefull
181,1,177743,6532943965,36755,small-prime recurrence scan,not_squarefull
182,0,2,2,1,small-prime recurrence scan,not_squarefull
183,0,5,10,2,small-prime recurrence scan,not_squarefull
184,0,3,6,2,small-prime recurrence scan,not_squarefull
185,0,29,261,9,small-prime recurrence scan,not_squarefull
186,0,2,2,1,small-prime recurrence scan,not_squarefull
187,0,23,414,18,small-prime recurrence scan,not_squarefull
188,0,3,3,1,small-prime recurrence scan,not_squarefull
189,0,5,5,1,small-prime recurrence scan,not_squarefull
190,0,2,2,1,small-prime recurrence scan,not_squarefull
191,1,383,27576,72,small-prime recurrence scan,not_squarefull
192,0,5,10,2,small-prime recurrence scan,not_squarefull
193,1,167911,23815320863,141833,small-prime recurrence scan,not_squarefull
194,0,2,2,1,small-prime recurrence scan,not_squarefull
195,0,7,21,3,small-prime recurrence scan,not_squarefull
196,0,3,6,2,small-prime recurrence scan,not_squarefull
197,1,15761,193072250,12250,small-prime recurrence scan,not_squarefull
198,0,2,2,1,small-prime recurrence scan,not_squarefull
199,1,397,104411,263,small-prime recurrence scan,not_squarefull
200,0,3,3,1,small-prime recurrence scan,not_squarefull
201,0,5,20,4,small-prime recurrence scan,not_squarefull
202,0,2,2,1,small-prime recurrence scan,not_squarefull
203,0,239,28919,121,small-prime recurrence scan,not_squarefull
204,0,5,20,4,small-prime recurrence scan,not_squarefull
205,0,29,812,28,small-prime recurrence scan,not_squarefull
206,0,2,2,1,small-prime recurrence scan,not_squarefull
207,0,5,15,3,small-prime recurrence scan,not_squarefull
208,0,3,6,2,small-prime recurrence scan,not_squarefull
209,0,23,276,12,small-prime recurrence scan,not_squarefull
210,0,2,2,1,small-prime recurrence scan,not_squarefull
211,1,421,57677,137,small-prime recurrence scan,not_squarefull
212,0,3,3,1,small-prime recurrence scan,not_squarefull
213,0,5,10,2,small-prime recurrence scan,not_squarefull
214,0,2,2,1,small-prime recurrence scan,not_squarefull
215,0,29,667,23,small-prime recurrence scan,not_squarefull
216,0,5,5,1,small-prime recurrence scan,not_squarefull
217,0,61,305,5,small-prime recurrence scan,not_squarefull
218,0,2,2,1,small-prime recurrence scan,not_squarefull
219,0,5,5,1,small-prime recurrence scan,not_squarefull
220,0,3,6,2,small-prime recurrence scan,not_squarefull
221,0,79,3397,43,small-prime recurrence scan,not_squarefull
222,0,2,2,1,small-prime recurrence scan,not_squarefull
223,1,7583,55143576,7272,small-prime recurrence scan,not_squarefull
224,0,3,3,1,small-prime recurrence scan,not_squarefull
225,0,7,28,4,small-prime recurrence scan,not_squarefull
226,0,2,2,1,small-prime recurrence scan,not_squarefull
227,1,5449,27277694,5006,small-prime recurrence scan,not_squarefull
228,0,5,15,3,small-prime recurrence scan,not_squarefull
229,1,1373,1145082,834,small-prime recurrence scan,not_squarefull
230,0,2,2,1,small-prime recurrence scan,not_squarefull
231,0,5,20,4,small-prime recurrence scan,not_squarefull
232,0,3,6,2,small-prime recurrence scan,not_squarefull
233,1,1399,1233918,882,small-prime recurrence scan,not_squarefull
234,0,2,2,1,small-prime recurrence scan,not_squarefull
235,0,29,377,13,small-prime recurrence scan,not_squarefull
236,0,3,3,1,small-prime recurrence scan,not_squarefull
237,0,5,15,3,small-prime recurrence scan,not_squarefull
238,0,2,2,1,small-prime recurrence scan,not_squarefull
239,1,479,124540,260,small-prime recurrence scan,not_squarefull
240,0,7,7,1,small-prime recurrence scan,not_squarefull
241,1,1447,1179305,815,small-prime recurrence scan,not_squarefull
242,0,2,2,1,small-prime recurrence scan,not_squarefull
243,0,5,10,2,small-prime recurrence scan,not_squarefull
244,0,3,6,2,small-prime recurrence scan,not_squarefull
245,0,29,232,8,small-prime recurrence scan,not_squarefull
246,0,2,2,1,small-prime recurrence scan,not_squarefull
247,0,37,666,18,small-prime recurrence scan,not_squarefull
248,0,3,3,1,small-prime recurrence scan,not_squarefull
249,0,5,5,1,small-prime recurrence scan,not_squarefull
250,0,2,2,1,small-prime recurrence scan,not_squarefull
251,1,503,249488,496,small-prime recurrence scan,not_squarefull
252,0,5,10,2,small-prime recurrence scan,not_squarefull
253,0,47,1081,23,small-prime recurrence scan,not_squarefull
254,0,2,2,1,small-prime recurrence scan,not_squarefull
255,0,7,35,5,small-prime recurrence scan,not_squarefull
256,0,3,6,2,small-prime recurrence scan,not_squarefull
257,1,1640689,2624872703540,1599860,prime-index congruence search,not_squarefull
258,0,2,2,1,small-prime recurrence scan,not_squarefull
259,0,223,4906,22,small-prime recurrence scan,not_squarefull
260,0,3,3,1,small-prime recurrence scan,not_squarefull
261,0,5,20,4,small-prime recurrence scan,not_squarefull
262,0,2,2,1,small-prime recurrence scan,not_squarefull
263,1,90473,6455067604,71348,small-prime recurrence scan,not_squarefull
264,0,5,20,4,small-prime recurrence scan,not_squarefull
265,0,29,783,27,small-prime recurrence scan,not_squarefull
266,0,2,2,1,small-prime recurrence scan,not_squarefull
267,0,5,15,3,small-prime recurrence scan,not_squarefull
268,0,3,6,2,small-prime recurrence scan,not_squarefull
269,1,2153,3606275,1675,small-prime recurrence scan,not_squarefull
270,0,2,2,1,small-prime recurrence scan,not_squarefull
271,1,541,110364,204,small-prime recurrence scan,not_squarefull
272,0,3,3,1,small-prime recurrence scan,not_squarefull
273,0,5,10,2,small-prime recurrence scan,not_squarefull
274,0,2,2,1,small-prime recurrence scan,not_squarefull
275,0,23,391,17,small-prime recurrence scan,not_squarefull
276,0,5,5,1,small-prime recurrence scan,not_squarefull
277,1,,,,,unresolved_by_search
278,0,2,2,1,small-prime recurrence scan,not_squarefull
279,0,5,5,1,small-prime recurrence scan,not_squarefull
280,0,3,6,2,small-prime recurrence scan,not_squarefull
281,1,9198817,77307603172177,8404081,prime-index congruence search,not_squarefull
282,0,2,2,1,small-prime recurrence scan,not_squarefull
283,1,14149,43578920,3080,small-prime recurrence scan,not_squarefull
284,0,3,3,1,small-prime recurrence scan,not_squarefull
285,0,7,42,6,small-prime recurrence scan,not_squarefull
286,0,2,2,1,small-prime recurrence scan,not_squarefull
287,0,239,56643,237,small-prime recurrence scan,not_squarefull
288,0,5,15,3,small-prime recurrence scan,not_squarefull
289,0,103,7004,68,small-prime recurrence scan,not_squarefull
290,0,2,2,1,small-prime recurrence scan,not_squarefull
291,0,5,20,4,small-prime recurrence scan,not_squarefull
292,0,3,6,2,small-prime recurrence scan,not_squarefull
293,1,,,,,unresolved_by_search
294,0,2,2,1,small-prime recurrence scan,not_squarefull
295,0,29,348,12,small-prime recurrence scan,not_squarefull
296,0,3,3,1,small-prime recurrence scan,not_squarefull
297,0,5,15,3,small-prime recurrence scan,not_squarefull
298,0,2,2,1,small-prime recurrence scan,not_squarefull
299,0,47,1880,40,small-prime recurrence scan,not_squarefull
300,0,7,21,3,small-prime recurrence scan,not_squarefull
301,0,239,23183,97,small-prime recurrence scan,not_squarefull
302,0,2,2,1,small-prime recurrence scan,not_squarefull
303,0,5,10,2,small-prime recurrence scan,not_squarefull
304,0,3,6,2,small-prime recurrence scan,not_squarefull
305,0,29,203,7,small-prime recurrence scan,not_squarefull
306,0,2,2,1,small-prime recurrence scan,not_squarefull
307,1,613,268494,438,small-prime recurrence scan,not_squarefull
308,0,3,3,1,small-prime recurrence scan,not_squarefull
309,0,5,5,1,small-prime recurrence scan,not_squarefull
310,0,2,2,1,small-prime recurrence scan,not_squarefull
311,1,,,,,unresolved_by_search
312,0,5,10,2,small-prime recurrence scan,not_squarefull
313,1,1879,2204067,1173,small-prime recurrence scan,not_squarefull
314,0,2,2,1,small-prime recurrence scan,not_squarefull
315,0,29,58,2,small-prime recurrence scan,not_squarefull
316,0,3,6,2,small-prime recurrence scan,not_squarefull
317,1,1901,2473201,1301,small-prime recurrence scan,not_squarefull
318,0,2,2,1,small-prime recurrence scan,not_squarefull
319,0,23,115,5,small-prime recurrence scan,not_squarefull
320,0,3,3,1,small-prime recurrence scan,not_squarefull
321,0,5,20,4,small-prime recurrence scan,not_squarefull
322,0,2,2,1,small-prime recurrence scan,not_squarefull
323,0,37,555,15,small-prime recurrence scan,not_squarefull
324,0,5,20,4,small-prime recurrence scan,not_squarefull
325,0,29,754,26,small-prime recurrence scan,not_squarefull
326,0,2,2,1,small-prime recurrence scan,not_squarefull
327,0,5,15,3,small-prime recurrence scan,not_squarefull
328,0,3,6,2,small-prime recurrence scan,not_squarefull
329,0,239,13384,56,small-prime recurrence scan,not_squarefull
330,0,2,2,1,small-prime recurrence scan,not_squarefull
331,1,661,126251,191,small-prime recurrence scan,not_squarefull
332,0,3,3,1,small-prime recurrence scan,not_squarefull
333,0,5,10,2,small-prime recurrence scan,not_squarefull
334,0,2,2,1,small-prime recurrence scan,not_squarefull
335,0,29,609,21,small-prime recurrence scan,not_squarefull
336,0,5,5,1,small-prime recurrence scan,not_squarefull
337,1,8089,1189083,147,small-prime recurrence scan,not_squarefull
338,0,2,2,1,small-prime recurrence scan,not_squarefull
339,0,5,5,1,small-prime recurrence scan,not_squarefull
340,0,3,6,2,small-prime recurrence scan,not_squarefull
341,0,23,506,22,small-prime recurrence scan,not_squarefull
342,0,2,2,1,small-prime recurrence scan,not_squarefull
343,0,239,37045,155,small-prime recurrence scan,not_squarefull
344,0,3,3,1,small-prime recurrence scan,not_squarefull
345,0,7,7,1,small-prime recurrence scan,not_squarefull
346,0,2,2,1,small-prime recurrence scan,not_squarefull
347,1,2777,7689513,2769,small-prime recurrence scan,not_squarefull
348,0,5,15,3,small-prime recurrence scan,not_squarefull
349,1,234529,22337714605,95245,prime-index congruence search,not_squarefull
350,0,2,2,1,small-prime recurrence scan,not_squarefull
351,0,5,20,4,small-prime recurrence scan,not_squarefull
352,0,3,6,2,small-prime recurrence scan,not_squarefull
353,1,4943,3010287,609,small-prime recurrence scan,not_squarefull
354,0,2,2,1,small-prime recurrence scan,not_squarefull
355,0,29,319,11,small-prime recurrence scan,not_squarefull
356,0,3,3,1,small-prime recurrence scan,not_squarefull
357,0,5,15,3,small-prime recurrence scan,not_squarefull
358,0,2,2,1,small-prime recurrence scan,not_squarefull
359,1,719,166089,231,small-prime recurrence scan,not_squarefull
360,0,7,35,5,small-prime recurrence scan,not_squarefull
361,0,37,1184,32,small-prime recurrence scan,not_squarefull
362,0,2,2,1,small-prime recurrence scan,not_squarefull
363,0,5,10,2,small-prime recurrence scan,not_squarefull
364,0,3,6,2,small-prime recurrence scan,not_squarefull
365,0,29,174,6,small-prime recurrence scan,not_squarefull
366,0,2,2,1,small-prime recurrence scan,not_squarefull
367,1,733,115814,158,small-prime recurrence scan,not_squarefull
368,0,3,3,1,small-prime recurrence scan,not_squarefull
369,0,5,5,1,small-prime recurrence scan,not_squarefull
370,0,2,2,1,small-prime recurrence scan,not_squarefull
371,0,239,27246,114,small-prime recurrence scan,not_squarefull
372,0,5,10,2,small-prime recurrence scan,not_squarefull
373,1,2237,2829805,1265,small-prime recurrence scan,not_squarefull
374,0,2,2,1,small-prime recurrence scan,not_squarefull
375,0,7,14,2,small-prime recurrence scan,not_squarefull
376,0,3,6,2,small-prime recurrence scan,not_squarefull
377,0,79,6162,78,small-prime recurrence scan,not_squarefull
378,0,2,2,1,small-prime recurrence scan,not_squarefull
379,1,757,557152,736,small-prime recurrence scan,not_squarefull
380,0,3,3,1,small-prime recurrence scan,not_squarefull
381,0,5,20,4,small-prime recurrence scan,not_squarefull
382,0,2,2,1,small-prime recurrence scan,not_squarefull
383,1,35389201,908576754980242,25673842,prime-index congruence search,not_squarefull
384,0,5,20,4,small-prime recurrence scan,not_squarefull
385,0,23,230,10,small-prime recurrence scan,not_squarefull
386,0,2,2,1,small-prime recurrence scan,not_squarefull
387,0,5,15,3,small-prime recurrence scan,not_squarefull
388,0,3,6,2,small-prime recurrence scan,not_squarefull
389,1,27661789,584212640779127,21119843,prime-index congruence search,not_squarefull
390,0,2,2,1,small-prime recurrence scan,not_squarefull
391,0,47,1269,27,small-prime recurrence scan,not_squarefull
392,0,3,3,1,small-prime recurrence scan,not_squarefull
393,0,5,10,2,small-prime recurrence scan,not_squarefull
394,0,2,2,1,small-prime recurrence scan,not_squarefull
395,0,29,580,20,small-prime recurrence scan,not_squarefull
396,0,5,5,1,small-prime recurrence scan,not_squarefull
397,1,2381,3790552,1592,small-prime recurrence scan,not_squarefull
398,0,2,2,1,small-prime recurrence scan,not_squarefull
399,0,5,5,1,small-prime recurrence scan,not_squarefull
400,0,3,6,2,small-prime recurrence scan,not_squarefull
401,1,3209,9764987,3043,small-prime recurrence scan,not_squarefull
402,0,2,2,1,small-prime recurrence scan,not_squarefull
403,0,61,1098,18,small-prime recurrence scan,not_squarefull
404,0,3,3,1,small-prime recurrence scan,not_squarefull
405,0,7,21,3,small-prime recurrence scan,not_squarefull
406,0,2,2,1,small-prime recurrence scan,not_squarefull
407,0,23,92,4,small-prime recurrence scan,not_squarefull
408,0,5,15,3,small-prime recurrence scan,not_squarefull
409,1,26177,324699508,12404,small-prime recurrence scan,not_squarefull
410,0,2,2,1,small-prime recurrence scan,not_squarefull
411,0,5,20,4,small-prime recurrence scan,not_squarefull
412,0,3,6,2,small-prime recurrence scan,not_squarefull
413,0,239,41108,172,small-prime recurrence scan,not_squarefull
414,0,2,2,1,small-prime recurrence scan,not_squarefull
415,0,29,290,10,small-prime recurrence scan,not_squarefull
416,0,3,3,1,small-prime recurrence scan,not_squarefull
417,0,5,15,3,small-prime recurrence scan,not_squarefull
418,0,2,2,1,small-prime recurrence scan,not_squarefull
419,1,839,108231,129,small-prime recurrence scan,not_squarefull
420,0,11,110,10,small-prime recurrence scan,not_squarefull
421,1,,,,,unresolved_by_search
422,0,2,2,1,small-prime recurrence scan,not_squarefull
423,0,5,10,2,small-prime recurrence scan,not_squarefull
424,0,3,6,2,small-prime recurrence scan,not_squarefull
425,0,29,145,5,small-prime recurrence scan,not_squarefull
426,0,2,2,1,small-prime recurrence scan,not_squarefull
427,0,239,7648,32,small-prime recurrence scan,not_squarefull
428,0,3,3,1,small-prime recurrence scan,not_squarefull
429,0,5,5,1,small-prime recurrence scan,not_squarefull
430,0,2,2,1,small-prime recurrence scan,not_squarefull
431,1,863,6904,8,small-prime recurrence scan,not_squarefull
432,0,5,10,2,small-prime recurrence scan,not_squarefull
433,1,,,,,unresolved_by_search
434,0,2,2,1,small-prime recurrence scan,not_squarefull
435,0,7,28,4,small-prime recurrence scan,not_squarefull
436,0,3,6,2,small-prime recurrence scan,not_squarefull
437,0,37,1073,29,small-prime recurrence scan,not_squarefull
438,0,2,2,1,small-prime recurrence scan,not_squarefull
439,1,877,437623,499,small-prime recurrence scan,not_squarefull
440,0,3,3,1,small-prime recurrence scan,not_squarefull
441,0,5,20,4,small-prime recurrence scan,not_squarefull
442,0,2,2,1,small-prime recurrence scan,not_squarefull
443,1,887,641301,723,small-prime recurrence scan,not_squarefull
444,0,5,20,4,small-prime recurrence scan,not_squarefull
445,0,29,696,24,small-prime recurrence scan,not_squarefull
446,0,2,2,1,small-prime recurrence scan,not_squarefull
447,0,5,15,3,small-prime recurrence scan,not_squarefull
448,0,3,6,2,small-prime recurrence scan,not_squarefull
449,1,2693,5248657,1949,small-prime recurrence scan,not_squarefull
450,0,2,2,1,small-prime recurrence scan,not_squarefull
451,0,23,345,15,small-prime recurrence scan,not_squarefull
452,0,3,3,1,small-prime recurrence scan,not_squarefull
453,0,5,10,2,small-prime recurrence scan,not_squarefull
454,0,2,2,1,small-prime recurrence scan,not_squarefull
455,0,29,551,19,small-prime recurrence scan,not_squarefull
456,0,5,5,1,small-prime recurrence scan,not_squarefull
457,1,39301,460568419,11719,small-prime recurrence scan,not_squarefull
458,0,2,2,1,small-prime recurrence scan,not_squarefull
459,0,5,5,1,small-prime recurrence scan,not_squarefull
460,0,3,6,2,small-prime recurrence scan,not_squarefull
461,1,2767,3417245,1235,small-prime recurrence scan,not_squarefull
462,0,2,2,1,small-prime recurrence scan,not_squarefull
463,1,85193,6018544678,70646,small-prime recurrence scan,not_squarefull
464,0,3,3,1,small-prime recurrence scan,not_squarefull
465,0,7,35,5,small-prime recurrence scan,not_squarefull
466,0,2,2,1,small-prime recurrence scan,not_squarefull
467,1,123289,2248051626,18234,small-prime recurrence scan,not_squarefull
468,0,5,15,3,small-prime recurrence scan,not_squarefull
469,0,239,21510,90,small-prime recurrence scan,not_squarefull
470,0,2,2,1,small-prime recurrence scan,not_squarefull
471,0,5,20,4,small-prime recurrence scan,not_squarefull
472,0,3,6,2,small-prime recurrence scan,not_squarefull
473,0,23,207,9,small-prime recurrence scan,not_squarefull
474,0,2,2,1,small-prime recurrence scan,not_squarefull
475,0,29,261,9,small-prime recurrence scan,not_squarefull
476,0,3,3,1,small-prime recurrence scan,not_squarefull
477,0,5,15,3,small-prime recurrence scan,not_squarefull
478,0,2,2,1,small-prime recurrence scan,not_squarefull
479,1,4789,17149409,3581,small-prime recurrence scan,not_squarefull
480,0,7,14,2,small-prime recurrence scan,not_squarefull
481,0,79,5925,75,small-prime recurrence scan,not_squarefull
482,0,2,2,1,small-prime recurrence scan,not_squarefull
483,0,5,10,2,small-prime recurrence scan,not_squarefull
484,0,3,6,2,small-prime recurrence scan,not_squarefull
485,0,29,116,4,small-prime recurrence scan,not_squarefull
486,0,2,2,1,small-prime recurrence scan,not_squarefull
487,1,7793,8806090,1130,small-prime recurrence scan,not_squarefull
488,0,3,3,1,small-prime recurrence scan,not_squarefull
489,0,5,5,1,small-prime recurrence scan,not_squarefull
490,0,2,2,1,small-prime recurrence scan,not_squarefull
491,1,983,516075,525,small-prime recurrence scan,not_squarefull
492,0,5,10,2,small-prime recurrence scan,not_squarefull
493,0,103,1339,13,small-prime recurrence scan,not_squarefull
494,0,2,2,1,small-prime recurrence scan,not_squarefull
495,0,7,42,6,small-prime recurrence scan,not_squarefull
496,0,3,6,2,small-prime recurrence scan,not_squarefull
497,0,239,11711,49,small-prime recurrence scan,not_squarefull
498,0,2,2,1,small-prime recurrence scan,not_squarefull
499,1,997,48853,49,small-prime recurrence scan,not_squarefull
500,0,3,3,1,small-prime recurrence scan,not_squarefull
501,0,5,20,4,small-prime recurrence scan,not_squarefull
502,0,2,2,1,small-prime recurrence scan,not_squarefull
503,1,40241,467519938,11618,small-prime recurrence scan,not_squarefull
504,0,5,20,4,small-prime recurrence scan,not_squarefull
505,0,29,667,23,small-prime recurrence scan,not_squarefull
506,0,2,2,1,small-prime recurrence scan,not_squarefull
507,0,5,15,3,small-prime recurrence scan,not_squarefull
508,0,3,6,2,small-prime recurrence scan,not_squarefull
509,1,4073,1731025,425,small-prime recurrence scan,not_squarefull
510,0,2,2,1,small-prime recurrence scan,not_squarefull
511,0,239,35372,148,small-prime recurrence scan,not_squarefull
512,0,3,3,1,small-prime recurrence scan,not_squarefull
513,0,5,10,2,small-prime recurrence scan,not_squarefull
514,0,2,2,1,small-prime recurrence scan,not_squarefull
515,0,29,522,18,small-prime recurrence scan,not_squarefull
516,0,5,5,1,small-prime recurrence scan,not_squarefull
517,0,23,460,20,small-prime recurrence scan,not_squarefull
518,0,2,2,1,small-prime recurrence scan,not_squarefull
519,0,5,5,1,small-prime recurrence scan,not_squarefull
520,0,3,6,2,small-prime recurrence scan,not_squarefull
521,1,204233,12622416332,61804,prime-index congruence search,not_squarefull
522,0,2,2,1,small-prime recurrence scan,not_squarefull
523,1,5231,3405381,651,small-prime recurrence scan,not_squarefull
524,0,3,3,1,small-prime recurrence scan,not_squarefull
525,0,29,377,13,small-prime recurrence scan,not_squarefull
526,0,2,2,1,small-prime recurrence scan,not_squarefull
527,0,61,2867,47,small-prime recurrence scan,not_squarefull
528,0,5,15,3,small-prime recurrence scan,not_squarefull
529,0,47,1457,31,small-prime recurrence scan,not_squarefull
530,0,2,2,1,small-prime recurrence scan,not_squarefull
531,0,5,20,4,small-prime recurrence scan,not_squarefull
532,0,3,6,2,small-prime recurrence scan,not_squarefull
533,0,79,2686,34,small-prime recurrence scan,not_squarefull
534,0,2,2,1,small-prime recurrence scan,not_squarefull
535,0,29,232,8,small-prime recurrence scan,not_squarefull
536,0,3,3,1,small-prime recurrence scan,not_squarefull
537,0,5,15,3,small-prime recurrence scan,not_squarefull
538,0,2,2,1,small-prime recurrence scan,not_squarefull
539,0,23,322,14,small-prime recurrence scan,not_squarefull
540,0,7,28,4,small-prime recurrence scan,not_squarefull
541,1,7573,34116365,4505,small-prime recurrence scan,not_squarefull
542,0,2,2,1,small-prime recurrence scan,not_squarefull
543,0,5,10,2,small-prime recurrence scan,not_squarefull
544,0,3,6,2,small-prime recurrence scan,not_squarefull
545,0,29,87,3,small-prime recurrence scan,not_squarefull
546,0,2,2,1,small-prime recurrence scan,not_squarefull
547,1,1093,402224,368,small-prime recurrence scan,not_squarefull
548,0,3,3,1,small-prime recurrence scan,not_squarefull
549,0,5,5,1,small-prime recurrence scan,not_squarefull
550,0,2,2,1,small-prime recurrence scan,not_squarefull
551,0,37,222,6,small-prime recurrence scan,not_squarefull
552,0,5,10,2,small-prime recurrence scan,not_squarefull
553,0,157,18840,120,small-prime recurrence scan,not_squarefull
554,0,2,2,1,small-prime recurrence scan,not_squarefull
555,0,7,7,1,small-prime recurrence scan,not_squarefull
556,0,3,6,2,small-prime recurrence scan,not_squarefull
557,1,280729,1840178595,6555,prime-index congruence search,not_squarefull
558,0,2,2,1,small-prime recurrence scan,not_squarefull
559,0,79,4187,53,small-prime recurrence scan,not_squarefull
560,0,3,3,1,small-prime recurrence scan,not_squarefull
561,0,5,20,4,small-prime recurrence scan,not_squarefull
562,0,2,2,1,small-prime recurrence scan,not_squarefull
563,1,97353961,7385765455458114,75865074,prime-index congruence search,not_squarefull
564,0,5,20,4,small-prime recurrence scan,not_squarefull
565,0,29,638,22,small-prime recurrence scan,not_squarefull
566,0,2,2,1,small-prime recurrence scan,not_squarefull
567,0,5,15,3,small-prime recurrence scan,not_squarefull
568,0,3,6,2,small-prime recurrence scan,not_squarefull
569,1,3413,10733885,3145,small-prime recurrence scan,not_squarefull
570,0,2,2,1,small-prime recurrence scan,not_squarefull
571,1,,,,,unresolved_by_search
572,0,3,3,1,small-prime recurrence scan,not_squarefull
573,0,5,10,2,small-prime recurrence scan,not_squarefull
574,0,2,2,1,small-prime recurrence scan,not_squarefull
575,0,29,493,17,small-prime recurrence scan,not_squarefull
576,0,5,5,1,small-prime recurrence scan,not_squarefull
577,1,,,,,unresolved_by_search
578,0,2,2,1,small-prime recurrence scan,not_squarefull
579,0,5,5,1,small-prime recurrence scan,not_squarefull
580,0,3,6,2,small-prime recurrence scan,not_squarefull
581,0,167,27722,166,small-prime recurrence scan,not_squarefull
582,0,2,2,1,small-prime recurrence scan,not_squarefull
583,0,23,46,2,small-prime recurrence scan,not_squarefull
584,0,3,3,1,small-prime recurrence scan,not_squarefull
585,0,7,14,2,small-prime recurrence scan,not_squarefull
586,0,2,2,1,small-prime recurrence scan,not_squarefull
587,1,170231,24650470186,144806,small-prime recurrence scan,not_squarefull
588,0,5,15,3,small-prime recurrence scan,not_squarefull
589,0,37,851,23,small-prime recurrence scan,not_squarefull
590,0,2,2,1,small-prime recurrence scan,not_squarefull
591,0,5,20,4,small-prime recurrence scan,not_squarefull
592,0,3,6,2,small-prime recurrence scan,not_squarefull
593,1,3559,6463144,1816,small-prime recurrence scan,not_squarefull
594,0,2,2,1,small-prime recurrence scan,not_squarefull
595,0,29,203,7,small-prime recurrence scan,not_squarefull
596,0,3,3,1,small-prime recurrence scan,not_squarefull
597,0,5,15,3,small-prime recurrence scan,not_squarefull
598,0,2,2,1,small-prime recurrence scan,not_squarefull
599,1,4793,2602599,543,small-prime recurrence scan,not_squarefull
600,0,7,42,6,small-prime recurrence scan,not_squarefull
601,1,3607,6279787,1741,small-prime recurrence scan,not_squarefull
602,0,2,2,1,small-prime recurrence scan,not_squarefull
603,0,5,10,2,small-prime recurrence scan,not_squarefull
604,0,3,6,2,small-prime recurrence scan,not_squarefull
605,0,23,437,19,small-prime recurrence scan,not_squarefull
606,0,2,2,1,small-prime recurrence scan,not_squarefull
607,1,1213,15769,13,small-prime recurrence scan,not_squarefull
608,0,3,3,1,small-prime recurrence scan,not_squarefull
609,0,5,5,1,small-prime recurrence scan,not_squarefull
610,0,2,2,1,small-prime recurrence scan,not_squarefull
611,0,79,948,12,small-prime recurrence scan,not_squarefull
612,0,5,10,2,small-prime recurrence scan,not_squarefull
613,1,98081,9502675766,96886,small-prime recurrence scan,not_squarefull
614,0,2,2,1,small-prime recurrence scan,not_squarefull
615,0,7,21,3,small-prime recurrence scan,not_squarefull
616,0,3,6,2,small-prime recurrence scan,not_squarefull
617,1,23447,282911502,12066,small-prime recurrence scan,not_squarefull
618,0,2,2,1,small-prime recurrence scan,not_squarefull
619,1,1237,1166491,943,small-prime recurrence scan,not_squarefull
620,0,3,3,1,small-prime recurrence scan,not_squarefull
621,0,5,20,4,small-prime recurrence scan,not_squarefull
622,0,2,2,1,small-prime recurrence scan,not_squarefull
623,0,239,53297,223,small-prime recurrence scan,not_squarefull
624,0,5,20,4,small-prime recurrence scan,not_squarefull
625,0,29,609,21,small-prime recurrence scan,not_squarefull
626,0,2,2,1,small-prime recurrence scan,not_squarefull
627,0,5,15,3,small-prime recurrence scan,not_squarefull
628,0,3,6,2,small-prime recurrence scan,not_squarefull
629,0,103,4635,45,small-prime recurrence scan,not_squarefull
630,0,2,2,1,small-prime recurrence scan,not_squarefull
631,1,450533,196639633180,436460,prime-index congruence search,not_squarefull
632,0,3,3,1,small-prime recurrence scan,not_squarefull
633,0,5,10,2,small-prime recurrence scan,not_squarefull
634,0,2,2,1,small-prime recurrence scan,not_squarefull
635,0,29,464,16,small-prime recurrence scan,not_squarefull
636,0,5,5,1,small-prime recurrence scan,not_squarefull
637,0,79,2449,31,small-prime recurrence scan,not_squarefull
638,0,2,2,1,small-prime recurrence scan,not_squarefull
639,0,5,5,1,small-prime recurrence scan,not_squarefull
640,0,3,6,2,small-prime recurrence scan,not_squarefull
641,1,224351,12304979297,54847,prime-index congruence search,not_squarefull
642,0,2,2,1,small-prime recurrence scan,not_squarefull
643,1,5771569,19714029035266,3415714,prime-index congruence search,not_squarefull
644,0,3,3,1,small-prime recurrence scan,not_squarefull
645,0,7,28,4,small-prime recurrence scan,not_squarefull
646,0,2,2,1,small-prime recurrence scan,not_squarefull
647,1,548657,91441918905,166665,prime-index congruence search,not_squarefull
648,0,5,15,3,small-prime recurrence scan,not_squarefull
649,0,23,161,7,small-prime recurrence scan,not_squarefull
650,0,2,2,1,small-prime recurrence scan,not_squarefull
651,0,5,20,4,small-prime recurrence scan,not_squarefull
652,0,3,6,2,small-prime recurrence scan,not_squarefull
653,1,470161,186703283905,397105,prime-index congruence search,not_squarefull
654,0,2,2,1,small-prime recurrence scan,not_squarefull
655,0,29,174,6,small-prime recurrence scan,not_squarefull
656,0,3,3,1,small-prime recurrence scan,not_squarefull
657,0,5,15,3,small-prime recurrence scan,not_squarefull
658,0,2,2,1,small-prime recurrence scan,not_squarefull
659,1,1319,1435072,1088,small-prime recurrence scan,not_squarefull
660,0,7,7,1,small-prime recurrence scan,not_squarefull
661,1,3967,12500017,3151,small-prime recurrence scan,not_squarefull
662,0,2,2,1,small-prime recurrence scan,not_squarefull
663,0,5,10,2,small-prime recurrence scan,not_squarefull
664,0,3,6,2,small-prime recurrence scan,not_squarefull
665,0,29,29,1,small-prime recurrence scan,not_squarefull
666,0,2,2,1,small-prime recurrence scan,not_squarefull
667,0,47,1645,35,small-prime recurrence scan,not_squarefull
668,0,3,3,1,small-prime recurrence scan,not_squarefull
669,0,5,5,1,small-prime recurrence scan,not_squarefull
670,0,2,2,1,small-prime recurrence scan,not_squarefull
671,0,23,23,1,small-prime recurrence scan,not_squarefull
672,0,5,10,2,small-prime recurrence scan,not_squarefull
673,1,236897,39786377356,167948,prime-index congruence search,not_squarefull
674,0,2,2,1,small-prime recurrence scan,not_squarefull
675,0,7,35,5,small-prime recurrence scan,not_squarefull
676,0,3,6,2,small-prime recurrence scan,not_squarefull
677,1,5417,2643496,488,small-prime recurrence scan,not_squarefull
678,0,2,2,1,small-prime recurrence scan,not_squarefull
679,0,239,33699,141,small-prime recurrence scan,not_squarefull
680,0,3,3,1,small-prime recurrence scan,not_squarefull
681,0,5,20,4,small-prime recurrence scan,not_squarefull
682,0,2,2,1,small-prime recurrence scan,not_squarefull
683,1,1367,1361532,996,small-prime recurrence scan,not_squarefull
684,0,5,20,4,small-prime recurrence scan,not_squarefull
685,0,29,580,20,small-prime recurrence scan,not_squarefull
686,0,2,2,1,small-prime recurrence scan,not_squarefull
687,0,5,15,3,small-prime recurrence scan,not_squarefull
688,0,3,6,2,small-prime recurrence scan,not_squarefull
689,0,79,5451,69,small-prime recurrence scan,not_squarefull
690,0,2,2,1,small-prime recurrence scan,not_squarefull
691,1,1381,1394810,1010,small-prime recurrence scan,not_squarefull
692,0,3,3,1,small-prime recurrence scan,not_squarefull
693,0,5,10,2,small-prime recurrence scan,not_squarefull
694,0,2,2,1,small-prime recurrence scan,not_squarefull
695,0,29,435,15,small-prime recurrence scan,not_squarefull
696,0,5,5,1,small-prime recurrence scan,not_squarefull
697,0,103,6283,61,small-prime recurrence scan,not_squarefull
698,0,2,2,1,small-prime recurrence scan,not_squarefull
699,0,5,5,1,small-prime recurrence scan,not_squarefull
700,0,3,6,2,small-prime recurrence scan,not_squarefull
701,1,10571081,91884206039835,8692035,prime-index congruence search,not_squarefull
702,0,2,2,1,small-prime recurrence scan,not_squarefull
703,0,223,48837,219,small-prime recurrence scan,not_squarefull
704,0,3,3,1,small-prime recurrence scan,not_squarefull
705,0,7,42,6,small-prime recurrence scan,not_squarefull
706,0,2,2,1,small-prime recurrence scan,not_squarefull
707,0,239,23900,100,small-prime recurrence scan,not_squarefull
708,0,5,15,3,small-prime recurrence scan,not_squarefull
709,1,85081,4054449974,47654,small-prime recurrence scan,not_squarefull
710,0,2,2,1,small-prime recurrence scan,not_squarefull
711,0,5,20,4,small-prime recurrence scan,not_squarefull
712,0,3,6,2,small-prime recurrence scan,not_squarefull
713,0,47,235,5,small-prime recurrence scan,not_squarefull
714,0,2,2,1,small-prime recurrence scan,not_squarefull
715,0,23,276,12,small-prime recurrence scan,not_squarefull
716,0,3,3,1,small-prime recurrence scan,not_squarefull
717,0,5,15,3,small-prime recurrence scan,not_squarefull
718,0,2,2,1,small-prime recurrence scan,not_squarefull
719,1,1439,1725361,1199,small-prime recurrence scan,not_squarefull
720,0,7,21,3,small-prime recurrence scan,not_squarefull
721,0,239,47561,199,small-prime recurrence scan,not_squarefull
722,0,2,2,1,small-prime recurrence scan,not_squarefull
723,0,5,10,2,small-prime recurrence scan,not_squarefull
724,0,3,6,2,small-prime recurrence scan,not_squarefull
725,0,41,943,23,small-prime recurrence scan,not_squarefull
726,0,2,2,1,small-prime recurrence scan,not_squarefull
727,1,1453,1852575,1275,small-prime recurrence scan,not_squarefull
728,0,3,3,1,small-prime recurrence scan,not_squarefull
729,0,5,5,1,small-prime recurrence scan,not_squarefull
730,0,2,2,1,small-prime recurrence scan,not_squarefull
731,0,103,7107,69,small-prime recurrence scan,not_squarefull
732,0,5,10,2,small-prime recurrence scan,not_squarefull
733,1,80629,259060977,3213,small-prime recurrence scan,not_squarefull
734,0,2,2,1,small-prime recurrence scan,not_squarefull
735,0,29,696,24,small-prime recurrence scan,not_squarefull
736,0,3,6,2,small-prime recurrence scan,not_squarefull
737,0,23,138,6,small-prime recurrence scan,not_squarefull
738,0,2,2,1,small-prime recurrence scan,not_squarefull
739,1,72421,3935212298,54338,small-prime recurrence scan,not_squarefull
740,0,3,3,1,small-prime recurrence scan,not_squarefull
741,0,5,20,4,small-prime recurrence scan,not_squarefull
742,0,2,2,1,small-prime recurrence scan,not_squarefull
743,1,1487,422308,284,small-prime recurrence scan,not_squarefull
744,0,5,20,4,small-prime recurrence scan,not_squarefull
745,0,29,551,19,small-prime recurrence scan,not_squarefull
746,0,2,2,1,small-prime recurrence scan,not_squarefull
747,0,5,15,3,small-prime recurrence scan,not_squarefull
748,0,3,6,2,small-prime recurrence scan,not_squarefull
749,0,239,37762,158,small-prime recurrence scan,not_squarefull
750,0,2,2,1,small-prime recurrence scan,not_squarefull
751,1,,,,,unresolved_by_search
752,0,3,3,1,small-prime recurrence scan,not_squarefull
753,0,5,10,2,small-prime recurrence scan,not_squarefull
754,0,2,2,1,small-prime recurrence scan,not_squarefull
755,0,29,406,14,small-prime recurrence scan,not_squarefull
756,0,5,5,1,small-prime recurrence scan,not_squarefull
757,1,125448527,10970757701615128,87452264,prime-index congruence search,not_squarefull
758,0,2,2,1,small-prime recurrence scan,not_squarefull
759,0,5,5,1,small-prime recurrence scan,not_squarefull
760,0,3,6,2,small-prime recurrence scan,not_squarefull
761,1,,,,,unresolved_by_search
762,0,2,2,1,small-prime recurrence scan,not_squarefull
763,0,239,4302,18,small-prime recurrence scan,not_squarefull
764,0,3,3,1,small-prime recurrence scan,not_squarefull
765,0,7,7,1,small-prime recurrence scan,not_squarefull
766,0,2,2,1,small-prime recurrence scan,not_squarefull
767,0,79,3713,47,small-prime recurrence scan,not_squarefull
768,0,5,15,3,small-prime recurrence scan,not_squarefull
769,1,18457,11074200,600,small-prime recurrence scan,not_squarefull
770,0,2,2,1,small-prime recurrence scan,not_squarefull
771,0,5,20,4,small-prime recurrence scan,not_squarefull
772,0,3,6,2,small-prime recurrence scan,not_squarefull
773,1,4637,4576719,987,small-prime recurrence scan,not_squarefull
774,0,2,2,1,small-prime recurrence scan,not_squarefull
775,0,29,116,4,small-prime recurrence scan,not_squarefull
776,0,3,3,1,small-prime recurrence scan,not_squarefull
777,0,5,15,3,small-prime recurrence scan,not_squarefull
778,0,2,2,1,small-prime recurrence scan,not_squarefull
779,0,37,1258,34,small-prime recurrence scan,not_squarefull
780,0,7,35,5,small-prime recurrence scan,not_squarefull
781,0,23,391,17,small-prime recurrence scan,not_squarefull
782,0,2,2,1,small-prime recurrence scan,not_squarefull
783,0,5,10,2,small-prime recurrence scan,not_squarefull
784,0,3,6,2,small-prime recurrence scan,not_squarefull
785,0,29,812,28,small-prime recurrence scan,not_squarefull
786,0,2,2,1,small-prime recurrence scan,not_squarefull
787,1,31481,567256139,18019,small-prime recurrence scan,not_squarefull
788,0,3,3,1,small-prime recurrence scan,not_squarefull
789,0,5,5,1,small-prime recurrence scan,not_squarefull
790,0,2,2,1,small-prime recurrence scan,not_squarefull
791,0,239,51624,216,small-prime recurrence scan,not_squarefull
792,0,5,10,2,small-prime recurrence scan,not_squarefull
793,0,79,5214,66,small-prime recurrence scan,not_squarefull
794,0,2,2,1,small-prime recurrence scan,not_squarefull
795,0,7,14,2,small-prime recurrence scan,not_squarefull
796,0,3,6,2,small-prime recurrence scan,not_squarefull
797,1,30584077,17409924664096,569248,prime-index congruence search,not_squarefull
798,0,2,2,1,small-prime recurrence scan,not_squarefull
799,0,103,8755,85,small-prime recurrence scan,not_squarefull
800,0,3,3,1,small-prime recurrence scan,not_squarefull
801,0,5,20,4,small-prime recurrence scan,not_squarefull
802,0,2,2,1,small-prime recurrence scan,not_squarefull
803,0,23,253,11,small-prime recurrence scan,not_squarefull
804,0,5,20,4,small-prime recurrence scan,not_squarefull
805,0,29,522,18,small-prime recurrence scan,not_squarefull
806,0,2,2,1,small-prime recurrence scan,not_squarefull
807,0,5,15,3,small-prime recurrence scan,not_squarefull
808,0,3,6,2,small-prime recurrence scan,not_squarefull
809,1,6473,28409997,4389,small-prime recurrence scan,not_squarefull
810,0,2,2,1,small-prime recurrence scan,not_squarefull
811,1,1621,129680,80,small-prime recurrence scan,not_squarefull
812,0,3,3,1,small-prime recurrence scan,not_squarefull
813,0,5,10,2,small-prime recurrence scan,not_squarefull
814,0,2,2,1,small-prime recurrence scan,not_squarefull
815,0,29,377,13,small-prime recurrence scan,not_squarefull
816,0,5,5,1,small-prime recurrence scan,not_squarefull
817,0,37,518,14,small-prime recurrence scan,not_squarefull
818,0,2,2,1,small-prime recurrence scan,not_squarefull
819,0,5,5,1,small-prime recurrence scan,not_squarefull
820,0,3,6,2,small-prime recurrence scan,not_squarefull
821,1,18061,110659747,6127,small-prime recurrence scan,not_squarefull
822,0,2,2,1,small-prime recurrence scan,not_squarefull
823,1,8231,38381153,4663,small-prime recurrence scan,not_squarefull
824,0,3,3,1,small-prime recurrence scan,not_squarefull
825,0,7,21,3,small-prime recurrence scan,not_squarefull
826,0,2,2,1,small-prime recurrence scan,not_squarefull
827,1,,,,,unresolved_by_search
828,0,5,15,3,small-prime recurrence scan,not_squarefull
829,1,124351,12967446631,104281,small-prime recurrence scan,not_squarefull
830,0,2,2,1,small-prime recurrence scan,not_squarefull
831,0,5,20,4,small-prime recurrence scan,not_squarefull
832,0,3,6,2,small-prime recurrence scan,not_squarefull
833,0,103,9579,93,small-prime recurrence scan,not_squarefull
834,0,2,2,1,small-prime recurrence scan,not_squarefull
835,0,29,87,3,small-prime recurrence scan,not_squarefull
836,0,3,3,1,small-prime recurrence scan,not_squarefull
837,0,5,15,3,small-prime recurrence scan,not_squarefull
838,0,2,2,1,small-prime recurrence scan,not_squarefull
839,1,,,,,unresolved_by_search
840,0,11,99,9,small-prime recurrence scan,not_squarefull
841,0,45413,1794540108,39516,small-prime recurrence scan,not_squarefull
842,0,2,2,1,small-prime recurrence scan,not_squarefull
843,0,5,10,2,small-prime recurrence scan,not_squarefull
844,0,3,6,2,small-prime recurrence scan,not_squarefull
845,0,29,783,27,small-prime recurrence scan,not_squarefull
846,0,2,2,1,small-prime recurrence scan,not_squarefull
847,0,23,506,22,small-prime recurrence scan,not_squarefull
848,0,3,3,1,small-prime recurrence scan,not_squarefull
849,0,5,5,1,small-prime recurrence scan,not_squarefull
850,0,2,2,1,small-prime recurrence scan,not_squarefull
851,0,47,423,9,small-prime recurrence scan,not_squarefull
852,0,5,10,2,small-prime recurrence scan,not_squarefull
853,1,11941,62391725,5225,small-prime recurrence scan,not_squarefull
854,0,2,2,1,small-prime recurrence scan,not_squarefull
855,0,7,28,4,small-prime recurrence scan,not_squarefull
856,0,3,6,2,small-prime recurrence scan,not_squarefull
857,1,160812623,13669813336316292,85004604,prime-index congruence search,not_squarefull
858,0,2,2,1,small-prime recurrence scan,not_squarefull
859,1,343601,6299580734,18334,prime-index congruence search,not_squarefull
860,0,3,3,1,small-prime recurrence scan,not_squarefull
861,0,5,20,4,small-prime recurrence scan,not_squarefull
862,0,2,2,1,small-prime recurrence scan,not_squarefull
863,1,209110079,7307002287712991,34943329,prime-index congruence search,not_squarefull
864,0,5,20,4,small-prime recurrence scan,not_squarefull
865,0,29,493,17,small-prime recurrence scan,not_squarefull
866,0,2,2,1,small-prime recurrence scan,not_squarefull
867,0,5,15,3,small-prime recurrence scan,not_squarefull
868,0,3,6,2,small-prime recurrence scan,not_squarefull
869,0,23,368,16,small-prime recurrence scan,not_squarefull
870,0,2,2,1,small-prime recurrence scan,not_squarefull
871,0,79,3476,44,small-prime recurrence scan,not_squarefull
872,0,3,3,1,small-prime recurrence scan,not_squarefull
873,0,5,10,2,small-prime recurrence scan,not_squarefull
874,0,2,2,1,small-prime recurrence scan,not_squarefull
875,0,29,348,12,small-prime recurrence scan,not_squarefull
876,0,5,5,1,small-prime recurrence scan,not_squarefull
877,1,26309,469457796,17844,small-prime recurrence scan,not_squarefull
878,0,2,2,1,small-prime recurrence scan,not_squarefull
879,0,5,5,1,small-prime recurrence scan,not_squarefull
880,0,3,6,2,small-prime recurrence scan,not_squarefull
881,1,19381,25679825,1325,small-prime recurrence scan,not_squarefull
882,0,2,2,1,small-prime recurrence scan,not_squarefull
883,1,1018981,364716736463,357923,prime-index congruence search,not_squarefull
884,0,3,3,1,small-prime recurrence scan,not_squarefull
885,0,7,35,5,small-prime recurrence scan,not_squarefull
886,0,2,2,1,small-prime recurrence scan,not_squarefull
887,1,10808983,105088942858693,9722371,prime-index congruence search,not_squarefull
888,0,5,15,3,small-prime recurrence scan,not_squarefull
889,0,239,45888,192,small-prime recurrence scan,not_squarefull
890,0,2,2,1,small-prime recurrence scan,not_squarefull
891,0,5,20,4,small-prime recurrence scan,not_squarefull
892,0,3,6,2,small-prime recurrence scan,not_squarefull
893,0,37,407,11,small-prime recurrence scan,not_squarefull
894,0,2,2,1,small-prime recurrence scan,not_squarefull
895,0,29,58,2,small-prime recurrence scan,not_squarefull
896,0,3,3,1,small-prime recurrence scan,not_squarefull
897,0,5,15,3,small-prime recurrence scan,not_squarefull
898,0,2,2,1,small-prime recurrence scan,not_squarefull
899,0,61,732,12,small-prime recurrence scan,not_squarefull
900,0,7,14,2,small-prime recurrence scan,not_squarefull
901,0,103,618,6,small-prime recurrence scan,not_squarefull
902,0,2,2,1,small-prime recurrence scan,not_squarefull
903,0,5,10,2,small-prime recurrence scan,not_squarefull
904,0,3,6,2,small-prime recurrence scan,not_squarefull
905,0,29,754,26,small-prime recurrence scan,not_squarefull
906,0,2,2,1,small-prime recurrence scan,not_squarefull
907,1,159619303,24949253335157614,156304738,prime-index congruence search,not_squarefull
908,0,3,3,1,small-prime recurrence scan,not_squarefull
909,0,5,5,1,small-prime recurrence scan,not_squarefull
910,0,2,2,1,small-prime recurrence scan,not_squarefull
911,1,1823,2572253,1411,small-prime recurrence scan,not_squarefull
912,0,5,10,2,small-prime recurrence scan,not_squarefull
913,0,23,92,4,small-prime recurrence scan,not_squarefull
914,0,2,2,1,small-prime recurrence scan,not_squarefull
915,0,7,42,6,small-prime recurrence scan,not_squarefull
916,0,3,6,2,small-prime recurrence scan,not_squarefull
917,0,239,36089,151,small-prime recurrence scan,not_squarefull
918,0,2,2,1,small-prime recurrence scan,not_squarefull
919,1,4471853,12375388104788,2767396,prime-index congruence search,not_squarefull
920,0,3,3,1,small-prime recurrence scan,not_squarefull
921,0,5,20,4,small-prime recurrence scan,not_squarefull
922,0,2,2,1,small-prime recurrence scan,not_squarefull
923,0,79,237,3,small-prime recurrence scan,not_squarefull
924,0,5,20,4,small-prime recurrence scan,not_squarefull
925,0,29,464,16,small-prime recurrence scan,not_squarefull
926,0,2,2,1,small-prime recurrence scan,not_squarefull
927,0,5,15,3,small-prime recurrence scan,not_squarefull
928,0,3,6,2,small-prime recurrence scan,not_squarefull
929,1,7433,787898,106,small-prime recurrence scan,not_squarefull
930,0,2,2,1,small-prime recurrence scan,not_squarefull
931,0,37,1036,28,small-prime recurrence scan,not_squarefull
932,0,3,3,1,small-prime recurrence scan,not_squarefull
933,0,5,10,2,small-prime recurrence scan,not_squarefull
934,0,2,2,1,small-prime recurrence scan,not_squarefull
935,0,23,483,21,small-prime recurrence scan,not_squarefull
936,0,5,5,1,small-prime recurrence scan,not_squarefull
937,1,,,,,unresolved_by_search
938,0,2,2,1,small-prime recurrence scan,not_squarefull
939,0,5,5,1,small-prime recurrence scan,not_squarefull
940,0,3,6,2,small-prime recurrence scan,not_squarefull
941,1,5358053,27607453811348,5152516,prime-index congruence search,not_squarefull
942,0,2,2,1,small-prime recurrence scan,not_squarefull
943,0,47,2021,43,small-prime recurrence scan,not_squarefull
944,0,3,3,1,small-prime recurrence scan,not_squarefull
945,0,29,174,6,small-prime recurrence scan,not_squarefull
946,0,2,2,1,small-prime recurrence scan,not_squarefull
947,1,545473,20596515007,37759,prime-index congruence search,not_squarefull
948,0,5,15,3,small-prime recurrence scan,not_squarefull
949,0,79,1738,22,small-prime recurrence scan,not_squarefull
950,0,2,2,1,small-prime recurrence scan,not_squarefull
951,0,5,20,4,small-prime recurrence scan,not_squarefull
952,0,3,6,2,small-prime recurrence scan,not_squarefull
953,1,5717,15658863,2739,small-prime recurrence scan,not_squarefull
954,0,2,2,1,small-prime recurrence scan,not_squarefull
955,0,29,29,1,small-prime recurrence scan,not_squarefull
956,0,3,3,1,small-prime recurrence scan,not_squarefull
957,0,5,15,3,small-prime recurrence scan,not_squarefull
958,0,2,2,1,small-prime recurrence scan,not_squarefull
959,0,239,49951,209,small-prime recurrence scan,not_squarefull
960,0,7,28,4,small-prime recurrence scan,not_squarefull
961,0,61,3477,57,small-prime recurrence scan,not_squarefull
962,0,2,2,1,small-prime recurrence scan,not_squarefull
963,0,5,10,2,small-prime recurrence scan,not_squarefull
964,0,3,6,2,small-prime recurrence scan,not_squarefull
965,0,29,725,25,small-prime recurrence scan,not_squarefull
966,0,2,2,1,small-prime recurrence scan,not_squarefull
967,1,1933,711344,368,small-prime recurrence scan,not_squarefull
968,0,3,3,1,small-prime recurrence scan,not_squarefull
969,0,5,5,1,small-prime recurrence scan,not_squarefull
970,0,2,2,1,small-prime recurrence scan,not_squarefull
971,1,54377,1802651927,33151,small-prime recurrence scan,not_squarefull
972,0,5,10,2,small-prime recurrence scan,not_squarefull
973,0,239,16491,69,small-prime recurrence scan,not_squarefull
974,0,2,2,1,small-prime recurrence scan,not_squarefull
975,0,7,7,1,small-prime recurrence scan,not_squarefull
976,0,3,6,2,small-prime recurrence scan,not_squarefull
977,1,5861,29252251,4991,small-prime recurrence scan,not_squarefull
978,0,2,2,1,small-prime recurrence scan,not_squarefull
979,0,23,207,9,small-prime recurrence scan,not_squarefull
980,0,3,3,1,small-prime recurrence scan,not_squarefull
981,0,5,20,4,small-prime recurrence scan,not_squarefull
982,0,2,2,1,small-prime recurrence scan,not_squarefull
983,1,64877,3219391371,49623,small-prime recurrence scan,not_squarefull
984,0,5,20,4,small-prime recurrence scan,not_squarefull
985,0,29,435,15,small-prime recurrence scan,not_squarefull
986,0,2,2,1,small-prime recurrence scan,not_squarefull
987,0,5,15,3,small-prime recurrence scan,not_squarefull
988,0,3,6,2,small-prime recurrence scan,not_squarefull
989,0,47,611,13,small-prime recurrence scan,not_squarefull
990,0,2,2,1,small-prime recurrence scan,not_squarefull
991,1,707573,128132979424,181088,prime-index congruence search,not_squarefull
992,0,3,3,1,small-prime recurrence scan,not_squarefull
993,0,5,10,2,small-prime recurrence scan,not_squarefull
994,0,2,2,1,small-prime recurrence scan,not_squarefull
995,0,29,290,10,small-prime recurrence scan,not_squarefull
996,0,5,5,1,small-prime recurrence scan,not_squarefull
997,1,229309,41013978431,178859,prime-index congruence search,not_squarefull
998,0,2,2,1,small-prime recurrence scan,not_squarefull
999,0,5,5,1,small-prime recurrence scan,not_squarefull
1000,0,3,6,2,small-prime recurrence scan,not_squarefull
1001,0,23,69,3,small-prime recurrence scan,not_squarefull
1002,0,2,2,1,small-prime recurrence scan,not_squarefull
1003,0,103,3090,30,small-prime recurrence scan,not_squarefull
1004,0,3,3,1,small-prime recurrence scan,not_squarefull
1005,0,7,14,2,small-prime recurrence scan,not_squarefull
1006,0,2,2,1,small-prime recurrence scan,not_squarefull
1007,0,37,925,25,small-prime recurrence scan,not_squarefull
1008,0,5,15,3,small-prime recurrence scan,not_squarefull
1009,1,,,,,unresolved_by_search
1010,0,2,2,1,small-prime recurrence scan,not_squarefull
1011,0,5,20,4,small-prime recurrence scan,not_squarefull
1012,0,3,6,2,small-prime recurrence scan,not_squarefull
1013,1,17073101,3785021126195,221695,prime-index congruence search,not_squarefull
1014,0,2,2,1,small-prime recurrence scan,not_squarefull
1015,0,41,984,24,small-prime recurrence scan,not_squarefull
1016,0,3,3,1,small-prime recurrence scan,not_squarefull
1017,0,5,15,3,small-prime recurrence scan,not_squarefull
1018,0,2,2,1,small-prime recurrence scan,not_squarefull
1019,1,2039,3509119,1721,small-prime recurrence scan,not_squarefull
1020,0,7,42,6,small-prime recurrence scan,not_squarefull
1021,1,357349,18626816625,52125,prime-index congruence search,not_squarefull
1022,0,2,2,1,small-prime recurrence scan,not_squarefull
1023,0,5,10,2,small-prime recurrence scan,not_squarefull
1024,0,3,6,2,small-prime recurrence scan,not_squarefull
1025,0,29,696,24,small-prime recurrence scan,not_squarefull
1026,0,2,2,1,small-prime recurrence scan,not_squarefull
1027,0,157,3297,21,small-prime recurrence scan,not_squarefull
1028,0,3,3,1,small-prime recurrence scan,not_squarefull
1029,0,5,5,1,small-prime recurrence scan,not_squarefull
1030,0,2,2,1,small-prime recurrence scan,not_squarefull
1031,1,2063,2873759,1393,small-prime recurrence scan,not_squarefull
1032,0,5,10,2,small-prime recurrence scan,not_squarefull
1033,1,22727,415290471,18273,small-prime recurrence scan,not_squarefull
1034,0,2,2,1,small-prime recurrence scan,not_squarefull
1035,0,7,21,3,small-prime recurrence scan,not_squarefull
1036,0,3,6,2,small-prime recurrence scan,not_squarefull
1037,0,103,3914,38,small-prime recurrence scan,not_squarefull
1038,0,2,2,1,small-prime recurrence scan,not_squarefull
1039,1,10391,18911620,1820,small-prime recurrence scan,not_squarefull
1040,0,3,3,1,small-prime recurrence scan,not_squarefull
1041,0,5,20,4,small-prime recurrence scan,not_squarefull
1042,0,2,2,1,small-prime recurrence scan,not_squarefull
1043,0,239,20554,86,small-prime recurrence scan,not_squarefull
1044,0,5,20,4,small-prime recurrence scan,not_squarefull
1045,0,23,322,14,small-prime recurrence scan,not_squarefull
1046,0,2,2,1,small-prime recurrence scan,not_squarefull
1047,0,5,15,3,small-prime recurrence scan,not_squarefull
1048,0,3,6,2,small-prime recurrence scan,not_squarefull
1049,1,5016317,17329203169739,3454567,prime-index congruence search,not_squarefull
1050,0,2,2,1,small-prime recurrence scan,not_squarefull
1051,1,496073,61953564824,124888,prime-index congruence search,not_squarefull
1052,0,3,3,1,small-prime recurrence scan,not_squarefull
1053,0,5,10,2,small-prime recurrence scan,not_squarefull
1054,0,2,2,1,small-prime recurrence scan,not_squarefull
1055,0,29,261,9,small-prime recurrence scan,not_squarefull
1056,0,5,5,1,small-prime recurrence scan,not_squarefull
1057,0,239,44215,185,small-prime recurrence scan,not_squarefull
1058,0,2,2,1,small-prime recurrence scan,not_squarefull
1059,0,5,5,1,small-prime recurrence scan,not_squarefull
1060,0,3,6,2,small-prime recurrence scan,not_squarefull
1061,1,6367,22755658,3574,small-prime recurrence scan,not_squarefull
1062,0,2,2,1,small-prime recurrence scan,not_squarefull
1063,1,,,,,unresolved_by_search
1064,0,3,3,1,small-prime recurrence scan,not_squarefull
1065,0,7,28,4,small-prime recurrence scan,not_squarefull
1066,0,2,2,1,small-prime recurrence scan,not_squarefull
1067,0,23,184,8,small-prime recurrence scan,not_squarefull
1068,0,5,15,3,small-prime recurrence scan,not_squarefull
1069,1,25657,249001185,9705,small-prime recurrence scan,not_squarefull
1070,0,2,2,1,small-prime recurrence scan,not_squarefull
1071,0,5,20,4,small-prime recurrence scan,not_squarefull
1072,0,3,6,2,small-prime recurrence scan,not_squarefull
1073,0,223,27429,123,small-prime recurrence scan,not_squarefull
1074,0,2,2,1,small-prime recurrence scan,not_squarefull
1075,0,29,812,28,small-prime recurrence scan,not_squarefull
1076,0,3,3,1,small-prime recurrence scan,not_squarefull
1077,0,5,15,3,small-prime recurrence scan,not_squarefull
1078,0,2,2,1,small-prime recurrence scan,not_squarefull
1079,0,79,3002,38,small-prime recurrence scan,not_squarefull
1080,0,7,7,1,small-prime recurrence scan,not_squarefull
1081,0,229,46945,205,small-prime recurrence scan,not_squarefull
1082,0,2,2,1,small-prime recurrence scan,not_squarefull
1083,0,5,10,2,small-prime recurrence scan,not_squarefull
1084,0,3,6,2,small-prime recurrence scan,not_squarefull
1085,0,29,667,23,small-prime recurrence scan,not_squarefull
1086,0,2,2,1,small-prime recurrence scan,not_squarefull
1087,1,323927,70507570455,217665,prime-index congruence search,not_squarefull
1088,0,3,3,1,small-prime recurrence scan,not_squarefull
1089,0,5,5,1,small-prime recurrence scan,not_squarefull
1090,0,2,2,1,small-prime recurrence scan,not_squarefull
1091,1,78553,717031784,9128,small-prime recurrence scan,not_squarefull
1092,0,5,10,2,small-prime recurrence scan,not_squarefull
1093,1,11883097,320712904933,26989,prime-index congruence search,not_squarefull
1094,0,2,2,1,small-prime recurrence scan,not_squarefull
1095,0,7,35,5,small-prime recurrence scan,not_squarefull
1096,0,3,6,2,small-prime recurrence scan,not_squarefull
1097,1,59239,1655730050,27950,small-prime recurrence scan,not_squarefull
1098,0,2,2,1,small-prime recurrence scan,not_squarefull
1099,0,239,956,4,small-prime recurrence scan,not_squarefull
1100,0,3,3,1,small-prime recurrence scan,not_squarefull
1101,0,5,20,4,small-prime recurrence scan,not_squarefull
1102,0,2,2,1,small-prime recurrence scan,not_squarefull
1103,1,2207,4378688,1984,small-prime recurrence scan,not_squarefull
1104,0,5,20,4,small-prime recurrence scan,not_squarefull
1105,0,29,377,13,small-prime recurrence scan,not_squarefull
1106,0,2,2,1,small-prime recurrence scan,not_squarefull
1107,0,5,15,3,small-prime recurrence scan,not_squarefull
1108,0,3,6,2,small-prime recurrence scan,not_squarefull
1109,1,6653,13991259,2103,small-prime recurrence scan,not_squarefull
1110,0,2,2,1,small-prime recurrence scan,not_squarefull
1111,0,23,437,19,small-prime recurrence scan,not_squarefull
1112,0,3,3,1,small-prime recurrence scan,not_squarefull
1113,0,5,10,2,small-prime recurrence scan,not_squarefull
1114,0,2,2,1,small-prime recurrence scan,not_squarefull
1115,0,29,232,8,small-prime recurrence scan,not_squarefull
1116,0,5,5,1,small-prime recurrence scan,not_squarefull
1117,1,6703,26570692,3964,small-prime recurrence scan,not_squarefull
1118,0,2,2,1,small-prime recurrence scan,not_squarefull
1119,0,5,5,1,small-prime recurrence scan,not_squarefull
1120,0,3,6,2,small-prime recurrence scan,not_squarefull
1121,0,37,74,2,small-prime recurrence scan,not_squarefull
1122,0,2,2,1,small-prime recurrence scan,not_squarefull
1123,1,38183,587025442,15374,small-prime recurrence scan,not_squarefull
1124,0,3,3,1,small-prime recurrence scan,not_squarefull
1125,0,7,42,6,small-prime recurrence scan,not_squarefull
1126,0,2,2,1,small-prime recurrence scan,not_squarefull
1127,0,47,799,17,small-prime recurrence scan,not_squarefull
1128,0,5,15,3,small-prime recurrence scan,not_squarefull
1129,1,69997,2991181801,42733,small-prime recurrence scan,not_squarefull
1130,0,2,2,1,small-prime recurrence scan,not_squarefull
1131,0,5,20,4,small-prime recurrence scan,not_squarefull
1132,0,3,6,2,small-prime recurrence scan,not_squarefull
1133,0,23,299,13,small-prime recurrence scan,not_squarefull
1134,0,2,2,1,small-prime recurrence scan,not_squarefull
1135,0,29,783,27,small-prime recurrence scan,not_squarefull
1136,0,3,3,1,small-prime recurrence scan,not_squarefull
1137,0,5,15,3,small-prime recurrence scan,not_squarefull
1138,0,2,2,1,small-prime recurrence scan,not_squarefull
1139,0,103,6386,62,small-prime recurrence scan,not_squarefull
1140,0,7,21,3,small-prime recurrence scan,not_squarefull
1141,0,239,14818,62,small-prime recurrence scan,not_squarefull
1142,0,2,2,1,small-prime recurrence scan,not_squarefull
1143,0,5,10,2,small-prime recurrence scan,not_squarefull
1144,0,3,6,2,small-prime recurrence scan,not_squarefull
1145,0,29,638,22,small-prime recurrence scan,not_squarefull
1146,0,2,2,1,small-prime recurrence scan,not_squarefull
1147,0,61,549,9,small-prime recurrence scan,not_squarefull
1148,0,3,3,1,small-prime recurrence scan,not_squarefull
1149,0,5,5,1,small-prime recurrence scan,not_squarefull
1150,0,2,2,1,small-prime recurrence scan,not_squarefull
1151,1,75967,4917495844,64732,small-prime recurrence scan,not_squarefull
1152,0,5,10,2,small-prime recurrence scan,not_squarefull
1153,1,34591,71949280,2080,small-prime recurrence scan,not_squarefull
1154,0,2,2,1,small-prime recurrence scan,not_squarefull
1155,0,23,161,7,small-prime recurrence scan,not_squarefull
1156,0,3,6,2,small-prime recurrence scan,not_squarefull
1157,0,79,1264,16,small-prime recurrence scan,not_squarefull
1158,0,2,2,1,small-prime recurrence scan,not_squarefull
1159,0,37,703,19,small-prime recurrence scan,not_squarefull
1160,0,3,3,1,small-prime recurrence scan,not_squarefull
1161,0,5,20,4,small-prime recurrence scan,not_squarefull
1162,0,2,2,1,small-prime recurrence scan,not_squarefull
1163,1,58151,65419875,1125,small-prime recurrence scan,not_squarefull
1164,0,5,20,4,small-prime recurrence scan,not_squarefull
1165,0,29,348,12,small-prime recurrence scan,not_squarefull
1166,0,2,2,1,small-prime recurrence scan,not_squarefull
1167,0,5,15,3,small-prime recurrence scan,not_squarefull
1168,0,3,6,2,small-prime recurrence scan,not_squarefull
1169,0,239,5019,21,small-prime recurrence scan,not_squarefull
1170,0,2,2,1,small-prime recurrence scan,not_squarefull
1171,1,2341,4541540,1940,small-prime recurrence scan,not_squarefull
1172,0,3,3,1,small-prime recurrence scan,not_squarefull
1173,0,5,10,2,small-prime recurrence scan,not_squarefull
1174,0,2,2,1,small-prime recurrence scan,not_squarefull
1175,0,29,203,7,small-prime recurrence scan,not_squarefull
1176,0,5,5,1,small-prime recurrence scan,not_squarefull
1177,0,23,23,1,small-prime recurrence scan,not_squarefull
1178,0,2,2,1,small-prime recurrence scan,not_squarefull
1179,0,5,5,1,small-prime recurrence scan,not_squarefull
1180,0,3,6,2,small-prime recurrence scan,not_squarefull
1181,1,,,,,unresolved_by_search
1182,0,2,2,1,small-prime recurrence scan,not_squarefull
1183,0,79,2765,35,small-prime recurrence scan,not_squarefull
1184,0,3,3,1,small-prime recurrence scan,not_squarefull
1185,0,7,7,1,small-prime recurrence scan,not_squarefull
1186,0,2,2,1,small-prime recurrence scan,not_squarefull
1187,1,9497,31083681,3273,small-prime recurrence scan,not_squarefull
1188,0,5,15,3,small-prime recurrence scan,not_squarefull
1189,0,2297,4619267,2011,small-prime recurrence scan,not_squarefull
1190,0,2,2,1,small-prime recurrence scan,not_squarefull
1191,0,5,20,4,small-prime recurrence scan,not_squarefull
1192,0,3,6,2,small-prime recurrence scan,not_squarefull
1193,1,7159,50642766,7074,small-prime recurrence scan,not_squarefull
1194,0,2,2,1,small-prime recurrence scan,not_squarefull
1195,0,29,754,26,small-prime recurrence scan,not_squarefull
1196,0,3,3,1,small-prime recurrence scan,not_squarefull
1197,0,5,15,3,small-prime recurrence scan,not_squarefull
1198,0,2,2,1,small-prime recurrence scan,not_squarefull
1199,0,23,414,18,small-prime recurrence scan,not_squarefull
1200,0,7,35,5,small-prime recurrence scan,not_squarefull
1201,1,727807,143923834250,197750,prime-index congruence search,not_squarefull
1202,0,2,2,1,small-prime recurrence scan,not_squarefull
1203,0,5,10,2,small-prime recurrence scan,not_squarefull
1204,0,3,6,2,small-prime recurrence scan,not_squarefull
1205,0,29,609,21,small-prime recurrence scan,not_squarefull
1206,0,2,2,1,small-prime recurrence scan,not_squarefull
1207,0,103,8034,78,small-prime recurrence scan,not_squarefull
1208,0,3,3,1,small-prime recurrence scan,not_squarefull
1209,0,5,5,1,small-prime recurrence scan,not_squarefull
1210,0,2,2,1,small-prime recurrence scan,not_squarefull
1211,0,239,18881,79,small-prime recurrence scan,not_squarefull
1212,0,5,10,2,small-prime recurrence scan,not_squarefull
1213,1,46093,735506001,15957,small-prime recurrence scan,not_squarefull
1214,0,2,2,1,small-prime recurrence scan,not_squarefull
1215,0,7,14,2,small-prime recurrence scan,not_squarefull
1216,0,3,6,2,small-prime recurrence scan,not_squarefull
1217,1,65719,256961290,3910,small-prime recurrence scan,not_squarefull
1218,0,2,2,1,small-prime recurrence scan,not_squarefull
1219,0,47,188,4,small-prime recurrence scan,not_squarefull
1220,0,3,3,1,small-prime recurrence scan,not_squarefull
1221,0,5,20,4,small-prime recurrence scan,not_squarefull
1222,0,2,2,1,small-prime recurrence scan,not_squarefull
1223,1,2447,22023,9,small-prime recurrence scan,not_squarefull
1224,0,5,20,4,small-prime recurrence scan,not_squarefull
1225,0,29,319,11,small-prime recurrence scan,not_squarefull
1226,0,2,2,1,small-prime recurrence scan,not_squarefull
1227,0,5,15,3,small-prime recurrence scan,not_squarefull
1228,0,3,6,2,small-prime recurrence scan,not_squarefull
1229,1,9833,63167192,6424,small-prime recurrence scan,not_squarefull
1230,0,2,2,1,small-prime recurrence scan,not_squarefull
1231,1,22159,164176031,7409,small-prime recurrence scan,not_squarefull
1232,0,3,3,1,small-prime recurrence scan,not_squarefull
1233,0,5,10,2,small-prime recurrence scan,not_squarefull
1234,0,2,2,1,small-prime recurrence scan,not_squarefull
1235,0,29,174,6,small-prime recurrence scan,not_squarefull
1236,0,5,5,1,small-prime recurrence scan,not_squarefull
1237,1,7488797,9386847577244,1253452,prime-index congruence search,not_squarefull
1238,0,2,2,1,small-prime recurrence scan,not_squarefull
1239,0,5,5,1,small-prime recurrence scan,not_squarefull
1240,0,3,6,2,small-prime recurrence scan,not_squarefull
1241,0,103,8858,86,small-prime recurrence scan,not_squarefull
1242,0,2,2,1,small-prime recurrence scan,not_squarefull
1243,0,23,138,6,small-prime recurrence scan,not_squarefull
1244,0,3,3,1,small-prime recurrence scan,not_squarefull
1245,0,7,21,3,small-prime recurrence scan,not_squarefull
1246,0,2,2,1,small-prime recurrence scan,not_squarefull
1247,0,11437,89917694,7862,small-prime recurrence scan,not_squarefull
1248,0,5,15,3,small-prime recurrence scan,not_squarefull
1249,1,257293,30836051464,119848,prime-index congruence search,not_squarefull
1250,0,2,2,1,small-prime recurrence scan,not_squarefull
1251,0,5,20,4,small-prime recurrence scan,not_squarefull
1252,0,3,6,2,small-prime recurrence scan,not_squarefull
1253,0,239,32743,137,small-prime recurrence scan,not_squarefull
1254,0,2,2,1,small-prime recurrence scan,not_squarefull
1255,0,29,725,25,small-prime recurrence scan,not_squarefull
1256,0,3,3,1,small-prime recurrence scan,not_squarefull
1257,0,5,15,3,small-prime recurrence scan,not_squarefull
1258,0,2,2,1,small-prime recurrence scan,not_squarefull
1259,1,83093,3674040088,44216,small-prime recurrence scan,not_squarefull
1260,0,11,88,8,small-prime recurrence scan,not_squarefull
1261,0,79,1027,13,small-prime recurrence scan,not_squarefull
1262,0,2,2,1,small-prime recurrence scan,not_squarefull
1263,0,5,10,2,small-prime recurrence scan,not_squarefull
1264,0,3,6,2,small-prime recurrence scan,not_squarefull
1265,0,29,580,20,small-prime recurrence scan,not_squarefull
1266,0,2,2,1,small-prime recurrence scan,not_squarefull
1267,0,239,56404,236,small-prime recurrence scan,not_squarefull
1268,0,3,3,1,small-prime recurrence scan,not_squarefull
1269,0,5,5,1,small-prime recurrence scan,not_squarefull
1270,0,2,2,1,small-prime recurrence scan,not_squarefull
1271,0,61,2318,38,small-prime recurrence scan,not_squarefull
1272,0,5,10,2,small-prime recurrence scan,not_squarefull
1273,0,37,1221,33,small-prime recurrence scan,not_squarefull
1274,0,2,2,1,small-prime recurrence scan,not_squarefull
1275,0,7,28,4,small-prime recurrence scan,not_squarefull
1276,0,3,6,2,small-prime recurrence scan,not_squarefull
1277,1,12667841,103963539620967,8206887,prime-index congruence search,not_squarefull
1278,0,2,2,1,small-prime recurrence scan,not_squarefull
1279,1,2557,3480077,1361,small-prime recurrence scan,not_squarefull
1280,0,3,3,1,small-prime recurrence scan,not_squarefull
1281,0,5,20,4,small-prime recurrence scan,not_squarefull
1282,0,2,2,1,small-prime recurrence scan,not_squarefull
1283,1,115471,10558206356,91436,small-prime recurrence scan,not_squarefull
1284,0,5,20,4,small-prime recurrence scan,not_squarefull
1285,0,29,290,10,small-prime recurrence scan,not_squarefull
1286,0,2,2,1,small-prime recurrence scan,not_squarefull
1287,0,5,15,3,small-prime recurrence scan,not_squarefull
1288,0,3,6,2,small-prime recurrence scan,not_squarefull
1289,1,10313,46913837,4549,small-prime recurrence scan,not_squarefull
1290,0,2,2,1,small-prime recurrence scan,not_squarefull
1291,1,,,,,unresolved_by_search
1292,0,3,3,1,small-prime recurrence scan,not_squarefull
1293,0,5,10,2,small-prime recurrence scan,not_squarefull
1294,0,2,2,1,small-prime recurrence scan,not_squarefull
1295,0,29,145,5,small-prime recurrence scan,not_squarefull
1296,0,5,5,1,small-prime recurrence scan,not_squarefull
1297,1,,,,,unresolved_by_search
1298,0,2,2,1,small-prime recurrence scan,not_squarefull
1299,0,5,5,1,small-prime recurrence scan,not_squarefull
1300,0,3,6,2,small-prime recurrence scan,not_squarefull
1301,1,86896393,854493595052068,9833476,prime-index congruence search,not_squarefull
1302,0,2,2,1,small-prime recurrence scan,not_squarefull
1303,1,294479,14387949461,48859,prime-index congruence search,not_squarefull
1304,0,3,3,1,small-prime recurrence scan,not_squarefull
1305,0,7,35,5,small-prime recurrence scan,not_squarefull
1306,0,2,2,1,small-prime recurrence scan,not_squarefull
1307,1,243101,20846396952,85752,prime-index congruence search,not_squarefull
1308,0,5,15,3,small-prime recurrence scan,not_squarefull
1309,0,23,253,11,small-prime recurrence scan,not_squarefull
1310,0,2,2,1,small-prime recurrence scan,not_squarefull
1311,0,5,20,4,small-prime recurrence scan,not_squarefull
1312,0,3,6,2,small-prime recurrence scan,not_squarefull
1313,0,79,4029,51,small-prime recurrence scan,not_squarefull
1314,0,2,2,1,small-prime recurrence scan,not_squarefull
1315,0,29,696,24,small-prime recurrence scan,not_squarefull
1316,0,3,3,1,small-prime recurrence scan,not_squarefull
1317,0,5,15,3,small-prime recurrence scan,not_squarefull
1318,0,2,2,1,small-prime recurrence scan,not_squarefull
1319,1,31657,212861668,6724,small-prime recurrence scan,not_squarefull
1320,0,7,14,2,small-prime recurrence scan,not_squarefull
1321,1,1923377,345175006551,179463,prime-index congruence search,not_squarefull
1322,0,2,2,1,small-prime recurrence scan,not_squarefull
1323,0,5,10,2,small-prime recurrence scan,not_squarefull
1324,0,3,6,2,small-prime recurrence scan,not_squarefull
1325,0,29,551,19,small-prime recurrence scan,not_squarefull
1326,0,2,2,1,small-prime recurrence scan,not_squarefull
1327,1,23887,169143847,7081,small-prime recurrence scan,not_squarefull
1328,0,3,3,1,small-prime recurrence scan,not_squarefull
1329,0,5,5,1,small-prime recurrence scan,not_squarefull
1330,0,2,2,1,small-prime recurrence scan,not_squarefull
1331,0,23,115,5,small-prime recurrence scan,not_squarefull
1332,0,5,10,2,small-prime recurrence scan,not_squarefull
1333,0,61,1342,22,small-prime recurrence scan,not_squarefull
1334,0,2,2,1,small-prime recurrence scan,not_squarefull
1335,0,7,42,6,small-prime recurrence scan,not_squarefull
1336,0,3,6,2,small-prime recurrence scan,not_squarefull
1337,0,239,3346,14,small-prime recurrence scan,not_squarefull
1338,0,2,2,1,small-prime recurrence scan,not_squarefull
1339,0,79,5530,70,small-prime recurrence scan,not_squarefull
1340,0,3,3,1,small-prime recurrence scan,not_squarefull
1341,0,5,20,4,small-prime recurrence scan,not_squarefull
1342,0,2,2,1,small-prime recurrence scan,not_squarefull
1343,0,103,721,7,small-prime recurrence scan,not_squarefull
1344,0,5,20,4,small-prime recurrence scan,not_squarefull
1345,0,29,261,9,small-prime recurrence scan,not_squarefull
1346,0,2,2,1,small-prime recurrence scan,not_squarefull
1347,0,5,15,3,small-prime recurrence scan,not_squarefull
1348,0,3,6,2,small-prime recurrence scan,not_squarefull
1349,0,37,1110,30,small-prime recurrence scan,not_squarefull
1350,0,2,2,1,small-prime recurrence scan,not_squarefull
1351,0,239,27007,113,small-prime recurrence scan,not_squarefull
1352,0,3,3,1,small-prime recurrence scan,not_squarefull
1353,0,5,10,2,small-prime recurrence scan,not_squarefull
1354,0,2,2,1,small-prime recurrence scan,not_squarefull
1355,0,29,116,4,small-prime recurrence scan,not_squarefull
1356,0,5,5,1,small-prime recurrence scan,not_squarefull
1357,0,47,376,8,small-prime recurrence scan,not_squarefull
1358,0,2,2,1,small-prime recurrence scan,not_squarefull
1359,0,5,5,1,small-prime recurrence scan,not_squarefull
1360,0,3,6,2,small-prime recurrence scan,not_squarefull
1361,1,696833,130685454486,187542,prime-index congruence search,not_squarefull
1362,0,2,2,1,small-prime recurrence scan,not_squarefull
1363,0,3761,4893061,1301,small-prime recurrence scan,not_squarefull
1364,0,3,3,1,small-prime recurrence scan,not_squarefull
1365,0,29,812,28,small-prime recurrence scan,not_squarefull
1366,0,2,2,1,small-prime recurrence scan,not_squarefull
1367,1,13669,178653830,13070,small-prime recurrence scan,not_squarefull
1368,0,5,15,3,small-prime recurrence scan,not_squarefull
1369,0,223,40140,180,small-prime recurrence scan,not_squarefull
1370,0,2,2,1,small-prime recurrence scan,not_squarefull
1371,0,5,20,4,small-prime recurrence scan,not_squarefull
1372,0,3,6,2,small-prime recurrence scan,not_squarefull
1373,1,8237,52057840,6320,small-prime recurrence scan,not_squarefull
1374,0,2,2,1,small-prime recurrence scan,not_squarefull
1375,0,23,368,16,small-prime recurrence scan,not_squarefull
1376,0,3,3,1,small-prime recurrence scan,not_squarefull
1377,0,5,15,3,small-prime recurrence scan,not_squarefull
1378,0,2,2,1,small-prime recurrence scan,not_squarefull
1379,0,239,17208,72,small-prime recurrence scan,not_squarefull
1380,0,7,28,4,small-prime recurrence scan,not_squarefull
1381,1,19333,268612702,13894,small-prime recurrence scan,not_squarefull
1382,0,2,2,1,small-prime recurrence scan,not_squarefull
1383,0,5,10,2,small-prime recurrence scan,not_squarefull
1384,0,3,6,2,small-prime recurrence scan,not_squarefull
1385,0,29,522,18,small-prime recurrence scan,not_squarefull
1386,0,2,2,1,small-prime recurrence scan,not_squarefull
1387,0,37,370,10,small-prime recurrence scan,not_squarefull
1388,0,3,3,1,small-prime recurrence scan,not_squarefull
1389,0,5,5,1,small-prime recurrence scan,not_squarefull
1390,0,2,2,1,small-prime recurrence scan,not_squarefull
1391,0,79,2291,29,small-prime recurrence scan,not_squarefull
1392,0,5,10,2,small-prime recurrence scan,not_squarefull
1393,0,239,40869,171,small-prime recurrence scan,not_squarefull
1394,0,2,2,1,small-prime recurrence scan,not_squarefull
1395,0,7,7,1,small-prime recurrence scan,not_squarefull
1396,0,3,6,2,small-prime recurrence scan,not_squarefull
1397,0,23,230,10,small-prime recurrence scan,not_squarefull
1398,0,2,2,1,small-prime recurrence scan,not_squarefull
1399,1,2797,5146480,1840,small-prime recurrence scan,not_squarefull
1400,0,3,3,1,small-prime recurrence scan,not_squarefull
1401,0,5,20,4,small-prime recurrence scan,not_squarefull
1402,0,2,2,1,small-prime recurrence scan,not_squarefull
1403,0,47,1175,25,small-prime recurrence scan,not_squarefull
1404,0,5,20,4,small-prime recurrence scan,not_squarefull
1405,0,29,232,8,small-prime recurrence scan,not_squarefull
1406,0,2,2,1,small-prime recurrence scan,not_squarefull
1407,0,5,15,3,small-prime recurrence scan,not_squarefull
1408,0,3,6,2,small-prime recurrence scan,not_squarefull
1409,1,11273,2806977,249,small-prime recurrence scan,not_squarefull
1410,0,2,2,1,small-prime recurrence scan,not_squarefull
1411,0,103,2369,23,small-prime recurrence scan,not_squarefull
1412,0,3,3,1,small-prime recurrence scan,not_squarefull
1413,0,5,10,2,small-prime recurrence scan,not_squarefull
1414,0,2,2,1,small-prime recurrence scan,not_squarefull
1415,0,29,87,3,small-prime recurrence scan,not_squarefull
1416,0,5,5,1,small-prime recurrence scan,not_squarefull
1417,0,79,3792,48,small-prime recurrence scan,not_squarefull
1418,0,2,2,1,small-prime recurrence scan,not_squarefull
1419,0,5,5,1,small-prime recurrence scan,not_squarefull
1420,0,3,6,2,small-prime recurrence scan,not_squarefull
1421,0,239,31070,130,small-prime recurrence scan,not_squarefull
1422,0,2,2,1,small-prime recurrence scan,not_squarefull
1423,1,993253,488272249017,491589,prime-index congruence search,not_squarefull
1424,0,3,3,1,small-prime recurrence scan,not_squarefull
1425,0,7,14,2,small-prime recurrence scan,not_squarefull
1426,0,2,2,1,small-prime recurrence scan,not_squarefull
1427,1,6978031,31999617306746,4585766,prime-index congruence search,not_squarefull
1428,0,5,15,3,small-prime recurrence scan,not_squarefull
1429,1,145757,2969653118,20374,small-prime recurrence scan,not_squarefull
1430,0,2,2,1,small-prime recurrence scan,not_squarefull
1431,0,5,20,4,small-prime recurrence scan,not_squarefull
1432,0,3,6,2,small-prime recurrence scan,not_squarefull
1433,1,8599,32194656,3744,small-prime recurrence scan,not_squarefull
1434,0,2,2,1,small-prime recurrence scan,not_squarefull
1435,0,29,638,22,small-prime recurrence scan,not_squarefull
1436,0,3,3,1,small-prime recurrence scan,not_squarefull
1437,0,5,15,3,small-prime recurrence scan,not_squarefull
1438,0,2,2,1,small-prime recurrence scan,not_squarefull
1439,1,2879,118039,41,small-prime recurrence scan,not_squarefull
1440,0,7,42,6,small-prime recurrence scan,not_squarefull
1441,0,23,483,21,small-prime recurrence scan,not_squarefull
1442,0,2,2,1,small-prime recurrence scan,not_squarefull
1443,0,5,10,2,small-prime recurrence scan,not_squarefull
1444,0,3,6,2,small-prime recurrence scan,not_squarefull
1445,0,29,493,17,small-prime recurrence scan,not_squarefull
1446,0,2,2,1,small-prime recurrence scan,not_squarefull
1447,1,,,,,unresolved_by_search
1448,0,3,3,1,small-prime recurrence scan,not_squarefull
1449,0,5,5,1,small-prime recurrence scan,not_squarefull
1450,0,2,2,1,small-prime recurrence scan,not_squarefull
1451,1,2903,3750676,1292,small-prime recurrence scan,not_squarefull
1452,0,5,10,2,small-prime recurrence scan,not_squarefull
1453,1,531799,233466142588,439012,prime-index congruence search,not_squarefull
1454,0,2,2,1,small-prime recurrence scan,not_squarefull
1455,0,7,21,3,small-prime recurrence scan,not_squarefull
1456,0,3,6,2,small-prime recurrence scan,not_squarefull
1457,0,61,3111,51,small-prime recurrence scan,not_squarefull
1458,0,2,2,1,small-prime recurrence scan,not_squarefull
1459,1,2917,2068153,709,small-prime recurrence scan,not_squarefull
1460,0,3,3,1,small-prime recurrence scan,not_squarefull
1461,0,5,20,4,small-prime recurrence scan,not_squarefull
1462,0,2,2,1,small-prime recurrence scan,not_squarefull
1463,0,23,345,15,small-prime recurrence scan,not_squarefull
1464,0,5,20,4,small-prime recurrence scan,not_squarefull
1465,0,29,203,7,small-prime recurrence scan,not_squarefull
1466,0,2,2,1,small-prime recurrence scan,not_squarefull
1467,0,5,15,3,small-prime recurrence scan,not_squarefull
1468,0,3,6,2,small-prime recurrence scan,not_squarefull
1469,0,79,553,7,small-prime recurrence scan,not_squarefull
1470,0,2,2,1,small-prime recurrence scan,not_squarefull
1471,1,23537,380852197,16181,small-prime recurrence scan,not_squarefull
1472,0,3,3,1,small-prime recurrence scan,not_squarefull
1473,0,5,10,2,small-prime recurrence scan,not_squarefull
1474,0,2,2,1,small-prime recurrence scan,not_squarefull
1475,0,29,58,2,small-prime recurrence scan,not_squarefull
1476,0,5,5,1,small-prime recurrence scan,not_squarefull
1477,0,239,11472,48,small-prime recurrence scan,not_squarefull
1478,0,2,2,1,small-prime recurrence scan,not_squarefull
1479,0,5,5,1,small-prime recurrence scan,not_squarefull
1480,0,3,6,2,small-prime recurrence scan,not_squarefull
1481,1,8887,50024923,5629,small-prime recurrence scan,not_squarefull
1482,0,2,2,1,small-prime recurrence scan,not_squarefull
1483,1,14831,59754099,4029,small-prime recurrence scan,not_squarefull
1484,0,3,3,1,small-prime recurrence scan,not_squarefull
1485,0,7,28,4,small-prime recurrence scan,not_squarefull
1486,0,2,2,1,small-prime recurrence scan,not_squarefull
1487,1,11897,93022643,7819,small-prime recurrence scan,not_squarefull
1488,0,5,15,3,small-prime recurrence scan,not_squarefull
1489,1,59561,1175078969,19729,small-prime recurrence scan,not_squarefull
1490,0,2,2,1,small-prime recurrence scan,not_squarefull
1491,0,5,20,4,small-prime recurrence scan,not_squarefull
1492,0,3,6,2,small-prime recurrence scan,not_squarefull
1493,1,83609,2862437724,34236,small-prime recurrence scan,not_squarefull
1494,0,2,2,1,small-prime recurrence scan,not_squarefull
1495,0,29,609,21,small-prime recurrence scan,not_squarefull
1496,0,3,3,1,small-prime recurrence scan,not_squarefull
1497,0,5,15,3,small-prime recurrence scan,not_squarefull
1498,0,2,2,1,small-prime recurrence scan,not_squarefull
1499,1,2999,7281572,2428,small-prime recurrence scan,not_squarefull
1500,0,7,7,1,small-prime recurrence scan,not_squarefull
1501,0,37,888,24,small-prime recurrence scan,not_squarefull
1502,0,2,2,1,small-prime recurrence scan,not_squarefull
1503,0,5,10,2,small-prime recurrence scan,not_squarefull
1504,0,3,6,2,small-prime recurrence scan,not_squarefull
1505,0,29,464,16,small-prime recurrence scan,not_squarefull
1506,0,2,2,1,small-prime recurrence scan,not_squarefull
1507,0,23,69,3,small-prime recurrence scan,not_squarefull
1508,0,3,3,1,small-prime recurrence scan,not_squarefull
1509,0,5,5,1,small-prime recurrence scan,not_squarefull
1510,0,2,2,1,small-prime recurrence scan,not_squarefull
1511,1,3023,7094981,2347,small-prime recurrence scan,not_squarefull
1512,0,5,10,2,small-prime recurrence scan,not_squarefull
1513,0,103,4841,47,small-prime recurrence scan,not_squarefull
1514,0,2,2,1,small-prime recurrence scan,not_squarefull
1515,0,7,35,5,small-prime recurrence scan,not_squarefull
1516,0,3,6,2,small-prime recurrence scan,not_squarefull
1517,0,223,21631,97,small-prime recurrence scan,not_squarefull
1518,0,2,2,1,small-prime recurrence scan,not_squarefull
1519,0,61,2135,35,small-prime recurrence scan,not_squarefull
1520,0,3,3,1,small-prime recurrence scan,not_squarefull
1521,0,5,20,4,small-prime recurrence scan,not_squarefull
1522,0,2,2,1,small-prime recurrence scan,not_squarefull
1523,1,,,,,unresolved_by_search
1524,0,5,20,4,small-prime recurrence scan,not_squarefull
1525,0,29,174,6,small-prime recurrence scan,not_squarefull
1526,0,2,2,1,small-prime recurrence scan,not_squarefull
1527,0,5,15,3,small-prime recurrence scan,not_squarefull
1528,0,3,6,2,small-prime recurrence scan,not_squarefull
1529,0,23,460,20,small-prime recurrence scan,not_squarefull
1530,0,2,2,1,small-prime recurrence scan,not_squarefull
1531,1,3061,707091,231,small-prime recurrence scan,not_squarefull
1532,0,3,3,1,small-prime recurrence scan,not_squarefull
1533,0,5,10,2,small-prime recurrence scan,not_squarefull
1534,0,2,2,1,small-prime recurrence scan,not_squarefull
1535,0,29,29,1,small-prime recurrence scan,not_squarefull
1536,0,5,5,1,small-prime recurrence scan,not_squarefull
1537,0,9221,43744424,4744,small-prime recurrence scan,not_squarefull
1538,0,2,2,1,small-prime recurrence scan,not_squarefull
1539,0,5,5,1,small-prime recurrence scan,not_squarefull
1540,0,3,6,2,small-prime recurrence scan,not_squarefull
1541,0,47,1363,29,small-prime recurrence scan,not_squarefull
1542,0,2,2,1,small-prime recurrence scan,not_squarefull
1543,1,138869,1412019992,10168,small-prime recurrence scan,not_squarefull
1544,0,3,3,1,small-prime recurrence scan,not_squarefull
1545,0,7,42,6,small-prime recurrence scan,not_squarefull
1546,0,2,2,1,small-prime recurrence scan,not_squarefull
1547,0,79,5056,64,small-prime recurrence scan,not_squarefull
1548,0,5,15,3,small-prime recurrence scan,not_squarefull
1549,1,740423,24191100256,32672,prime-index congruence search,not_squarefull
1550,0,2,2,1,small-prime recurrence scan,not_squarefull
1551,0,5,20,4,small-prime recurrence scan,not_squarefull
1552,0,3,6,2,small-prime recurrence scan,not_squarefull
1553,1,86969,2199532979,25291,small-prime recurrence scan,not_squarefull
1554,0,2,2,1,small-prime recurrence scan,not_squarefull
1555,0,29,580,20,small-prime recurrence scan,not_squarefull
1556,0,3,3,1,small-prime recurrence scan,not_squarefull
1557,0,5,15,3,small-prime recurrence scan,not_squarefull
1558,0,2,2,1,small-prime recurrence scan,not_squarefull
1559,1,3119,1643713,527,small-prime recurrence scan,not_squarefull
1560,0,7,21,3,small-prime recurrence scan,not_squarefull
1561,0,239,39196,164,small-prime recurrence scan,not_squarefull
1562,0,2,2,1,small-prime recurrence scan,not_squarefull
1563,0,5,10,2,small-prime recurrence scan,not_squarefull
1564,0,3,6,2,small-prime recurrence scan,not_squarefull
1565,0,29,435,15,small-prime recurrence scan,not_squarefull
1566,0,2,2,1,small-prime recurrence scan,not_squarefull
1567,1,15671,97896737,6247,small-prime recurrence scan,not_squarefull
1568,0,3,3,1,small-prime recurrence scan,not_squarefull
1569,0,5,5,1,small-prime recurrence scan,not_squarefull
1570,0,2,2,1,small-prime recurrence scan,not_squarefull
1571,1,430453,102967370771,239207,prime-index congruence search,not_squarefull
1572,0,5,10,2,small-prime recurrence scan,not_squarefull
1573,0,23,184,8,small-prime recurrence scan,not_squarefull
1574,0,2,2,1,small-prime recurrence scan,not_squarefull
1575,0,29,290,10,small-prime recurrence scan,not_squarefull
1576,0,3,6,2,small-prime recurrence scan,not_squarefull
1577,0,37,777,21,small-prime recurrence scan,not_squarefull
1578,0,2,2,1,small-prime recurrence scan,not_squarefull
1579,1,305849143,11451740632622064,37442448,prime-index congruence search,not_squarefull
1580,0,3,3,1,small-prime recurrence scan,not_squarefull
1581,0,5,20,4,small-prime recurrence scan,not_squarefull
1582,0,2,2,1,small-prime recurrence scan,not_squarefull
1583,1,3167,5355397,1691,small-prime recurrence scan,not_squarefull
1584,0,5,20,4,small-prime recurrence scan,not_squarefull
1585,0,29,145,5,small-prime recurrence scan,not_squarefull
1586,0,2,2,1,small-prime recurrence scan,not_squarefull
1587,0,5,15,3,small-prime recurrence scan,not_squarefull
1588,0,3,6,2,small-prime recurrence scan,not_squarefull
1589,0,239,29397,123,small-prime recurrence scan,not_squarefull
1590,0,2,2,1,small-prime recurrence scan,not_squarefull
1591,0,223,37241,167,small-prime recurrence scan,not_squarefull
1592,0,3,3,1,small-prime recurrence scan,not_squarefull
1593,0,5,10,2,small-prime recurrence scan,not_squarefull
1594,0,2,2,1,small-prime recurrence scan,not_squarefull
1595,0,23,46,2,small-prime recurrence scan,not_squarefull
1596,0,5,5,1,small-prime recurrence scan,not_squarefull
1597,1,38329,550366111,14359,small-prime recurrence scan,not_squarefull
1598,0,2,2,1,small-prime recurrence scan,not_squarefull
1599,0,5,5,1,small-prime recurrence scan,not_squarefull
1600,0,3,6,2,small-prime recurrence scan,not_squarefull
1601,1,12809,160240590,12510,small-prime recurrence scan,not_squarefull
1602,0,2,2,1,small-prime recurrence scan,not_squarefull
1603,0,239,53058,222,small-prime recurrence scan,not_squarefull
1604,0,3,3,1,small-prime recurrence scan,not_squarefull
1605,0,7,7,1,small-prime recurrence scan,not_squarefull
1606,0,2,2,1,small-prime recurrence scan,not_squarefull
1607,1,16069,233643260,14540,small-prime recurrence scan,not_squarefull
1608,0,5,15,3,small-prime recurrence scan,not_squarefull
1609,1,6818941,26705107284533,3916313,prime-index congruence search,not_squarefull
1610,0,2,2,1,small-prime recurrence scan,not_squarefull
1611,0,5,20,4,small-prime recurrence scan,not_squarefull
1612,0,3,6,2,small-prime recurrence scan,not_squarefull
1613,1,1958183,1125753532151,574897,prime-index congruence search,not_squarefull
1614,0,2,2,1,small-prime recurrence scan,not_squarefull
1615,0,29,551,19,small-prime recurrence scan,not_squarefull
1616,0,3,3,1,small-prime recurrence scan,not_squarefull
1617,0,5,15,3,small-prime recurrence scan,not_squarefull
1618,0,2,2,1,small-prime recurrence scan,not_squarefull
1619,1,12953,38496316,2972,small-prime recurrence scan,not_squarefull
1620,0,7,35,5,small-prime recurrence scan,not_squarefull
1621,1,,,,,unresolved_by_search
1622,0,2,2,1,small-prime recurrence scan,not_squarefull
1623,0,5,10,2,small-prime recurrence scan,not_squarefull
1624,0,3,6,2,small-prime recurrence scan,not_squarefull
1625,0,29,406,14,small-prime recurrence scan,not_squarefull
1626,0,2,2,1,small-prime recurrence scan,not_squarefull
1627,1,3253,8392740,2580,small-prime recurrence scan,not_squarefull
1628,0,3,3,1,small-prime recurrence scan,not_squarefull
1629,0,5,5,1,small-prime recurrence scan,not_squarefull
1630,0,2,2,1,small-prime recurrence scan,not_squarefull
1631,0,239,43259,181,small-prime recurrence scan,not_squarefull
1632,0,5,10,2,small-prime recurrence scan,not_squarefull
1633,0,47,752,16,small-prime recurrence scan,not_squarefull
1634,0,2,2,1,small-prime recurrence scan,not_squarefull
1635,0,7,14,2,small-prime recurrence scan,not_squarefull
1636,0,3,6,2,small-prime recurrence scan,not_squarefull
1637,1,6953977,38258201528533,5501629,prime-index congruence search,not_squarefull
1638,0,2,2,1,small-prime recurrence scan,not_squarefull
1639,0,23,299,13,small-prime recurrence scan,not_squarefull
1640,0,3,3,1,small-prime recurrence scan,not_squarefull
1641,0,5,20,4,small-prime recurrence scan,not_squarefull
1642,0,2,2,1,small-prime recurrence scan,not_squarefull
1643,0,61,183,3,small-prime recurrence scan,not_squarefull
1644,0,5,20,4,small-prime recurrence scan,not_squarefull
1645,0,29,116,4,small-prime recurrence scan,not_squarefull
1646,0,2,2,1,small-prime recurrence scan,not_squarefull
1647,0,5,15,3,small-prime recurrence scan,not_squarefull
1648,0,3,6,2,small-prime recurrence scan,not_squarefull
1649,0,103,8137,79,small-prime recurrence scan,not_squarefull
1650,0,2,2,1,small-prime recurrence scan,not_squarefull
1651,0,79,4819,61,small-prime recurrence scan,not_squarefull
1652,0,3,3,1,small-prime recurrence scan,not_squarefull
1653,0,5,10,2,small-prime recurrence scan,not_squarefull
1654,0,2,2,1,small-prime recurrence scan,not_squarefull
1655,0,29,812,28,small-prime recurrence scan,not_squarefull
1656,0,5,5,1,small-prime recurrence scan,not_squarefull
1657,1,26513,182886674,6898,small-prime recurrence scan,not_squarefull
1658,0,2,2,1,small-prime recurrence scan,not_squarefull
1659,0,5,5,1,small-prime recurrence scan,not_squarefull
1660,0,3,6,2,small-prime recurrence scan,not_squarefull
1661,0,23,161,7,small-prime recurrence scan,not_squarefull
1662,0,2,2,1,small-prime recurrence scan,not_squarefull
1663,1,16631,119959403,7213,small-prime recurrence scan,not_squarefull
1664,0,3,3,1,small-prime recurrence scan,not_squarefull
1665,0,7,21,3,small-prime recurrence scan,not_squarefull
1666,0,2,2,1,small-prime recurrence scan,not_squarefull
1667,1,,,,,unresolved_by_search
1668,0,5,15,3,small-prime recurrence scan,not_squarefull
1669,1,34768609,258174758121417,7425513,prime-index congruence search,not_squarefull
1670,0,2,2,1,small-prime recurrence scan,not_squarefull
1671,0,5,20,4,small-prime recurrence scan,not_squarefull
1672,0,3,6,2,small-prime recurrence scan,not_squarefull
1673,0,479,183457,383,small-prime recurrence scan,not_squarefull
1674,0,2,2,1,small-prime recurrence scan,not_squarefull
1675,0,29,522,18,small-prime recurrence scan,not_squarefull
1676,0,3,3,1,small-prime recurrence scan,not_squarefull
1677,0,5,15,3,small-prime recurrence scan,not_squarefull
1678,0,2,2,1,small-prime recurrence scan,not_squarefull
1679,0,47,1551,33,small-prime recurrence scan,not_squarefull
1680,0,11,77,7,small-prime recurrence scan,not_squarefull
1681,0,2297,2891923,1259,small-prime recurrence scan,not_squarefull
1682,0,2,2,1,small-prime recurrence scan,not_squarefull
1683,0,5,10,2,small-prime recurrence scan,not_squarefull
1684,0,3,6,2,small-prime recurrence scan,not_squarefull
1685,0,29,377,13,small-prime recurrence scan,not_squarefull
1686,0,2,2,1,small-prime recurrence scan,not_squarefull
1687,0,239,23661,99,small-prime recurrence scan,not_squarefull
1688,0,3,3,1,small-prime recurrence scan,not_squarefull
1689,0,5,5,1,small-prime recurrence scan,not_squarefull
1690,0,2,2,1,small-prime recurrence scan,not_squarefull
1691,0,37,1295,35,small-prime recurrence scan,not_squarefull
1692,0,5,10,2,small-prime recurrence scan,not_squarefull
1693,1,528217,249227570676,471828,prime-index congruence search,not_squarefull
1694,0,2,2,1,small-prime recurrence scan,not_squarefull
1695,0,7,28,4,small-prime recurrence scan,not_squarefull
1696,0,3,6,2,small-prime recurrence scan,not_squarefull
1697,1,10181,76571301,7521,small-prime recurrence scan,not_squarefull
1698,0,2,2,1,small-prime recurrence scan,not_squarefull
1699,1,,,,,unresolved_by_search
1700,0,3,3,1,small-prime recurrence scan,not_squarefull
1701,0,5,20,4,small-prime recurrence scan,not_squarefull
1702,0,2,2,1,small-prime recurrence scan,not_squarefull
1703,0,79,1580,20,small-prime recurrence scan,not_squarefull
1704,0,5,20,4,small-prime recurrence scan,not_squarefull
1705,0,23,414,18,small-prime recurrence scan,not_squarefull
1706,0,2,2,1,small-prime recurrence scan,not_squarefull
1707,0,5,15,3,small-prime recurrence scan,not_squarefull
1708,0,3,6,2,small-prime recurrence scan,not_squarefull
1709,1,10253,65803754,6418,small-prime recurrence scan,not_squarefull
1710,0,2,2,1,small-prime recurrence scan,not_squarefull
1711,0,,,,,unresolved_by_search
1712,0,3,3,1,small-prime recurrence scan,not_squarefull
1713,0,5,10,2,small-prime recurrence scan,not_squarefull
1714,0,2,2,1,small-prime recurrence scan,not_squarefull
1715,0,29,783,27,small-prime recurrence scan,not_squarefull
1716,0,5,5,1,small-prime recurrence scan,not_squarefull
1717,0,103,9785,95,small-prime recurrence scan,not_squarefull
1718,0,2,2,1,small-prime recurrence scan,not_squarefull
1719,0,5,5,1,small-prime recurrence scan,not_squarefull
1720,0,3,6,2,small-prime recurrence scan,not_squarefull
1721,1,382061,142720796855,373555,prime-index congruence search,not_squarefull
1722,0,2,2,1,small-prime recurrence scan,not_squarefull
1723,1,,,,,unresolved_by_search
1724,0,3,3,1,small-prime recurrence scan,not_squarefull
1725,0,7,35,5,small-prime recurrence scan,not_squarefull
1726,0,2,2,1,small-prime recurrence scan,not_squarefull
1727,0,23,276,12,small-prime recurrence scan,not_squarefull
1728,0,5,15,3,small-prime recurrence scan,not_squarefull
1729,0,37,555,15,small-prime recurrence scan,not_squarefull
1730,0,2,2,1,small-prime recurrence scan,not_squarefull
1731,0,5,20,4,small-prime recurrence scan,not_squarefull
1732,0,3,6,2,small-prime recurrence scan,not_squarefull
1733,1,259949,17180289359,66091,prime-index congruence search,not_squarefull
1734,0,2,2,1,small-prime recurrence scan,not_squarefull
1735,0,29,493,17,small-prime recurrence scan,not_squarefull
1736,0,3,3,1,small-prime recurrence scan,not_squarefull
1737,0,5,15,3,small-prime recurrence scan,not_squarefull
1738,0,2,2,1,small-prime recurrence scan,not_squarefull
1739,0,223,18732,84,small-prime recurrence scan,not_squarefull
1740,0,7,14,2,small-prime recurrence scan,not_squarefull
1741,1,125353,7064644374,56358,small-prime recurrence scan,not_squarefull
1742,0,2,2,1,small-prime recurrence scan,not_squarefull
1743,0,5,10,2,small-prime recurrence scan,not_squarefull
1744,0,3,6,2,small-prime recurrence scan,not_squarefull
1745,0,29,348,12,small-prime recurrence scan,not_squarefull
1746,0,2,2,1,small-prime recurrence scan,not_squarefull
1747,1,9269581,10267108420153,1107613,prime-index congruence search,not_squarefull
1748,0,3,3,1,small-prime recurrence scan,not_squarefull
1749,0,5,5,1,small-prime recurrence scan,not_squarefull
1750,0,2,2,1,small-prime recurrence scan,not_squarefull
1751,0,137,959,7,small-prime recurrence scan,not_squarefull
1752,0,5,10,2,small-prime recurrence scan,not_squarefull
1753,1,42073,1456693479,34623,small-prime recurrence scan,not_squarefull
1754,0,2,2,1,small-prime recurrence scan,not_squarefull
1755,0,7,42,6,small-prime recurrence scan,not_squarefull
1756,0,3,6,2,small-prime recurrence scan,not_squarefull
1757,0,239,27724,116,small-prime recurrence scan,not_squarefull
1758,0,2,2,1,small-prime recurrence scan,not_squarefull
1759,1,3517,11247366,3198,small-prime recurrence scan,not_squarefull
1760,0,3,3,1,small-prime recurrence scan,not_squarefull
1761,0,5,20,4,small-prime recurrence scan,not_squarefull
1762,0,2,2,1,small-prime recurrence scan,not_squarefull
1763,0,2297,845296,368,small-prime recurrence scan,not_squarefull
1764,0,5,20,4,small-prime recurrence scan,not_squarefull
1765,0,29,58,2,small-prime recurrence scan,not_squarefull
1766,0,2,2,1,small-prime recurrence scan,not_squarefull
1767,0,5,15,3,small-prime recurrence scan,not_squarefull
1768,0,3,6,2,small-prime recurrence scan,not_squarefull
1769,0,853,438442,514,small-prime recurrence scan,not_squarefull
1770,0,2,2,1,small-prime recurrence scan,not_squarefull
1771,0,47,940,20,small-prime recurrence scan,not_squarefull
1772,0,3,3,1,small-prime recurrence scan,not_squarefull
1773,0,5,10,2,small-prime recurrence scan,not_squarefull
1774,0,2,2,1,small-prime recurrence scan,not_squarefull
1775,0,29,754,26,small-prime recurrence scan,not_squarefull
1776,0,5,5,1,small-prime recurrence scan,not_squarefull
1777,1,10663,31455850,2950,small-prime recurrence scan,not_squarefull
1778,0,2,2,1,small-prime recurrence scan,not_squarefull
1779,0,5,5,1,small-prime recurrence scan,not_squarefull
1780,0,3,6,2,small-prime recurrence scan,not_squarefull
1781,0,79,6083,77,small-prime recurrence scan,not_squarefull
1782,0,2,2,1,small-prime recurrence scan,not_squarefull
1783,1,60623,112698157,1859,small-prime recurrence scan,not_squarefull
1784,0,3,3,1,small-prime recurrence scan,not_squarefull
1785,0,29,609,21,small-prime recurrence scan,not_squarefull
1786,0,2,2,1,small-prime recurrence scan,not_squarefull
1787,1,159371809,23958971891049526,150333814,prime-index congruence search,not_squarefull
1788,0,5,15,3,small-prime recurrence scan,not_squarefull
1789,1,468719,219387208983,468057,prime-index congruence search,not_squarefull
1790,0,2,2,1,small-prime recurrence scan,not_squarefull
1791,0,5,20,4,small-prime recurrence scan,not_squarefull
1792,0,3,6,2,small-prime recurrence scan,not_squarefull
1793,0,23,391,17,small-prime recurrence scan,not_squarefull
1794,0,2,2,1,small-prime recurrence scan,not_squarefull
1795,0,29,464,16,small-prime recurrence scan,not_squarefull
1796,0,3,3,1,small-prime recurrence scan,not_squarefull
1797,0,5,15,3,small-prime recurrence scan,not_squarefull
1798,0,2,2,1,small-prime recurrence scan,not_squarefull
1799,0,239,41586,174,small-prime recurrence scan,not_squarefull
1800,0,7,28,4,small-prime recurrence scan,not_squarefull
1801,1,,,,,unresolved_by_search
1802,0,2,2,1,small-prime recurrence scan,not_squarefull
1803,0,5,10,2,small-prime recurrence scan,not_squarefull
1804,0,3,6,2,small-prime recurrence scan,not_squarefull
1805,0,29,319,11,small-prime recurrence scan,not_squarefull
1806,0,2,2,1,small-prime recurrence scan,not_squarefull
1807,0,79,1343,17,small-prime recurrence scan,not_squarefull
1808,0,3,3,1,small-prime recurrence scan,not_squarefull
1809,0,5,5,1,small-prime recurrence scan,not_squarefull
1810,0,2,2,1,small-prime recurrence scan,not_squarefull
1811,1,3623,11517517,3179,small-prime recurrence scan,not_squarefull
1812,0,5,10,2,small-prime recurrence scan,not_squarefull
1813,0,223,34342,154,small-prime recurrence scan,not_squarefull
1814,0,2,2,1,small-prime recurrence scan,not_squarefull
1815,0,7,7,1,small-prime recurrence scan,not_squarefull
1816,0,3,6,2,small-prime recurrence scan,not_squarefull
1817,0,47,1739,37,small-prime recurrence scan,not_squarefull
1818,0,2,2,1,small-prime recurrence scan,not_squarefull
1819,0,103,1648,16,small-prime recurrence scan,not_squarefull
1820,0,3,3,1,small-prime recurrence scan,not_squarefull
1821,0,5,20,4,small-prime recurrence scan,not_squarefull
1822,0,2,2,1,small-prime recurrence scan,not_squarefull
1823,1,164071,15976741767,97377,small-prime recurrence scan,not_squarefull
1824,0,5,20,4,small-prime recurrence scan,not_squarefull
1825,0,29,29,1,small-prime recurrence scan,not_squarefull
1826,0,2,2,1,small-prime recurrence scan,not_squarefull
1827,0,5,15,3,small-prime recurrence scan,not_squarefull
1828,0,3,6,2,small-prime recurrence scan,not_squarefull
1829,0,61,976,16,small-prime recurrence scan,not_squarefull
1830,0,2,2,1,small-prime recurrence scan,not_squarefull
1831,1,18311,207976338,11358,small-prime recurrence scan,not_squarefull
1832,0,3,3,1,small-prime recurrence scan,not_squarefull
1833,0,5,10,2,small-prime recurrence scan,not_squarefull
1834,0,2,2,1,small-prime recurrence scan,not_squarefull
1835,0,29,725,25,small-prime recurrence scan,not_squarefull
1836,0,5,5,1,small-prime recurrence scan,not_squarefull
1837,0,23,115,5,small-prime recurrence scan,not_squarefull
1838,0,2,2,1,small-prime recurrence scan,not_squarefull
1839,0,5,5,1,small-prime recurrence scan,not_squarefull
1840,0,3,6,2,small-prime recurrence scan,not_squarefull
1841,0,239,55448,232,small-prime recurrence scan,not_squarefull
1842,0,2,2,1,small-prime recurrence scan,not_squarefull
1843,0,37,1073,29,small-prime recurrence scan,not_squarefull
1844,0,3,3,1,small-prime recurrence scan,not_squarefull
1845,0,7,14,2,small-prime recurrence scan,not_squarefull
1846,0,2,2,1,small-prime recurrence scan,not_squarefull
1847,1,,,,,unresolved_by_search
1848,0,5,15,3,small-prime recurrence scan,not_squarefull
1849,0,11437,56647461,4953,small-prime recurrence scan,not_squarefull
1850,0,2,2,1,small-prime recurrence scan,not_squarefull
1851,0,5,20,4,small-prime recurrence scan,not_squarefull
1852,0,3,6,2,small-prime recurrence scan,not_squarefull
1853,0,103,2472,24,small-prime recurrence scan,not_squarefull
1854,0,2,2,1,small-prime recurrence scan,not_squarefull
1855,0,29,435,15,small-prime recurrence scan,not_squarefull
1856,0,3,3,1,small-prime recurrence scan,not_squarefull
1857,0,5,15,3,small-prime recurrence scan,not_squarefull
1858,0,2,2,1,small-prime recurrence scan,not_squarefull
1859,0,23,506,22,small-prime recurrence scan,not_squarefull
1860,0,7,42,6,small-prime recurrence scan,not_squarefull
1861,1,413141,65458886322,158442,prime-index congruence search,not_squarefull
1862,0,2,2,1,small-prime recurrence scan,not_squarefull
1863,0,5,10,2,small-prime recurrence scan,not_squarefull
1864,0,3,6,2,small-prime recurrence scan,not_squarefull
1865,0,29,290,10,small-prime recurrence scan,not_squarefull
1866,0,2,2,1,small-prime recurrence scan,not_squarefull
1867,1,3733,5670427,1519,small-prime recurrence scan,not_squarefull
1868,0,3,3,1,small-prime recurrence scan,not_squarefull
1869,0,5,5,1,small-prime recurrence scan,not_squarefull
1870,0,2,2,1,small-prime recurrence scan,not_squarefull
1871,1,48647,1122967348,23084,small-prime recurrence scan,not_squarefull
1872,0,5,10,2,small-prime recurrence scan,not_squarefull
1873,1,,,,,unresolved_by_search
1874,0,2,2,1,small-prime recurrence scan,not_squarefull
1875,0,7,21,3,small-prime recurrence scan,not_squarefull
1876,0,3,6,2,small-prime recurrence scan,not_squarefull
1877,1,240257,57441604588,239084,prime-index congruence search,not_squarefull
1878,0,2,2,1,small-prime recurrence scan,not_squarefull
1879,1,,,,,unresolved_by_search
1880,0,3,3,1,small-prime recurrence scan,not_squarefull
1881,0,5,20,4,small-prime recurrence scan,not_squarefull
1882,0,2,2,1,small-prime recurrence scan,not_squarefull
1883,0,239,12189,51,small-prime recurrence scan,not_squarefull
1884,0,5,20,4,small-prime recurrence scan,not_squarefull
1885,0,41,1107,27,small-prime recurrence scan,not_squarefull
1886,0,2,2,1,small-prime recurrence scan,not_squarefull
1887,0,5,15,3,small-prime recurrence scan,not_squarefull
1888,0,3,6,2,small-prime recurrence scan,not_squarefull
1889,1,56671,77299244,1364,small-prime recurrence scan,not_squarefull
1890,0,2,2,1,small-prime recurrence scan,not_squarefull
1891,0,853,17060,20,small-prime recurrence scan,not_squarefull
1892,0,3,3,1,small-prime recurrence scan,not_squarefull
1893,0,5,10,2,small-prime recurrence scan,not_squarefull
1894,0,2,2,1,small-prime recurrence scan,not_squarefull
1895,0,29,696,24,small-prime recurrence scan,not_squarefull
1896,0,5,5,1,small-prime recurrence scan,not_squarefull
1897,0,239,35850,150,small-prime recurrence scan,not_squarefull
1898,0,2,2,1,small-prime recurrence scan,not_squarefull
1899,0,5,5,1,small-prime recurrence scan,not_squarefull
1900,0,3,6,2,small-prime recurrence scan,not_squarefull
1901,1,,,,,unresolved_by_search
1902,0,2,2,1,small-prime recurrence scan,not_squarefull
1903,0,23,230,10,small-prime recurrence scan,not_squarefull
1904,0,3,3,1,small-prime recurrence scan,not_squarefull
1905,0,7,28,4,small-prime recurrence scan,not_squarefull
1906,0,2,2,1,small-prime recurrence scan,not_squarefull
1907,1,19069,55338238,2902,small-prime recurrence scan,not_squarefull
1908,0,5,15,3,small-prime recurrence scan,not_squarefull
1909,0,47,1128,24,small-prime recurrence scan,not_squarefull
1910,0,2,2,1,small-prime recurrence scan,not_squarefull
1911,0,5,20,4,small-prime recurrence scan,not_squarefull
1912,0,3,6,2,small-prime recurrence scan,not_squarefull
1913,1,,,,,unresolved_by_search
1914,0,2,2,1,small-prime recurrence scan,not_squarefull
1915,0,29,406,14,small-prime recurrence scan,not_squarefull
1916,0,3,3,1,small-prime recurrence scan,not_squarefull
1917,0,5,15,3,small-prime recurrence scan,not_squarefull
1918,0,2,2,1,small-prime recurrence scan,not_squarefull
1919,0,37,962,26,small-prime recurrence scan,not_squarefull
1920,0,7,7,1,small-prime recurrence scan,not_squarefull
1921,0,103,4120,40,small-prime recurrence scan,not_squarefull
1922,0,2,2,1,small-prime recurrence scan,not_squarefull
1923,0,5,10,2,small-prime recurrence scan,not_squarefull
1924,0,3,6,2,small-prime recurrence scan,not_squarefull
1925,0,23,92,4,small-prime recurrence scan,not_squarefull
1926,0,2,2,1,small-prime recurrence scan,not_squarefull
1927,0,2297,2028251,883,small-prime recurrence scan,not_squarefull
1928,0,3,3,1,small-prime recurrence scan,not_squarefull
1929,0,5,5,1,small-prime recurrence scan,not_squarefull
1930,0,2,2,1,small-prime recurrence scan,not_squarefull
1931,1,3863,9931773,2571,small-prime recurrence scan,not_squarefull
1932,0,5,10,2,small-prime recurrence scan,not_squarefull
1933,1,104381,6062448480,58080,small-prime recurrence scan,not_squarefull
1934,0,2,2,1,small-prime recurrence scan,not_squarefull
1935,0,7,35,5,small-prime recurrence scan,not_squarefull
1936,0,3,6,2,small-prime recurrence scan,not_squarefull
1937,0,79,2607,33,small-prime recurrence scan,not_squarefull
1938,0,2,2,1,small-prime recurrence scan,not_squarefull
1939,0,239,49712,208,small-prime recurrence scan,not_squarefull
1940,0,3,3,1,small-prime recurrence scan,not_squarefull
1941,0,5,20,4,small-prime recurrence scan,not_squarefull
1942,0,2,2,1,small-prime recurrence scan,not_squarefull
1943,0,4289,7033960,1640,small-prime recurrence scan,not_squarefull
1944,0,5,20,4,small-prime recurrence scan,not_squarefull
1945,0,29,812,28,small-prime recurrence scan,not_squarefull
1946,0,2,2,1,small-prime recurrence scan,not_squarefull
1947,0,5,15,3,small-prime recurrence scan,not_squarefull
1948,0,3,6,2,small-prime recurrence scan,not_squarefull
1949,1,573007,312343250665,545095,prime-index congruence search,not_squarefull
1950,0,2,2,1,small-prime recurrence scan,not_squarefull
1951,1,,,,,unresolved_by_search
1952,0,3,3,1,small-prime recurrence scan,not_squarefull
1953,0,5,10,2,small-prime recurrence scan,not_squarefull
1954,0,2,2,1,small-prime recurrence scan,not_squarefull
1955,0,29,667,23,small-prime recurrence scan,not_squarefull
1956,0,5,5,1,small-prime recurrence scan,not_squarefull
1957,0,37,222,6,small-prime recurrence scan,not_squarefull
1958,0,2,2,1,small-prime recurrence scan,not_squarefull
1959,0,5,5,1,small-prime recurrence scan,not_squarefull
1960,0,3,6,2,small-prime recurrence scan,not_squarefull
1961,0,223,15833,71,small-prime recurrence scan,not_squarefull
1962,0,2,2,1,small-prime recurrence scan,not_squarefull
1963,0,79,4108,52,small-prime recurrence scan,not_squarefull
1964,0,3,3,1,small-prime recurrence scan,not_squarefull
1965,0,7,42,6,small-prime recurrence scan,not_squarefull
1966,0,2,2,1,small-prime recurrence scan,not_squarefull
1967,0,239,39913,167,small-prime recurrence scan,not_squarefull
1968,0,5,15,3,small-prime recurrence scan,not_squarefull
1969,0,23,345,15,small-prime recurrence scan,not_squarefull
1970,0,2,2,1,small-prime recurrence scan,not_squarefull
1971,0,5,20,4,small-prime recurrence scan,not_squarefull
1972,0,3,6,2,small-prime recurrence scan,not_squarefull
1973,1,5883487,26611099953305,4523015,prime-index congruence search,not_squarefull
1974,0,2,2,1,small-prime recurrence scan,not_squarefull
1975,0,29,377,13,small-prime recurrence scan,not_squarefull
1976,0,3,3,1,small-prime recurrence scan,not_squarefull
1977,0,5,15,3,small-prime recurrence scan,not_squarefull
1978,0,2,2,1,small-prime recurrence scan,not_squarefull
1979,1,69977441,872716307800195,12471395,prime-index congruence search,not_squarefull
1980,0,7,21,3,small-prime recurrence scan,not_squarefull
1981,0,239,6453,27,small-prime recurrence scan,not_squarefull
1982,0,2,2,1,small-prime recurrence scan,not_squarefull
1983,0,5,10,2,small-prime recurrence scan,not_squarefull
1984,0,3,6,2,small-prime recurrence scan,not_squarefull
1985,0,29,232,8,small-prime recurrence scan,not_squarefull
1986,0,2,2,1,small-prime recurrence scan,not_squarefull
1987,1,9394537,4527001911412,481876,prime-index congruence search,not_squarefull
1988,0,3,3,1,small-prime recurrence scan,not_squarefull
1989,0,5,5,1,small-prime recurrence scan,not_squarefull
1990,0,2,2,1,small-prime recurrence scan,not_squarefull
1991,0,23,207,9,small-prime recurrence scan,not_squarefull
1992,0,5,10,2,small-prime recurrence scan,not_squarefull
1993,1,11959,107810385,9015,small-prime recurrence scan,not_squarefull
1994,0,2,2,1,small-prime recurrence scan,not_squarefull
1995,0,29,87,3,small-prime recurrence scan,not_squarefull
1996,0,3,6,2,small-prime recurrence scan,not_squarefull
1997,1,11981,122433839,10219,small-prime recurrence scan,not_squarefull
1998,0,2,2,1,small-prime recurrence scan,not_squarefull
1999,1,47977,2036911512,42456,small-prime recurrence scan,not_squarefull
2000,0,3,3,1,small-prime recurrence scan,not_squarefull
