WORKDIR: Lean
COMMAND: C:\Users\Admin\.elan\bin\lake.EXE build IUTThreeClosures
⚠ [8712/9224] Replayed IUTThreeClosures.TateParameterUnitBallRegion
warning: IUTThreeClosures/TateParameterUnitBallRegion.lean:1:1: * '-/':
Copyright too short!


Note: This linter can be disabled with `set_option linter.style.header false`
⚠ [8714/9224] Replayed IUTThreeClosures.TateParameterPowerRegions
warning: IUTThreeClosures/TateParameterPowerRegions.lean:1:1: * '-/':
Copyright too short!


Note: This linter can be disabled with `set_option linter.style.header false`
warning: IUTThreeClosures/TateParameterPowerRegions.lean:40:27: This simp argument is unused:
  qPowerRegion

Hint: Omit it from the simp argument list.
  simp [q̵P̵o̵w̵e̵r̵R̵e̵g̵i̵o̵n̵,̵ ̵scaledRegion, smul_eq_mul]

Note: This linter can be disabled with `set_option linter.unusedSimpArgs false`
warning: IUTThreeClosures/TateParameterPowerRegions.lean:40:41: This simp argument is unused:
  scaledRegion

Hint: Omit it from the simp argument list.
  simp [qPowerRegion, sc̵a̵l̵e̵d̵R̵e̵g̵i̵o̵n̵,̵ ̵s̵mul_eq_mul]

Note: This linter can be disabled with `set_option linter.unusedSimpArgs false`
warning: IUTThreeClosures/TateParameterPowerRegions.lean:53:26: This simp argument is unused:
  qPowerRegion

Hint: Omit it from the simp argument list.
  simp [q̵P̵o̵w̵e̵r̵R̵e̵g̵i̵o̵n̵,̵ ̵scaledRegion]

Note: This linter can be disabled with `set_option linter.unusedSimpArgs false`
warning: IUTThreeClosures/TateParameterPowerRegions.lean:53:40: This simp argument is unused:
  scaledRegion

Hint: Omit it from the simp argument list.
  simp [qPowerRegion,̵ ̵s̵c̵a̵l̵e̵d̵R̵e̵g̵i̵o̵n̵]

Note: This linter can be disabled with `set_option linter.unusedSimpArgs false`
⚠ [8715/9224] Replayed IUTThreeClosures.SpectralInd2Preservation
warning: IUTThreeClosures/SpectralInd2Preservation.lean:40:0: automatically included section variable(s) unused in theorem `IUTThreeClosures.mem_spectralIntegralRegion_algEquiv`:
  [Algebra.IsAlgebraic K L]
consider restructuring your `variable` declarations so that the variables are not in scope or explicitly omit them:
  omit [Algebra.IsAlgebraic K L] in theorem ...

Note: This linter can be disabled with `set_option linter.unusedSectionVars false`
warning: IUTThreeClosures/SpectralInd2Preservation.lean:94:0: automatically included section variable(s) unused in theorem `IUTThreeClosures.spectralNorm_algEquiv_pow`:
  [Algebra.IsAlgebraic K L]
consider restructuring your `variable` declarations so that the variables are not in scope or explicitly omit them:
  omit [Algebra.IsAlgebraic K L] in theorem ...

Note: This linter can be disabled with `set_option linter.unusedSectionVars false`
⚠ [8718/9224] Replayed IUTThreeClosures.ChebyshevMultiplePrimeEscape
warning: IUTThreeClosures/ChebyshevMultiplePrimeEscape.lean:85:5: Variable name `hB` is not explicitly referenced.

The binding can be removed (if unused) or named `_` (if used implicitly).

Note: This linter can be disabled with `set_option linter.unusedVariables false`
⚠ [8721/9224] Replayed IUTThreeClosures.FiniteIndexHaarCorrection
warning: IUTThreeClosures/FiniteIndexHaarCorrection.lean:40:0: automatically included section variable(s) unused in theorem `IUTThreeClosures.addSubgroup_index_pos`:
  [MeasurableSpace G]
  [MeasurableAdd G]
consider restructuring your `variable` declarations so that the variables are not in scope or explicitly omit them:
  omit [MeasurableSpace G] [MeasurableAdd G] in theorem ...

Note: This linter can be disabled with `set_option linter.unusedSectionVars false`
⚠ [8727/9224] Replayed IUTThreeClosures.TateThetaRootEquivariantDescent
warning: IUTThreeClosures/TateThetaRootEquivariantDescent.lean:79:0: automatically included section variable(s) unused in theorem `IUTThreeClosures.TateThetaRootPullbackPoint.ext`:
  [CompleteSpace K]
consider restructuring your `variable` declarations so that the variables are not in scope or explicitly omit them:
  omit [CompleteSpace K] in theorem ...

Note: This linter can be disabled with `set_option linter.unusedSectionVars false`
warning: IUTThreeClosures/TateThetaRootEquivariantDescent.lean:180:29: This simp argument is unused:
  mul_assoc

Hint: Omit it from the simp argument list.
  simp [shift, shiftInv,̵ ̵m̵u̵l̵_̵a̵s̵s̵o̵c̵]

Note: This linter can be disabled with `set_option linter.unusedSimpArgs false`
warning: IUTThreeClosures/TateThetaRootEquivariantDescent.lean:181:29: This simp argument is unused:
  mul_assoc

Hint: Omit it from the simp argument list.
  simp [shift, shiftInv,̵ ̵m̵u̵l̵_̵a̵s̵s̵o̵c̵]

Note: This linter can be disabled with `set_option linter.unusedSimpArgs false`
⚠ [8728/9224] Replayed IUTThreeClosures.TateThetaRootDeckFreeness
warning: IUTThreeClosures/TateThetaRootDeckFreeness.lean:123:0: automatically included section variable(s) unused in theorem `IUTThreeClosures.TateThetaRootPullbackPoint.q_pow_eq_one_of_root_pow_eq_one`:
  [CompleteSpace K]
consider restructuring your `variable` declarations so that the variables are not in scope or explicitly omit them:
  omit [CompleteSpace K] in theorem ...

Note: This linter can be disabled with `set_option linter.unusedSectionVars false`
⚠ [8737/9224] Replayed IUTThreeClosures.TateThetaRootRadialSkeleton
warning: IUTThreeClosures/TateThetaRootRadialSkeleton.lean:46:0: automatically included section variable(s) unused in theorem `IUTThreeClosures.TateThetaRootRadialSkeleton.root_norm_pos`:
  [CompleteSpace K]
consider restructuring your `variable` declarations so that the variables are not in scope or explicitly omit them:
  omit [CompleteSpace K] in theorem ...

Note: This linter can be disabled with `set_option linter.unusedSectionVars false`
warning: IUTThreeClosures/TateThetaRootRadialSkeleton.lean:50:0: automatically included section variable(s) unused in theorem `IUTThreeClosures.TateThetaRootRadialSkeleton.root_norm_pow_eq_q_norm`:
  [CompleteSpace K]
consider restructuring your `variable` declarations so that the variables are not in scope or explicitly omit them:
  omit [CompleteSpace K] in theorem ...

Note: This linter can be disabled with `set_option linter.unusedSectionVars false`
warning: IUTThreeClosures/TateThetaRootRadialSkeleton.lean:88:0: automatically included section variable(s) unused in theorem `IUTThreeClosures.TateThetaRootRadialSkeleton.base_norm_pos`:
  [CompleteSpace K]
consider restructuring your `variable` declarations so that the variables are not in scope or explicitly omit them:
  omit [CompleteSpace K] in theorem ...

Note: This linter can be disabled with `set_option linter.unusedSectionVars false`
⚠ [8738/9224] Replayed IUTThreeClosures.TateThetaRootZOrbitProperness
warning: IUTThreeClosures/TateThetaRootZOrbitProperness.lean:165:0: automatically included section variable(s) unused in theorem `IUTThreeClosures.TateThetaRootRadialSkeleton.mem_radialAnnulus`:
  [CompleteSpace K]
consider restructuring your `variable` declarations so that the variables are not in scope or explicitly omit them:
  omit [CompleteSpace K] in theorem ...

Note: This linter can be disabled with `set_option linter.unusedSectionVars false`
⚠ [8739/9224] Replayed IUTThreeClosures.TateThetaRootCompactProperness
warning: IUTThreeClosures/TateThetaRootCompactProperness.lean:41:0: automatically included section variable(s) unused in theorem `IUTThreeClosures.TateThetaRootRadialSkeleton.isRadiallyBounded_of_isCompact`:
  [CompleteSpace K]
consider restructuring your `variable` declarations so that the variables are not in scope or explicitly omit them:
  omit [CompleteSpace K] in theorem ...

Note: This linter can be disabled with `set_option linter.unusedSectionVars false`
⚠ [8740/9224] Replayed IUTThreeClosures.TateThetaRootAmbientTopology
warning: IUTThreeClosures/TateThetaRootAmbientTopology.lean:65:0: automatically included section variable(s) unused in theorem `IUTThreeClosures.TateThetaRootPullbackPoint.continuous_toAmbient`:
  [CompleteSpace K]
consider restructuring your `variable` declarations so that the variables are not in scope or explicitly omit them:
  omit [CompleteSpace K] in theorem ...

Note: This linter can be disabled with `set_option linter.unusedSectionVars false`
ℹ [8764/9224] Replayed IUTThreeClosures.FreyPellSquarebaseAcceptedTheoremAudit2026
info: IUTThreeClosures/FreyPellSquarebaseAcceptedTheoremAudit2026.lean:156:0: 'IUTThreeClosures.squarebase_core_lower_of_squareWeight_upper' depends on axioms: [propext,
 Classical.choice,
 Quot.sound]
info: IUTThreeClosures/FreyPellSquarebaseAcceptedTheoremAudit2026.lean:157:0: 'IUTThreeClosures.squarebase_pointwise_targets_equiv' depends on axioms: [propext, Classical.choice, Quot.sound]
info: IUTThreeClosures/FreyPellSquarebaseAcceptedTheoremAudit2026.lean:158:0: 'IUTThreeClosures.squarebase_of_coefficientOne_radical' depends on axioms: [propext, Classical.choice, Quot.sound]
info: IUTThreeClosures/FreyPellSquarebaseAcceptedTheoremAudit2026.lean:159:0: 'IUTThreeClosures.squarebase_halfRadical_zeroCore_profile' depends on axioms: [propext, Classical.choice, Quot.sound]
info: IUTThreeClosures/FreyPellSquarebaseAcceptedTheoremAudit2026.lean:160:0: 'IUTThreeClosures.squarebase_pointwise_of_prefix_bound' depends on axioms: [propext, Classical.choice, Quot.sound]
ℹ [8765/9224] Replayed IUTThreeClosures.FreyPellCongruentNumberTwistAudit2026
info: IUTThreeClosures/FreyPellCongruentNumberTwistAudit2026.lean:108:0: 'IUTThreeClosures.pellSquarebase_congruent_factors' depends on axioms: [propext, Classical.choice, Quot.sound]
info: IUTThreeClosures/FreyPellCongruentNumberTwistAudit2026.lean:109:0: 'IUTThreeClosures.pellSquarebase_on_congruentCurve' depends on axioms: [propext, Classical.choice, Quot.sound]
info: IUTThreeClosures/FreyPellCongruentNumberTwistAudit2026.lean:110:0: 'IUTThreeClosures.congruent_x_ratio' depends on axioms: [propext, Classical.choice, Quot.sound]
info: IUTThreeClosures/FreyPellCongruentNumberTwistAudit2026.lean:111:0: 'IUTThreeClosures.pellSquarebase_core_injective' depends on axioms: [propext]
ℹ [8770/9224] Replayed IUTThreeClosures.P29SelmerLinearCore
info: IUTThreeClosures/P29SelmerLinearCore.lean:105:0: 'IUTThreeClosures.linearMap_domRestrict_injective_of_le' depends on axioms: [propext, Quot.sound]
info: IUTThreeClosures/P29SelmerLinearCore.lean:106:0: 'IUTThreeClosures.linearMap_domRestrict_ker_eq_bot_of_le' depends on axioms: [propext, Classical.choice, Quot.sound]
info: IUTThreeClosures/P29SelmerLinearCore.lean:107:0: 'IUTThreeClosures.p29_selmer_localization_injective' depends on axioms: [propext, Classical.choice, Quot.sound]
info: IUTThreeClosures/P29SelmerLinearCore.lean:108:0: 'IUTThreeClosures.p29_selmer_localization_ker_eq_bot' depends on axioms: [propext, Classical.choice, Quot.sound]
info: IUTThreeClosures/P29SelmerLinearCore.lean:109:0: 'IUTThreeClosures.pellChebyshevTwentyNine_globalDyadicDimensionLedger' depends on axioms: [propext,
 Classical.choice,
 Quot.sound]
ℹ [8771/9224] Replayed IUTThreeClosures.P29FiniteCore
info: IUTThreeClosures/P29FiniteCore.lean:53:0: 'IUTThreeClosures.p29_two_pow_twentyEight' depends on axioms: [propext, Quot.sound]
info: IUTThreeClosures/P29FiniteCore.lean:54:0: 'IUTThreeClosures.p29_two_pow_fourteen_ne_one' depends on axioms: [propext, Quot.sound]
info: IUTThreeClosures/P29FiniteCore.lean:55:0: 'IUTThreeClosures.p29_two_pow_four_ne_one' depends on axioms: [propext, Quot.sound]
info: IUTThreeClosures/P29FiniteCore.lean:56:0: 'IUTThreeClosures.p29_orderOf_two' depends on axioms: [propext, Classical.choice, Quot.sound]
ℹ [8772/9224] Replayed IUTThreeClosures.P29BDFFactorbaseCore
info: IUTThreeClosures/P29BDFFactorbaseCore.lean:83:0: 'IUTThreeClosures.doubling_surjective_of_closure_eq_top' depends on axioms: [propext, Classical.choice, Quot.sound]
info: IUTThreeClosures/P29BDFFactorbaseCore.lean:84:0: 'IUTThreeClosures.two_torsion_eq_zero_of_generators_are_doubles' depends on axioms: [propext,
 Classical.choice,
 Quot.sound]
info: IUTThreeClosures/P29BDFFactorbaseCore.lean:85:0: 'IUTThreeClosures.subsingleton_of_closure_eq_top_of_generators_eq_zero' depends on axioms: [propext,
 Classical.choice,
 Quot.sound]
info: IUTThreeClosures/P29BDFFactorbaseCore.lean:86:0: 'IUTThreeClosures.eq_zero_of_closure_eq_top_of_generators_eq_zero' depends on axioms: [propext,
 Classical.choice,
 Quot.sound]
⚠ [8773/9224] Replayed IUTThreeClosures.TateThetaRootZAction
warning: IUTThreeClosures/TateThetaRootZAction.lean:184:0: Definition `IUTThreeClosures.TateThetaRootRadialSkeleton.deckMultiplicativeIntAction` of class type must be marked with `@[reducible]` or `@[implicit_reducible]`
⚠ [8774/9224] Replayed IUTThreeClosures.TateThetaRootOrbitQuotientTower
warning: IUTThreeClosures/TateThetaRootOrbitQuotientTower.lean:124:22: This simp argument is unused:
  hsum

Hint: Omit it from the simp argument list.
  simp ̵[̵h̵s̵u̵m̵]̵

Note: This linter can be disabled with `set_option linter.unusedSimpArgs false`
warning: IUTThreeClosures/TateThetaRootOrbitQuotientTower.lean:196:6: try 'simp' instead of 'simpa'

Note: This linter can be disabled with `set_option linter.unnecessarySimpa false`
warning: IUTThreeClosures/TateThetaRootOrbitQuotientTower.lean:220:6: try 'simp' instead of 'simpa'

Note: This linter can be disabled with `set_option linter.unnecessarySimpa false`
ℹ [8775/9224] Replayed IUTThreeClosures.PocklingtonPrimality
info: IUTThreeClosures/PocklingtonPrimality.lean:101:0: 'IUTThreeClosures.factor_dvd_orderOf_of_pow_eq_one' depends on axioms: [propext, Classical.choice, Quot.sound]
info: IUTThreeClosures/PocklingtonPrimality.lean:102:0: 'IUTThreeClosures.pocklington_primality' depends on axioms: [propext, Classical.choice, Quot.sound]
ℹ [8786/9224] Replayed IUTThreeClosures.IUTGeneralTameSquareLabels20260830
info: IUTThreeClosures/IUTGeneralTameSquareLabels20260830.lean:218:0: 'IUTThreeClosures.IUTGeneralTameSquareLabels20260830.exceptional_half_label_unique' depends on axioms: [propext,
 Classical.choice,
 Quot.sound]
info: IUTThreeClosures/IUTGeneralTameSquareLabels20260830.lean:219:0: 'IUTThreeClosures.IUTGeneralTameSquareLabels20260830.exists_index_outside_bad' depends on axioms: [propext,
 Classical.choice,
 Quot.sound]
info: IUTThreeClosures/IUTGeneralTameSquareLabels20260830.lean:220:0: 'IUTThreeClosures.IUTGeneralTameSquareLabels20260830.content_strict_sandwich' depends on axioms: [propext,
 Classical.choice,
 Quot.sound]
info: IUTThreeClosures/IUTGeneralTameSquareLabels20260830.lean:221:0: 'IUTThreeClosures.IUTGeneralTameSquareLabels20260830.pointExponent_neg' depends on axioms: [propext,
 Classical.choice,
 Quot.sound]
info: IUTThreeClosures/IUTGeneralTameSquareLabels20260830.lean:222:0: 'IUTThreeClosures.IUTGeneralTameSquareLabels20260830.wholeExponent_standard_pos' depends on axioms: [propext,
 Classical.choice,
 Quot.sound]
ℹ [8787/9224] Replayed IUTThreeClosures.TraceDualPreidealHull20260831
info: IUTThreeClosures/TraceDualPreidealHull20260831.lean:137:0: 'IUTThreeClosures.TraceDualPreidealHull20260831.integralTraceDual_antitone' depends on axioms: [propext,
 Classical.choice,
 Quot.sound]
info: IUTThreeClosures/TraceDualPreidealHull20260831.lean:138:0: 'IUTThreeClosures.TraceDualPreidealHull20260831.integralTraceDual_prod' depends on axioms: [propext,
 Classical.choice,
 Quot.sound]
info: IUTThreeClosures/TraceDualPreidealHull20260831.lean:139:0: 'IUTThreeClosures.TraceDualPreidealHull20260831.principalOrderIdeal_le_scaled_traceDual' depends on axioms: [propext,
 Classical.choice,
 Quot.sound]
info: IUTThreeClosures/TraceDualPreidealHull20260831.lean:140:0: 'IUTThreeClosures.TraceDualPreidealHull20260831.transportedOrderSpan_le' depends on axioms: [propext,
 Classical.choice,
 Quot.sound]
ℹ [8789/9224] Replayed IUTThreeClosures.IUTFiniteProductProjectionSpan20260831
info: IUTThreeClosures/IUTFiniteProductProjectionSpan20260831.lean:153:0: 'IUTThreeClosures.IUTFiniteProductProjectionSpan20260831.mem_productSpan_iff' depends on axioms: [propext,
 Classical.choice,
 Quot.sound]
info: IUTThreeClosures/IUTFiniteProductProjectionSpan20260831.lean:154:0: 'IUTThreeClosures.IUTFiniteProductProjectionSpan20260831.mem_productSpan_of_mem_coordinateProduct' depends on axioms: [propext,
 Classical.choice,
 Quot.sound]
info: IUTThreeClosures/IUTFiniteProductProjectionSpan20260831.lean:155:0: 'IUTThreeClosures.IUTFiniteProductProjectionSpan20260831.finite_weighted_sum_mono' depends on axioms: [propext,
 Classical.choice,
 Quot.sound]
ℹ [8790/9224] Replayed IUTThreeClosures.ABCThreePrimeSignatures20260831
info: IUTThreeClosures/ABCThreePrimeSignatures20260831.lean:274:0: 'IUTThreeClosures.ABCThreePrimeSignatures20260831.left_eq_one_of_mul_eq_prime_sq_of_lt' depends on axioms: [propext,
 Classical.choice,
 Quot.sound]
info: IUTThreeClosures/ABCThreePrimeSignatures20260831.lean:275:0: 'IUTThreeClosures.ABCThreePrimeSignatures20260831.no_prime_signature_233' depends on axioms: [propext,
 Classical.choice,
 Quot.sound]
info: IUTThreeClosures/ABCThreePrimeSignatures20260831.lean:276:0: 'IUTThreeClosures.ABCThreePrimeSignatures20260831.no_prime_signature_236_output_sixth' depends on axioms: [propext,
 Classical.choice,
 Quot.sound]
info: IUTThreeClosures/ABCThreePrimeSignatures20260831.lean:277:0: 'IUTThreeClosures.ABCThreePrimeSignatures20260831.no_prime_signature_236_output_cube' depends on axioms: [propext,
 Classical.choice,
 Quot.sound]
info: IUTThreeClosures/ABCThreePrimeSignatures20260831.lean:278:0: 'IUTThreeClosures.ABCThreePrimeSignatures20260831.no_prime_signature_236_output_square' depends on axioms: [propext,
 Classical.choice,
 Quot.sound]
ℹ [8791/9224] Replayed IUTThreeClosures.MersenneWieferichTailReduction20260901
info: IUTThreeClosures/MersenneWieferichTailReduction20260901.lean:89:0: 'IUTThreeClosures.MersenneWieferichTailReduction20260901.logMass_decomposition_of_excess_eq_support_mul_deep' depends on axioms: [propext,
 Classical.choice,
 Quot.sound]
info: IUTThreeClosures/MersenneWieferichTailReduction20260901.lean:105:0: 'IUTThreeClosures.MersenneWieferichTailReduction20260901.primePower_excess_le_powerful_le_square' depends on axioms: [propext,
 Classical.choice,
 Quot.sound]
info: IUTThreeClosures/MersenneWieferichTailReduction20260901.lean:152:0: 'IUTThreeClosures.MersenneWieferichTailReduction20260901.finitePowerfulExcess_le_part_le_square' depends on axioms: [propext,
 Classical.choice,
 Quot.sound]
info: IUTThreeClosures/MersenneWieferichTailReduction20260901.lean:170:0: 'IUTThreeClosures.MersenneWieferichTailReduction20260901.logMass_comparison_of_excess_powerful_bounds' depends on axioms: [propext,
 Classical.choice,
 Quot.sound]
info: IUTThreeClosures/MersenneWieferichTailReduction20260901.lean:196:0: 'IUTThreeClosures.MersenneWieferichTailReduction20260901.finitePowerful_logMass_comparison' depends on axioms: [propext,
 Classical.choice,
 Quot.sound]
info: IUTThreeClosures/MersenneWieferichTailReduction20260901.lean:215:0: 'IUTThreeClosures.MersenneWieferichTailReduction20260901.deep_or_large_of_small_control' depends on axioms: [propext,
 Classical.choice,
 Quot.sound]
info: IUTThreeClosures/MersenneWieferichTailReduction20260901.lean:236:0: 'IUTThreeClosures.MersenneWieferichTailReduction20260901.deep_or_transition_or_extreme_of_small_control' depends on axioms: [propext,
 Classical.choice,
 Quot.sound]
info: IUTThreeClosures/MersenneWieferichTailReduction20260901.lean:252:0: 'IUTThreeClosures.MersenneWieferichTailReduction20260901.transitionMass_le_card_mul_cap' depends on axioms: [propext,
 Classical.choice,
 Quot.sound]
info: IUTThreeClosures/MersenneWieferichTailReduction20260901.lean:270:0: 'IUTThreeClosures.MersenneWieferichTailReduction20260901.transitionCard_lowerBound_of_mass' depends on axioms: [propext,
 Classical.choice,
 Quot.sound]
info: IUTThreeClosures/MersenneWieferichTailReduction20260901.lean:289:0: 'IUTThreeClosures.MersenneWieferichTailReduction20260901.transitionCard_lowerBound_of_log_bound' depends on axioms: [propext,
 Classical.choice,
 Quot.sound]
info: IUTThreeClosures/MersenneWieferichTailReduction20260901.lean:358:0: 'IUTThreeClosures.MersenneWieferichTailReduction20260901.repeatedSupport_card_log_budget' depends on axioms: [propext,
 Classical.choice,
 Quot.sound]
info: IUTThreeClosures/MersenneWieferichTailReduction20260901.lean:400:0: 'IUTThreeClosures.MersenneWieferichTailReduction20260901.transitionCard_fixedFraction_of_squareBudget' depends on axioms: [propext,
 Classical.choice,
 Quot.sound]
info: IUTThreeClosures/MersenneWieferichTailReduction20260901.lean:428:0: 'IUTThreeClosures.MersenneWieferichTailReduction20260901.transitionCard_fixedFraction_of_ambientSquareBudget' depends on axioms: [propext,
 Classical.choice,
 Quot.sound]
⚠ [8792/9224] Replayed IUTThreeClosures.SquareCubeMordellTransfer
warning: IUTThreeClosures/SquareCubeMordellTransfer.lean:6:7: Files in mathlib cannot import the whole `Mathlib.Tactic` folder. Doing so would cause imports to be unnecessarily slow.

Note: This linter can be disabled with `set_option linter.style.header false`
info: IUTThreeClosures/SquareCubeMordellTransfer.lean:141:0: 'IUTThreeClosures.SquareCubeMordellTransfer.cube_minus_square_to_mordell' depends on axioms: [propext,
 Classical.choice,
 Quot.sound]
info: IUTThreeClosures/SquareCubeMordellTransfer.lean:142:0: 'IUTThreeClosures.SquareCubeMordellTransfer.square_minus_cube_to_mordell' depends on axioms: [propext,
 Classical.choice,
 Quot.sound]
info: IUTThreeClosures/SquareCubeMordellTransfer.lean:143:0: 'IUTThreeClosures.SquareCubeMordellTransfer.cube_minus_square_common_factor' depends on axioms: [propext]
info: IUTThreeClosures/SquareCubeMordellTransfer.lean:144:0: 'IUTThreeClosures.SquareCubeMordellTransfer.square_minus_cube_common_factor' depends on axioms: [propext]
info: IUTThreeClosures/SquareCubeMordellTransfer.lean:145:0: 'IUTThreeClosures.SquareCubeMordellTransfer.not_coprime_of_common_factor' depends on axioms: [propext, Quot.sound]
info: IUTThreeClosures/SquareCubeMordellTransfer.lean:146:0: 'IUTThreeClosures.SquareCubeMordellTransfer.cube_minus_square_not_coprime' depends on axioms: [propext, Quot.sound]
info: IUTThreeClosures/SquareCubeMordellTransfer.lean:147:0: 'IUTThreeClosures.SquareCubeMordellTransfer.square_minus_cube_not_coprime' depends on axioms: [propext, Quot.sound]
⚠ [8793/9224] Replayed IUTThreeClosures.CoprimeModuliAdjacentNoGo
warning: IUTThreeClosures/CoprimeModuliAdjacentNoGo.lean:42:5: Variable name `hbezout` is not explicitly referenced.

The binding can be removed (if unused) or named `_` (if used implicitly).

Note: This linter can be disabled with `set_option linter.unusedVariables false`
info: IUTThreeClosures/CoprimeModuliAdjacentNoGo.lean:70:0: 'IUTThreeClosures.CoprimeModuliAdjacentNoGo.bezout_adjacent_multiples' depends on axioms: [propext, Quot.sound]
info: IUTThreeClosures/CoprimeModuliAdjacentNoGo.lean:71:0: 'IUTThreeClosures.CoprimeModuliAdjacentNoGo.bezout_adjacent_divisibility' depends on axioms: [propext]
info: IUTThreeClosures/CoprimeModuliAdjacentNoGo.lean:72:0: 'IUTThreeClosures.CoprimeModuliAdjacentNoGo.bezout_adjacent_family' depends on axioms: [propext, Quot.sound]
info: IUTThreeClosures/CoprimeModuliAdjacentNoGo.lean:73:0: 'IUTThreeClosures.CoprimeModuliAdjacentNoGo.bezout_adjacent_positive' depends on axioms: [propext,
 Classical.choice,
 Quot.sound]
ℹ [8794/9224] Replayed IUTThreeClosures.AffineResidualParametrization
info: IUTThreeClosures/AffineResidualParametrization.lean:267:0: 'IUTThreeClosures.AffineResidualParametrization.residual_gap_identity' depends on axioms: [propext, Quot.sound]
info: IUTThreeClosures/AffineResidualParametrization.lean:268:0: 'IUTThreeClosures.AffineResidualParametrization.residual_parameter_identity' depends on axioms: [propext, Quot.sound]
info: IUTThreeClosures/AffineResidualParametrization.lean:269:0: 'IUTThreeClosures.AffineResidualParametrization.common_divisor_iff' depends on axioms: [propext, Quot.sound]
info: IUTThreeClosures/AffineResidualParametrization.lean:270:0: 'IUTThreeClosures.AffineResidualParametrization.residual_parametrization' depends on axioms: [propext, Quot.sound]
info: IUTThreeClosures/AffineResidualParametrization.lean:271:0: 'IUTThreeClosures.AffineResidualParametrization.gap_equation_iff_exists_parameter' depends on axioms: [propext,
 Quot.sound]
info: IUTThreeClosures/AffineResidualParametrization.lean:272:0: 'IUTThreeClosures.AffineResidualParametrization.parameter_unique' depends on axioms: [propext, Quot.sound]
info: IUTThreeClosures/AffineResidualParametrization.lean:273:0: 'IUTThreeClosures.AffineResidualParametrization.residual_cross_determinant' depends on axioms: [propext, Quot.sound]
info: IUTThreeClosures/AffineResidualParametrization.lean:274:0: 'IUTThreeClosures.AffineResidualParametrization.endpoint_gap_identity' depends on axioms: [propext, Quot.sound]
info: IUTThreeClosures/AffineResidualParametrization.lean:275:0: 'IUTThreeClosures.AffineResidualParametrization.endpoint_cross_determinant' depends on axioms: [propext, Quot.sound]
info: IUTThreeClosures/AffineResidualParametrization.lean:276:0: 'IUTThreeClosures.AffineResidualParametrization.endpoint_positive' depends on axioms: [propext,
 Classical.choice,
 Quot.sound]
info: IUTThreeClosures/AffineResidualParametrization.lean:277:0: 'IUTThreeClosures.AffineResidualParametrization.gap_one_residual_bezout' depends on axioms: [propext,
 Classical.choice,
 Quot.sound]
info: IUTThreeClosures/AffineResidualParametrization.lean:278:0: 'IUTThreeClosures.AffineResidualParametrization.common_divisor_dvd_one_of_gap_one' depends on axioms: [propext,
 Quot.sound]
ℹ [8795/9224] Replayed IUTThreeClosures.AffinePrimitiveEndpointFamily
info: IUTThreeClosures/AffinePrimitiveEndpointFamily.lean:184:0: 'IUTThreeClosures.AffinePrimitiveEndpointFamily.gap_leftEndpoint_bezout' depends on axioms: [propext, Quot.sound]
info: IUTThreeClosures/AffinePrimitiveEndpointFamily.lean:185:0: 'IUTThreeClosures.AffinePrimitiveEndpointFamily.gap_rightEndpoint_bezout' depends on axioms: [propext, Quot.sound]
info: IUTThreeClosures/AffinePrimitiveEndpointFamily.lean:186:0: 'IUTThreeClosures.AffinePrimitiveEndpointFamily.endpoint_pair_bezout' depends on axioms: [propext, Quot.sound]
info: IUTThreeClosures/AffinePrimitiveEndpointFamily.lean:187:0: 'IUTThreeClosures.AffinePrimitiveEndpointFamily.primitive_endpoint_bezout_certificates' depends on axioms: [propext,
 Quot.sound]
info: IUTThreeClosures/AffinePrimitiveEndpointFamily.lean:188:0: 'IUTThreeClosures.AffinePrimitiveEndpointFamily.lift_coprimality_certificate_one_mod_gap' depends on axioms: [propext,
 Quot.sound]
info: IUTThreeClosures/AffinePrimitiveEndpointFamily.lean:189:0: 'IUTThreeClosures.AffinePrimitiveEndpointFamily.exists_pairwise_bezout_certificates_one_mod_gap' depends on axioms: [propext,
 Quot.sound]
info: IUTThreeClosures/AffinePrimitiveEndpointFamily.lean:190:0: 'IUTThreeClosures.AffinePrimitiveEndpointFamily.residual_common_divisor_dvd_one_one_mod_gap' depends on axioms: [propext,
 Quot.sound]
info: IUTThreeClosures/AffinePrimitiveEndpointFamily.lean:191:0: 'IUTThreeClosures.AffinePrimitiveEndpointFamily.one_mod_gap_parameter_injective' depends on axioms: [propext,
 Classical.choice,
 Quot.sound]
info: IUTThreeClosures/AffinePrimitiveEndpointFamily.lean:192:0: 'IUTThreeClosures.AffinePrimitiveEndpointFamily.one_mod_gap_residual_pair_injective' depends on axioms: [propext,
 Classical.choice,
 Quot.sound]
ℹ [8796/9224] Replayed IUTThreeClosures.AffineResidualDiscriminant
info: IUTThreeClosures/AffineResidualDiscriminant.lean:192:0: 'IUTThreeClosures.AffineResidualDiscriminant.residualProduct_expansion' depends on axioms: [propext, Quot.sound]
info: IUTThreeClosures/AffineResidualDiscriminant.lean:193:0: 'IUTThreeClosures.AffineResidualDiscriminant.residualDiscriminantLinear_expansion' depends on axioms: [propext,
 Quot.sound]
info: IUTThreeClosures/AffineResidualDiscriminant.lean:194:0: 'IUTThreeClosures.AffineResidualDiscriminant.residual_discriminant_identity' depends on axioms: [propext, Quot.sound]
info: IUTThreeClosures/AffineResidualDiscriminant.lean:195:0: 'IUTThreeClosures.AffineResidualDiscriminant.common_divisor_product_discriminant_dvd_gap_sq' depends on axioms: [propext,
 Quot.sound]
info: IUTThreeClosures/AffineResidualDiscriminant.lean:196:0: 'IUTThreeClosures.AffineResidualDiscriminant.not_dvd_discriminant_of_dvd_product_of_not_dvd_gap_sq' depends on axioms: [propext,
 Quot.sound]
info: IUTThreeClosures/AffineResidualDiscriminant.lean:197:0: 'IUTThreeClosures.AffineResidualDiscriminant.residualA_sub' depends on axioms: [propext, Quot.sound]
info: IUTThreeClosures/AffineResidualDiscriminant.lean:198:0: 'IUTThreeClosures.AffineResidualDiscriminant.residualB_sub' depends on axioms: [propext, Quot.sound]
info: IUTThreeClosures/AffineResidualDiscriminant.lean:199:0: 'IUTThreeClosures.AffineResidualDiscriminant.residualDiscriminantLinear_sub' depends on axioms: [propext, Quot.sound]
info: IUTThreeClosures/AffineResidualDiscriminant.lean:200:0: 'IUTThreeClosures.AffineResidualDiscriminant.residualA_root_class_rigid' depends on axioms: [propext, Quot.sound]
info: IUTThreeClosures/AffineResidualDiscriminant.lean:201:0: 'IUTThreeClosures.AffineResidualDiscriminant.residualB_root_class_rigid' depends on axioms: [propext, Quot.sound]
info: IUTThreeClosures/AffineResidualDiscriminant.lean:202:0: 'IUTThreeClosures.AffineResidualDiscriminant.common_divisor_residual_factors_dvd_gap' depends on axioms: [propext,
 Quot.sound]
info: IUTThreeClosures/AffineResidualDiscriminant.lean:203:0: 'IUTThreeClosures.AffineResidualDiscriminant.not_both_residual_factors_of_not_dvd_gap' depends on axioms: [propext,
 Quot.sound]
ℹ [8797/9224] Replayed IUTThreeClosures.AffineResidualTrivialSlice
info: IUTThreeClosures/AffineResidualTrivialSlice.lean:111:0: 'IUTThreeClosures.AffineResidualTrivialSlice.trivial_bezout' depends on axioms: [propext]
info: IUTThreeClosures/AffineResidualTrivialSlice.lean:112:0: 'IUTThreeClosures.AffineResidualTrivialSlice.residualA_trivial' depends on axioms: [propext, Quot.sound]
info: IUTThreeClosures/AffineResidualTrivialSlice.lean:113:0: 'IUTThreeClosures.AffineResidualTrivialSlice.residualB_trivial' depends on axioms: [propext]
info: IUTThreeClosures/AffineResidualTrivialSlice.lean:114:0: 'IUTThreeClosures.AffineResidualTrivialSlice.residualProduct_trivial' depends on axioms: [propext, Quot.sound]
info: IUTThreeClosures/AffineResidualTrivialSlice.lean:115:0: 'IUTThreeClosures.AffineResidualTrivialSlice.residualDiscriminantLinear_trivial' depends on axioms: [propext,
 Quot.sound]
info: IUTThreeClosures/AffineResidualTrivialSlice.lean:116:0: 'IUTThreeClosures.AffineResidualTrivialSlice.trivial_discriminant_identity' depends on axioms: [propext, Quot.sound]
info: IUTThreeClosures/AffineResidualTrivialSlice.lean:117:0: 'IUTThreeClosures.AffineResidualTrivialSlice.every_gap_pair_is_trivial_slice' depends on axioms: [propext,
 Classical.choice,
 Quot.sound]
info: IUTThreeClosures/AffineResidualTrivialSlice.lean:118:0: 'IUTThreeClosures.AffineResidualTrivialSlice.every_gap_pair_is_trivial_endpoint_slice' depends on axioms: [propext,
 Classical.choice,
 Quot.sound]
info: IUTThreeClosures/AffineResidualTrivialSlice.lean:119:0: 'IUTThreeClosures.AffineResidualTrivialSlice.gap_pair_product_eq_trivial_residualProduct' depends on axioms: [propext,
 Classical.choice,
 Quot.sound]
⚠ [8798/9224] Replayed IUTThreeClosures.SharedSupportAffineContact
warning: IUTThreeClosures/SharedSupportAffineContact.lean:88:24: Used `tac1 <;> tac2` where `(tac1; tac2)` would suffice

Note: This linter can be disabled with `set_option linter.unnecessarySeqFocus false`
info: IUTThreeClosures/SharedSupportAffineContact.lean:168:0: 'IUTThreeClosures.SharedSupportAffineContact.left_contact_identity' depends on axioms: [propext,
 Classical.choice,
 Quot.sound]
info: IUTThreeClosures/SharedSupportAffineContact.lean:169:0: 'IUTThreeClosures.SharedSupportAffineContact.right_contact_identity' depends on axioms: [propext,
 Classical.choice,
 Quot.sound]
info: IUTThreeClosures/SharedSupportAffineContact.lean:170:0: 'IUTThreeClosures.SharedSupportAffineContact.left_shared_support_dvd_contact' depends on axioms: [propext,
 Classical.choice,
 Quot.sound]
info: IUTThreeClosures/SharedSupportAffineContact.lean:171:0: 'IUTThreeClosures.SharedSupportAffineContact.right_shared_support_dvd_contact' depends on axioms: [propext,
 Classical.choice,
 Quot.sound]
info: IUTThreeClosures/SharedSupportAffineContact.lean:172:0: 'IUTThreeClosures.SharedSupportAffineContact.shared_support_product_dvd_quadratic_contact' depends on axioms: [propext,
 Classical.choice,
 Quot.sound]
info: IUTThreeClosures/SharedSupportAffineContact.lean:173:0: 'IUTThreeClosures.SharedSupportAffineContact.shared_support_product_natAbs_le_quadratic_contact_natAbs' depends on axioms: [propext,
 Classical.choice,
 Quot.sound]
info: IUTThreeClosures/SharedSupportAffineContact.lean:174:0: 'IUTThreeClosures.SharedSupportAffineContact.left_contact_ne_zero_of_positive' depends on axioms: [propext,
 Classical.choice,
 Quot.sound]
info: IUTThreeClosures/SharedSupportAffineContact.lean:175:0: 'IUTThreeClosures.SharedSupportAffineContact.right_residual_eq_of_right_contact_zero' depends on axioms: [propext,
 Classical.choice,
 Quot.sound]
info: IUTThreeClosures/SharedSupportAffineContact.lean:176:0: 'IUTThreeClosures.SharedSupportAffineContact.positive_shared_support_contact_dichotomy' depends on axioms: [propext,
 Classical.choice,
 Quot.sound]
⚠ [8799/9224] Replayed IUTThreeClosures.SharedSupportScaledContact
warning: IUTThreeClosures/SharedSupportScaledContact.lean:7:7: Files in mathlib cannot import the whole `Mathlib.Tactic` folder. Doing so would cause imports to be unnecessarily slow.

Note: This linter can be disabled with `set_option linter.style.header false`
info: IUTThreeClosures/SharedSupportScaledContact.lean:104:0: 'IUTThreeClosures.SharedSupportScaledContact.scaled_left_contact_identity' depends on axioms: [propext,
 Classical.choice,
 Quot.sound]
info: IUTThreeClosures/SharedSupportScaledContact.lean:105:0: 'IUTThreeClosures.SharedSupportScaledContact.scaled_right_contact_identity' depends on axioms: [propext,
 Classical.choice,
 Quot.sound]
info: IUTThreeClosures/SharedSupportScaledContact.lean:106:0: 'IUTThreeClosures.SharedSupportScaledContact.opposite_modulus_mul_left_support_dvd' depends on axioms: [propext,
 Classical.choice,
 Quot.sound]
info: IUTThreeClosures/SharedSupportScaledContact.lean:107:0: 'IUTThreeClosures.SharedSupportScaledContact.opposite_modulus_mul_right_support_dvd' depends on axioms: [propext,
 Classical.choice,
 Quot.sound]
info: IUTThreeClosures/SharedSupportScaledContact.lean:108:0: 'IUTThreeClosures.SharedSupportScaledContact.opposite_modulus_mul_left_support_natAbs_le' depends on axioms: [propext,
 Classical.choice,
 Quot.sound]
info: IUTThreeClosures/SharedSupportScaledContact.lean:109:0: 'IUTThreeClosures.SharedSupportScaledContact.opposite_modulus_mul_right_support_natAbs_le' depends on axioms: [propext,
 Classical.choice,
 Quot.sound]
⚠ [8800/9224] Replayed IUTThreeClosures.SharedSupportContactQuadratics
warning: IUTThreeClosures/SharedSupportContactQuadratics.lean:7:7: Files in mathlib cannot import the whole `Mathlib.Tactic` folder. Doing so would cause imports to be unnecessarily slow.

Note: This linter can be disabled with `set_option linter.style.header false`
info: IUTThreeClosures/SharedSupportContactQuadratics.lean:119:0: 'IUTThreeClosures.SharedSupportContactQuadratics.left_contact_quadratic_identity' depends on axioms: [propext,
 Classical.choice,
 Quot.sound]
info: IUTThreeClosures/SharedSupportContactQuadratics.lean:120:0: 'IUTThreeClosures.SharedSupportContactQuadratics.right_contact_quadratic_identity' depends on axioms: [propext,
 Classical.choice,
 Quot.sound]
info: IUTThreeClosures/SharedSupportContactQuadratics.lean:121:0: 'IUTThreeClosures.SharedSupportContactQuadratics.left_contact_discriminant_identity' depends on axioms: [propext,
 Classical.choice,
 Quot.sound]
info: IUTThreeClosures/SharedSupportContactQuadratics.lean:122:0: 'IUTThreeClosures.SharedSupportContactQuadratics.right_contact_discriminant_identity' depends on axioms: [propext,
 Classical.choice,
 Quot.sound]
info: IUTThreeClosures/SharedSupportContactQuadratics.lean:123:0: 'IUTThreeClosures.SharedSupportContactQuadratics.gap_mul_left_support_dvd_quadratic' depends on axioms: [propext,
 Classical.choice,
 Quot.sound]
info: IUTThreeClosures/SharedSupportContactQuadratics.lean:124:0: 'IUTThreeClosures.SharedSupportContactQuadratics.gap_mul_left_shared_support_dvd_quadratic' depends on axioms: [propext,
 Classical.choice,
 Quot.sound]
info: IUTThreeClosures/SharedSupportContactQuadratics.lean:125:0: 'IUTThreeClosures.SharedSupportContactQuadratics.gap_mul_right_shared_support_dvd_quadratic' depends on axioms: [propext,
 Classical.choice,
 Quot.sound]
ℹ [8801/9224] Replayed IUTThreeClosures.CanonicalEndpointContactDepth
info: IUTThreeClosures/CanonicalEndpointContactDepth.lean:161:0: 'IUTThreeClosures.CanonicalEndpointContactDepth.factorization_mul_squarefree_eq_add_one' depends on axioms: [propext,
 Classical.choice,
 Quot.sound]
info: IUTThreeClosures/CanonicalEndpointContactDepth.lean:162:0: 'IUTThreeClosures.CanonicalEndpointContactDepth.left_cross_contact_depth' depends on axioms: [propext,
 Classical.choice,
 Quot.sound]
info: IUTThreeClosures/CanonicalEndpointContactDepth.lean:163:0: 'IUTThreeClosures.CanonicalEndpointContactDepth.right_cross_contact_depth' depends on axioms: [propext,
 Classical.choice,
 Quot.sound]
info: IUTThreeClosures/CanonicalEndpointContactDepth.lean:164:0: 'IUTThreeClosures.CanonicalEndpointContactDepth.left_contact_prime_pow_dvd' depends on axioms: [propext,
 Classical.choice,
 Quot.sound]
info: IUTThreeClosures/CanonicalEndpointContactDepth.lean:165:0: 'IUTThreeClosures.CanonicalEndpointContactDepth.left_contact_next_prime_pow_not_dvd' depends on axioms: [propext,
 Classical.choice,
 Quot.sound]
info: IUTThreeClosures/CanonicalEndpointContactDepth.lean:166:0: 'IUTThreeClosures.CanonicalEndpointContactDepth.right_contact_prime_pow_dvd' depends on axioms: [propext,
 Classical.choice,
 Quot.sound]
info: IUTThreeClosures/CanonicalEndpointContactDepth.lean:167:0: 'IUTThreeClosures.CanonicalEndpointContactDepth.right_contact_next_prime_pow_not_dvd' depends on axioms: [propext,
 Classical.choice,
 Quot.sound]
info: IUTThreeClosures/CanonicalEndpointContactDepth.lean:168:0: 'IUTThreeClosures.CanonicalEndpointContactDepth.weighted_contact_excess_eq_exponent_height' depends on axioms: [propext,
 Classical.choice,
 Quot.sound]
ℹ [8802/9224] Replayed IUTThreeClosures.OneSidedContactCoefficientLedger
info: IUTThreeClosures/OneSidedContactCoefficientLedger.lean:69:0: 'IUTThreeClosures.OneSidedContactCoefficientLedger.height_bound_iff_right_exponent_bound' depends on axioms: [propext,
 Classical.choice,
 Quot.sound]
info: IUTThreeClosures/OneSidedContactCoefficientLedger.lean:70:0: 'IUTThreeClosures.OneSidedContactCoefficientLedger.height_bound_of_right_exponent_bound' depends on axioms: [propext,
 Classical.choice,
 Quot.sound]
info: IUTThreeClosures/OneSidedContactCoefficientLedger.lean:71:0: 'IUTThreeClosures.OneSidedContactCoefficientLedger.full_right_support_charge_has_coefficient_loss' depends on axioms: [propext,
 Classical.choice,
 Quot.sound]
⚠ [8803/9224] Replayed IUTThreeClosures.PositiveRightContactClosure
warning: IUTThreeClosures/PositiveRightContactClosure.lean:36:5: Variable name `hr` is not explicitly referenced.

The binding can be removed (if unused) or named `_` (if used implicitly).

Note: This linter can be disabled with `set_option linter.unusedVariables false`
info: IUTThreeClosures/PositiveRightContactClosure.lean:107:0: 'IUTThreeClosures.PositiveRightContactClosure.right_support_le_two_left_residual' depends on axioms: [propext,
 Classical.choice,
 Quot.sound]
info: IUTThreeClosures/PositiveRightContactClosure.lean:108:0: 'IUTThreeClosures.PositiveRightContactClosure.right_modulus_le_two_left_residual' depends on axioms: [propext,
 Classical.choice,
 Quot.sound]
info: IUTThreeClosures/PositiveRightContactClosure.lean:109:0: 'IUTThreeClosures.PositiveRightContactClosure.right_endpoint_le_two_residual_product' depends on axioms: [propext,
 Classical.choice,
 Quot.sound]
info: IUTThreeClosures/PositiveRightContactClosure.lean:110:0: 'IUTThreeClosures.PositiveRightContactClosure.positive_right_contact_strong_abc_ledger' depends on axioms: [propext,
 Classical.choice,
 Quot.sound]
ℹ [8804/9224] Replayed IUTThreeClosures.SquareCollapseDescentLedger
info: IUTThreeClosures/SquareCollapseDescentLedger.lean:48:0: 'IUTThreeClosures.SquareCollapseDescentLedger.square_endpoint_bound_of_smaller_neighbor' depends on axioms: [propext,
 Classical.choice,
 Quot.sound]
info: IUTThreeClosures/SquareCollapseDescentLedger.lean:49:0: 'IUTThreeClosures.SquareCollapseDescentLedger.square_endpoint_bound_of_smaller_neighbor_with_fixed_factor' depends on axioms: [propext,
 Classical.choice,
 Quot.sound]
⚠ [8805/9224] Replayed IUTThreeClosures.UnitGapContactDegeneracy
warning: IUTThreeClosures/UnitGapContactDegeneracy.lean:37:5: Variable name `hgap` is not explicitly referenced.

The binding can be removed (if unused) or named `_` (if used implicitly).

Note: This linter can be disabled with `set_option linter.unusedVariables false`
warning: IUTThreeClosures/UnitGapContactDegeneracy.lean:45:5: Variable name `hgap` is not explicitly referenced.

The binding can be removed (if unused) or named `_` (if used implicitly).

Note: This linter can be disabled with `set_option linter.unusedVariables false`
info: IUTThreeClosures/UnitGapContactDegeneracy.lean:77:0: 'IUTThreeClosures.UnitGapContactDegeneracy.unit_gap_bezout' depends on axioms: [propext, Classical.choice, Quot.sound]
info: IUTThreeClosures/UnitGapContactDegeneracy.lean:78:0: 'IUTThreeClosures.UnitGapContactDegeneracy.unit_gap_left_residual' depends on axioms: [propext, Quot.sound]
info: IUTThreeClosures/UnitGapContactDegeneracy.lean:79:0: 'IUTThreeClosures.UnitGapContactDegeneracy.unit_gap_right_residual' depends on axioms: [propext]
info: IUTThreeClosures/UnitGapContactDegeneracy.lean:80:0: 'IUTThreeClosures.UnitGapContactDegeneracy.unit_gap_left_contact' depends on axioms: [propext, Quot.sound]
info: IUTThreeClosures/UnitGapContactDegeneracy.lean:81:0: 'IUTThreeClosures.UnitGapContactDegeneracy.unit_gap_right_contact' depends on axioms: [propext, Quot.sound]
info: IUTThreeClosures/UnitGapContactDegeneracy.lean:82:0: 'IUTThreeClosures.UnitGapContactDegeneracy.unit_gap_contact_degeneracy' depends on axioms: [propext,
 Classical.choice,
 Quot.sound]
ℹ [8806/9224] Replayed IUTThreeClosures.MersenneNearDiagonalGlobalTriage20260901
info: IUTThreeClosures/MersenneNearDiagonalGlobalTriage20260901.lean:50:0: 'IUTThreeClosures.MersenneNearDiagonalGlobalTriage20260901.deep_or_transition_or_extreme_of_two_controlled_arms' depends on axioms: [propext,
 Classical.choice,
 Quot.sound]
info: IUTThreeClosures/MersenneNearDiagonalGlobalTriage20260901.lean:95:0: 'IUTThreeClosures.MersenneNearDiagonalGlobalTriage20260901.aggregate_near_diagonal_trichotomy' depends on axioms: [propext,
 Classical.choice,
 Quot.sound]
info: IUTThreeClosures/MersenneNearDiagonalGlobalTriage20260901.lean:113:0: 'IUTThreeClosures.MersenneNearDiagonalGlobalTriage20260901.aggregate_transition_card_lowerBound' depends on axioms: [propext,
 Classical.choice,
 Quot.sound]
info: IUTThreeClosures/MersenneNearDiagonalGlobalTriage20260901.lean:131:0: 'IUTThreeClosures.MersenneNearDiagonalGlobalTriage20260901.aggregate_transition_card_lowerBound_of_log_bound' depends on axioms: [propext,
 Classical.choice,
 Quot.sound]
info: IUTThreeClosures/MersenneNearDiagonalGlobalTriage20260901.lean:150:0: 'IUTThreeClosures.MersenneNearDiagonalGlobalTriage20260901.finite_five_arm_closure' depends on axioms: [propext,
 Classical.choice,
 Quot.sound]
info: IUTThreeClosures/MersenneNearDiagonalGlobalTriage20260901.lean:175:0: 'IUTThreeClosures.MersenneNearDiagonalGlobalTriage20260901.deep_disjunct_has_full_premise_counterexample' depends on axioms: [propext,
 Classical.choice,
 Quot.sound]
info: IUTThreeClosures/MersenneNearDiagonalGlobalTriage20260901.lean:188:0: 'IUTThreeClosures.MersenneNearDiagonalGlobalTriage20260901.transition_disjunct_has_full_premise_counterexample' depends on axioms: [propext,
 Classical.choice,
 Quot.sound]
info: IUTThreeClosures/MersenneNearDiagonalGlobalTriage20260901.lean:201:0: 'IUTThreeClosures.MersenneNearDiagonalGlobalTriage20260901.extreme_disjunct_has_full_premise_counterexample' depends on axioms: [propext,
 Classical.choice,
 Quot.sound]
ℹ [8807/9224] Replayed IUTThreeClosures.FixedCoreRothGapBridgeAxiomAudit
info: IUTThreeClosures/FixedCoreRothGapBridgeAxiomAudit.lean:3:0: 'IUTThreeClosures.FixedCoreRothGapBridge.base_pow_mul_sub_le_pow_sub_pow' depends on axioms: [propext,
 Classical.choice,
 Quot.sound]
info: IUTThreeClosures/FixedCoreRothGapBridgeAxiomAudit.lean:5:0: 'IUTThreeClosures.FixedCoreRothGapBridge.fixedCore_gap_factor_lower_bound' depends on axioms: [propext,
 Classical.choice,
 Quot.sound]
info: IUTThreeClosures/FixedCoreRothGapBridgeAxiomAudit.lean:7:0: 'IUTThreeClosures.FixedCoreRothGapBridge.fixedCore_poweredGap_lower_bound' depends on axioms: [propext,
 Classical.choice,
 Quot.sound]
info: IUTThreeClosures/FixedCoreRothGapBridgeAxiomAudit.lean:9:0: 'IUTThreeClosures.FixedCoreRothGapBridge.fixedCore_poweredGap_of_rothPoint' depends on axioms: [propext,
 Classical.choice,
 Quot.sound]
info: IUTThreeClosures/FixedCoreRothGapBridgeAxiomAudit.lean:11:0: 'IUTThreeClosures.FixedCoreRothGapBridge.exists_fixedCore_poweredGap_lower_bound_of_roth' depends on axioms: [propext,
 Classical.choice,
 Quot.sound,
 IUTThreeClosures.FixedCoreRothGapBridge.thueSiegelRoth_powerApproximation]
ℹ [8808/9224] Replayed IUTThreeClosures.FreyAuxiliaryDistortionBarrier
info: IUTThreeClosures/FreyAuxiliaryDistortionBarrier.lean:162:0: 'IUTThreeClosures.FreyAuxiliaryDistortionBarrier.descend_bound' depends on axioms: [propext,
 Classical.choice,
 Quot.sound]
info: IUTThreeClosures/FreyAuxiliaryDistortionBarrier.lean:163:0: 'IUTThreeClosures.FreyAuxiliaryDistortionBarrier.descend_uniform_of_nonpositive_penalty' depends on axioms: [propext,
 Classical.choice,
 Quot.sound]
info: IUTThreeClosures/FreyAuxiliaryDistortionBarrier.lean:164:0: 'IUTThreeClosures.FreyAuxiliaryDistortionBarrier.positive_penalty_prevents_uniform_descent' depends on axioms: [propext,
 Classical.choice,
 Quot.sound]
info: IUTThreeClosures/FreyAuxiliaryDistortionBarrier.lean:165:0: 'IUTThreeClosures.FreyAuxiliaryDistortionBarrier.quadraticTwist_distortionPenalty' depends on axioms: [propext,
 Classical.choice,
 Quot.sound]
info: IUTThreeClosures/FreyAuxiliaryDistortionBarrier.lean:166:0: 'IUTThreeClosures.FreyAuxiliaryDistortionBarrier.quadraticTwist_penalty_pos' depends on axioms: [propext,
 Classical.choice,
 Quot.sound]
info: IUTThreeClosures/FreyAuxiliaryDistortionBarrier.lean:167:0: 'IUTThreeClosures.FreyAuxiliaryDistortionBarrier.quadraticTwist_transformed_bound_does_not_force_uniform_base_bound' depends on axioms: [propext,
 Classical.choice,
 Quot.sound]
⚠ [8837/9224] Replayed IUTThreeClosures.StandaloneCor312Ledger
warning: IUTThreeClosures/StandaloneCor312Ledger.lean:110:2: The `show` tactic should only be used to indicate intermediate goal states for readability.
However, this tactic invocation changed the goal. Please use `change` instead for these purposes.

Note: This linter can be disabled with `set_option linter.style.show false`
⚠ [8842/9224] Replayed IUTThreeClosures.PublicLogVolumeInconsistency
warning: IUTThreeClosures/PublicLogVolumeInconsistency.lean:1:1: * '-/':
Copyright too short!


Note: This linter can be disabled with `set_option linter.style.header false`
⚠ [8843/9224] Replayed IUTThreeClosures.HonestFinitePositiveLogVolume
warning: IUTThreeClosures/HonestFinitePositiveLogVolume.lean:1:1: * '-/':
Copyright too short!


Note: This linter can be disabled with `set_option linter.style.header false`
warning: IUTThreeClosures/HonestFinitePositiveLogVolume.lean:126:20: '' starts on column 20, but all commands should start at the beginning of the line.

Note: This linter can be disabled with `set_option linter.style.whitespace false`
⚠ [8844/9224] Replayed IUTThreeClosures.FiniteProductLogVolume
warning: IUTThreeClosures/FiniteProductLogVolume.lean:1:1: * '-/':
Copyright too short!


Note: This linter can be disabled with `set_option linter.style.header false`
⚠ [8850/9224] Replayed IUTThreeClosures.PublicIUTIVTheorem110
warning: IUTThreeClosures/PublicIUTIVTheorem110.lean:199:31: this tactic is never executed

Note: This linter can be disabled with `set_option linter.unreachableTactic false`
warning: IUTThreeClosures/PublicIUTIVTheorem110.lean:199:31: 'ring' tactic does nothing

Note: This linter can be disabled with `set_option linter.unusedTactic false`
⚠ [8851/9224] Replayed IUTThreeClosures.HonestPilotWitness
warning: IUTThreeClosures/HonestPilotWitness.lean:1:1: * '-/':
Copyright too short!


Note: This linter can be disabled with `set_option linter.style.header false`
warning: IUTThreeClosures/HonestPilotWitness.lean:86:20: '' starts on column 20, but all commands should start at the beginning of the line.

Note: This linter can be disabled with `set_option linter.style.whitespace false`
⚠ [8852/9224] Replayed IUTThreeClosures.HonestGeneratedSource
warning: IUTThreeClosures/HonestGeneratedSource.lean:1:1: * '-/':
Copyright too short!


Note: This linter can be disabled with `set_option linter.style.header false`
⚠ [8854/9224] Replayed IUTThreeClosures.HonestContainerSource
warning: IUTThreeClosures/HonestContainerSource.lean:1:1: * '-/':
Copyright too short!


Note: This linter can be disabled with `set_option linter.style.header false`
⚠ [8856/9224] Replayed IUTThreeClosures.ABCStatement
warning: IUTThreeClosures/ABCStatement.lean:35:20: '' starts on column 20, but all commands should start at the beginning of the line.

Note: This linter can be disabled with `set_option linter.style.whitespace false`
⚠ [8865/9224] Replayed IUTThreeClosures.PublicProgramUninhabited
warning: IUTThreeClosures/PublicProgramUninhabited.lean:1:1: * '-/':
Copyright too short!


Note: This linter can be disabled with `set_option linter.style.header false`
⚠ [8866/9224] Replayed IUTThreeClosures.BridgeInhabitationAudit
warning: IUTThreeClosures/BridgeInhabitationAudit.lean:55:4: 'change P.height ≤ (6 : ℝ) * P.height / 6 + 0' tactic does nothing

Note: This linter can be disabled with `set_option linter.unusedTactic false`
warning: IUTThreeClosures/BridgeInhabitationAudit.lean:60:4: 'change (0 : ℝ) ≤ 0' tactic does nothing

Note: This linter can be disabled with `set_option linter.unusedTactic false`
warning: IUTThreeClosures/BridgeInhabitationAudit.lean:64:4: 'change P.conductor ≤ P.conductor + 0' tactic does nothing

Note: This linter can be disabled with `set_option linter.unusedTactic false`
⚠ [8871/9224] Replayed IUTThreeClosures.UpperSemicompatiblePossibleImageSystem
warning: IUTThreeClosures/UpperSemicompatiblePossibleImageSystem.lean:59:0: `UpperSemicompatiblePossibleImageSystem`: universes `u`, `v`, `w`, `x` only occur together. This usually means there is a `max` expression in the type where none of these universes appear on their own.

Note: This linter can be disabled with `set_option linter.checkUnivs false`
⚠ [8873/9224] Replayed IUTThreeClosures.NormControlledSourceGenerators
warning: IUTThreeClosures/NormControlledSourceGenerators.lean:30:0: `NormControlledSourceGenerators`: universes `u`, `v`, `w`, `x` only occur together. This usually means there is a `max` expression in the type where none of these universes appear on their own.

Note: This linter can be disabled with `set_option linter.checkUnivs false`
⚠ [8874/9224] Replayed IUTThreeClosures.HeterogeneousFiniteSourceProduct
warning: IUTThreeClosures/HeterogeneousFiniteSourceProduct.lean:43:0: `NormControlledSourceFamily`: universes `u`, `v`, `w`, `x` only occur together. This usually means there is a `max` expression in the type where none of these universes appear on their own.

Note: This linter can be disabled with `set_option linter.checkUnivs false`
⚠ [8875/9224] Replayed IUTThreeClosures.ProductWeightMarginalization
warning: IUTThreeClosures/ProductWeightMarginalization.lean:1:1: * '-/':
Copyright too short!


Note: This linter can be disabled with `set_option linter.style.header false`
warning: IUTThreeClosures/ProductWeightMarginalization.lean:41:0: `sum_product_weights_eq_one` does not use the following hypothesis in its type:
  • [DecidableEq V] (#6)

Consider removing this hypothesis and using `classical` in the proof instead. For terms, consider using `open scoped Classical in` at the term level (not the command level).

Note: This linter can be disabled with `set_option linter.unusedDecidableInType false`
warning: IUTThreeClosures/ProductWeightMarginalization.lean:50:0: `product_weight_marginal` does not use the following hypotheses in its type:
  • [DecidableEq L] (#4)
  • [DecidableEq V] (#6)

Consider removing these hypotheses and using `classical` in the proof instead. For terms, consider using `open scoped Classical in` at the term level (not the command level).

Note: This linter can be disabled with `set_option linter.unusedDecidableInType false`
warning: IUTThreeClosures/ProductWeightMarginalization.lean:105:20: '' starts on column 20, but all commands should start at the beginning of the line.

Note: This linter can be disabled with `set_option linter.style.whitespace false`
⚠ [8876/9224] Replayed IUTThreeClosures.MultiLabelProductWeightMarginalization
warning: IUTThreeClosures/MultiLabelProductWeightMarginalization.lean:31:0: `product_weight_additive_marginal` does not use the following hypotheses in its type:
  • [DecidableEq L] (#4)
  • [DecidableEq V] (#6)

Consider removing these hypotheses and using `classical` in the proof instead. For terms, consider using `open scoped Classical in` at the term level (not the command level).

Note: This linter can be disabled with `set_option linter.unusedDecidableInType false`
warning: IUTThreeClosures/MultiLabelProductWeightMarginalization.lean:58:0: `product_weight_separable_additive_marginal` does not use the following hypotheses in its type:
  • [DecidableEq L] (#4)
  • [DecidableEq V] (#6)

Consider removing these hypotheses and using `classical` in the proof instead. For terms, consider using `open scoped Classical in` at the term level (not the command level).

Note: This linter can be disabled with `set_option linter.unusedDecidableInType false`
⚠ [8877/9224] Replayed IUTThreeClosures.PrimePowerQPilotRegion
warning: IUTThreeClosures/PrimePowerQPilotRegion.lean:1:1: * '-/':
Copyright too short!


Note: This linter can be disabled with `set_option linter.style.header false`
warning: IUTThreeClosures/PrimePowerQPilotRegion.lean:108:7: '' starts on column 7, but all commands should start at the beginning of the line.

Note: This linter can be disabled with `set_option linter.style.whitespace false`
⚠ [8879/9224] Replayed IUTThreeClosures.ActualHodgeTheaterOutput
warning: IUTThreeClosures/ActualHodgeTheaterOutput.lean:155:25: This simp argument is unused:
  mul_assoc

Hint: Omit it from the simp argument list.
  simp ̵[̵m̵u̵l̵_̵a̵s̵s̵o̵c̵]̵

Note: This linter can be disabled with `set_option linter.unusedSimpArgs false`
warning: IUTThreeClosures/ActualHodgeTheaterOutput.lean:156:26: This simp argument is unused:
  mul_assoc

Hint: Omit it from the simp argument list.
  simp ̵[̵m̵u̵l̵_̵a̵s̵s̵o̵c̵]̵

Note: This linter can be disabled with `set_option linter.unusedSimpArgs false`
warning: IUTThreeClosures/ActualHodgeTheaterOutput.lean:205:4: This simp argument is unused:
  mul_assoc

Hint: Omit it from the simp argument list.
  simp [horizontalEquiv, horizontalMultiplier, leftMulEquiv,
  ̵  ̵ ̵ ̵mul_a̵s̵s̵o̵c,̵ ̵m̵u̵l̵_̵c̵omm, mul_left_comm]

Note: This linter can be disabled with `set_option linter.unusedSimpArgs false`
warning: IUTThreeClosures/ActualHodgeTheaterOutput.lean:205:25: This simp argument is unused:
  mul_left_comm

Hint: Omit it from the simp argument list.
  simp [horizontalEquiv, horizontalMultiplier, leftMulEquiv, mul_assoc, m̵u̵l̵_̵c̵o̵m̵m̵,̵ ̵m̵u̵l̵_̵l̵e̵f̵t̵_̵c̵o̵m̵m̵]̵m̲u̲l̲_̲c̲o̲m̲m̲]̲

Note: This linter can be disabled with `set_option linter.unusedSimpArgs false`
warning: IUTThreeClosures/ActualHodgeTheaterOutput.lean:215:25: This simp argument is unused:
  mul_left_comm

Hint: Omit it from the simp argument list.
  simp [horizontalEquiv, horizontalMultiplier, leftMulEquiv, mul_assoc, m̵u̵l̵_̵c̵o̵m̵m̵,̵ ̵m̵u̵l̵_̵l̵e̵f̵t̵_̵c̵o̵m̵m̵]̵m̲u̲l̲_̲c̲o̲m̲m̲]̲

Note: This linter can be disabled with `set_option linter.unusedSimpArgs false`
⚠ [8882/9224] Replayed IUTThreeClosures.CorrectedQPilotDivisor
warning: IUTThreeClosures/CorrectedQPilotDivisor.lean:1:1: * '-/':
Copyright too short!


Note: This linter can be disabled with `set_option linter.style.header false`
warning: IUTThreeClosures/CorrectedQPilotDivisor.lean:87:29: try 'simp' instead of 'simpa'

Note: This linter can be disabled with `set_option linter.unnecessarySimpa false`
warning: IUTThreeClosures/CorrectedQPilotDivisor.lean:122:20: '' starts on column 20, but all commands should start at the beginning of the line.

Note: This linter can be disabled with `set_option linter.style.whitespace false`
⚠ [8889/9224] Replayed IUTThreeClosures.SemisimplePacketCoordinates
warning: IUTThreeClosures/SemisimplePacketCoordinates.lean:76:4: Try `simp at hfst` instead of `simpa using hfst`

Note: This linter can be disabled with `set_option linter.unnecessarySimpa false`
warning: IUTThreeClosures/SemisimplePacketCoordinates.lean:80:4: Try `simp at hsnd` instead of `simpa using hsnd`

Note: This linter can be disabled with `set_option linter.unnecessarySimpa false`
⚠ [8890/9224] Replayed Iut4Sec1.Real.LogError
warning: Iut4Sec1/Real/LogError.lean:72:0: `nonarchimedean_logError_sum_le` does not use the following hypothesis in its type:
  • [DecidableEq ι] (#2)

Consider removing this hypothesis and using `classical` in the proof instead. For terms, consider using `open scoped Classical in` at the term level (not the command level).

Note: This linter can be disabled with `set_option linter.unusedDecidableInType false`
⚠ [8894/9224] Replayed IUTThreeClosures.Cor312CoefficientAlgebra
warning: IUTThreeClosures/Cor312CoefficientAlgebra.lean:1:1: * '-/':
Copyright too short!


Note: This linter can be disabled with `set_option linter.style.header false`
warning: IUTThreeClosures/Cor312CoefficientAlgebra.lean:3:0: The module doc-string for a file should be the first command after the imports.
Please, add a module doc-string before `namespace IUTThreeClosures`.

Note: This linter can be disabled with `set_option linter.style.header false`
warning: IUTThreeClosures/Cor312CoefficientAlgebra.lean:1:1: * '-/':
Copyright too short!


Note: This linter can be disabled with `set_option linter.style.header false`
warning: IUTThreeClosures/Cor312CoefficientAlgebra.lean:3:0: The module doc-string for a file should be the first command after the imports.
Please, add a module doc-string before `/-- The scalar last step of IUT IV Theorem 1.10. -/
theorem q_bound_of_coefficient_expression {factor A q CTheta : ℝ} (hfactor : 0 < factor) (hCTheta : -1 ≤ CTheta)
    (hformula : CTheta = factor * (A - q / 6) - 1) : q / 6 ≤ A :=
  by
  rw [hformula] at hCTheta
  nlinarith`.

Note: This linter can be disabled with `set_option linter.style.header false`
warning: IUTThreeClosures/Cor312CoefficientAlgebra.lean:1:1: * '-/':
Copyright too short!


Note: This linter can be disabled with `set_option linter.style.header false`
warning: IUTThreeClosures/Cor312CoefficientAlgebra.lean:3:0: The module doc-string for a file should be the first command after the imports.
Please, add a module doc-string before `end IUTThreeClosures`.

Note: This linter can be disabled with `set_option linter.style.header false`
warning: IUTThreeClosures/Cor312CoefficientAlgebra.lean:1:1: * '-/':
Copyright too short!


Note: This linter can be disabled with `set_option linter.style.header false`
warning: IUTThreeClosures/Cor312CoefficientAlgebra.lean:3:0: The module doc-string for a file should be the first command after the imports.
Please, add a module doc-string before ``.

Note: This linter can be disabled with `set_option linter.style.header false`
⚠ [8895/9224] Replayed IUTThreeClosures.CanonicalQPilotCorridor
warning: IUTThreeClosures/CanonicalQPilotCorridor.lean:109:20: '' starts on column 20, but all commands should start at the beginning of the line.

Note: This linter can be disabled with `set_option linter.style.whitespace false`
⚠ [8897/9224] Replayed IUTThreeClosures.SourceDerivedIUTIVBridge
warning: IUTThreeClosures/SourceDerivedIUTIVBridge.lean:88:20: '' starts on column 20, but all commands should start at the beginning of the line.

Note: This linter can be disabled with `set_option linter.style.whitespace false`
⚠ [8898/9224] Replayed IUTThreeClosures.ABCPointLegendreCurve
warning: IUTThreeClosures/ABCPointLegendreCurve.lean:1:1: * '-/':
Copyright too short!


Note: This linter can be disabled with `set_option linter.style.header false`
warning: IUTThreeClosures/ABCPointLegendreCurve.lean:130:20: '' starts on column 20, but all commands should start at the beginning of the line.

Note: This linter can be disabled with `set_option linter.style.whitespace false`
⚠ [8899/9224] Replayed IUTThreeClosures.LegendreArithmetic
warning: IUTThreeClosures/LegendreArithmetic.lean:1:1: * '-/':
Copyright too short!


Note: This linter can be disabled with `set_option linter.style.header false`
⚠ [8900/9224] Replayed IUTThreeClosures.ABCFreyCurve
warning: IUTThreeClosures/ABCFreyCurve.lean:1:1: * '-/':
Copyright too short!


Note: This linter can be disabled with `set_option linter.style.header false`
warning: IUTThreeClosures/ABCFreyCurve.lean:45:48: this tactic is never executed

Note: This linter can be disabled with `set_option linter.unreachableTactic false`
warning: IUTThreeClosures/ABCFreyCurve.lean:45:48: 'ring' tactic does nothing

Note: This linter can be disabled with `set_option linter.unusedTactic false`
warning: IUTThreeClosures/ABCFreyCurve.lean:49:44: Used `tac1 <;> tac2` where `(tac1; tac2)` would suffice

Note: This linter can be disabled with `set_option linter.unnecessarySeqFocus false`
warning: IUTThreeClosures/ABCFreyCurve.lean:57:44: Used `tac1 <;> tac2` where `(tac1; tac2)` would suffice

Note: This linter can be disabled with `set_option linter.unnecessarySeqFocus false`
warning: IUTThreeClosures/ABCFreyCurve.lean:78:47: this tactic is never executed

Note: This linter can be disabled with `set_option linter.unreachableTactic false`
warning: IUTThreeClosures/ABCFreyCurve.lean:78:47: 'ring' tactic does nothing

Note: This linter can be disabled with `set_option linter.unusedTactic false`
warning: IUTThreeClosures/ABCFreyCurve.lean:82:43: Used `tac1 <;> tac2` where `(tac1; tac2)` would suffice

Note: This linter can be disabled with `set_option linter.unnecessarySeqFocus false`
warning: IUTThreeClosures/ABCFreyCurve.lean:90:43: Used `tac1 <;> tac2` where `(tac1; tac2)` would suffice

Note: This linter can be disabled with `set_option linter.unnecessarySeqFocus false`
⚠ [8902/9224] Replayed IUTThreeClosures.TripodWeilHeight
warning: IUTThreeClosures/TripodWeilHeight.lean:1:1: * '-/':
Copyright too short!


Note: This linter can be disabled with `set_option linter.style.header false`
warning: IUTThreeClosures/TripodWeilHeight.lean:94:20: '' starts on column 20, but all commands should start at the beginning of the line.

Note: This linter can be disabled with `set_option linter.style.whitespace false`
⚠ [8903/9224] Replayed IUTThreeClosures.LegendreHeightCorridor
warning: IUTThreeClosures/LegendreHeightCorridor.lean:1:1: * '-/':
Copyright too short!


Note: This linter can be disabled with `set_option linter.style.header false`
⚠ [8904/9224] Replayed IUTThreeClosures.FreyJReducedData
warning: IUTThreeClosures/FreyJReducedData.lean:1:1: * '-/':
Copyright too short!


Note: This linter can be disabled with `set_option linter.style.header false`
⚠ [8905/9224] Replayed IUTThreeClosures.FreyJHeightCorridor
warning: IUTThreeClosures/FreyJHeightCorridor.lean:1:1: * '-/':
Copyright too short!


Note: This linter can be disabled with `set_option linter.style.header false`
⚠ [8906/9224] Replayed IUTThreeClosures.FreyCalibratedIUTIVBridge
warning: IUTThreeClosures/FreyCalibratedIUTIVBridge.lean:1:1: * '-/':
Copyright too short!


Note: This linter can be disabled with `set_option linter.style.header false`
warning: IUTThreeClosures/FreyCalibratedIUTIVBridge.lean:89:13: Variable name `hε` is not explicitly referenced.

The binding can be removed (if unused) or named `_` (if used implicitly).

Note: This linter can be disabled with `set_option linter.unusedVariables false`
⚠ [8907/9224] Replayed IUTThreeClosures.FreyDiscriminantConductor
warning: IUTThreeClosures/FreyDiscriminantConductor.lean:1:1: * '-/':
Copyright too short!


Note: This linter can be disabled with `set_option linter.style.header false`
⚠ [8908/9224] Replayed IUTThreeClosures.FreyConductorCalibratedIUTIVBridge
warning: IUTThreeClosures/FreyConductorCalibratedIUTIVBridge.lean:1:1: * '-/':
Copyright too short!


Note: This linter can be disabled with `set_option linter.style.header false`
⚠ [8909/9224] Replayed IUTThreeClosures.CompleteGlobalJPacket
warning: IUTThreeClosures/CompleteGlobalJPacket.lean:1:1: * '-/':
Copyright too short!


Note: This linter can be disabled with `set_option linter.style.header false`
⚠ [8919/9224] Replayed IUTThreeClosures.RationalJModuliDegree
warning: IUTThreeClosures/RationalJModuliDegree.lean:58:4: try 'simp' instead of 'simpa'

Note: This linter can be disabled with `set_option linter.unnecessarySimpa false`
warning: IUTThreeClosures/RationalJModuliDegree.lean:71:2: try 'simp' instead of 'simpa'

Note: This linter can be disabled with `set_option linter.unnecessarySimpa false`
⚠ [8920/9224] Replayed IUTThreeClosures.FiniteExceptionalSet
warning: IUTThreeClosures/FiniteExceptionalSet.lean:1:1: * '-/':
Copyright too short!


Note: This linter can be disabled with `set_option linter.style.header false`
⚠ [8921/9224] Replayed IUTThreeClosures.PublicFreyTheorem110OutsideFinite
warning: IUTThreeClosures/PublicFreyTheorem110OutsideFinite.lean:266:0: `abc_outside_finset` does not use the following hypothesis in its type:
  • [DecidableEq ABCPoint] (#5)

Consider removing this hypothesis and using `classical` in the proof instead. For terms, consider using `open scoped Classical in` at the term level (not the command level).

Note: This linter can be disabled with `set_option linter.unusedDecidableInType false`
⚠ [8922/9224] Replayed IUTThreeClosures.GlobalQPilotReconstruction
warning: IUTThreeClosures/GlobalQPilotReconstruction.lean:1:1: * '-/':
Copyright too short!


Note: This linter can be disabled with `set_option linter.style.header false`
⚠ [8923/9224] Replayed IUTThreeClosures.TateLocalQJContribution
warning: IUTThreeClosures/TateLocalQJContribution.lean:1:1: * '-/':
Copyright too short!


Note: This linter can be disabled with `set_option linter.style.header false`
warning: IUTThreeClosures/TateLocalQJContribution.lean:56:6: try 'simp' instead of 'simpa'

Note: This linter can be disabled with `set_option linter.unnecessarySimpa false`
warning: IUTThreeClosures/TateLocalQJContribution.lean:108:39: try 'simp' instead of 'simpa'

Note: This linter can be disabled with `set_option linter.unnecessarySimpa false`
⚠ [8924/9224] Replayed IUTThreeClosures.SelectedBadPlaceGlobalReconstruction
warning: IUTThreeClosures/SelectedBadPlaceGlobalReconstruction.lean:1:1: * '-/':
Copyright too short!


Note: This linter can be disabled with `set_option linter.style.header false`
⚠ [8925/9224] Replayed IUTThreeClosures.FreyTwelveTorsionGlobalCore
warning: IUTThreeClosures/FreyTwelveTorsionGlobalCore.lean:68:2: try 'simp' instead of 'simpa'

Note: This linter can be disabled with `set_option linter.unnecessarySimpa false`
warning: IUTThreeClosures/FreyTwelveTorsionGlobalCore.lean:197:0: Definition `global` is a proposition; use `theorem` instead of `def`

Note: This linter can be disabled with `set_option linter.defProp false`
⚠ [8929/9224] Replayed IUTThreeClosures.ShiftedJAdmissibleCurve
warning: IUTThreeClosures/ShiftedJAdmissibleCurve.lean:1:1: * '-/':
Copyright too short!


Note: This linter can be disabled with `set_option linter.style.header false`
⚠ [8930/9224] Replayed IUTThreeClosures.AdmissiblePrimeSelection
warning: IUTThreeClosures/AdmissiblePrimeSelection.lean:1:1: * '-/':
Copyright too short!


Note: This linter can be disabled with `set_option linter.style.header false`
warning: IUTThreeClosures/AdmissiblePrimeSelection.lean:104:20: '' starts on column 20, but all commands should start at the beginning of the line.

Note: This linter can be disabled with `set_option linter.style.whitespace false`
⚠ [8931/9224] Replayed IUTThreeClosures.ShiftedJNonCMLargeImageReduction
warning: IUTThreeClosures/ShiftedJNonCMLargeImageReduction.lean:82:2: try 'simp' instead of 'simpa'

Note: This linter can be disabled with `set_option linter.unnecessarySimpa false`
⚠ [8936/9224] Replayed IUTThreeClosures.ExplicitSemistableCurve
warning: IUTThreeClosures/ExplicitSemistableCurve.lean:1:1: * '-/':
Copyright too short!


Note: This linter can be disabled with `set_option linter.style.header false`
warning: IUTThreeClosures/ExplicitSemistableCurve.lean:95:20: '' starts on column 20, but all commands should start at the beginning of the line.

Note: This linter can be disabled with `set_option linter.style.whitespace false`
⚠ [8937/9224] Replayed IUTThreeClosures.SolvableRestrictionImage
warning: IUTThreeClosures/SolvableRestrictionImage.lean:1:1: * '-/':
Copyright too short!


Note: This linter can be disabled with `set_option linter.style.header false`
warning: IUTThreeClosures/SolvableRestrictionImage.lean:121:20: '' starts on column 20, but all commands should start at the beginning of the line.

Note: This linter can be disabled with `set_option linter.style.whitespace false`
⚠ [8938/9224] Replayed IUTThreeClosures.ZModSL2Perfect
warning: IUTThreeClosures/ZModSL2Perfect.lean:1:1: * '-/':
Copyright too short!


Note: This linter can be disabled with `set_option linter.style.header false`
warning: IUTThreeClosures/ZModSL2Perfect.lean:62:20: '' starts on column 20, but all commands should start at the beginning of the line.

Note: This linter can be disabled with `set_option linter.style.whitespace false`
⚠ [8940/9224] Replayed IUTThreeClosures.QPilotNormalizationAudit
warning: IUTThreeClosures/QPilotNormalizationAudit.lean:1:1: * '-/':
Copyright too short!


Note: This linter can be disabled with `set_option linter.style.header false`
warning: IUTThreeClosures/QPilotNormalizationAudit.lean:155:20: '' starts on column 20, but all commands should start at the beginning of the line.

Note: This linter can be disabled with `set_option linter.style.whitespace false`
⚠ [8941/9224] Replayed IUTThreeClosures.QPilotNormalizationFork
warning: IUTThreeClosures/QPilotNormalizationFork.lean:1:1: * '-/':
Copyright too short!


Note: This linter can be disabled with `set_option linter.style.header false`
⚠ [8942/9224] Replayed IUTThreeClosures.RootQPilotDivisor
warning: IUTThreeClosures/RootQPilotDivisor.lean:1:1: * '-/':
Copyright too short!


Note: This linter can be disabled with `set_option linter.style.header false`
⚠ [8943/9224] Replayed IUTThreeClosures.ExactRootNormalization
warning: IUTThreeClosures/ExactRootNormalization.lean:1:1: * '-/':
Copyright too short!


Note: This linter can be disabled with `set_option linter.style.header false`
⚠ [8944/9224] Replayed IUTThreeClosures.FinitePositiveLogVolumeMonotonicity
warning: IUTThreeClosures/FinitePositiveLogVolumeMonotonicity.lean:1:1: * '-/':
Copyright too short!


Note: This linter can be disabled with `set_option linter.style.header false`
⚠ [8945/9224] Replayed IUTThreeClosures.RamificationCorrectedQPilot
warning: IUTThreeClosures/RamificationCorrectedQPilot.lean:1:1: * '-/':
Copyright too short!


Note: This linter can be disabled with `set_option linter.style.header false`
⚠ [8946/9224] Replayed IUTThreeClosures.CanonicalLocalDegreeWeights
warning: IUTThreeClosures/CanonicalLocalDegreeWeights.lean:1:1: * '-/':
Copyright too short!


Note: This linter can be disabled with `set_option linter.style.header false`
⚠ [8947/9224] Replayed IUTThreeClosures.RamificationWeightCancellation
warning: IUTThreeClosures/RamificationWeightCancellation.lean:1:1: * '-/':
Copyright too short!


Note: This linter can be disabled with `set_option linter.style.header false`
warning: IUTThreeClosures/RamificationWeightCancellation.lean:45:0: automatically included section variable(s) unused in theorem `IUTThreeClosures.canonicalWeight_mul_ramificationCorrected_eq`:
  [IsDomain R]
  [Module.Flat R S]
  [p.IsPrime]
  [Fintype ↑(p.primesOver S)]
consider restructuring your `variable` declarations so that the variables are not in scope or explicitly omit them:
  omit [IsDomain R] [Module.Flat R S] [p.IsPrime] [Fintype ↑(p.primesOver S)] in theorem ...

Note: This linter can be disabled with `set_option linter.unusedSectionVars false`
warning: IUTThreeClosures/RamificationWeightCancellation.lean:44:0: `canonicalWeight_mul_ramificationCorrected_eq` does not use the following hypothesis in its type:
  • [Fintype ↑(p.primesOver S)] (#11)

Consider replacing this hypothesis with the corresponding instance of `Finite` and using `Fintype.ofFinite` in the proof, or removing it entirely.

Note: This linter can be disabled with `set_option linter.unusedFintypeInType false`
⚠ [8948/9224] Replayed IUTThreeClosures.IUTIVAbsorption
warning: IUTThreeClosures/IUTIVAbsorption.lean:1:1: * '-/':
Copyright too short!


Note: This linter can be disabled with `set_option linter.style.header false`
warning: IUTThreeClosures/IUTIVAbsorption.lean:3:0: The module doc-string for a file should be the first command after the imports.
Please, add a module doc-string before `namespace IUTThreeClosures`.

Note: This linter can be disabled with `set_option linter.style.header false`
warning: IUTThreeClosures/IUTIVAbsorption.lean:1:1: * '-/':
Copyright too short!


Note: This linter can be disabled with `set_option linter.style.header false`
warning: IUTThreeClosures/IUTIVAbsorption.lean:3:0: The module doc-string for a file should be the first command after the imports.
Please, add a module doc-string before `/-- Elementary epsilon absorption in the general-position calculation. -/
theorem proposition21_absorption {ε q6 diff cond C : ℝ} (hε : 0 < ε) (hε1 : ε ≤ 1) (hdiff : 0 ≤ diff) (hcond : 0 ≤ cond)
    (hC : 0 ≤ C) (hmain : q6 ≤ (1 + 2 * ε / 5) * (diff + cond) + (ε / 5) * (q6 + diff) + C) :
    q6 ≤ (1 + ε) * (diff + cond) + 2 * C :=
  by
  have hden : 0 < 1 - ε / 5 := by nlinarith
  have hfirst : (1 - ε / 5) * q6 ≤ (1 + 3 * ε / 5) * (diff + cond) + C := by nlinarith
  have hcoef : 1 + 3 * ε / 5 ≤ (1 - ε / 5) * (1 + ε) := by nlinarith [mul_nonneg hε.le (sub_nonneg.mpr hε1)]
  have hconst : C ≤ (1 - ε / 5) * (2 * C) := by nlinarith
  have htarget : (1 + 3 * ε / 5) * (diff + cond) + C ≤ (1 - ε / 5) * ((1 + ε) * (diff + cond) + 2 * C) :=
    by
    have hs : 0 ≤ diff + cond := add_nonneg hdiff hcond
    calc
      (1 + 3 * ε / 5) * (diff + cond) + C ≤ ((1 - ε / 5) * (1 + ε)) * (diff + cond) + (1 - ε / 5) * (2 * C) := by gcongr
      _ = (1 - ε / 5) * ((1 + ε) * (diff + cond) + 2 * C) := by ring
  nlinarith`.

Note: This linter can be disabled with `set_option linter.style.header false`
warning: IUTThreeClosures/IUTIVAbsorption.lean:1:1: * '-/':
Copyright too short!


Note: This linter can be disabled with `set_option linter.style.header false`
warning: IUTThreeClosures/IUTIVAbsorption.lean:3:0: The module doc-string for a file should be the first command after the imports.
Please, add a module doc-string before `end IUTThreeClosures`.

Note: This linter can be disabled with `set_option linter.style.header false`
warning: IUTThreeClosures/IUTIVAbsorption.lean:1:1: * '-/':
Copyright too short!


Note: This linter can be disabled with `set_option linter.style.header false`
warning: IUTThreeClosures/IUTIVAbsorption.lean:3:0: The module doc-string for a file should be the first command after the imports.
Please, add a module doc-string before ``.

Note: This linter can be disabled with `set_option linter.style.header false`
⚠ [8949/9224] Replayed IUTThreeClosures.DifferentSupportAbsorption
warning: IUTThreeClosures/DifferentSupportAbsorption.lean:1:1: * '-/':
Copyright too short!


Note: This linter can be disabled with `set_option linter.style.header false`
warning: IUTThreeClosures/DifferentSupportAbsorption.lean:115:5: Variable name `hε` is not explicitly referenced.

The binding can be removed (if unused) or named `_` (if used implicitly).

Note: This linter can be disabled with `set_option linter.unusedVariables false`
⚠ [8950/9224] Replayed IUTThreeClosures.DistinguishedLabelQPilot
warning: IUTThreeClosures/DistinguishedLabelQPilot.lean:1:1: * '-/':
Copyright too short!


Note: This linter can be disabled with `set_option linter.style.header false`
warning: IUTThreeClosures/DistinguishedLabelQPilot.lean:52:7: '' starts on column 7, but all commands should start at the beginning of the line.

Note: This linter can be disabled with `set_option linter.style.whitespace false`
⚠ [8951/9224] Replayed IUTThreeClosures.NativeQPilotCalibration
warning: IUTThreeClosures/NativeQPilotCalibration.lean:1:1: * '-/':
Copyright too short!


Note: This linter can be disabled with `set_option linter.style.header false`
⚠ [8952/9224] Replayed IUTThreeClosures.GeneratedUnionCompactness
warning: IUTThreeClosures/GeneratedUnionCompactness.lean:1:1: * '-/':
Copyright too short!


Note: This linter can be disabled with `set_option linter.style.header false`
⚠ [8953/9224] Replayed IUTThreeClosures.CompatibleFrobeniusDatum
warning: IUTThreeClosures/CompatibleFrobeniusDatum.lean:255:2: `simp [incompatibleC2System] at hfalse htrue` is a flexible tactic modifying `htrue`. Try `simp?` and use the suggested `simp only [...]`. Alternatively, use `suffices` to explicitly state the simplified form.

Note: This linter can be disabled with `set_option linter.flexible false`
info: IUTThreeClosures/CompatibleFrobeniusDatum.lean:256:2: `exact frobeniusC2_one_ne_nontrivial (hfalse.symm.trans htrue)`
uses `htrue`, which was modified by the flexible tactic `simp` on line 255!
⚠ [8954/9224] Replayed IUTThreeClosures.StatementIIOutsideFinite
warning: IUTThreeClosures/StatementIIOutsideFinite.lean:1:1: * '-/':
Copyright too short!


Note: This linter can be disabled with `set_option linter.style.header false`
warning: IUTThreeClosures/StatementIIOutsideFinite.lean:18:19: Variable name `d` is not explicitly referenced.

The binding can be removed (if unused) or named `_` (if used implicitly).

Note: This linter can be disabled with `set_option linter.unusedVariables false`
warning: IUTThreeClosures/StatementIIOutsideFinite.lean:18:27: Variable name `ε` is not explicitly referenced.

The binding can be removed (if unused) or named `_` (if used implicitly).

Note: This linter can be disabled with `set_option linter.unusedVariables false`
warning: IUTThreeClosures/StatementIIOutsideFinite.lean:18:35: Variable name `K` is not explicitly referenced.

The binding can be removed (if unused) or named `_` (if used implicitly).

Note: This linter can be disabled with `set_option linter.unusedVariables false`
⚠ [8960/9224] Replayed IUTThreeClosures.FiberAutomaticChoices
warning: IUTThreeClosures/FiberAutomaticChoices.lean:85:2: try 'simp' instead of 'simpa'

Note: This linter can be disabled with `set_option linter.unnecessarySimpa false`
warning: IUTThreeClosures/FiberAutomaticChoices.lean:202:0: automatically included section variable(s) unused in theorem `IUTThreeClosures.localThetaEtaleCore_nonempty_iff_sectionCore`:
  [IsAlgClosure F Fbar]
consider restructuring your `variable` declarations so that the variables are not in scope or explicitly omit them:
  omit [IsAlgClosure F Fbar] in theorem ...

Note: This linter can be disabled with `set_option linter.unusedSectionVars false`
⚠ [8961/9224] Replayed IUTThreeClosures.CorrectedLocalThetaFiber
warning: IUTThreeClosures/CorrectedLocalThetaFiber.lean:74:0: Definition `strictNormalizationOfPublic` is a proposition; use `theorem` instead of `def`

Note: This linter can be disabled with `set_option linter.defProp false`
warning: IUTThreeClosures/CorrectedLocalThetaFiber.lean:210:0: automatically included section variable(s) unused in theorem `IUTThreeClosures.equivalentLocalThetaData_nonempty_iff_realization`:
  [IsAlgClosure F Fbar]
consider restructuring your `variable` declarations so that the variables are not in scope or explicitly omit them:
  omit [IsAlgClosure F Fbar] in theorem ...

Note: This linter can be disabled with `set_option linter.unusedSectionVars false`
warning: IUTThreeClosures/CorrectedLocalThetaFiber.lean:259:0: automatically included section variable(s) unused in theorem `IUTThreeClosures.localThetaData_nonempty_iff_corrected_strict`:
  [IsAlgClosure F Fbar]
consider restructuring your `variable` declarations so that the variables are not in scope or explicitly omit them:
  omit [IsAlgClosure F Fbar] in theorem ...

Note: This linter can be disabled with `set_option linter.unusedSectionVars false`
⚠ [8962/9224] Replayed IUTThreeClosures.ArbitraryInd2ComponentCollapse
warning: IUTThreeClosures/ArbitraryInd2ComponentCollapse.lean:79:5: Variable name `t` is not explicitly referenced.

The binding can be removed (if unused) or named `_` (if used implicitly).

Note: This linter can be disabled with `set_option linter.unusedVariables false`
warning: IUTThreeClosures/ArbitraryInd2ComponentCollapse.lean:99:0: `componentChoiceUnion_eq_normIntegralRegion` does not use the following hypothesis in its type:
  • [DecidableEq Label] (#4)

Consider removing this hypothesis and using `classical` in the proof instead. For terms, consider using `open scoped Classical in` at the term level (not the command level).

Note: This linter can be disabled with `set_option linter.unusedDecidableInType false`
⚠ [8964/9224] Replayed IUTThreeClosures.FiniteExponentHull
warning: IUTThreeClosures/FiniteExponentHull.lean:1:1: * '-/':
Copyright too short!


Note: This linter can be disabled with `set_option linter.style.header false`
⚠ [8965/9224] Replayed IUTThreeClosures.StandardZeroLabel
warning: IUTThreeClosures/StandardZeroLabel.lean:1:1: * '-/':
Copyright too short!


Note: This linter can be disabled with `set_option linter.style.header false`
⚠ [8966/9224] Replayed IUTThreeClosures.BarycentricPacketReading
warning: IUTThreeClosures/BarycentricPacketReading.lean:1:1: * '-/':
Copyright too short!


Note: This linter can be disabled with `set_option linter.style.header false`
warning: IUTThreeClosures/BarycentricPacketReading.lean:21:0: `product_weight_barycentric` does not use the following hypothesis in its type:
  • [DecidableEq V] (#6)

Consider removing this hypothesis and using `classical` in the proof instead. For terms, consider using `open scoped Classical in` at the term level (not the command level).

Note: This linter can be disabled with `set_option linter.unusedDecidableInType false`
warning: IUTThreeClosures/BarycentricPacketReading.lean:57:0: `product_weight_barycentric_of_sum_one` does not use the following hypothesis in its type:
  • [DecidableEq V] (#6)

Consider removing this hypothesis and using `classical` in the proof instead. For terms, consider using `open scoped Classical in` at the term level (not the command level).

Note: This linter can be disabled with `set_option linter.unusedDecidableInType false`
warning: IUTThreeClosures/BarycentricPacketReading.lean:70:20: '' starts on column 20, but all commands should start at the beginning of the line.

Note: This linter can be disabled with `set_option linter.style.whitespace false`
⚠ [8967/9224] Replayed IUTThreeClosures.ZeroLabelBarycentric
warning: IUTThreeClosures/ZeroLabelBarycentric.lean:1:1: * '-/':
Copyright too short!


Note: This linter can be disabled with `set_option linter.style.header false`
warning: IUTThreeClosures/ZeroLabelBarycentric.lean:24:0: `product_weight_pointMass` does not use the following hypothesis in its type:
  • [DecidableEq V] (#6)

Consider removing this hypothesis and using `classical` in the proof instead. For terms, consider using `open scoped Classical in` at the term level (not the command level).

Note: This linter can be disabled with `set_option linter.unusedDecidableInType false`
⚠ [8968/9224] Replayed IUTThreeClosures.DiagonalPacketNoGo
warning: IUTThreeClosures/DiagonalPacketNoGo.lean:1:1: * '-/':
Copyright too short!


Note: This linter can be disabled with `set_option linter.style.header false`
⚠ [8974/9224] Replayed IUTThreeClosures.SublinearQPilotAbsorption
warning: IUTThreeClosures/SublinearQPilotAbsorption.lean:1:1: * '-/':
Copyright too short!


Note: This linter can be disabled with `set_option linter.style.header false`
⚠ [8975/9224] Replayed IUTThreeClosures.PublicNormalizationObstruction
warning: IUTThreeClosures/PublicNormalizationObstruction.lean:1:1: * '-/':
Copyright too short!


Note: This linter can be disabled with `set_option linter.style.header false`
ℹ [8980/9224] Replayed IUTThreeClosures.FreyModifiedSzpiroRoute
info: IUTThreeClosures/FreyModifiedSzpiroRoute.lean:51:2: Try this:
  [apply] ring_nf
  
  The `ring` tactic failed to close the goal. Use `ring_nf` to obtain a normal form.
    
  Note that `ring` works primarily in *commutative* rings. If you have a noncommutative ring, abelian group or module, consider using `noncomm_ring`, `abel` or `module` instead.
⚠ [8982/9224] Replayed IUTThreeClosures.GeneralizedFermatExponentLayers
warning: IUTThreeClosures/GeneralizedFermatExponentLayers.lean:1:1: * '-/':
Copyright too short!


Note: This linter can be disabled with `set_option linter.style.header false`
warning: IUTThreeClosures/GeneralizedFermatExponentLayers.lean:3:0: The module doc-string for a file should be the first command after the imports.
Please, add a module doc-string before `set_option linter.unusedSectionVars false`.

Note: This linter can be disabled with `set_option linter.style.header false`
warning: IUTThreeClosures/GeneralizedFermatExponentLayers.lean:1:1: * '-/':
Copyright too short!


Note: This linter can be disabled with `set_option linter.style.header false`
warning: IUTThreeClosures/GeneralizedFermatExponentLayers.lean:3:0: The module doc-string for a file should be the first command after the imports.
Please, add a module doc-string before `/-!# Exponent layers and the generalized-Fermat modular barrier

This file contains only elementary arithmetic and finite-sum statements.  It
formalizes the exact `n`-th-power decomposition of a finite prime-exponent
profile, the corresponding coefficient budget, and the support which can
survive level lowering modulo an exponent prime.

The main obstruction is the exponent-one layer: a coordinate whose exponent
is exactly one survives for every modulus at least two.  A finite collection
of moduli therefore cannot remove this layer by exponent divisibility alone.
The endpoint family `(1,p,p+1)` also shows that the `n`-power-free
coefficients cannot be put in a fixed finite list: a prime `p` is rigidly its
own coefficient in every decomposition `p = u*x^n`, `n >= 2`.

No modularity theorem, level-lowering theorem, generalized-Fermat finiteness
statement, height bound, or abc estimate is assumed in this module.
-/
`.

Note: This linter can be disabled with `set_option linter.style.header false`
⚠ [8983/9224] Replayed IUTThreeClosures.HigherCongruenceDepthBarrier
warning: IUTThreeClosures/HigherCongruenceDepthBarrier.lean:1:1: * '-/':
Copyright too short!


Note: This linter can be disabled with `set_option linter.style.header false`
⚠ [8998/9224] Replayed IUTThreeClosures.FreyAdelicPacketCompensationAudit
warning: IUTThreeClosures/FreyAdelicPacketCompensationAudit.lean:1:1: * '-/':
Copyright too short!


Note: This linter can be disabled with `set_option linter.style.header false`
⚠ [9000/9224] Replayed IUTThreeClosures.FreyPellRadicalRecurrenceBarrier
warning: IUTThreeClosures/FreyPellRadicalRecurrenceBarrier.lean:1:1: * '-/':
Copyright too short!


Note: This linter can be disabled with `set_option linter.style.header false`
⚠ [9003/9224] Replayed IUTThreeClosures.FreyArchimedeanMultibranchCancellationAudit
warning: IUTThreeClosures/FreyArchimedeanMultibranchCancellationAudit.lean:1:1: * '-/':
Copyright too short!


Note: This linter can be disabled with `set_option linter.style.header false`
⚠ [9005/9224] Replayed IUTThreeClosures.FreyCyclicIsogenyCrossMotiveAudit
warning: IUTThreeClosures/FreyCyclicIsogenyCrossMotiveAudit.lean:1:1: * '-/':
Copyright too short!


Note: This linter can be disabled with `set_option linter.style.header false`
⚠ [9006/9224] Replayed IUTThreeClosures.FreyNonDiagonalCorrespondenceAudit
warning: IUTThreeClosures/FreyNonDiagonalCorrespondenceAudit.lean:1:1: * '-/':
Copyright too short!


Note: This linter can be disabled with `set_option linter.style.header false`
⚠ [9009/9224] Replayed IUTThreeClosures.FreyPellSquarefullPrimitiveDivisorAudit
warning: IUTThreeClosures/FreyPellSquarefullPrimitiveDivisorAudit.lean:1:1: * '-/':
Copyright too short!


Note: This linter can be disabled with `set_option linter.style.header false`
⚠ [9011/9224] Replayed IUTThreeClosures.FreyPellFirstHitKummerSieveAudit
warning: IUTThreeClosures/FreyPellFirstHitKummerSieveAudit.lean:173:2: Using `native_decide` is not allowed in mathlib: because it trusts the entire Lean compiler (not just the Lean kernel), it could quite possibly be used to prove false.

Note: This linter can be disabled with `set_option linter.style.nativeDecide false`
warning: IUTThreeClosures/FreyPellFirstHitKummerSieveAudit.lean:178:2: Using `native_decide` is not allowed in mathlib: because it trusts the entire Lean compiler (not just the Lean kernel), it could quite possibly be used to prove false.

Note: This linter can be disabled with `set_option linter.style.nativeDecide false`
warning: IUTThreeClosures/FreyPellFirstHitKummerSieveAudit.lean:216:2: Using `native_decide` is not allowed in mathlib: because it trusts the entire Lean compiler (not just the Lean kernel), it could quite possibly be used to prove false.

Note: This linter can be disabled with `set_option linter.style.nativeDecide false`
⚠ [9014/9224] Replayed IUTThreeClosures.FreyPellFundamentalUnitSquarefreeAudit
warning: IUTThreeClosures/FreyPellFundamentalUnitSquarefreeAudit.lean:1:1: * '-/':
Copyright too short!


Note: This linter can be disabled with `set_option linter.style.header false`
⚠ [9015/9224] Replayed IUTThreeClosures.FreyPellNonmaximalOrderConductorAudit
warning: IUTThreeClosures/FreyPellNonmaximalOrderConductorAudit.lean:1:1: * '-/':
Copyright too short!


Note: This linter can be disabled with `set_option linter.style.header false`
warning: IUTThreeClosures/FreyPellNonmaximalOrderConductorAudit.lean:171:2: Using `native_decide` is not allowed in mathlib: because it trusts the entire Lean compiler (not just the Lean kernel), it could quite possibly be used to prove false.

Note: This linter can be disabled with `set_option linter.style.nativeDecide false`
warning: IUTThreeClosures/FreyPellNonmaximalOrderConductorAudit.lean:188:2: Using `native_decide` is not allowed in mathlib: because it trusts the entire Lean compiler (not just the Lean kernel), it could quite possibly be used to prove false.

Note: This linter can be disabled with `set_option linter.style.nativeDecide false`
⚠ [9016/9224] Replayed IUTThreeClosures.FreyPellSquareclassRecurrenceAudit
warning: IUTThreeClosures/FreyPellSquareclassRecurrenceAudit.lean:1:1: * '-/':
Copyright too short!


Note: This linter can be disabled with `set_option linter.style.header false`
⚠ [9018/9224] Replayed IUTThreeClosures.FreyPellCongruentTwistIndexTransferAudit
warning: IUTThreeClosures/FreyPellCongruentTwistIndexTransferAudit.lean:1:1: * '-/':
Copyright too short!


Note: This linter can be disabled with `set_option linter.style.header false`
info: IUTThreeClosures/FreyPellCongruentTwistIndexTransferAudit.lean:121:0: 'IUTThreeClosures.pellIndexTransfer_adjacentBezout' depends on axioms: [propext, Quot.sound]
info: IUTThreeClosures/FreyPellCongruentTwistIndexTransferAudit.lean:122:0: 'IUTThreeClosures.pellIndexTransfer_commonDivisor_dvd_240' depends on axioms: [propext, Quot.sound]
info: IUTThreeClosures/FreyPellCongruentTwistIndexTransferAudit.lean:123:0: 'IUTThreeClosures.pellIndexTransfer_adjacent_coprime_divisorCriterion' depends on axioms: [propext, Quot.sound]
info: IUTThreeClosures/FreyPellCongruentTwistIndexTransferAudit.lean:124:0: 'IUTThreeClosures.pellIndexTransfer_pointwiseEnvelope' depends on axioms: [propext, Classical.choice, Quot.sound]
info: IUTThreeClosures/FreyPellCongruentTwistIndexTransferAudit.lean:125:0: 'IUTThreeClosures.pellIndexTransfer_polynomialProfile' depends on axioms: [propext, Classical.choice, Quot.sound]
⚠ [9020/9224] Replayed IUTThreeClosures.FreyPellChebyshevIndexThreeAudit
warning: IUTThreeClosures/FreyPellChebyshevIndexThreeAudit.lean:1:1: * '-/':
Copyright too short!


Note: This linter can be disabled with `set_option linter.style.header false`
warning: IUTThreeClosures/FreyPellChebyshevIndexThreeAudit.lean:41:2: try 'simp' instead of 'simpa'

Note: This linter can be disabled with `set_option linter.unnecessarySimpa false`
warning: IUTThreeClosures/FreyPellChebyshevIndexThreeAudit.lean:82:6: `simp` is a flexible tactic modifying `⊢`. Try `simp?` and use the suggested `simp only [...]`. Alternatively, use `suffices` to explicitly state the simplified form.

Note: This linter can be disabled with `set_option linter.flexible false`
info: IUTThreeClosures/FreyPellChebyshevIndexThreeAudit.lean:82:6: Try this:
  [apply] simp only [pellChebyshev_zero, Std.le_refl, zero_add, pellChebyshev_one, true_and]
info: IUTThreeClosures/FreyPellChebyshevIndexThreeAudit.lean:83:6: `exact hx`
modifies the current goal, which was modified by the flexible tactic `simp` on line 82!
warning: IUTThreeClosures/FreyPellChebyshevIndexThreeAudit.lean:134:2: `simp [magma216a1XCoordinates] at hmem` is a flexible tactic modifying `hmem`. Try `simp?` and use the suggested `simp only [...]`. Alternatively, use `suffices` to explicitly state the simplified form.

Note: This linter can be disabled with `set_option linter.flexible false`
info: IUTThreeClosures/FreyPellChebyshevIndexThreeAudit.lean:135:2: `rcases hmem with h | h | h | h | h | h | h | h`
uses `hmem`, which was modified by the flexible tactic `simp` on line 134!
info: IUTThreeClosures/FreyPellChebyshevIndexThreeAudit.lean:218:0: 'IUTThreeClosures.indexThree_to_216a1' depends on axioms: [propext, Classical.choice, Quot.sound]
info: IUTThreeClosures/FreyPellChebyshevIndexThreeAudit.lean:219:0: 'IUTThreeClosures.magma216a1_positive_fourMultiple_filter' depends on axioms: [propext, Quot.sound]
info: IUTThreeClosures/FreyPellChebyshevIndexThreeAudit.lean:220:0: 'IUTThreeClosures.three_not_dvd_chebyshev_shiftSquare_index' depends on axioms: [propext, Classical.choice, Quot.sound]
ℹ [9021/9224] Replayed IUTThreeClosures.FreyPellChebyshevIndexFiveEllipticChabautyCertificate
info: IUTThreeClosures/FreyPellChebyshevIndexFiveEllipticChabautyCertificate.lean:83:0: 'IUTThreeClosures.indexFive_to_magma_model' depends on axioms: [propext, Quot.sound]
info: IUTThreeClosures/FreyPellChebyshevIndexFiveEllipticChabautyCertificate.lean:84:0: 'IUTThreeClosures.indexFive_base_eq_one_or_neg_one_of_external_certificate' depends on axioms: [propext, Quot.sound]
info: IUTThreeClosures/FreyPellChebyshevIndexFiveEllipticChabautyCertificate.lean:85:0: 'IUTThreeClosures.no_indexFive_polynomial_of_external_certificate' depends on axioms: [propext, Quot.sound]
info: IUTThreeClosures/FreyPellChebyshevIndexFiveEllipticChabautyCertificate.lean:86:0: 'IUTThreeClosures.no_indexFive_chebyshev_shiftSquare_of_external_certificate' depends on axioms: [propext,
 Classical.choice,
 Quot.sound]
ℹ [9022/9224] Replayed IUTThreeClosures.FreyPellChebyshevIndexSevenColemanChabautyCertificate
info: IUTThreeClosures/FreyPellChebyshevIndexSevenColemanChabautyCertificate.lean:137:0: 'IUTThreeClosures.pellChebyshev_seven' depends on axioms: [propext, Classical.choice, Quot.sound]
info: IUTThreeClosures/FreyPellChebyshevIndexSevenColemanChabautyCertificate.lean:138:0: 'IUTThreeClosures.indexSeven_rational_points_of_external_certificate' depends on axioms: [propext,
 Classical.choice,
 Quot.sound]
info: IUTThreeClosures/FreyPellChebyshevIndexSevenColemanChabautyCertificate.lean:139:0: 'IUTThreeClosures.indexSeven_genusThree_model' depends on axioms: [propext, Classical.choice, Quot.sound]
info: IUTThreeClosures/FreyPellChebyshevIndexSevenColemanChabautyCertificate.lean:140:0: 'IUTThreeClosures.indexSeven_base_eq_neg_one_or_one_of_external_certificate' depends on axioms: [propext,
 Classical.choice,
 Quot.sound]
info: IUTThreeClosures/FreyPellChebyshevIndexSevenColemanChabautyCertificate.lean:141:0: 'IUTThreeClosures.no_indexSeven_polynomial_of_external_certificate' depends on axioms: [propext,
 Classical.choice,
 Quot.sound]
info: IUTThreeClosures/FreyPellChebyshevIndexSevenColemanChabautyCertificate.lean:142:0: 'IUTThreeClosures.no_indexSeven_chebyshev_shiftSquare_of_external_certificate' depends on axioms: [propext,
 Classical.choice,
 Quot.sound]
ℹ [9023/9224] Replayed IUTThreeClosures.FreyPellChebyshevIndexElevenColemanChabautyCertificate
info: IUTThreeClosures/FreyPellChebyshevIndexElevenColemanChabautyCertificate.lean:182:0: 'IUTThreeClosures.pellChebyshev_eleven' depends on axioms: [propext, Classical.choice, Quot.sound]
info: IUTThreeClosures/FreyPellChebyshevIndexElevenColemanChabautyCertificate.lean:183:0: 'IUTThreeClosures.indexEleven_rational_points_of_external_certificate' depends on axioms: [propext,
 Classical.choice,
 Quot.sound]
info: IUTThreeClosures/FreyPellChebyshevIndexElevenColemanChabautyCertificate.lean:184:0: 'IUTThreeClosures.indexEleven_genusFive_model' depends on axioms: [propext, Classical.choice, Quot.sound]
info: IUTThreeClosures/FreyPellChebyshevIndexElevenColemanChabautyCertificate.lean:185:0: 'IUTThreeClosures.indexEleven_base_eq_neg_one_or_one_of_external_certificate' depends on axioms: [propext,
 Classical.choice,
 Quot.sound]
info: IUTThreeClosures/FreyPellChebyshevIndexElevenColemanChabautyCertificate.lean:186:0: 'IUTThreeClosures.no_indexEleven_polynomial_of_external_certificate' depends on axioms: [propext,
 Classical.choice,
 Quot.sound]
info: IUTThreeClosures/FreyPellChebyshevIndexElevenColemanChabautyCertificate.lean:187:0: 'IUTThreeClosures.no_indexEleven_chebyshev_shiftSquare_of_external_certificate' depends on axioms: [propext,
 Classical.choice,
 Quot.sound]
ℹ [9024/9224] Replayed IUTThreeClosures.FreyPellChebyshevIndexThirteenColemanChabautyCertificate
info: IUTThreeClosures/FreyPellChebyshevIndexThirteenColemanChabautyCertificate.lean:206:0: 'IUTThreeClosures.pellChebyshev_thirteen' depends on axioms: [propext, Classical.choice, Quot.sound]
info: IUTThreeClosures/FreyPellChebyshevIndexThirteenColemanChabautyCertificate.lean:207:0: 'IUTThreeClosures.indexThirteen_rational_points_of_external_certificate' depends on axioms: [propext,
 Classical.choice,
 Quot.sound]
info: IUTThreeClosures/FreyPellChebyshevIndexThirteenColemanChabautyCertificate.lean:208:0: 'IUTThreeClosures.indexThirteen_genusSix_model' depends on axioms: [propext, Classical.choice, Quot.sound]
info: IUTThreeClosures/FreyPellChebyshevIndexThirteenColemanChabautyCertificate.lean:209:0: 'IUTThreeClosures.indexThirteen_base_eq_neg_one_or_one_of_external_certificate' depends on axioms: [propext,
 Classical.choice,
 Quot.sound]
info: IUTThreeClosures/FreyPellChebyshevIndexThirteenColemanChabautyCertificate.lean:210:0: 'IUTThreeClosures.no_indexThirteen_polynomial_of_external_certificate' depends on axioms: [propext,
 Classical.choice,
 Quot.sound]
info: IUTThreeClosures/FreyPellChebyshevIndexThirteenColemanChabautyCertificate.lean:211:0: 'IUTThreeClosures.no_indexThirteen_chebyshev_shiftSquare_of_external_certificate' depends on axioms: [propext,
 Classical.choice,
 Quot.sound]
ℹ [9025/9224] Replayed IUTThreeClosures.FreyPellChebyshevPrimeIndexUniformGenusAudit
info: IUTThreeClosures/FreyPellChebyshevPrimeIndexUniformGenusAudit.lean:224:0: 'IUTThreeClosures.pellPrimeUniform_betaSquareCoordinates' depends on axioms: [propext]
info: IUTThreeClosures/FreyPellChebyshevPrimeIndexUniformGenusAudit.lean:225:0: 'IUTThreeClosures.pellPrimeUniformChebyshev_zero' does not depend on any axioms
info: IUTThreeClosures/FreyPellChebyshevPrimeIndexUniformGenusAudit.lean:226:0: 'IUTThreeClosures.pellPrimeUniformChebyshev_one' does not depend on any axioms
info: IUTThreeClosures/FreyPellChebyshevPrimeIndexUniformGenusAudit.lean:227:0: 'IUTThreeClosures.pellPrimeUniform_gammaSquareCoordinates' depends on axioms: [propext]
info: IUTThreeClosures/FreyPellChebyshevPrimeIndexUniformGenusAudit.lean:228:0: 'IUTThreeClosures.pellPrimeUniform_threeSubfieldNormCoordinates' depends on axioms: [propext,
 Classical.choice,
 Quot.sound]
info: IUTThreeClosures/FreyPellChebyshevPrimeIndexUniformGenusAudit.lean:229:0: 'IUTThreeClosures.pellPrimeUniform_subfieldUnitsNormOne' depends on axioms: [propext, Classical.choice, Quot.sound]
info: IUTThreeClosures/FreyPellChebyshevPrimeIndexUniformGenusAudit.lean:230:0: 'IUTThreeClosures.pellPrimeUniform_sUnitQuotient' depends on axioms: [propext, Classical.choice, Quot.sound]
info: IUTThreeClosures/FreyPellChebyshevPrimeIndexUniformGenusAudit.lean:231:0: 'IUTThreeClosures.pellPrimeUniform_sUnitExponentEquation' depends on axioms: [propext, Classical.choice, Quot.sound]
info: IUTThreeClosures/FreyPellChebyshevPrimeIndexUniformGenusAudit.lean:232:0: 'IUTThreeClosures.pellPrimeUniform_sUnitAbsoluteNorm' depends on axioms: [propext, Classical.choice, Quot.sound]
info: IUTThreeClosures/FreyPellChebyshevPrimeIndexUniformGenusAudit.lean:233:0: 'IUTThreeClosures.pellPrimeUniform_degreeEightFactorization' depends on axioms: [propext]
info: IUTThreeClosures/FreyPellChebyshevPrimeIndexUniformGenusAudit.lean:234:0: 'IUTThreeClosures.pellPrimeUniform_adjacentKernelUnitNormOne' depends on axioms: [propext]
info: IUTThreeClosures/FreyPellChebyshevPrimeIndexUniformGenusAudit.lean:235:0: 'IUTThreeClosures.pellPrimeUniform_bhvDiagnostic_normOne' depends on axioms: [propext]
info: IUTThreeClosures/FreyPellChebyshevPrimeIndexUniformGenusAudit.lean:236:0: 'IUTThreeClosures.pellPrimeUniform_bhvDiagnostic_chebyshevFactorization' does not depend on any axioms
info: IUTThreeClosures/FreyPellChebyshevPrimeIndexUniformGenusAudit.lean:237:0: 'IUTThreeClosures.pellPrimeUniform_bhvDiagnostic_residues' does not depend on any axioms
info: IUTThreeClosures/FreyPellChebyshevPrimeIndexUniformGenusAudit.lean:238:0: 'IUTThreeClosures.pellPrimeUniform_bhvDiagnostic_shiftResidue' does not depend on any axioms
⚠ [9026/9224] Replayed IUTThreeClosures.FreyPellChebyshevPrimeIndexLocalPermutationBarrier
warning: IUTThreeClosures/FreyPellChebyshevPrimeIndexLocalPermutationBarrier.lean:1:1: * '-/':
Copyright too short!


Note: This linter can be disabled with `set_option linter.style.header false`
info: IUTThreeClosures/FreyPellChebyshevPrimeIndexLocalPermutationBarrier.lean:326:0: 'IUTThreeClosures.pellPrimeLocal_halfAngleReconstruction' depends on axioms: [propext, Classical.choice, Quot.sound]
info: IUTThreeClosures/FreyPellChebyshevPrimeIndexLocalPermutationBarrier.lean:327:0: 'IUTThreeClosures.pellPrimeLocal_blockOne' depends on axioms: [propext]
info: IUTThreeClosures/FreyPellChebyshevPrimeIndexLocalPermutationBarrier.lean:328:0: 'IUTThreeClosures.pellPrimeLocal_derivativeFactor_ne_zero' depends on axioms: [propext, Classical.choice, Quot.sound]
info: IUTThreeClosures/FreyPellChebyshevPrimeIndexLocalPermutationBarrier.lean:329:0: 'IUTThreeClosures.pellPrimeLocal_smallPrimeBranch' depends on axioms: [propext, Quot.sound]
info: IUTThreeClosures/FreyPellChebyshevPrimeIndexLocalPermutationBarrier.lean:330:0: 'IUTThreeClosures.pellPrimeLocal_minusOne_oddPow' depends on axioms: [propext]
info: IUTThreeClosures/FreyPellChebyshevPrimeIndexLocalPermutationBarrier.lean:331:0: 'IUTThreeClosures.pellPrimeLocal_powerThreshold' depends on axioms: [propext, Quot.sound]
info: IUTThreeClosures/FreyPellChebyshevPrimeIndexLocalPermutationBarrier.lean:332:0: 'IUTThreeClosures.pellPrimeLocal_elevenThreshold' depends on axioms: [propext, Quot.sound]
info: IUTThreeClosures/FreyPellChebyshevPrimeIndexLocalPermutationBarrier.lean:333:0: 'IUTThreeClosures.pellPrimeLocal_fourElevenParityThreshold' depends on axioms: [propext, Quot.sound]
info: IUTThreeClosures/FreyPellChebyshevPrimeIndexLocalPermutationBarrier.lean:334:0: 'IUTThreeClosures.pellPrimeLocal_strictParityBound_excludes' depends on axioms: [propext]
info: IUTThreeClosures/FreyPellChebyshevPrimeIndexLocalPermutationBarrier.lean:335:0: 'IUTThreeClosures.pellPrimeLocal_thirtyOneThreshold' depends on axioms: [propext, Quot.sound]
info: IUTThreeClosures/FreyPellChebyshevPrimeIndexLocalPermutationBarrier.lean:336:0: 'IUTThreeClosures.pellPrimeLocal_fourThirtyOneParityThreshold' depends on axioms: [propext, Quot.sound]
info: IUTThreeClosures/FreyPellChebyshevPrimeIndexLocalPermutationBarrier.lean:337:0: 'IUTThreeClosures.pellPrimeLocal_strictParityBoundThirtyOne_excludes' depends on axioms: [propext]
info: IUTThreeClosures/FreyPellChebyshevPrimeIndexLocalPermutationBarrier.lean:338:0: 'IUTThreeClosures.pellPrimeLocal_activeKernelProductFloor' depends on axioms: [propext, Quot.sound]
info: IUTThreeClosures/FreyPellChebyshevPrimeIndexLocalPermutationBarrier.lean:339:0: 'IUTThreeClosures.pellPrimeLocal_activeHeightFloor' depends on axioms: [propext, Classical.choice, Quot.sound]
info: IUTThreeClosures/FreyPellChebyshevPrimeIndexLocalPermutationBarrier.lean:340:0: 'IUTThreeClosures.pellPrimeLocal_thirtySevenThreshold' depends on axioms: [propext, Quot.sound]
info: IUTThreeClosures/FreyPellChebyshevPrimeIndexLocalPermutationBarrier.lean:341:0: 'IUTThreeClosures.pellPrimeLocal_fourThirtySevenParityThreshold' depends on axioms: [propext, Quot.sound]
info: IUTThreeClosures/FreyPellChebyshevPrimeIndexLocalPermutationBarrier.lean:342:0: 'IUTThreeClosures.pellPrimeLocal_strictParityBoundThirtySeven_excludes' depends on axioms: [propext]
info: IUTThreeClosures/FreyPellChebyshevPrimeIndexLocalPermutationBarrier.lean:343:0: 'IUTThreeClosures.pellPrimeLocal_activeHeightFloorAfterThirtyOne' depends on axioms: [propext,
 Classical.choice,
 Quot.sound]
⚠ [9027/9224] Replayed IUTThreeClosures.FreyPellChebyshevLocalSimpleRootCore
warning: IUTThreeClosures/FreyPellChebyshevLocalSimpleRootCore.lean:1:1: * '-/':
Copyright too short!


Note: This linter can be disabled with `set_option linter.style.header false`
info: IUTThreeClosures/FreyPellChebyshevLocalSimpleRootCore.lean:262:0: 'IUTThreeClosures.PellChebyshevLocalSimpleRoot.t_sq_sub_one' depends on axioms: [propext, Classical.choice, Quot.sound]
info: IUTThreeClosures/FreyPellChebyshevLocalSimpleRootCore.lean:263:0: 'IUTThreeClosures.PellChebyshevLocalSimpleRoot.derivative_t_eval' depends on axioms: [propext,
 Classical.choice,
 Quot.sound]
info: IUTThreeClosures/FreyPellChebyshevLocalSimpleRootCore.lean:264:0: 'IUTThreeClosures.PellChebyshevLocalSimpleRoot.derivative_targetFive_eval' depends on axioms: [propext,
 Classical.choice,
 Quot.sound]
info: IUTThreeClosures/FreyPellChebyshevLocalSimpleRootCore.lean:265:0: 'IUTThreeClosures.PellChebyshevLocalSimpleRoot.targetFive_curveEquation' depends on axioms: [propext,
 Classical.choice,
 Quot.sound]
info: IUTThreeClosures/FreyPellChebyshevLocalSimpleRootCore.lean:266:0: 'IUTThreeClosures.PellChebyshevLocalSimpleRoot.targetFive_nondegenerate' depends on axioms: [propext,
 Classical.choice,
 Quot.sound]
info: IUTThreeClosures/FreyPellChebyshevLocalSimpleRootCore.lean:267:0: 'IUTThreeClosures.PellChebyshevLocalSimpleRoot.targetFive_derivative_isUnit' depends on axioms: [propext,
 Classical.choice,
 Quot.sound]
info: IUTThreeClosures/FreyPellChebyshevLocalSimpleRootCore.lean:268:0: 'IUTThreeClosures.PellChebyshevLocalSimpleRoot.existsUnique_targetFive_of_bijective' depends on axioms: [propext,
 Classical.choice,
 Quot.sound]
info: IUTThreeClosures/FreyPellChebyshevLocalSimpleRootCore.lean:269:0: 'IUTThreeClosures.PellChebyshevLocalSimpleRoot.existsUnique_curveAbscissa_of_bijective' depends on axioms: [propext,
 Classical.choice,
 Quot.sound]
info: IUTThreeClosures/FreyPellChebyshevLocalSimpleRootCore.lean:271:0: 'IUTThreeClosures.PellChebyshevLocalSimpleRoot.zmod_targetFive_simple' depends on axioms: [propext,
 Classical.choice,
 Quot.sound]
info: IUTThreeClosures/FreyPellChebyshevLocalSimpleRootCore.lean:272:0: 'IUTThreeClosures.PellChebyshevLocalSimpleRoot.zmod_existsUnique_targetFive_simple_of_bijective' depends on axioms: [propext,
 Classical.choice,
 Quot.sound]
info: IUTThreeClosures/FreyPellChebyshevLocalSimpleRootCore.lean:274:0: 'IUTThreeClosures.PellChebyshevLocalSimpleRoot.crt_pair' depends on axioms: [propext, Classical.choice, Quot.sound]
⚠ [9028/9224] Replayed IUTThreeClosures.FreyPellChebyshevPrimeIndexFiveSplitBhvConstraint
warning: IUTThreeClosures/FreyPellChebyshevPrimeIndexFiveSplitBhvConstraint.lean:1:1: * '-/':
Copyright too short!


Note: This linter can be disabled with `set_option linter.style.header false`
info: IUTThreeClosures/FreyPellChebyshevPrimeIndexFiveSplitBhvConstraint.lean:209:0: 'IUTThreeClosures.pellPrimeFiveSplit_normComposition' depends on axioms: [propext, Quot.sound]
info: IUTThreeClosures/FreyPellChebyshevPrimeIndexFiveSplitBhvConstraint.lean:210:0: 'IUTThreeClosures.pellPrimeFiveSplit_normComposition_of_norms' depends on axioms: [propext, Quot.sound]
info: IUTThreeClosures/FreyPellChebyshevPrimeIndexFiveSplitBhvConstraint.lean:211:0: 'IUTThreeClosures.pellPrimeFiveSplit_reconstruct_shiftSquare' depends on axioms: [propext, Classical.choice, Quot.sound]
info: IUTThreeClosures/FreyPellChebyshevPrimeIndexFiveSplitBhvConstraint.lean:212:0: 'IUTThreeClosures.pellPrimeFiveSplit_shiftSquare_iff_productCoefficient' depends on axioms: [propext,
 Classical.choice,
 Quot.sound]
info: IUTThreeClosures/FreyPellChebyshevPrimeIndexFiveSplitBhvConstraint.lean:213:0: 'IUTThreeClosures.pellPrimeFiveSplit_natSquare_add_one_ne_square' depends on axioms: [propext,
 Classical.choice,
 Quot.sound]
info: IUTThreeClosures/FreyPellChebyshevPrimeIndexFiveSplitBhvConstraint.lean:214:0: 'IUTThreeClosures.pellPrimeFiveSplit_neighborSquare_excludes' depends on axioms: [propext, Classical.choice, Quot.sound]
info: IUTThreeClosures/FreyPellChebyshevPrimeIndexFiveSplitBhvConstraint.lean:215:0: 'IUTThreeClosures.pellPrimeFiveSplit_factor_sees_five_as_square' depends on axioms: [propext,
 Classical.choice,
 Quot.sound]
info: IUTThreeClosures/FreyPellChebyshevPrimeIndexFiveSplitBhvConstraint.lean:216:0: 'IUTThreeClosures.pellPrimeFiveSplit_modFive_sameSign' depends on axioms: [propext, Classical.choice, Quot.sound]
info: IUTThreeClosures/FreyPellChebyshevPrimeIndexFiveSplitBhvConstraint.lean:217:0: 'IUTThreeClosures.pellPrimeFiveSplit_crt_nonFive' depends on axioms: [propext, Quot.sound]
info: IUTThreeClosures/FreyPellChebyshevPrimeIndexFiveSplitBhvConstraint.lean:218:0: 'IUTThreeClosures.pellPrimeFiveSplit_crt_five_positive' depends on axioms: [propext, Quot.sound]
info: IUTThreeClosures/FreyPellChebyshevPrimeIndexFiveSplitBhvConstraint.lean:219:0: 'IUTThreeClosures.pellPrimeFiveSplit_crt_five_negative' depends on axioms: [propext, Quot.sound]
info: IUTThreeClosures/FreyPellChebyshevPrimeIndexFiveSplitBhvConstraint.lean:220:0: 'IUTThreeClosures.pellPrimeFiveSplit_crt_primeClassLookup' depends on axioms: [propext, Quot.sound]
info: IUTThreeClosures/FreyPellChebyshevPrimeIndexFiveSplitBhvConstraint.lean:221:0: 'IUTThreeClosures.pellPrimeFiveSplit_firstFourPBoundaries_incompatible' depends on axioms: [propext, Quot.sound]
ℹ [9029/9224] Replayed IUTThreeClosures.FreyPellChebyshevFixedFiveResidualConsequences
info: IUTThreeClosures/FreyPellChebyshevFixedFiveResidualConsequences.lean:357:0: 'IUTThreeClosures.pellFixedFiveResidual_scaledElimination' depends on axioms: [propext, Quot.sound]
info: IUTThreeClosures/FreyPellChebyshevFixedFiveResidualConsequences.lean:358:0: 'IUTThreeClosures.pellFixedFiveResidual_mixedCoordinateIdentities' depends on axioms: [propext,
 Classical.choice,
 Quot.sound]
info: IUTThreeClosures/FreyPellChebyshevFixedFiveResidualConsequences.lean:359:0: 'IUTThreeClosures.pellFixedFiveResidual_mixedCoordinate_su' depends on axioms: [propext, Classical.choice, Quot.sound]
info: IUTThreeClosures/FreyPellChebyshevFixedFiveResidualConsequences.lean:360:0: 'IUTThreeClosures.pellFixedFiveResidual_mixedCoordinate_rv' depends on axioms: [propext, Classical.choice, Quot.sound]
info: IUTThreeClosures/FreyPellChebyshevFixedFiveResidualConsequences.lean:361:0: 'IUTThreeClosures.pellFixedFiveResidual_X_mul_v_sq_mod_s' depends on axioms: [propext, Classical.choice, Quot.sound]
info: IUTThreeClosures/FreyPellChebyshevFixedFiveResidualConsequences.lean:362:0: 'IUTThreeClosures.pellFixedFiveResidual_H_mul_s_sq_mod_v' depends on axioms: [propext, Classical.choice, Quot.sound]
info: IUTThreeClosures/FreyPellChebyshevFixedFiveResidualConsequences.lean:363:0: 'IUTThreeClosures.pellFixedFiveResidual_isCoprime_s_X' depends on axioms: [propext, Classical.choice, Quot.sound]
info: IUTThreeClosures/FreyPellChebyshevFixedFiveResidualConsequences.lean:364:0: 'IUTThreeClosures.pellFixedFiveResidual_isCoprime_v_H' depends on axioms: [propext, Classical.choice, Quot.sound]
info: IUTThreeClosures/FreyPellChebyshevFixedFiveResidualConsequences.lean:365:0: 'IUTThreeClosures.pellFixedFiveResidual_isCoprime_of_cross_and_parity' depends on axioms: [propext,
 Classical.choice,
 Quot.sound]
info: IUTThreeClosures/FreyPellChebyshevFixedFiveResidualConsequences.lean:366:0: 'IUTThreeClosures.pellFixedFiveResidual_isCoprime_s_v' depends on axioms: [propext, Classical.choice, Quot.sound]
info: IUTThreeClosures/FreyPellChebyshevFixedFiveResidualConsequences.lean:367:0: 'IUTThreeClosures.pellFixedFiveResidual_isCoprime_r_u' depends on axioms: [propext, Classical.choice, Quot.sound]
info: IUTThreeClosures/FreyPellChebyshevFixedFiveResidualConsequences.lean:368:0: 'IUTThreeClosures.pellFixedFiveResidual_sameFactorGcds_dvd_two' depends on axioms: [propext,
 Classical.choice,
 Quot.sound]
info: IUTThreeClosures/FreyPellChebyshevFixedFiveResidualConsequences.lean:369:0: 'IUTThreeClosures.pellFixedFiveResidual_sameFactorGcds_le_two' depends on axioms: [propext,
 Classical.choice,
 Quot.sound]
info: IUTThreeClosures/FreyPellChebyshevFixedFiveResidualConsequences.lean:370:0: 'IUTThreeClosures.pellFixedFiveResidual_pointwise_r_lt_two_mul_X' depends on axioms: [propext,
 Classical.choice,
 Quot.sound]
info: IUTThreeClosures/FreyPellChebyshevFixedFiveResidualConsequences.lean:371:0: 'IUTThreeClosures.pellFixedFiveResidual_pointwiseFloorSandwich' depends on axioms: [propext,
 Classical.choice,
 Quot.sound]
info: IUTThreeClosures/FreyPellChebyshevFixedFiveResidualConsequences.lean:372:0: 'IUTThreeClosures.pellFixedFiveResidual_pointwiseSqrtInterval' depends on axioms: [propext,
 Classical.choice,
 Quot.sound]
info: IUTThreeClosures/FreyPellChebyshevFixedFiveResidualConsequences.lean:373:0: 'IUTThreeClosures.pellFixedFiveResidual_pointwiseNatFloor' depends on axioms: [propext, Classical.choice, Quot.sound]
ℹ [9030/9224] Replayed IUTThreeClosures.FreyPellChebyshevOddQuotientGcdLedger
info: IUTThreeClosures/FreyPellChebyshevOddQuotientGcdLedger.lean:195:0: 'IUTThreeClosures.pellChebyshev_odd_eq_mul_quotient' depends on axioms: [propext, Classical.choice, Quot.sound]
info: IUTThreeClosures/FreyPellChebyshevOddQuotientGcdLedger.lean:196:0: 'IUTThreeClosures.pellOddChebyshevQuotient_mod_sq' depends on axioms: [propext, Classical.choice, Quot.sound]
info: IUTThreeClosures/FreyPellChebyshevOddQuotientGcdLedger.lean:197:0: 'IUTThreeClosures.gcd_pellOddChebyshevQuotient' depends on axioms: [propext, Classical.choice, Quot.sound]
info: IUTThreeClosures/FreyPellChebyshevOddQuotientGcdLedger.lean:198:0: 'IUTThreeClosures.pellOddChebyshevQuotient_mod_sq_sub_one' depends on axioms: [propext, Classical.choice, Quot.sound]
info: IUTThreeClosures/FreyPellChebyshevOddQuotientGcdLedger.lean:199:0: 'IUTThreeClosures.pellOddChebyshevQuotient_mod_eight_of_odd' depends on axioms: [propext, Classical.choice, Quot.sound]
ℹ [9031/9224] Replayed IUTThreeClosures.FreyPellChebyshevOddQuotientFixedFiveLift
info: IUTThreeClosures/FreyPellChebyshevOddQuotientFixedFiveLift.lean:266:0: 'IUTThreeClosures.intSquare_emod_five' depends on axioms: [propext, Classical.choice, Quot.sound]
info: IUTThreeClosures/FreyPellChebyshevOddQuotientFixedFiveLift.lean:267:0: 'IUTThreeClosures.ramifiedFive_secondDigit_of_modSq' depends on axioms: [propext, Classical.choice, Quot.sound]
info: IUTThreeClosures/FreyPellChebyshevOddQuotientFixedFiveLift.lean:268:0: 'IUTThreeClosures.pellOddChebyshevQuotient_ramifiedFive_secondDigit' depends on axioms: [propext,
 Classical.choice,
 Quot.sound]
info: IUTThreeClosures/FreyPellChebyshevOddQuotientFixedFiveLift.lean:269:0: 'IUTThreeClosures.pellFixedFiveMixedPolynomial_mod_sq' depends on axioms: [propext, Classical.choice, Quot.sound]
info: IUTThreeClosures/FreyPellChebyshevOddQuotientFixedFiveLift.lean:270:0: 'IUTThreeClosures.pellOddChebyshevQuotient_pointwiseFloor_mod_sq' depends on axioms: [propext,
 Classical.choice,
 Quot.sound]
info: IUTThreeClosures/FreyPellChebyshevOddQuotientFixedFiveLift.lean:271:0: 'IUTThreeClosures.pellFixedFive_commonDivisor_r_X_dvd_five' depends on axioms: [propext, Classical.choice, Quot.sound]
info: IUTThreeClosures/FreyPellChebyshevOddQuotientFixedFiveLift.lean:272:0: 'IUTThreeClosures.pellFixedFive_gcd_r_X_dvd_five' depends on axioms: [propext, Classical.choice, Quot.sound]
info: IUTThreeClosures/FreyPellChebyshevOddQuotientFixedFiveLift.lean:273:0: 'IUTThreeClosures.pellFixedFive_isCoprime_r_X_of_five_not_dvd' depends on axioms: [propext,
 Classical.choice,
 Quot.sound]
info: IUTThreeClosures/FreyPellChebyshevOddQuotientFixedFiveLift.lean:274:0: 'IUTThreeClosures.pellFixedFiveMixedPolynomial_mod_sq_unique' depends on axioms: [propext, Classical.choice, Quot.sound]
info: IUTThreeClosures/FreyPellChebyshevOddQuotientFixedFiveLift.lean:275:0: 'IUTThreeClosures.pellFixedFiveMixedPolynomial_mod_sq_unique_of_five_not_dvd' depends on axioms: [propext,
 Classical.choice,
 Quot.sound]
info: IUTThreeClosures/FreyPellChebyshevOddQuotientFixedFiveLift.lean:276:0: 'IUTThreeClosures.ramifiedFive_secondDigit_not_shiftSquare_restatement' depends on axioms: [propext,
 Classical.choice,
 Quot.sound]
ℹ [9032/9224] Replayed IUTThreeClosures.FreyPellChebyshevOddQuotientFourthOrderLift
info: IUTThreeClosures/FreyPellChebyshevOddQuotientFourthOrderLift.lean:605:0: 'IUTThreeClosures.pellOddChebyshevQuadraticCoefficient_closed' depends on axioms: [propext, Quot.sound]
info: IUTThreeClosures/FreyPellChebyshevOddQuotientFourthOrderLift.lean:606:0: 'IUTThreeClosures.pellOddChebyshevQuotient_mod_fourth' depends on axioms: [propext, Classical.choice, Quot.sound]
info: IUTThreeClosures/FreyPellChebyshevOddQuotientFourthOrderLift.lean:607:0: 'IUTThreeClosures.ramifiedFive_fourthDigit_of_modFourth' depends on axioms: [propext, Classical.choice, Quot.sound]
info: IUTThreeClosures/FreyPellChebyshevOddQuotientFourthOrderLift.lean:608:0: 'IUTThreeClosures.ramifiedFive_thirdDigit_of_modFourth' depends on axioms: [propext, Classical.choice, Quot.sound]
info: IUTThreeClosures/FreyPellChebyshevOddQuotientFourthOrderLift.lean:609:0: 'IUTThreeClosures.ramifiedFive_thirdDigit_of_five_dvd_coefficient' depends on axioms: [propext,
 Classical.choice,
 Quot.sound]
info: IUTThreeClosures/FreyPellChebyshevOddQuotientFourthOrderLift.lean:610:0: 'IUTThreeClosures.pellOddChebyshevQuotient_ramifiedFive_fourthDigit' depends on axioms: [propext,
 Classical.choice,
 Quot.sound]
info: IUTThreeClosures/FreyPellChebyshevOddQuotientFourthOrderLift.lean:611:0: 'IUTThreeClosures.pellOddChebyshevQuotient_ramifiedFive_thirdDigit_of_five_dvd' depends on axioms: [propext,
 Classical.choice,
 Quot.sound]
info: IUTThreeClosures/FreyPellChebyshevOddQuotientFourthOrderLift.lean:612:0: 'IUTThreeClosures.pellOddChebyshevQuadraticCoefficient_fifteen' depends on axioms: [propext, Quot.sound]
info: IUTThreeClosures/FreyPellChebyshevOddQuotientFourthOrderLift.lean:613:0: 'IUTThreeClosures.pellOddChebyshevQuadraticCoefficient_twenty' depends on axioms: [propext, Quot.sound]
info: IUTThreeClosures/FreyPellChebyshevOddQuotientFourthOrderLift.lean:614:0: 'IUTThreeClosures.pellOddChebyshevQuotient_p31_base_mod625' depends on axioms: [propext, Classical.choice, Quot.sound]
info: IUTThreeClosures/FreyPellChebyshevOddQuotientFourthOrderLift.lean:615:0: 'IUTThreeClosures.pellOddChebyshevQuotient_p41_base_mod625' depends on axioms: [propext, Classical.choice, Quot.sound]
info: IUTThreeClosures/FreyPellChebyshevOddQuotientFourthOrderLift.lean:616:0: 'IUTThreeClosures.pellOddChebyshevQuotient_p31_singular_base_mod3125' depends on axioms: [propext,
 Classical.choice,
 Quot.sound]
info: IUTThreeClosures/FreyPellChebyshevOddQuotientFourthOrderLift.lean:617:0: 'IUTThreeClosures.pellOddChebyshevQuotient_p41_singular_base_mod3125' depends on axioms: [propext,
 Classical.choice,
 Quot.sound]
info: IUTThreeClosures/FreyPellChebyshevOddQuotientFourthOrderLift.lean:618:0: 'IUTThreeClosures.ramifiedFive_thirdDigit_not_modSq_restatement' depends on axioms: [propext,
 Classical.choice,
 Quot.sound]
info: IUTThreeClosures/FreyPellChebyshevOddQuotientFourthOrderLift.lean:619:0: 'IUTThreeClosures.ramifiedFive_fourthDigit_not_thirdDigit_restatement' depends on axioms: [propext,
 Classical.choice,
 Quot.sound]
ℹ [9033/9224] Replayed IUTThreeClosures.FreyPellChebyshevOddQuotientFiveAdicNoGo
info: IUTThreeClosures/FreyPellChebyshevOddQuotientFiveAdicNoGo.lean:228:0: 'IUTThreeClosures.pellOddChebyshevQuotient_map_modEq' depends on axioms: [propext, Classical.choice, Quot.sound]
info: IUTThreeClosures/FreyPellChebyshevOddQuotientFiveAdicNoGo.lean:229:0: 'IUTThreeClosures.pellOddChebyshevQuotient_five_mul_mod_five' depends on axioms: [propext, Classical.choice, Quot.sound]
info: IUTThreeClosures/FreyPellChebyshevOddQuotientFiveAdicNoGo.lean:230:0: 'IUTThreeClosures.pellOddChebyshevFiveAdicEquation_mod_five' depends on axioms: [propext, Classical.choice, Quot.sound]
info: IUTThreeClosures/FreyPellChebyshevOddQuotientFiveAdicNoGo.lean:231:0: 'IUTThreeClosures.pellOddChebyshevFiveAdicSlope_not_dvd_five' depends on axioms: [propext, Classical.choice, Quot.sound]
info: IUTThreeClosures/FreyPellChebyshevOddQuotientFiveAdicNoGo.lean:232:0: 'IUTThreeClosures.pellOddChebyshevFiveAdicEquation_lift_digit' depends on axioms: [propext,
 Classical.choice,
 Quot.sound]
info: IUTThreeClosures/FreyPellChebyshevOddQuotientFiveAdicNoGo.lean:233:0: 'IUTThreeClosures.exists_ramifiedCRT_lift_of_five_power' depends on axioms: [propext, Classical.choice, Quot.sound]
info: IUTThreeClosures/FreyPellChebyshevOddQuotientFiveAdicNoGo.lean:234:0: 'IUTThreeClosures.five_mul_ramifiedClass_iff' depends on axioms: [propext]
info: IUTThreeClosures/FreyPellChebyshevOddQuotientFiveAdicNoGo.lean:235:0: 'IUTThreeClosures.pellOddChebyshevQuotient_neg_one' depends on axioms: [propext, Quot.sound]
info: IUTThreeClosures/FreyPellChebyshevOddQuotientFiveAdicNoGo.lean:236:0: 'IUTThreeClosures.pellOddChebyshevFiveAdicEquation_mod_twentyfour' depends on axioms: [propext,
 Classical.choice,
 Quot.sound]
info: IUTThreeClosures/FreyPellChebyshevOddQuotientFiveAdicNoGo.lean:237:0: 'IUTThreeClosures.exists_mod_twentyfour_one_lift_of_five_power' depends on axioms: [propext,
 Classical.choice,
 Quot.sound]
ℹ [9034/9224] Replayed IUTThreeClosures.FreyPellChebyshevMovingPrimitiveNoGoCore
info: IUTThreeClosures/FreyPellChebyshevMovingPrimitiveNoGoCore.lean:337:0: 'IUTThreeClosures.MovingPrimitiveNoGo.granville_lucasRatio_no_coprime' depends on axioms: [propext,
 Classical.choice,
 Quot.sound]
info: IUTThreeClosures/FreyPellChebyshevMovingPrimitiveNoGoCore.lean:338:0: 'IUTThreeClosures.MovingPrimitiveNoGo.granville_lehmerRatio_no_coprime' depends on axioms: [propext,
 Classical.choice,
 Quot.sound]
info: IUTThreeClosures/FreyPellChebyshevMovingPrimitiveNoGoCore.lean:339:0: 'IUTThreeClosures.MovingPrimitiveNoGo.primitivePellTemplate_identities' depends on axioms: [propext, Quot.sound]
info: IUTThreeClosures/FreyPellChebyshevMovingPrimitiveNoGoCore.lean:340:0: 'IUTThreeClosures.MovingPrimitiveNoGo.primitivePellTemplate_residues' depends on axioms: [propext,
 Classical.choice,
 Quot.sound]
info: IUTThreeClosures/FreyPellChebyshevMovingPrimitiveNoGoCore.lean:341:0: 'IUTThreeClosures.MovingPrimitiveNoGo.primitivePellTemplateX_map_modEq' depends on axioms: [propext,
 Classical.choice,
 Quot.sound]
info: IUTThreeClosures/FreyPellChebyshevMovingPrimitiveNoGoCore.lean:342:0: 'IUTThreeClosures.MovingPrimitiveNoGo.pellOddChebyshevQuotient_mod_twentyFour_of_negOne' depends on axioms: [propext,
 Classical.choice,
 Quot.sound]
info: IUTThreeClosures/FreyPellChebyshevMovingPrimitiveNoGoCore.lean:343:0: 'IUTThreeClosures.MovingPrimitiveNoGo.primeSquareShape_forces_index_mod_twentyFour' depends on axioms: [propext,
 Classical.choice,
 Quot.sound]
info: IUTThreeClosures/FreyPellChebyshevMovingPrimitiveNoGoCore.lean:344:0: 'IUTThreeClosures.MovingPrimitiveNoGo.primeSquareShape_active_crt' depends on axioms: [propext, Quot.sound]
info: IUTThreeClosures/FreyPellChebyshevMovingPrimitiveNoGoCore.lean:345:0: 'IUTThreeClosures.MovingPrimitiveNoGo.p41ExampleQ_prime' depends on axioms: [propext, Classical.choice, Quot.sound]
info: IUTThreeClosures/FreyPellChebyshevMovingPrimitiveNoGoCore.lean:346:0: 'IUTThreeClosures.MovingPrimitiveNoGo.p41Example_factorizations' depends on axioms: [propext]
info: IUTThreeClosures/FreyPellChebyshevMovingPrimitiveNoGoCore.lean:347:0: 'IUTThreeClosures.MovingPrimitiveNoGo.p41Example_pellData' depends on axioms: [propext]
info: IUTThreeClosures/FreyPellChebyshevMovingPrimitiveNoGoCore.lean:348:0: 'IUTThreeClosures.MovingPrimitiveNoGo.p41Example_baseResidues' depends on axioms: [propext,
 Classical.choice,
 Quot.sound]
info: IUTThreeClosures/FreyPellChebyshevMovingPrimitiveNoGoCore.lean:349:0: 'IUTThreeClosures.MovingPrimitiveNoGo.p41Example_lambdaPowerCertificate' depends on axioms: [propext, Quot.sound]
info: IUTThreeClosures/FreyPellChebyshevMovingPrimitiveNoGoCore.lean:350:0: 'IUTThreeClosures.MovingPrimitiveNoGo.p41Example_traceAndPellModQ' depends on axioms: [propext,
 Classical.choice,
 Quot.sound]
info: IUTThreeClosures/FreyPellChebyshevMovingPrimitiveNoGoCore.lean:351:0: 'IUTThreeClosures.MovingPrimitiveNoGo.p41Example_q_splits_five_norm' depends on axioms: [propext]
info: IUTThreeClosures/FreyPellChebyshevMovingPrimitiveNoGoCore.lean:352:0: 'IUTThreeClosures.MovingPrimitiveNoGo.p41Example_five_is_fourthPower_modQ' depends on axioms: [propext, Quot.sound]
info: IUTThreeClosures/FreyPellChebyshevMovingPrimitiveNoGoCore.lean:353:0: 'IUTThreeClosures.MovingPrimitiveNoGo.p41Example_quotient_q_exactlyOnce' depends on axioms: [propext,
 Classical.choice,
 Quot.sound]
info: IUTThreeClosures/FreyPellChebyshevMovingPrimitiveNoGoCore.lean:354:0: 'IUTThreeClosures.MovingPrimitiveNoGo.p41Example_quotient_mod_q_sq' depends on axioms: [propext,
 Classical.choice,
 Quot.sound]
info: IUTThreeClosures/FreyPellChebyshevMovingPrimitiveNoGoCore.lean:355:0: 'IUTThreeClosures.MovingPrimitiveNoGo.p41Example_target_mod_3125' depends on axioms: [propext,
 Classical.choice,
 Quot.sound]
info: IUTThreeClosures/FreyPellChebyshevMovingPrimitiveNoGoCore.lean:356:0: 'IUTThreeClosures.MovingPrimitiveNoGo.p41Example_no_global_shiftedSquare' depends on axioms: [propext,
 Classical.choice,
 Quot.sound]
ℹ [9035/9224] Replayed IUTThreeClosures.FreyPellChebyshevBennettWalshOddValuation
info: IUTThreeClosures/FreyPellChebyshevBennettWalshOddValuation.lean:439:0: 'IUTThreeClosures.BennettWalshOddValuation.lemmaFiveOne_coprime_of_occurrence' depends on axioms: [propext,
 Classical.choice,
 Quot.sound]
info: IUTThreeClosures/FreyPellChebyshevBennettWalshOddValuation.lean:440:0: 'IUTThreeClosures.BennettWalshOddValuation.pellTraceQuotient_not_square' depends on axioms: [propext, Quot.sound]
info: IUTThreeClosures/FreyPellChebyshevBennettWalshOddValuation.lean:441:0: 'IUTThreeClosures.BennettWalshOddValuation.pellTraceQuotient_not_prime_mul_square' depends on axioms: [propext,
 Classical.choice,
 Quot.sound]
info: IUTThreeClosures/FreyPellChebyshevBennettWalshOddValuation.lean:442:0: 'IUTThreeClosures.BennettWalshOddValuation.pellTraceQuotient_not_square_or_prime_mul_square' depends on axioms: [propext,
 Classical.choice,
 Quot.sound]
info: IUTThreeClosures/FreyPellChebyshevBennettWalshOddValuation.lean:443:0: 'IUTThreeClosures.BennettWalshOddValuation.pellOddChebyshevQuotientNat_not_square_or_prime_mul_square' depends on axioms: [propext,
 Classical.choice,
 Quot.sound]
info: IUTThreeClosures/FreyPellChebyshevBennettWalshOddValuation.lean:444:0: 'IUTThreeClosures.BennettWalshOddValuation.granville_oddMultiplicityPrimitive_of_no_shapes' depends on axioms: [propext,
 Classical.choice,
 Quot.sound]
info: IUTThreeClosures/FreyPellChebyshevBennettWalshOddValuation.lean:445:0: 'IUTThreeClosures.BennettWalshOddValuation.pellOddChebyshevQuotientNat_has_oddMultiplicityPrimitive' depends on axioms: [propext,
 Classical.choice,
 Quot.sound]
ℹ [9036/9224] Replayed IUTThreeClosures.FreyPellChebyshevUniformTwoDescentAudit
info: IUTThreeClosures/FreyPellChebyshevUniformTwoDescentAudit.lean:67:0: 'IUTThreeClosures.pellChebyshevReducedEleven_halfFactors' depends on axioms: [propext, Quot.sound]
info: IUTThreeClosures/FreyPellChebyshevUniformTwoDescentAudit.lean:68:0: 'IUTThreeClosures.pellChebyshevReducedThirteen_halfFactors' depends on axioms: [propext, Quot.sound]
info: IUTThreeClosures/FreyPellChebyshevUniformTwoDescentAudit.lean:69:0: 'IUTThreeClosures.pellChebyshevReducedSeventeen_halfFactors' depends on axioms: [propext, Quot.sound]
ℹ [9037/9224] Replayed IUTThreeClosures.FreyPellChebyshevUniformSelmerExactResidual
info: IUTThreeClosures/FreyPellChebyshevUniformSelmerExactResidual.lean:54:0: 'IUTThreeClosures.pellChebyshevSelmer_le_two_iff_residual_kernels_vanish' depends on axioms: [propext,
 Classical.choice,
 Quot.sound]
info: IUTThreeClosures/FreyPellChebyshevUniformSelmerExactResidual.lean:55:0: 'IUTThreeClosures.pellChebyshevSelmer_eq_two_iff_residual_kernels_vanish' depends on axioms: [propext,
 Classical.choice,
 Quot.sound]
info: IUTThreeClosures/FreyPellChebyshevUniformSelmerExactResidual.lean:56:0: 'IUTThreeClosures.pellChebyshevClassRank_zero_of_bspt_lower_and_selmer_upper' depends on axioms: [propext, Quot.sound]
info: IUTThreeClosures/FreyPellChebyshevUniformSelmerExactResidual.lean:57:0: 'IUTThreeClosures.pellChebyshevLagrangian_dimension_data_do_not_choose_intersection' depends on axioms: [propext,
 Classical.choice,
 Quot.sound]
⚠ [9038/9224] Replayed IUTThreeClosures.FreyPellChebyshevFixedEllipticKummerAudit
warning: IUTThreeClosures/FreyPellChebyshevFixedEllipticKummerAudit.lean:1:1: * '-/':
Copyright too short!


Note: This linter can be disabled with `set_option linter.style.header false`
info: IUTThreeClosures/FreyPellChebyshevFixedEllipticKummerAudit.lean:134:0: 'IUTThreeClosures.pellChebyshev_fixedElliptic_unscaled' depends on axioms: [propext, Classical.choice, Quot.sound]
info: IUTThreeClosures/FreyPellChebyshevFixedEllipticKummerAudit.lean:135:0: 'IUTThreeClosures.pellChebyshev_fixedElliptic_scale' depends on axioms: [propext, Classical.choice, Quot.sound]
info: IUTThreeClosures/FreyPellChebyshevFixedEllipticKummerAudit.lean:136:0: 'IUTThreeClosures.pellChebyshev_fixedElliptic_involution' depends on axioms: [propext, Classical.choice, Quot.sound]
info: IUTThreeClosures/FreyPellChebyshevFixedEllipticKummerAudit.lean:137:0: 'IUTThreeClosures.pellChebyshev_fixedElliptic_Q_sub_x' depends on axioms: [propext, Classical.choice, Quot.sound]
info: IUTThreeClosures/FreyPellChebyshevFixedEllipticKummerAudit.lean:138:0: 'IUTThreeClosures.pellChebyshev_fixedElliptic_Q_sub_y' depends on axioms: [propext, Classical.choice, Quot.sound]
info: IUTThreeClosures/FreyPellChebyshevFixedEllipticKummerAudit.lean:139:0: 'IUTThreeClosures.pellChebyshev_fixedElliptic_halfQ' depends on axioms: [propext, Classical.choice, Quot.sound]
info: IUTThreeClosures/FreyPellChebyshevFixedEllipticKummerAudit.lean:140:0: 'IUTThreeClosures.pellChebyshev_fixedElliptic_translate_x' depends on axioms: [propext, Classical.choice, Quot.sound]
info: IUTThreeClosures/FreyPellChebyshevFixedEllipticKummerAudit.lean:141:0: 'IUTThreeClosures.pellChebyshev_fixedElliptic_translated_cubic' depends on axioms: [propext,
 Classical.choice,
 Quot.sound]
info: IUTThreeClosures/FreyPellChebyshevFixedEllipticKummerAudit.lean:142:0: 'IUTThreeClosures.pellChebyshev_fourConsecutive_twist_square' depends on axioms: [propext, Classical.choice, Quot.sound]
info: IUTThreeClosures/FreyPellChebyshevFixedEllipticKummerAudit.lean:143:0: 'IUTThreeClosures.pellChebyshev_fixedElliptic_conjugate_coordinates' depends on axioms: [propext,
 Classical.choice,
 Quot.sound]
ℹ [9039/9224] Replayed IUTThreeClosures.FreyPellChebyshevIndexSeventeenObstructionAudit
info: IUTThreeClosures/FreyPellChebyshevIndexSeventeenObstructionAudit.lean:59:0: 'IUTThreeClosures.pellChebyshevSeventeen_frobenius67_reciprocityLedger' depends on axioms: [propext]
info: IUTThreeClosures/FreyPellChebyshevIndexSeventeenObstructionAudit.lean:60:0: 'IUTThreeClosures.pellChebyshevSeventeen_frobenius67_middleMod' depends on axioms: [propext,
 Classical.choice,
 Quot.sound]
info: IUTThreeClosures/FreyPellChebyshevIndexSeventeenObstructionAudit.lean:61:0: 'IUTThreeClosures.pellChebyshevSeventeen_halfFactors' depends on axioms: [propext, Quot.sound]
ℹ [9040/9224] Replayed IUTThreeClosures.FreyPellChebyshevIndexSeventeenDyadicColemanCertificate
info: IUTThreeClosures/FreyPellChebyshevIndexSeventeenDyadicColemanCertificate.lean:233:0: 'IUTThreeClosures.pellChebyshev_seventeen' depends on axioms: [propext, Classical.choice, Quot.sound]
info: IUTThreeClosures/FreyPellChebyshevIndexSeventeenDyadicColemanCertificate.lean:234:0: 'IUTThreeClosures.pellChebyshevSeventeen_horizontal256Identity' depends on axioms: [propext, Quot.sound]
info: IUTThreeClosures/FreyPellChebyshevIndexSeventeenDyadicColemanCertificate.lean:235:0: 'IUTThreeClosures.pellChebyshevSeventeen_dyadicScalarLedger' depends on axioms: [propext, Classical.choice, Quot.sound]
info: IUTThreeClosures/FreyPellChebyshevIndexSeventeenDyadicColemanCertificate.lean:236:0: 'IUTThreeClosures.pellChebyshevSeventeen_colemanReductionLedger' depends on axioms: [propext,
 Classical.choice,
 Quot.sound]
info: IUTThreeClosures/FreyPellChebyshevIndexSeventeenDyadicColemanCertificate.lean:237:0: 'IUTThreeClosures.indexSeventeen_rational_points_of_external_certificate' depends on axioms: [propext,
 Classical.choice,
 Quot.sound]
info: IUTThreeClosures/FreyPellChebyshevIndexSeventeenDyadicColemanCertificate.lean:238:0: 'IUTThreeClosures.indexSeventeen_genusEight_model' depends on axioms: [propext, Classical.choice, Quot.sound]
info: IUTThreeClosures/FreyPellChebyshevIndexSeventeenDyadicColemanCertificate.lean:239:0: 'IUTThreeClosures.no_indexSeventeen_chebyshev_shiftSquare_of_external_certificate' depends on axioms: [propext,
 Classical.choice,
 Quot.sound]
ℹ [9041/9224] Replayed IUTThreeClosures.FreyPellChebyshevPrimeNineteenTwentyThreeOddPlaceAudit
info: IUTThreeClosures/FreyPellChebyshevPrimeNineteenTwentyThreeOddPlaceAudit.lean:69:0: 'IUTThreeClosures.pellChebyshevNineteen_pureFieldDiscriminant' depends on axioms: [propext, Quot.sound]
info: IUTThreeClosures/FreyPellChebyshevPrimeNineteenTwentyThreeOddPlaceAudit.lean:70:0: 'IUTThreeClosures.pellChebyshevReducedNineteen_halfFactors' depends on axioms: [propext, Quot.sound]
info: IUTThreeClosures/FreyPellChebyshevPrimeNineteenTwentyThreeOddPlaceAudit.lean:71:0: 'IUTThreeClosures.pellChebyshev_oddPlaceFullRank_dimension' depends on axioms: [propext, Quot.sound]
info: IUTThreeClosures/FreyPellChebyshevPrimeNineteenTwentyThreeOddPlaceAudit.lean:72:0: 'IUTThreeClosures.pellChebyshevNineteen_oddPlaceLedger' depends on axioms: [propext]
info: IUTThreeClosures/FreyPellChebyshevPrimeNineteenTwentyThreeOddPlaceAudit.lean:73:0: 'IUTThreeClosures.pellChebyshevTwentyThree_oddPlaceLedger' depends on axioms: [propext]
info: IUTThreeClosures/FreyPellChebyshevPrimeNineteenTwentyThreeOddPlaceAudit.lean:74:0: 'IUTThreeClosures.pellChebyshev_dyadicRank_of_kernelTwo' depends on axioms: [propext, Quot.sound]
info: IUTThreeClosures/FreyPellChebyshevPrimeNineteenTwentyThreeOddPlaceAudit.lean:75:0: 'IUTThreeClosures.pellChebyshevNineteenTwentyThree_requiredDyadicRanks' depends on axioms: [propext]
⚠ [9042/9224] Replayed IUTThreeClosures.FreyPellChebyshevIndexNineteenDyadicObstruction
warning: IUTThreeClosures/FreyPellChebyshevIndexNineteenDyadicObstruction.lean:1:1: * '-/':
Copyright too short!


Note: This linter can be disabled with `set_option linter.style.header false`
info: IUTThreeClosures/FreyPellChebyshevIndexNineteenDyadicObstruction.lean:81:0: 'IUTThreeClosures.pellChebyshevNineteen_monicHorizontalIdentities' depends on axioms: [propext, Quot.sound]
info: IUTThreeClosures/FreyPellChebyshevIndexNineteenDyadicObstruction.lean:82:0: 'IUTThreeClosures.pellChebyshevNineteen_dyadicDimensionLedger' depends on axioms: [propext]
info: IUTThreeClosures/FreyPellChebyshevIndexNineteenDyadicObstruction.lean:83:0: 'IUTThreeClosures.pellChebyshevNineteen_rankSix_not_rankSeven' depends on axioms: [propext]
info: IUTThreeClosures/FreyPellChebyshevIndexNineteenDyadicObstruction.lean:84:0: 'IUTThreeClosures.pellChebyshevNineteen_extraCoefficientLedger' depends on axioms: [propext,
 Classical.choice,
 Quot.sound]
info: IUTThreeClosures/FreyPellChebyshevIndexNineteenDyadicObstruction.lean:85:0: 'IUTThreeClosures.pellChebyshevNineteen_rankDichotomy' depends on axioms: [propext, Quot.sound]
info: IUTThreeClosures/FreyPellChebyshevIndexNineteenDyadicObstruction.lean:86:0: 'IUTThreeClosures.pellChebyshevNineteen_chabautyDimensionLedger' depends on axioms: [propext,
 Classical.choice,
 Quot.sound]
⚠ [9043/9224] Replayed IUTThreeClosures.FreyPellChebyshevIndexNineteenStollGammaCertificate
warning: IUTThreeClosures/FreyPellChebyshevIndexNineteenStollGammaCertificate.lean:1:1: * '-/':
Copyright too short!


Note: This linter can be disabled with `set_option linter.style.header false`
info: IUTThreeClosures/FreyPellChebyshevIndexNineteenStollGammaCertificate.lean:203:0: 'IUTThreeClosures.pellChebyshev_nineteen' depends on axioms: [propext, Classical.choice, Quot.sound]
info: IUTThreeClosures/FreyPellChebyshevIndexNineteenStollGammaCertificate.lean:204:0: 'IUTThreeClosures.pellChebyshevNineteen_stollGammaShellMaxLedger' depends on axioms: [propext]
info: IUTThreeClosures/FreyPellChebyshevIndexNineteenStollGammaCertificate.lean:205:0: 'IUTThreeClosures.pellChebyshevNineteen_stollColemanMonicModelBridge' depends on axioms: [propext, Quot.sound]
info: IUTThreeClosures/FreyPellChebyshevIndexNineteenStollGammaCertificate.lean:206:0: 'IUTThreeClosures.pellChebyshevNineteen_stollColemanEndpointScaleLedger' depends on axioms: [propext]
info: IUTThreeClosures/FreyPellChebyshevIndexNineteenStollGammaCertificate.lean:207:0: 'IUTThreeClosures.pellChebyshevNineteen_stollGammaLocalConstancyLedger' depends on axioms: [propext]
info: IUTThreeClosures/FreyPellChebyshevIndexNineteenStollGammaCertificate.lean:208:0: 'IUTThreeClosures.pellChebyshevNineteen_stollGammaRepresentativeCountLedger' depends on axioms: [propext]
info: IUTThreeClosures/FreyPellChebyshevIndexNineteenStollGammaCertificate.lean:209:0: 'IUTThreeClosures.pellChebyshevNineteen_stollGammaTailLedger' depends on axioms: [propext, Classical.choice, Quot.sound]
info: IUTThreeClosures/FreyPellChebyshevIndexNineteenStollGammaCertificate.lean:210:0: 'IUTThreeClosures.pellChebyshevNineteen_stollGammaClosureDimensionLedger' depends on axioms: [propext,
 Classical.choice,
 Quot.sound]
info: IUTThreeClosures/FreyPellChebyshevIndexNineteenStollGammaCertificate.lean:211:0: 'IUTThreeClosures.pellChebyshevNineteen_negativeBranchCorrectionLedger' depends on axioms: [propext, Quot.sound]
info: IUTThreeClosures/FreyPellChebyshevIndexNineteenStollGammaCertificate.lean:212:0: 'IUTThreeClosures.pellChebyshevNineteen_negativeBranchModTwoLedger' depends on axioms: [propext, Quot.sound]
info: IUTThreeClosures/FreyPellChebyshevIndexNineteenStollGammaCertificate.lean:213:0: 'IUTThreeClosures.pellChebyshevNineteen_saturatedIntegralZeroLedger' depends on axioms: [propext,
 Classical.choice,
 Quot.sound]
info: IUTThreeClosures/FreyPellChebyshevIndexNineteenStollGammaCertificate.lean:214:0: 'IUTThreeClosures.pellChebyshevNineteen_stollGammaColemanDiskLedger' depends on axioms: [propext]
info: IUTThreeClosures/FreyPellChebyshevIndexNineteenStollGammaCertificate.lean:215:0: 'IUTThreeClosures.pellChebyshevNineteen_stollGammaColemanUnitMinorLedger' depends on axioms: [propext]
info: IUTThreeClosures/FreyPellChebyshevIndexNineteenStollGammaCertificate.lean:216:0: 'IUTThreeClosures.pellChebyshevNineteen_stollGammaColemanUnitValuesLedger' depends on axioms: [propext]
info: IUTThreeClosures/FreyPellChebyshevIndexNineteenStollGammaCertificate.lean:217:0: 'IUTThreeClosures.indexNineteen_genusNine_model' depends on axioms: [propext, Classical.choice, Quot.sound]
info: IUTThreeClosures/FreyPellChebyshevIndexNineteenStollGammaCertificate.lean:218:0: 'IUTThreeClosures.no_indexNineteen_chebyshev_shiftSquare_in_targetDisk_of_external_certificate' depends on axioms: [propext,
 Classical.choice,
 Quot.sound]
info: IUTThreeClosures/FreyPellChebyshevIndexNineteenStollGammaCertificate.lean:220:0: 'IUTThreeClosures.no_indexNineteen_chebyshev_shiftSquare_in_pellResidue_of_external_certificate' depends on axioms: [propext,
 Classical.choice,
 Quot.sound]
⚠ [9048/9224] Replayed IUTThreeClosures.MersenneRadicalWieferichBarrier
warning: IUTThreeClosures/MersenneRadicalWieferichBarrier.lean:143:100: This line exceeds the 100 character limit, please shorten it!

Note: This linter can be disabled with `set_option linter.style.longLine false`
warning: IUTThreeClosures/MersenneRadicalWieferichBarrier.lean:154:100: This line exceeds the 100 character limit, please shorten it!

Note: This linter can be disabled with `set_option linter.style.longLine false`
⚠ [9053/9224] Replayed IUTThreeClosures.ShearedFourFormArithmetic
warning: IUTThreeClosures/ShearedFourFormArithmetic.lean:169:6: try 'simp' instead of 'simpa'

Note: This linter can be disabled with `set_option linter.unnecessarySimpa false`
warning: IUTThreeClosures/ShearedFourFormArithmetic.lean:222:6: try 'simp' instead of 'simpa'

Note: This linter can be disabled with `set_option linter.unnecessarySimpa false`
warning: IUTThreeClosures/ShearedFourFormArithmetic.lean:227:6: try 'simp' instead of 'simpa'

Note: This linter can be disabled with `set_option linter.unnecessarySimpa false`
warning: IUTThreeClosures/ShearedFourFormArithmetic.lean:229:6: try 'simp' instead of 'simpa'

Note: This linter can be disabled with `set_option linter.unnecessarySimpa false`
warning: IUTThreeClosures/ShearedFourFormArithmetic.lean:239:2: 'push_cast' tactic does nothing

Note: This linter can be disabled with `set_option linter.unusedTactic false`
warning: IUTThreeClosures/ShearedFourFormArithmetic.lean:502:5: Variable name `heta` is not explicitly referenced.

The binding can be removed (if unused) or named `_` (if used implicitly).

Note: This linter can be disabled with `set_option linter.unusedVariables false`
⚠ [9055/9224] Replayed IUTThreeClosures.MasonSpecializationBarrier
warning: IUTThreeClosures/MasonSpecializationBarrier.lean:72:4: Try `simp at hd` instead of `simpa using hd`

Note: This linter can be disabled with `set_option linter.unnecessarySimpa false`
warning: IUTThreeClosures/MasonSpecializationBarrier.lean:82:6: Try `simp at this` instead of `simpa using this`

Note: This linter can be disabled with `set_option linter.unnecessarySimpa false`
warning: IUTThreeClosures/MasonSpecializationBarrier.lean:177:60: Used `tac1 <;> tac2` where `(tac1; tac2)` would suffice

Note: This linter can be disabled with `set_option linter.unnecessarySeqFocus false`
⚠ [9060/9224] Replayed IUTThreeClosures.FixedCurvePerfectPowerGapBudget
warning: IUTThreeClosures/FixedCurvePerfectPowerGapBudget.lean:74:20: Used `tac1 <;> tac2` where `(tac1; tac2)` would suffice

Note: This linter can be disabled with `set_option linter.unnecessarySeqFocus false`
warning: IUTThreeClosures/FixedCurvePerfectPowerGapBudget.lean:74:33: Used `tac1 <;> tac2` where `(tac1; tac2)` would suffice

Note: This linter can be disabled with `set_option linter.unnecessarySeqFocus false`
⚠ [9062/9224] Replayed IUTThreeClosures.PolynomialPerfectPowerGapBudget
warning: IUTThreeClosures/PolynomialPerfectPowerGapBudget.lean:77:20: Used `tac1 <;> tac2` where `(tac1; tac2)` would suffice

Note: This linter can be disabled with `set_option linter.unnecessarySeqFocus false`
warning: IUTThreeClosures/PolynomialPerfectPowerGapBudget.lean:77:33: Used `tac1 <;> tac2` where `(tac1; tac2)` would suffice

Note: This linter can be disabled with `set_option linter.unnecessarySeqFocus false`
⚠ [9066/9224] Replayed IUTThreeClosures.ProjectiveHodgeTwistNoGo
warning: IUTThreeClosures/ProjectiveHodgeTwistNoGo.lean:60:0: automatically included section variable(s) unused in theorem `IUTThreeClosures.packetDifference_add_const`:
  [Fintype ι]
consider restructuring your `variable` declarations so that the variables are not in scope or explicitly omit them:
  omit [Fintype ι] in theorem ...

Note: This linter can be disabled with `set_option linter.unusedSectionVars false`
warning: IUTThreeClosures/ProjectiveHodgeTwistNoGo.lean:59:0: `packetDifference_add_const` does not use the following hypothesis in its type:
  • [Fintype ι] (#2)

Consider replacing this hypothesis with the corresponding instance of `Finite` and using `Fintype.ofFinite` in the proof, or removing it entirely.

Note: This linter can be disabled with `set_option linter.unusedFintypeInType false`
⚠ [9067/9224] Replayed IUTThreeClosures.ActualBadPlaceConductorCarrier
warning: IUTThreeClosures/ActualBadPlaceConductorCarrier.lean:131:2: Try this: intro w hw v
ℹ [9068/9224] Replayed IUTThreeClosures.FreyPellChebyshevIndexNineteenPureFieldDyadicNoGo
info: IUTThreeClosures/FreyPellChebyshevIndexNineteenPureFieldDyadicNoGo.lean:102:0: 'IUTThreeClosures.pellChebyshevNineteen_pureFieldCoordinateIdentity' depends on axioms: [propext,
 Classical.choice,
 Quot.sound]
info: IUTThreeClosures/FreyPellChebyshevIndexNineteenPureFieldDyadicNoGo.lean:103:0: 'IUTThreeClosures.pellChebyshevNineteen_targetDyadicParametrization' depends on axioms: [propext, Quot.sound]
info: IUTThreeClosures/FreyPellChebyshevIndexNineteenPureFieldDyadicNoGo.lean:104:0: 'IUTThreeClosures.pellChebyshevNineteen_strongHenselValuationLedger' depends on axioms: [propext, Quot.sound]
info: IUTThreeClosures/FreyPellChebyshevIndexNineteenPureFieldDyadicNoGo.lean:105:0: 'IUTThreeClosures.pellChebyshevNineteen_targetHenselValuationLedger' depends on axioms: [propext,
 Classical.choice,
 Quot.sound]
info: IUTThreeClosures/FreyPellChebyshevIndexNineteenPureFieldDyadicNoGo.lean:106:0: 'IUTThreeClosures.pellChebyshevNineteen_visiblePureFieldFibres' depends on axioms: [propext,
 Classical.choice,
 Quot.sound]
info: IUTThreeClosures/FreyPellChebyshevIndexNineteenPureFieldDyadicNoGo.lean:107:0: 'IUTThreeClosures.pellChebyshevNineteen_capelliExceptionalPlus' depends on axioms: [propext, Quot.sound]
info: IUTThreeClosures/FreyPellChebyshevIndexNineteenPureFieldDyadicNoGo.lean:108:0: 'IUTThreeClosures.pellChebyshevNineteen_capelliExceptionalMinus' depends on axioms: [propext, Quot.sound]
info: IUTThreeClosures/FreyPellChebyshevIndexNineteenPureFieldDyadicNoGo.lean:109:0: 'IUTThreeClosures.pellChebyshevNineteen_twoOrderModuloNineteenLedger' depends on axioms: [propext]
info: IUTThreeClosures/FreyPellChebyshevIndexNineteenPureFieldDyadicNoGo.lean:110:0: 'IUTThreeClosures.pellChebyshevNineteen_neutralCoverArithmeticLedger' depends on axioms: [propext]
⚠ [9069/9224] Replayed IUTThreeClosures.FreyPellChebyshevIndexNineteenSelmerChabautyBoundary
warning: IUTThreeClosures/FreyPellChebyshevIndexNineteenSelmerChabautyBoundary.lean:1:1: * '-/':
Copyright too short!


Note: This linter can be disabled with `set_option linter.style.header false`
info: IUTThreeClosures/FreyPellChebyshevIndexNineteenSelmerChabautyBoundary.lean:138:0: 'IUTThreeClosures.pellChebyshevNineteen_unknownGeneratorDimensionLedger' depends on axioms: [propext]
info: IUTThreeClosures/FreyPellChebyshevIndexNineteenSelmerChabautyBoundary.lean:139:0: 'IUTThreeClosures.pellChebyshevNineteen_modFiveWitnessMembershipLedger' depends on axioms: [propext]
info: IUTThreeClosures/FreyPellChebyshevIndexNineteenSelmerChabautyBoundary.lean:140:0: 'IUTThreeClosures.pellChebyshevNineteen_allDiscWitnessLedger' depends on axioms: [propext]
info: IUTThreeClosures/FreyPellChebyshevIndexNineteenSelmerChabautyBoundary.lean:141:0: 'IUTThreeClosures.pellChebyshevNineteen_knownLogUnitMinorLedger' depends on axioms: [propext]
info: IUTThreeClosures/FreyPellChebyshevIndexNineteenSelmerChabautyBoundary.lean:142:0: 'IUTThreeClosures.pellChebyshevNineteen_exceptionalOrderLedger' depends on axioms: [propext]
info: IUTThreeClosures/FreyPellChebyshevIndexNineteenSelmerChabautyBoundary.lean:143:0: 'IUTThreeClosures.pellChebyshevNineteen_reducedOrderLiftCounterexamples' depends on axioms: [propext,
 Classical.choice,
 Quot.sound]
info: IUTThreeClosures/FreyPellChebyshevIndexNineteenSelmerChabautyBoundary.lean:144:0: 'IUTThreeClosures.pellChebyshevNineteen_twoUnitAtFivePowerLedger' depends on axioms: [propext]
info: IUTThreeClosures/FreyPellChebyshevIndexNineteenSelmerChabautyBoundary.lean:145:0: 'IUTThreeClosures.pellChebyshevNineteen_atMostSevenCaseLedger' depends on axioms: [propext]
info: IUTThreeClosures/FreyPellChebyshevIndexNineteenSelmerChabautyBoundary.lean:146:0: 'IUTThreeClosures.pellChebyshevNineteen_pointCount_of_residueBounds' depends on axioms: [propext, Quot.sound]
info: IUTThreeClosures/FreyPellChebyshevIndexNineteenSelmerChabautyBoundary.lean:147:0: 'IUTThreeClosures.pellChebyshevNineteen_fiveOrSeven_of_pairing' depends on axioms: [propext, Quot.sound]
info: IUTThreeClosures/FreyPellChebyshevIndexNineteenSelmerChabautyBoundary.lean:148:0: 'IUTThreeClosures.pellChebyshevNineteen_neutralCoverGenusLedger' depends on axioms: [propext]
info: IUTThreeClosures/FreyPellChebyshevIndexNineteenSelmerChabautyBoundary.lean:149:0: 'IUTThreeClosures.pellChebyshevNineteen_visibleNeutralCoverFibres' depends on axioms: [propext,
 Classical.choice,
 Quot.sound]
info: IUTThreeClosures/FreyPellChebyshevIndexNineteenSelmerChabautyBoundary.lean:150:0: 'IUTThreeClosures.pellChebyshevNineteen_selmerRankAlternativeLedger' depends on axioms: [propext]
info: IUTThreeClosures/FreyPellChebyshevIndexNineteenSelmerChabautyBoundary.lean:151:0: 'IUTThreeClosures.pellChebyshevNineteen_forcedFourLiftRankLedger' depends on axioms: [propext, Quot.sound]
⚠ [9070/9224] Replayed IUTThreeClosures.FreyPellChebyshevIndexTwentyThreeStollGammaCertificate
warning: IUTThreeClosures/FreyPellChebyshevIndexTwentyThreeStollGammaCertificate.lean:1:1: * '-/':
Copyright too short!


Note: This linter can be disabled with `set_option linter.style.header false`
info: IUTThreeClosures/FreyPellChebyshevIndexTwentyThreeStollGammaCertificate.lean:226:0: 'IUTThreeClosures.pellChebyshev_twentyThree' depends on axioms: [propext, Classical.choice, Quot.sound]
info: IUTThreeClosures/FreyPellChebyshevIndexTwentyThreeStollGammaCertificate.lean:227:0: 'IUTThreeClosures.pellChebyshevTwentyThree_stollColemanMonicModelBridge' depends on axioms: [propext]
info: IUTThreeClosures/FreyPellChebyshevIndexTwentyThreeStollGammaCertificate.lean:228:0: 'IUTThreeClosures.pellChebyshevTwentyThree_stollColemanEndpointScaleLedger' depends on axioms: [propext]
info: IUTThreeClosures/FreyPellChebyshevIndexTwentyThreeStollGammaCertificate.lean:229:0: 'IUTThreeClosures.pellChebyshevTwentyThree_globalDyadicDimensionLedger' depends on axioms: [propext,
 Classical.choice,
 Quot.sound]
info: IUTThreeClosures/FreyPellChebyshevIndexTwentyThreeStollGammaCertificate.lean:230:0: 'IUTThreeClosures.pellChebyshevTwentyThree_cl2ExplicitScalarLedger' depends on axioms: [propext]
info: IUTThreeClosures/FreyPellChebyshevIndexTwentyThreeStollGammaCertificate.lean:231:0: 'IUTThreeClosures.pellChebyshevTwentyThree_stollGammaShellMaxLedger' depends on axioms: [propext]
info: IUTThreeClosures/FreyPellChebyshevIndexTwentyThreeStollGammaCertificate.lean:232:0: 'IUTThreeClosures.pellChebyshevTwentyThree_stollGammaLocalConstancyLedger' depends on axioms: [propext]
info: IUTThreeClosures/FreyPellChebyshevIndexTwentyThreeStollGammaCertificate.lean:233:0: 'IUTThreeClosures.pellChebyshevTwentyThree_stollGammaRepresentativeCountLedger' depends on axioms: [propext]
info: IUTThreeClosures/FreyPellChebyshevIndexTwentyThreeStollGammaCertificate.lean:234:0: 'IUTThreeClosures.pellChebyshevTwentyThree_stollGammaTailLedger' depends on axioms: [propext,
 Classical.choice,
 Quot.sound]
info: IUTThreeClosures/FreyPellChebyshevIndexTwentyThreeStollGammaCertificate.lean:235:0: 'IUTThreeClosures.pellChebyshevTwentyThree_stollGammaClosureDimensionLedger' depends on axioms: [propext,
 Classical.choice,
 Quot.sound]
info: IUTThreeClosures/FreyPellChebyshevIndexTwentyThreeStollGammaCertificate.lean:236:0: 'IUTThreeClosures.pellChebyshevTwentyThree_negativeBranchCorrectionLedger' depends on axioms: [propext, Quot.sound]
info: IUTThreeClosures/FreyPellChebyshevIndexTwentyThreeStollGammaCertificate.lean:237:0: 'IUTThreeClosures.pellChebyshevTwentyThree_negativeBranchModTwoLedger' depends on axioms: [propext, Quot.sound]
info: IUTThreeClosures/FreyPellChebyshevIndexTwentyThreeStollGammaCertificate.lean:238:0: 'IUTThreeClosures.pellChebyshevTwentyThree_stollGammaColemanDiskLedger' depends on axioms: [propext]
info: IUTThreeClosures/FreyPellChebyshevIndexTwentyThreeStollGammaCertificate.lean:239:0: 'IUTThreeClosures.pellChebyshevTwentyThree_stollGammaColemanUnitMinorLedger' depends on axioms: [propext]
info: IUTThreeClosures/FreyPellChebyshevIndexTwentyThreeStollGammaCertificate.lean:240:0: 'IUTThreeClosures.pellChebyshevTwentyThree_stollGammaColemanUnitValuesLedger' depends on axioms: [propext]
info: IUTThreeClosures/FreyPellChebyshevIndexTwentyThreeStollGammaCertificate.lean:241:0: 'IUTThreeClosures.indexTwentyThree_genusEleven_model' depends on axioms: [propext, Classical.choice, Quot.sound]
info: IUTThreeClosures/FreyPellChebyshevIndexTwentyThreeStollGammaCertificate.lean:242:0: 'IUTThreeClosures.no_indexTwentyThree_chebyshev_shiftSquare_in_targetDisk_of_external_certificate' depends on axioms: [propext,
 Classical.choice,
 Quot.sound]
info: IUTThreeClosures/FreyPellChebyshevIndexTwentyThreeStollGammaCertificate.lean:244:0: 'IUTThreeClosures.no_indexTwentyThree_chebyshev_shiftSquare_in_pellResidue_of_external_certificate' depends on axioms: [propext,
 Classical.choice,
 Quot.sound]
ℹ [9071/9224] Replayed IUTThreeClosures.FreyPellChebyshevIndexTwentyNineStollGammaCertificate
info: IUTThreeClosures/FreyPellChebyshevIndexTwentyNineStollGammaCertificate.lean:240:0: 'IUTThreeClosures.pellChebyshev_twentyNine' depends on axioms: [propext, Classical.choice, Quot.sound]
info: IUTThreeClosures/FreyPellChebyshevIndexTwentyNineStollGammaCertificate.lean:241:0: 'IUTThreeClosures.pellChebyshevTwentyNine_stollColemanMonicModelBridge' depends on axioms: [propext, Quot.sound]
info: IUTThreeClosures/FreyPellChebyshevIndexTwentyNineStollGammaCertificate.lean:242:0: 'IUTThreeClosures.pellChebyshevTwentyNine_stollColemanEndpointScaleLedger' depends on axioms: [propext]
info: IUTThreeClosures/FreyPellChebyshevIndexTwentyNineStollGammaCertificate.lean:243:0: 'IUTThreeClosures.pellChebyshevTwentyNine_classNumberOneScalarLedger' depends on axioms: [propext]
info: IUTThreeClosures/FreyPellChebyshevIndexTwentyNineStollGammaCertificate.lean:244:0: 'IUTThreeClosures.pellChebyshevTwentyNine_stollGammaShellMaxLedger' depends on axioms: [propext]
info: IUTThreeClosures/FreyPellChebyshevIndexTwentyNineStollGammaCertificate.lean:245:0: 'IUTThreeClosures.pellChebyshevTwentyNine_stollGammaLocalConstancyLedger' depends on axioms: [propext]
info: IUTThreeClosures/FreyPellChebyshevIndexTwentyNineStollGammaCertificate.lean:246:0: 'IUTThreeClosures.pellChebyshevTwentyNine_stollGammaRepresentativeCountLedger' depends on axioms: [propext]
info: IUTThreeClosures/FreyPellChebyshevIndexTwentyNineStollGammaCertificate.lean:247:0: 'IUTThreeClosures.pellChebyshevTwentyNine_stollGammaTailLedger' depends on axioms: [propext,
 Classical.choice,
 Quot.sound]
info: IUTThreeClosures/FreyPellChebyshevIndexTwentyNineStollGammaCertificate.lean:248:0: 'IUTThreeClosures.pellChebyshevTwentyNine_stollGammaClosureDimensionLedger' depends on axioms: [propext,
 Classical.choice,
 Quot.sound]
info: IUTThreeClosures/FreyPellChebyshevIndexTwentyNineStollGammaCertificate.lean:249:0: 'IUTThreeClosures.pellChebyshevTwentyNine_negativeBranchCorrectionLedger' depends on axioms: [propext, Quot.sound]
info: IUTThreeClosures/FreyPellChebyshevIndexTwentyNineStollGammaCertificate.lean:250:0: 'IUTThreeClosures.pellChebyshevTwentyNine_negativeBranchModTwoLedger' depends on axioms: [propext, Quot.sound]
info: IUTThreeClosures/FreyPellChebyshevIndexTwentyNineStollGammaCertificate.lean:251:0: 'IUTThreeClosures.pellChebyshevTwentyNine_saturatedIntegralZeroLedger' depends on axioms: [propext,
 Classical.choice,
 Quot.sound]
info: IUTThreeClosures/FreyPellChebyshevIndexTwentyNineStollGammaCertificate.lean:252:0: 'IUTThreeClosures.pellChebyshevTwentyNine_stollGammaColemanDiskLedger' depends on axioms: [propext]
info: IUTThreeClosures/FreyPellChebyshevIndexTwentyNineStollGammaCertificate.lean:253:0: 'IUTThreeClosures.pellChebyshevTwentyNine_stollGammaColemanUnitMinorLedger' depends on axioms: [propext,
 Classical.choice,
 Quot.sound]
info: IUTThreeClosures/FreyPellChebyshevIndexTwentyNineStollGammaCertificate.lean:254:0: 'IUTThreeClosures.pellChebyshevTwentyNine_stollGammaColemanUnitValuesLedger' depends on axioms: [propext]
info: IUTThreeClosures/FreyPellChebyshevIndexTwentyNineStollGammaCertificate.lean:255:0: 'IUTThreeClosures.indexTwentyNine_genusFourteen_model' depends on axioms: [propext, Classical.choice, Quot.sound]
info: IUTThreeClosures/FreyPellChebyshevIndexTwentyNineStollGammaCertificate.lean:256:0: 'IUTThreeClosures.no_indexTwentyNine_chebyshev_shiftSquare_in_targetDisk_of_external_certificate' depends on axioms: [propext,
 Classical.choice,
 Quot.sound]
info: IUTThreeClosures/FreyPellChebyshevIndexTwentyNineStollGammaCertificate.lean:258:0: 'IUTThreeClosures.no_indexTwentyNine_chebyshev_shiftSquare_in_pellResidue_of_external_certificate' depends on axioms: [propext,
 Classical.choice,
 Quot.sound]
⚠ [9072/9224] Replayed IUTThreeClosures.FreyPellChebyshevIndexThirtyOneAlgebraicCore
warning: IUTThreeClosures/FreyPellChebyshevIndexThirtyOneAlgebraicCore.lean:1:1: * '-/':
Copyright too short!


Note: This linter can be disabled with `set_option linter.style.header false`
info: IUTThreeClosures/FreyPellChebyshevIndexThirtyOneAlgebraicCore.lean:110:0: 'IUTThreeClosures.pellChebyshev_thirtyOne' depends on axioms: [propext, Classical.choice, Quot.sound]
info: IUTThreeClosures/FreyPellChebyshevIndexThirtyOneAlgebraicCore.lean:111:0: 'IUTThreeClosures.pellChebyshevThirtyOne_stollColemanMonicModelBridge' depends on axioms: [propext,
 Classical.choice,
 Quot.sound]
info: IUTThreeClosures/FreyPellChebyshevIndexThirtyOneAlgebraicCore.lean:112:0: 'IUTThreeClosures.pellChebyshevThirtyOne_stollColemanEndpointScaleLedger' depends on axioms: [propext]
info: IUTThreeClosures/FreyPellChebyshevIndexThirtyOneAlgebraicCore.lean:113:0: 'IUTThreeClosures.pellChebyshevThirtyOne_classNumberOneScalarLedger' depends on axioms: [propext]
info: IUTThreeClosures/FreyPellChebyshevIndexThirtyOneAlgebraicCore.lean:114:0: 'IUTThreeClosures.pellChebyshevThirtyOne_globalDyadicDimensionLedger' depends on axioms: [propext,
 Classical.choice,
 Quot.sound]
⚠ [9073/9224] Replayed IUTThreeClosures.FreyPellChebyshevIndexThirtyOneStollGammaCertificate
warning: IUTThreeClosures/FreyPellChebyshevIndexThirtyOneStollGammaCertificate.lean:1:1: * '-/':
Copyright too short!


Note: This linter can be disabled with `set_option linter.style.header false`
info: IUTThreeClosures/FreyPellChebyshevIndexThirtyOneStollGammaCertificate.lean:141:0: 'IUTThreeClosures.pellChebyshevThirtyOne_stollGammaShellMaxLedger' depends on axioms: [propext]
info: IUTThreeClosures/FreyPellChebyshevIndexThirtyOneStollGammaCertificate.lean:142:0: 'IUTThreeClosures.pellChebyshevThirtyOne_stollGammaValuationMarginLedger' depends on axioms: [propext,
 Classical.choice,
 Quot.sound]
info: IUTThreeClosures/FreyPellChebyshevIndexThirtyOneStollGammaCertificate.lean:143:0: 'IUTThreeClosures.pellChebyshevThirtyOne_stollGammaLocalConstancyLedger' depends on axioms: [propext]
info: IUTThreeClosures/FreyPellChebyshevIndexThirtyOneStollGammaCertificate.lean:144:0: 'IUTThreeClosures.pellChebyshevThirtyOne_stollGammaRepresentativeCountLedger' depends on axioms: [propext]
info: IUTThreeClosures/FreyPellChebyshevIndexThirtyOneStollGammaCertificate.lean:145:0: 'IUTThreeClosures.pellChebyshevThirtyOne_stollGammaTailLedger' depends on axioms: [propext,
 Classical.choice,
 Quot.sound]
info: IUTThreeClosures/FreyPellChebyshevIndexThirtyOneStollGammaCertificate.lean:146:0: 'IUTThreeClosures.pellChebyshevThirtyOne_stollGammaClosureDimensionLedger' depends on axioms: [propext,
 Classical.choice,
 Quot.sound]
info: IUTThreeClosures/FreyPellChebyshevIndexThirtyOneStollGammaCertificate.lean:147:0: 'IUTThreeClosures.pellChebyshevThirtyOne_negativeBranchCorrectionLedger' depends on axioms: [propext, Quot.sound]
info: IUTThreeClosures/FreyPellChebyshevIndexThirtyOneStollGammaCertificate.lean:148:0: 'IUTThreeClosures.pellChebyshevThirtyOne_negativeBranchModTwoLedger' depends on axioms: [propext, Quot.sound]
info: IUTThreeClosures/FreyPellChebyshevIndexThirtyOneStollGammaCertificate.lean:149:0: 'IUTThreeClosures.pellChebyshevThirtyOne_saturatedIntegralZeroLedger' depends on axioms: [propext,
 Classical.choice,
 Quot.sound]
info: IUTThreeClosures/FreyPellChebyshevIndexThirtyOneStollGammaCertificate.lean:150:0: 'IUTThreeClosures.pellChebyshevThirtyOne_stollGammaColemanDiskLedger' depends on axioms: [propext]
info: IUTThreeClosures/FreyPellChebyshevIndexThirtyOneStollGammaCertificate.lean:151:0: 'IUTThreeClosures.pellChebyshevThirtyOne_stollGammaColemanUnitMinorLedger' depends on axioms: [propext,
 Classical.choice,
 Quot.sound]
info: IUTThreeClosures/FreyPellChebyshevIndexThirtyOneStollGammaCertificate.lean:152:0: 'IUTThreeClosures.pellChebyshevThirtyOne_stollGammaColemanUnitValuesLedger' depends on axioms: [propext]
info: IUTThreeClosures/FreyPellChebyshevIndexThirtyOneStollGammaCertificate.lean:153:0: 'IUTThreeClosures.indexThirtyOne_genusFifteen_model' depends on axioms: [propext, Classical.choice, Quot.sound]
info: IUTThreeClosures/FreyPellChebyshevIndexThirtyOneStollGammaCertificate.lean:154:0: 'IUTThreeClosures.no_indexThirtyOne_chebyshev_shiftSquare_in_targetDisk_of_external_certificate' depends on axioms: [propext,
 Classical.choice,
 Quot.sound]
info: IUTThreeClosures/FreyPellChebyshevIndexThirtyOneStollGammaCertificate.lean:156:0: 'IUTThreeClosures.no_indexThirtyOne_chebyshev_shiftSquare_in_pellResidue_of_external_certificate' depends on axioms: [propext,
 Classical.choice,
 Quot.sound]
⚠ [9074/9224] Replayed IUTThreeClosures.FreyPellChebyshevPrimeIndexReduction
warning: IUTThreeClosures/FreyPellChebyshevPrimeIndexReduction.lean:1:1: * '-/':
Copyright too short!


Note: This linter can be disabled with `set_option linter.style.header false`
info: IUTThreeClosures/FreyPellChebyshevPrimeIndexReduction.lean:289:0: 'IUTThreeClosures.pellChebyshev_modEq' depends on axioms: [propext, Classical.choice, Quot.sound]
info: IUTThreeClosures/FreyPellChebyshevPrimeIndexReduction.lean:290:0: 'IUTThreeClosures.pellChebyshev_negOne_of_odd' depends on axioms: [propext, Classical.choice, Quot.sound]
info: IUTThreeClosures/FreyPellChebyshevPrimeIndexReduction.lean:291:0: 'IUTThreeClosures.pellChebyshev_pellResidue_of_odd' depends on axioms: [propext, Classical.choice, Quot.sound]
info: IUTThreeClosures/FreyPellChebyshevPrimeIndexReduction.lean:292:0: 'IUTThreeClosures.odd_prime_lt_twentyNine_cases' depends on axioms: [propext, Classical.choice, Quot.sound]
info: IUTThreeClosures/FreyPellChebyshevPrimeIndexReduction.lean:293:0: 'IUTThreeClosures.oddPrimeShiftSquareExclusionBelowTwentyNine_of_external_certificates' depends on axioms: [propext,
 Classical.choice,
 Quot.sound]
info: IUTThreeClosures/FreyPellChebyshevPrimeIndexReduction.lean:295:0: 'IUTThreeClosures.oddChebyshevIndex_primeDivisor_reduction' depends on axioms: [propext, Classical.choice, Quot.sound]
info: IUTThreeClosures/FreyPellChebyshevPrimeIndexReduction.lean:296:0: 'IUTThreeClosures.no_oddChebyshevIndex_shiftSquare_of_primeRanges' depends on axioms: [propext,
 Classical.choice,
 Quot.sound]
info: IUTThreeClosures/FreyPellChebyshevPrimeIndexReduction.lean:297:0: 'IUTThreeClosures.oddChebyshevIndex_primeDivisor_reduction_atLeastThirtyOne' depends on axioms: [propext,
 Classical.choice,
 Quot.sound]
info: IUTThreeClosures/FreyPellChebyshevPrimeIndexReduction.lean:298:0: 'IUTThreeClosures.no_oddChebyshevIndex_shiftSquare_of_primeRanges_afterTwentyNine' depends on axioms: [propext,
 Classical.choice,
 Quot.sound]
info: IUTThreeClosures/FreyPellChebyshevPrimeIndexReduction.lean:300:0: 'IUTThreeClosures.prime_eq_thirtyOne_of_ge_thirtyOne_lt_thirtySeven' depends on axioms: [propext,
 Classical.choice,
 Quot.sound]
info: IUTThreeClosures/FreyPellChebyshevPrimeIndexReduction.lean:301:0: 'IUTThreeClosures.oddChebyshevIndex_primeDivisor_reduction_atLeastThirtySeven' depends on axioms: [propext,
 Classical.choice,
 Quot.sound]
info: IUTThreeClosures/FreyPellChebyshevPrimeIndexReduction.lean:302:0: 'IUTThreeClosures.no_oddChebyshevIndex_shiftSquare_of_primeRanges_afterThirtyOne' depends on axioms: [propext,
 Classical.choice,
 Quot.sound]
⚠ [9076/9224] Replayed IUTThreeClosures.EuclidAuxiliaryPrimeSelector
warning: IUTThreeClosures/EuclidAuxiliaryPrimeSelector.lean:68:15: Variable name `hN` is not explicitly referenced.

The binding can be removed (if unused) or named `_` (if used implicitly).

Note: This linter can be disabled with `set_option linter.unusedVariables false`
⚠ [9078/9224] Replayed IUTThreeClosures.EuclidAuxiliaryPrimeAvoidOne
warning: IUTThreeClosures/EuclidAuxiliaryPrimeAvoidOne.lean:66:53: This simp argument is unused:
  if_neg

Hint: Omit it from the simp argument list.
  simp only [euclidAuxiliaryPrimeAvoidOne, hfirst,̵ ̵i̵f̵_̵n̵e̵g̵]

Note: This linter can be disabled with `set_option linter.unusedSimpArgs false`
warning: IUTThreeClosures/EuclidAuxiliaryPrimeAvoidOne.lean:77:53: This simp argument is unused:
  if_neg

Hint: Omit it from the simp argument list.
  simp only [euclidAuxiliaryPrimeAvoidOne, hfirst,̵ ̵i̵f̵_̵n̵e̵g̵]

Note: This linter can be disabled with `set_option linter.unusedSimpArgs false`
warning: IUTThreeClosures/EuclidAuxiliaryPrimeAvoidOne.lean:89:53: This simp argument is unused:
  if_neg

Hint: Omit it from the simp argument list.
  simp only [euclidAuxiliaryPrimeAvoidOne, hfirst,̵ ̵i̵f̵_̵n̵e̵g̵]

Note: This linter can be disabled with `set_option linter.unusedSimpArgs false`
warning: IUTThreeClosures/EuclidAuxiliaryPrimeAvoidOne.lean:113:4: try 'simp' instead of 'simpa'

Note: This linter can be disabled with `set_option linter.unnecessarySimpa false`
warning: IUTThreeClosures/EuclidAuxiliaryPrimeAvoidOne.lean:94:30: Variable name `hp` is not explicitly referenced.

The binding can be removed (if unused) or named `_` (if used implicitly).

Note: This linter can be disabled with `set_option linter.unusedVariables false`
warning: IUTThreeClosures/EuclidAuxiliaryPrimeAvoidOne.lean:117:15: Variable name `hN` is not explicitly referenced.

The binding can be removed (if unused) or named `_` (if used implicitly).

Note: This linter can be disabled with `set_option linter.unusedVariables false`
warning: IUTThreeClosures/EuclidAuxiliaryPrimeAvoidOne.lean:138:23: This simp argument is unused:
  if_neg

Hint: Omit it from the simp argument list.
  simp only [hfirst,̵ ̵i̵f̵_̵n̵e̵g̵]

Note: This linter can be disabled with `set_option linter.unusedSimpArgs false`
⚠ [9083/9224] Replayed IUTThreeClosures.MazurPrimeIsogenyBoundary
warning: IUTThreeClosures/MazurPrimeIsogenyBoundary.lean:35:2: `simp [mazurPrimeIsogenyDegrees] at h` is a flexible tactic modifying `h`. Try `simp?` and use the suggested `simp only [...]`. Alternatively, use `suffices` to explicitly state the simplified form.

Note: This linter can be disabled with `set_option linter.flexible false`
info: IUTThreeClosures/MazurPrimeIsogenyBoundary.lean:36:2: `rcases h with rfl | rfl | rfl | rfl | rfl | rfl | rfl | rfl | rfl | rfl | rfl | rfl`
uses `h`, which was modified by the flexible tactic `simp` on line 35!
⚠ [9085/9224] Replayed IUTThreeClosures.ActualBadPlaceProcessionGeometry
warning: IUTThreeClosures/ActualBadPlaceProcessionGeometry.lean:208:9: Variable name `m` is not explicitly referenced.

The binding can be removed (if unused) or named `_` (if used implicitly).

Note: This linter can be disabled with `set_option linter.unusedVariables false`
⚠ [9086/9224] Replayed IUTThreeClosures.PermutationOrbitUnionCounterexample
warning: IUTThreeClosures/PermutationOrbitUnionCounterexample.lean:58:2: Using `native_decide` is not allowed in mathlib: because it trusts the entire Lean compiler (not just the Lean kernel), it could quite possibly be used to prove false.

Note: This linter can be disabled with `set_option linter.style.nativeDecide false`
warning: IUTThreeClosures/PermutationOrbitUnionCounterexample.lean:66:2: Using `native_decide` is not allowed in mathlib: because it trusts the entire Lean compiler (not just the Lean kernel), it could quite possibly be used to prove false.

Note: This linter can be disabled with `set_option linter.style.nativeDecide false`
ℹ [9087/9224] Replayed IUTThreeClosures.FreyPellChebyshevModFiveMainEquationSieve
info: IUTThreeClosures/FreyPellChebyshevModFiveMainEquationSieve.lean:483:0: 'IUTThreeClosures.pellChebyshev_modFive_eq_self_of_prime_gt_five' depends on axioms: [propext,
 Classical.choice,
 Quot.sound]
info: IUTThreeClosures/FreyPellChebyshevModFiveMainEquationSieve.lean:484:0: 'IUTThreeClosures.pellChebyshev_shiftSquare_base_modFive' depends on axioms: [propext, Classical.choice, Quot.sound]
info: IUTThreeClosures/FreyPellChebyshevModFiveMainEquationSieve.lean:485:0: 'IUTThreeClosures.pellChebyshev_ramifiedFive_signedIndex_mul_cofactor_modFive' depends on axioms: [propext,
 Classical.choice,
 Quot.sound]
info: IUTThreeClosures/FreyPellChebyshevModFiveMainEquationSieve.lean:486:0: 'IUTThreeClosures.pellChebyshev_ramifiedFive_exact_base_divisibility' depends on axioms: [propext,
 Classical.choice,
 Quot.sound]
info: IUTThreeClosures/FreyPellChebyshevModFiveMainEquationSieve.lean:487:0: 'IUTThreeClosures.pellChebyshev_prime_shiftSquare_ramifiedFive_conditions' depends on axioms: [propext,
 Classical.choice,
 Quot.sound]
info: IUTThreeClosures/FreyPellChebyshevModFiveMainEquationSieve.lean:488:0: 'IUTThreeClosures.pellChebyshev_ramifiedFive_jacobiSym_five_index_eq_one' depends on axioms: [propext,
 Classical.choice,
 Quot.sound]
info: IUTThreeClosures/FreyPellChebyshevModFiveMainEquationSieve.lean:489:0: 'IUTThreeClosures.no_pellChebyshev_prime_shiftSquare_of_five_dvd_base_of_jacobi_neg_one' depends on axioms: [propext,
 Classical.choice,
 Quot.sound]
ℹ [9088/9224] Replayed IUTThreeClosures.FreyPellChebyshevPrescribedFrobeniusCounterexample
info: IUTThreeClosures/FreyPellChebyshevPrescribedFrobeniusCounterexample.lean:164:0: 'IUTThreeClosures.lucas_primality_of_factorList' depends on axioms: [propext, Classical.choice, Quot.sound]
info: IUTThreeClosures/FreyPellChebyshevPrescribedFrobeniusCounterexample.lean:165:0: 'IUTThreeClosures.prescribedFrobeniusCounterexamplePrime_prime_of_frozen_certificate' depends on axioms: [propext]
info: IUTThreeClosures/FreyPellChebyshevPrescribedFrobeniusCounterexample.lean:166:0: 'IUTThreeClosures.pellChebyshev_fortyThree_fortySeven_factorization' depends on axioms: [propext,
 Classical.choice,
 Quot.sound]
info: IUTThreeClosures/FreyPellChebyshevPrescribedFrobeniusCounterexample.lean:167:0: 'IUTThreeClosures.pellOddChebyshevQuotient_twentyOne_fortySeven' depends on axioms: [propext]
info: IUTThreeClosures/FreyPellChebyshevPrescribedFrobeniusCounterexample.lean:168:0: 'IUTThreeClosures.prime_dvd_prescribedFrobeniusCounterexamplePrime_eq_of_frozen_certificate' depends on axioms: [propext]
info: IUTThreeClosures/FreyPellChebyshevPrescribedFrobeniusCounterexample.lean:170:0: 'IUTThreeClosures.no_inert_prime_dvd_prescribedFrobeniusCounterexamplePrime_of_frozen_certificate' depends on axioms: [propext,
 Quot.sound]
info: IUTThreeClosures/FreyPellChebyshevPrescribedFrobeniusCounterexample.lean:172:0: 'IUTThreeClosures.not_prescribedInertPrimitiveDivisorTarget_of_frozen_certificate' depends on axioms: [propext,
 Classical.choice,
 Quot.sound]
info: IUTThreeClosures/FreyPellChebyshevPrescribedFrobeniusCounterexample.lean:173:0: 'IUTThreeClosures.prescribedFrobeniusCounterexample_shiftedSquareRhs_mod_seven' depends on axioms: [propext,
 Classical.choice,
 Quot.sound]
info: IUTThreeClosures/FreyPellChebyshevPrescribedFrobeniusCounterexample.lean:174:0: 'IUTThreeClosures.prescribedFrobeniusCounterexample_not_shiftedSquare' depends on axioms: [propext,
 Classical.choice,
 Quot.sound]
ℹ [9089/9224] Replayed IUTThreeClosures.FreyPellChebyshevPrescribedFrobeniusSurvivingFiveSieveCounterexample
info: IUTThreeClosures/FreyPellChebyshevPrescribedFrobeniusSurvivingFiveSieveCounterexample.lean:202:0: 'IUTThreeClosures.pellOddChebyshevQuotient_eighteen_twoThirtyNine_factorization' depends on axioms: [propext]
info: IUTThreeClosures/FreyPellChebyshevPrescribedFrobeniusSurvivingFiveSieveCounterexample.lean:203:0: 'IUTThreeClosures.survivingFiveSieveFactors_exactlyOnce' depends on axioms: [propext, Classical.choice, Quot.sound]
info: IUTThreeClosures/FreyPellChebyshevPrescribedFrobeniusSurvivingFiveSieveCounterexample.lean:204:0: 'IUTThreeClosures.prime_dvd_survivingFiveSieveQuotient_cases_of_frozen_certificate' depends on axioms: [propext,
 Classical.choice,
 Quot.sound]
info: IUTThreeClosures/FreyPellChebyshevPrescribedFrobeniusSurvivingFiveSieveCounterexample.lean:206:0: 'IUTThreeClosures.no_inert_prime_dvd_survivingFiveSieveQuotient_of_frozen_certificate' depends on axioms: [propext,
 Classical.choice,
 Quot.sound]
info: IUTThreeClosures/FreyPellChebyshevPrescribedFrobeniusSurvivingFiveSieveCounterexample.lean:208:0: 'IUTThreeClosures.not_prescribedInertPrimitiveDivisorSurvivingFiveSieveTarget_of_frozen_certificate' depends on axioms: [propext,
 Classical.choice,
 Quot.sound]
info: IUTThreeClosures/FreyPellChebyshevPrescribedFrobeniusSurvivingFiveSieveCounterexample.lean:210:0: 'IUTThreeClosures.survivingFiveSieve_shiftedSquareRhs_mod_thirteen' depends on axioms: [propext,
 Classical.choice,
 Quot.sound]
info: IUTThreeClosures/FreyPellChebyshevPrescribedFrobeniusSurvivingFiveSieveCounterexample.lean:211:0: 'IUTThreeClosures.survivingFiveSieve_no_global_shiftedSquare' depends on axioms: [propext, Classical.choice, Quot.sound]
ℹ [9090/9224] Replayed IUTThreeClosures.FreyEventualModifiedSzpiroGate
info: IUTThreeClosures/FreyEventualModifiedSzpiroGate.lean:86:0: 'IUTThreeClosures.uniform_freyModifiedSzpiro_of_eventual' depends on axioms: [propext, Classical.choice, Quot.sound]
info: IUTThreeClosures/FreyEventualModifiedSzpiroGate.lean:87:0: 'IUTThreeClosures.abc_of_eventual_freyModifiedSzpiro' depends on axioms: [propext, Classical.choice, Quot.sound]
ℹ [9091/9224] Replayed IUTThreeClosures.ABCCounterexampleExcessMassGate
info: IUTThreeClosures/ABCCounterexampleExcessMassGate.lean:112:0: 'IUTThreeClosures.adjacentABC_log_product_le_two_height' depends on axioms: [propext, Classical.choice, Quot.sound]
info: IUTThreeClosures/ABCCounterexampleExcessMassGate.lean:113:0: 'IUTThreeClosures.one_adjacent_pairwiseCoprimeABC' depends on axioms: [propext, Quot.sound]
info: IUTThreeClosures/ABCCounterexampleExcessMassGate.lean:114:0: 'IUTThreeClosures.not_abcConjecture_of_adjacent_excessMass' depends on axioms: [propext, Classical.choice, Quot.sound]
ℹ [9092/9224] Replayed IUTThreeClosures.SmoothLowOmegaCounting
info: IUTThreeClosures/SmoothLowOmegaCounting.lean:240:0: 'IUTThreeClosures.SmoothLowOmegaCounting.wordProducts_card_le' depends on axioms: [propext,
 Classical.choice,
 Quot.sound]
info: IUTThreeClosures/SmoothLowOmegaCounting.lean:241:0: 'IUTThreeClosures.SmoothLowOmegaCounting.factorization_le_log_two' depends on axioms: [propext,
 Classical.choice,
 Quot.sound]
info: IUTThreeClosures/SmoothLowOmegaCounting.lean:242:0: 'IUTThreeClosures.SmoothLowOmegaCounting.mem_wordProducts_of_smooth_lowOmega' depends on axioms: [propext,
 Classical.choice,
 Quot.sound]
info: IUTThreeClosures/SmoothLowOmegaCounting.lean:243:0: 'IUTThreeClosures.SmoothLowOmegaCounting.smoothLowOmegaUpTo_card_le' depends on axioms: [propext,
 Classical.choice,
 Quot.sound]
info: IUTThreeClosures/SmoothLowOmegaCounting.lean:244:0: 'IUTThreeClosures.SmoothLowOmegaCounting.packet_lowOmega_card_le' depends on axioms: [propext,
 Classical.choice,
 Quot.sound]
info: IUTThreeClosures/SmoothLowOmegaCounting.lean:245:0: 'IUTThreeClosures.SmoothLowOmegaCounting.packet_highOmega_card_lower' depends on axioms: [propext,
 Classical.choice,
 Quot.sound]
info: IUTThreeClosures/SmoothLowOmegaCounting.lean:246:0: 'IUTThreeClosures.SmoothLowOmegaCounting.packet_omega_sum_lower' depends on axioms: [propext,
 Classical.choice,
 Quot.sound]
info: IUTThreeClosures/SmoothLowOmegaCounting.lean:247:0: 'IUTThreeClosures.SmoothLowOmegaCounting.exists_highOmega_of_packet_card' depends on axioms: [propext,
 Classical.choice,
 Quot.sound]
ℹ [9093/9224] Replayed IUTThreeClosures.LargeEndpointPowerFreeClosure
info: IUTThreeClosures/LargeEndpointPowerFreeClosure.lean:242:0: 'IUTThreeClosures.LargeEndpointPowerFreeClosure.IsExponentAtMost.dvd_radical_pow' depends on axioms: [propext,
 Classical.choice,
 Quot.sound]
info: IUTThreeClosures/LargeEndpointPowerFreeClosure.lean:243:0: 'IUTThreeClosures.LargeEndpointPowerFreeClosure.IsExponentAtMost.le_radical_pow' depends on axioms: [propext,
 Classical.choice,
 Quot.sound]
info: IUTThreeClosures/LargeEndpointPowerFreeClosure.lean:244:0: 'IUTThreeClosures.LargeEndpointPowerFreeClosure.IsExponentAtMost.exists_prime_pow_succ_dvd_of_not' depends on axioms: [propext,
 Classical.choice,
 Quot.sound]
info: IUTThreeClosures/LargeEndpointPowerFreeClosure.lean:245:0: 'IUTThreeClosures.ABCPoint.c_sq_le_two_abcRadical_pow' depends on axioms: [propext, Classical.choice, Quot.sound]
info: IUTThreeClosures/LargeEndpointPowerFreeClosure.lean:246:0: 'IUTThreeClosures.ABCPoint.two_mul_height_le_log_two_add_k_mul_conductor' depends on axioms: [propext,
 Classical.choice,
 Quot.sound]
info: IUTThreeClosures/LargeEndpointPowerFreeClosure.lean:247:0: 'IUTThreeClosures.ABCPoint.height_le_conductor_add_log_two_div_two_of_cubeFreeLargeProduct' depends on axioms: [propext,
 Classical.choice,
 Quot.sound]
info: IUTThreeClosures/LargeEndpointPowerFreeClosure.lean:248:0: 'IUTThreeClosures.ABCPoint.exists_prime_cube_dvd_largeProduct_of_strong_violation' depends on axioms: [propext,
 Classical.choice,
 Quot.sound]
ℹ [9094/9224] Replayed IUTThreeClosures.SignedEndpointSquareRadicalDefect
info: IUTThreeClosures/SignedEndpointSquareRadicalDefect.lean:185:0: 'IUTThreeClosures.ABCPoint.signedEndpointSquareRadicalDefect_corridor' depends on axioms: [propext,
 Classical.choice,
 Quot.sound]
info: IUTThreeClosures/SignedEndpointSquareRadicalDefect.lean:186:0: 'IUTThreeClosures.SignedEndpointSquareRadicalDefect.abc_of_uniformSignedEndpointSquareRadicalDefectBound' depends on axioms: [propext,
 Classical.choice,
 Quot.sound]
info: IUTThreeClosures/SignedEndpointSquareRadicalDefect.lean:187:0: 'IUTThreeClosures.SignedEndpointSquareRadicalDefect.uniformSignedEndpointSquareRadicalDefectBound_of_abc' depends on axioms: [propext,
 Classical.choice,
 Quot.sound]
info: IUTThreeClosures/SignedEndpointSquareRadicalDefect.lean:188:0: 'IUTThreeClosures.SignedEndpointSquareRadicalDefect.uniformSignedEndpointSquareRadicalDefectBound_iff_abc' depends on axioms: [propext,
 Classical.choice,
 Quot.sound]
info: IUTThreeClosures/SignedEndpointSquareRadicalDefect.lean:189:0: 'IUTThreeClosures.SignedEndpointSquareRadicalDefect.no_uniform_subunit_bound_for_unsigned_linear_excess' depends on axioms: [propext,
 Classical.choice,
 Quot.sound]
ℹ [9095/9224] Replayed IUTThreeClosures.SymmetricProductCoefficientBarrier
info: IUTThreeClosures/SymmetricProductCoefficientBarrier.lean:203:0: 'IUTThreeClosures.SymmetricProductCoefficientBarrier.ABCPoint.c_sq_le_two_abc' depends on axioms: [propext,
 Classical.choice,
 Quot.sound]
info: IUTThreeClosures/SymmetricProductCoefficientBarrier.lean:204:0: 'IUTThreeClosures.SymmetricProductCoefficientBarrier.ABCPoint.two_height_sub_log_two_le_symmetricProductLog' depends on axioms: [propext,
 Classical.choice,
 Quot.sound]
info: IUTThreeClosures/SymmetricProductCoefficientBarrier.lean:205:0: 'IUTThreeClosures.SymmetricProductCoefficientBarrier.ABCPoint.height_le_of_symmetricProduct_bound' depends on axioms: [propext,
 Classical.choice,
 Quot.sound]
info: IUTThreeClosures/SymmetricProductCoefficientBarrier.lean:206:0: 'IUTThreeClosures.SymmetricProductCoefficientBarrier.ABCPoint.height_le_three_halves_of_coefficient_three' depends on axioms: [propext,
 Classical.choice,
 Quot.sound]
info: IUTThreeClosures/SymmetricProductCoefficientBarrier.lean:207:0: 'IUTThreeClosures.SymmetricProductCoefficientBarrier.ABCPoint.height_le_one_of_coefficient_two' depends on axioms: [propext,
 Classical.choice,
 Quot.sound]
info: IUTThreeClosures/SymmetricProductCoefficientBarrier.lean:208:0: 'IUTThreeClosures.SymmetricProductCoefficientBarrier.ABCPoint.height_le_of_relative_symmetricProduct_error' depends on axioms: [propext,
 Classical.choice,
 Quot.sound]
info: IUTThreeClosures/SymmetricProductCoefficientBarrier.lean:209:0: 'IUTThreeClosures.SymmetricProductCoefficientBarrier.abc_of_uniformSymmetricProductBound' depends on axioms: [propext,
 Classical.choice,
 Quot.sound]
info: IUTThreeClosures/SymmetricProductCoefficientBarrier.lean:210:0: 'IUTThreeClosures.SymmetricProductCoefficientBarrier.coefficient_three_product_model_does_not_force_slope_one' depends on axioms: [propext,
 Classical.choice,
 Quot.sound]
ℹ [9096/9224] Replayed IUTThreeClosures.EndpointBalanceCoefficientTransfer
info: IUTThreeClosures/EndpointBalanceCoefficientTransfer.lean:290:0: 'IUTThreeClosures.ABCPoint.endpointMin_mul_c_sq_le_two_abc' depends on axioms: [propext, Classical.choice, Quot.sound]
info: IUTThreeClosures/EndpointBalanceCoefficientTransfer.lean:291:0: 'IUTThreeClosures.ABCPoint.two_height_add_endpointMinLog_sub_log_two_le_symmetricProductLog' depends on axioms: [propext,
 Classical.choice,
 Quot.sound]
info: IUTThreeClosures/EndpointBalanceCoefficientTransfer.lean:292:0: 'IUTThreeClosures.ABCPoint.conductor_nonneg' depends on axioms: [propext, Classical.choice, Quot.sound]
info: IUTThreeClosures/EndpointBalanceCoefficientTransfer.lean:293:0: 'IUTThreeClosures.ABCPoint.height_le_of_balanced_symmetricProduct_bound' depends on axioms: [propext,
 Classical.choice,
 Quot.sound]
info: IUTThreeClosures/EndpointBalanceCoefficientTransfer.lean:294:0: 'IUTThreeClosures.ABCPoint.height_le_one_add_epsilon_of_coefficient_three_balanced' depends on axioms: [propext,
 Classical.choice,
 Quot.sound]
info: IUTThreeClosures/EndpointBalanceCoefficientTransfer.lean:295:0: 'IUTThreeClosures.ABCPoint.endpoint_unbalanced_of_coefficient_three_violation' depends on axioms: [propext,
 Classical.choice,
 Quot.sound]
info: IUTThreeClosures/EndpointBalanceCoefficientTransfer.lean:296:0: 'IUTThreeClosures.EndpointBalanceCoefficientTransfer.height_le_one_add_epsilon_of_coefficient_three_criticalBalance' depends on axioms: [propext,
 Classical.choice,
 Quot.sound]
info: IUTThreeClosures/EndpointBalanceCoefficientTransfer.lean:297:0: 'IUTThreeClosures.EndpointBalanceCoefficientTransfer.eventual_balanced_abc_of_uniformCoefficientThreeSublinearProduct' depends on axioms: [propext,
 Classical.choice,
 Quot.sound]
info: IUTThreeClosures/EndpointBalanceCoefficientTransfer.lean:298:0: 'IUTThreeClosures.EndpointBalanceCoefficientTransfer.eventual_criticalBalanced_abc_of_uniformCoefficientThreeSublinearProduct' depends on axioms: [propext,
 Classical.choice,
 Quot.sound]
ℹ [9097/9224] Replayed IUTThreeClosures.LargeEndpointCubefulExcess
info: IUTThreeClosures/LargeEndpointCubefulExcess.lean:195:0: 'IUTThreeClosures.LargeEndpointCubefulExcess.gcd_mul_cubefulExcess_eq' depends on axioms: [propext,
 Classical.choice,
 Quot.sound]
info: IUTThreeClosures/LargeEndpointCubefulExcess.lean:196:0: 'IUTThreeClosures.LargeEndpointCubefulExcess.le_radical_sq_mul_cubefulExcess' depends on axioms: [propext,
 Classical.choice,
 Quot.sound]
info: IUTThreeClosures/LargeEndpointCubefulExcess.lean:197:0: 'IUTThreeClosures.LargeEndpointCubefulExcess.cubefulExcess_pos' depends on axioms: [propext,
 Classical.choice,
 Quot.sound]
info: IUTThreeClosures/LargeEndpointCubefulExcess.lean:198:0: 'IUTThreeClosures.ABCPoint.c_sq_le_two_radical_sq_mul_cubefulExcess' depends on axioms: [propext,
 Classical.choice,
 Quot.sound]
info: IUTThreeClosures/LargeEndpointCubefulExcess.lean:199:0: 'IUTThreeClosures.ABCPoint.two_mul_height_le_log_two_add_two_mul_conductor_add_log_cubefulExcess' depends on axioms: [propext,
 Classical.choice,
 Quot.sound]
info: IUTThreeClosures/LargeEndpointCubefulExcess.lean:200:0: 'IUTThreeClosures.ABCPoint.height_le_of_cubefulExcess_bound' depends on axioms: [propext, Classical.choice, Quot.sound]
info: IUTThreeClosures/LargeEndpointCubefulExcess.lean:201:0: 'IUTThreeClosures.ABCPoint.cubefulExcess_large_of_height_violation' depends on axioms: [propext,
 Classical.choice,
 Quot.sound]
info: IUTThreeClosures/LargeEndpointCubefulExcess.lean:202:0: 'IUTThreeClosures.LargeEndpointCubefulExcess.abc_of_uniformLargeEndpointCubefulExcessBound' depends on axioms: [propext,
 Classical.choice,
 Quot.sound]
ℹ [9098/9224] Replayed IUTThreeClosures.LargeEndpointPrimePowerLocalization
info: IUTThreeClosures/LargeEndpointPrimePowerLocalization.lean:92:0: 'IUTThreeClosures.ABCPoint.largeEndpoint_coprime_c' depends on axioms: [propext, Quot.sound]
info: IUTThreeClosures/LargeEndpointPrimePowerLocalization.lean:93:0: 'IUTThreeClosures.ABCPoint.prime_pow_dvd_largeEndpoint_or_c' depends on axioms: [propext, Classical.choice, Quot.sound]
info: IUTThreeClosures/LargeEndpointPrimePowerLocalization.lean:94:0: 'IUTThreeClosures.ABCPoint.not_prime_pow_dvd_largeEndpoint_and_c' depends on axioms: [propext, Quot.sound]
info: IUTThreeClosures/LargeEndpointPrimePowerLocalization.lean:95:0: 'IUTThreeClosures.ABCPoint.prime_pow_dvd_exactly_one_largeEndpoint_or_c' depends on axioms: [propext,
 Classical.choice,
 Quot.sound]
info: IUTThreeClosures/LargeEndpointPrimePowerLocalization.lean:96:0: 'IUTThreeClosures.ABCPoint.exists_prime_cube_on_exactly_one_largeEndpoint_of_strong_violation' depends on axioms: [propext,
 Classical.choice,
 Quot.sound]
ℹ [9099/9224] Replayed IUTThreeClosures.SignedPrimeExponentLayer
info: IUTThreeClosures/SignedPrimeExponentLayer.lean:212:0: 'IUTThreeClosures.SignedPrimeExponentLayer.total_sub_two_radical_eq_aboveTwo_sub_one' depends on axioms: [propext,
 Classical.choice,
 Quot.sound]
info: IUTThreeClosures/SignedPrimeExponentLayer.lean:213:0: 'IUTThreeClosures.ABCPoint.abcRadical_eq_signedLayer_threeFactors' depends on axioms: [propext,
 Classical.choice,
 Quot.sound]
info: IUTThreeClosures/SignedPrimeExponentLayer.lean:214:0: 'IUTThreeClosures.ABCPoint.conductor_eq_signedLayer_threeRadicalLogs' depends on axioms: [propext,
 Classical.choice,
 Quot.sound]
info: IUTThreeClosures/SignedPrimeExponentLayer.lean:215:0: 'IUTThreeClosures.ABCPoint.signedEndpointSquareRadicalDefect_eq_endpoint_sum' depends on axioms: [propext,
 Classical.choice,
 Quot.sound]
info: IUTThreeClosures/SignedPrimeExponentLayer.lean:216:0: 'IUTThreeClosures.ABCPoint.endpoint_signed_defect_large_of_height_violation' depends on axioms: [propext,
 Classical.choice,
 Quot.sound]
ℹ [9100/9224] Replayed IUTThreeClosures.SignedPrimeSupport
info: IUTThreeClosures/SignedPrimeSupport.lean:106:0: 'IUTThreeClosures.SignedPrimeSupport.log_eq_actual_exponent_weight' depends on axioms: [propext,
 Classical.choice,
 Quot.sound]
info: IUTThreeClosures/SignedPrimeSupport.lean:107:0: 'IUTThreeClosures.SignedPrimeSupport.single_defect_eq_actual_prime_layers' depends on axioms: [propext,
 Classical.choice,
 Quot.sound]
info: IUTThreeClosures/SignedPrimeSupport.lean:108:0: 'IUTThreeClosures.SignedPrimeSupport.coupled_defect_eq_actual_prime_layers' depends on axioms: [propext,
 Classical.choice,
 Quot.sound]
info: IUTThreeClosures/SignedPrimeSupport.lean:109:0: 'IUTThreeClosures.SignedPrimeSupport.coupled_prime_support_iff_abc' depends on axioms: [propext,
 Classical.choice,
 Quot.sound]
⚠ [9101/9224] Replayed IUTThreeClosures.PrimePowerSmoothNeighbour
warning: IUTThreeClosures/PrimePowerSmoothNeighbour.lean:96:4: This simp argument is unused:
  max_eq_right (Nat.sub_le D.c (D.p ^ D.k))

Hint: Omit it from the simp argument list.
  simp [point, ABCPoint.height, a, b, max_eq_right D̵.̵p̵o̵w̵e̵r̵_̵l̵t̵_̵c̵.̵l̵e̵,̵
  ̵ ̵ ̵ ̵ ̵m̵a̵x̵_̵e̵q̵_̵r̵i̵g̵h̵t̵ ̵(̵N̵a̵t̵.̵s̵u̵b̵_̵l̵e̵ ̵D̵.̵c̵ ̵(̵D̵.̵p̵ ̵^̵ ̵D̵.̵k̵)̵)̵]̵D̲.̲p̲o̲w̲e̲r̲_̲l̲t̲_̲c̲.̲l̲e̲]̲

Note: This linter can be disabled with `set_option linter.unusedSimpArgs false`
warning: IUTThreeClosures/PrimePowerSmoothNeighbour.lean:234:0: Definition `toLogRadicalGapCertificate` is a proposition; use `theorem` instead of `def`

Note: This linter can be disabled with `set_option linter.defProp false`
ℹ [9102/9224] Replayed IUTThreeClosures.SignedEndpointDyadicObstruction
info: IUTThreeClosures/SignedEndpointDyadicObstruction.lean:128:0: 'IUTThreeClosures.SignedEndpointDyadicObstruction.dyadic_single_defect' depends on axioms: [propext,
 Classical.choice,
 Quot.sound]
info: IUTThreeClosures/SignedEndpointDyadicObstruction.lean:129:0: 'IUTThreeClosures.SignedEndpointDyadicObstruction.dyadic_conductor_le' depends on axioms: [propext,
 Classical.choice,
 Quot.sound]
info: IUTThreeClosures/SignedEndpointDyadicObstruction.lean:130:0: 'IUTThreeClosures.SignedEndpointDyadicObstruction.unbounded_separate_endpoint_defect' depends on axioms: [propext,
 Classical.choice,
 Quot.sound]
info: IUTThreeClosures/SignedEndpointDyadicObstruction.lean:131:0: 'IUTThreeClosures.SignedEndpointDyadicObstruction.not_uniform_separate_endpoint_bound' depends on axioms: [propext,
 Classical.choice,
 Quot.sound]
ℹ [9103/9224] Replayed IUTThreeClosures.FreyPellEffectiveResidualCorridor20260830
info: IUTThreeClosures/FreyPellEffectiveResidualCorridor20260830.lean:215:0: 'IUTThreeClosures.pellEffective_genusOnePoint' depends on axioms: [propext]
info: IUTThreeClosures/FreyPellEffectiveResidualCorridor20260830.lean:216:0: 'IUTThreeClosures.pellEffective_squareFactorDescent' depends on axioms: [propext, Classical.choice, Quot.sound]
info: IUTThreeClosures/FreyPellEffectiveResidualCorridor20260830.lean:217:0: 'IUTThreeClosures.pellEffective_coefficientMajorant' depends on axioms: [propext, Classical.choice, Quot.sound]
info: IUTThreeClosures/FreyPellEffectiveResidualCorridor20260830.lean:218:0: 'IUTThreeClosures.pellEffective_kernelFifthCorridor' depends on axioms: [propext, Classical.choice, Quot.sound]
info: IUTThreeClosures/FreyPellEffectiveResidualCorridor20260830.lean:219:0: 'IUTThreeClosures.pellEffective_indexUpperEventually' depends on axioms: [propext, Classical.choice, Quot.sound]
info: IUTThreeClosures/FreyPellEffectiveResidualCorridor20260830.lean:220:0: 'IUTThreeClosures.ABCPoint.c_pow_four_le_1024_freyJReducedDen' depends on axioms: [propext,
 Classical.choice,
 Quot.sound]
info: IUTThreeClosures/FreyPellEffectiveResidualCorridor20260830.lean:221:0: 'IUTThreeClosures.ABCPoint.four_height_le_log_1024_add_log_freyJReducedDen' depends on axioms: [propext,
 Classical.choice,
 Quot.sound]
ℹ [9104/9224] Replayed IUTThreeClosures.AnalyticAmplificationContinuation20260830
info: IUTThreeClosures/AnalyticAmplificationContinuation20260830.lean:343:0: 'IUTThreeClosures.AnalyticAmplificationContinuation20260830.crt_cross_modEq' depends on axioms: [propext,
 Classical.choice,
 Quot.sound]
info: IUTThreeClosures/AnalyticAmplificationContinuation20260830.lean:344:0: 'IUTThreeClosures.AnalyticAmplificationContinuation20260830.inherited_radical_bound' depends on axioms: [propext,
 Classical.choice,
 Quot.sound]
info: IUTThreeClosures/AnalyticAmplificationContinuation20260830.lean:345:0: 'IUTThreeClosures.AnalyticAmplificationContinuation20260830.inherited_cofactor_certificate_budget' depends on axioms: [propext,
 Classical.choice,
 Quot.sound]
info: IUTThreeClosures/AnalyticAmplificationContinuation20260830.lean:346:0: 'IUTThreeClosures.AnalyticAmplificationContinuation20260830.crt_certificate_unique_in_strip' depends on axioms: [propext,
 Classical.choice,
 Quot.sound]
info: IUTThreeClosures/AnalyticAmplificationContinuation20260830.lean:347:0: 'IUTThreeClosures.AnalyticAmplificationContinuation20260830.crt_certificate_packet_card_le' depends on axioms: [propext,
 Classical.choice,
 Quot.sound]
info: IUTThreeClosures/AnalyticAmplificationContinuation20260830.lean:348:0: 'IUTThreeClosures.AnalyticAmplificationContinuation20260830.crtCertifiedUpTo_card_le' depends on axioms: [propext,
 Classical.choice,
 Quot.sound]
info: IUTThreeClosures/AnalyticAmplificationContinuation20260830.lean:349:0: 'IUTThreeClosures.AnalyticAmplificationContinuation20260830.inherited_template_union_card_le' depends on axioms: [propext,
 Classical.choice,
 Quot.sound]
info: IUTThreeClosures/AnalyticAmplificationContinuation20260830.lean:350:0: 'IUTThreeClosures.AnalyticAmplificationContinuation20260830.square_completion_radical_bound' depends on axioms: [propext,
 Classical.choice,
 Quot.sound]
info: IUTThreeClosures/AnalyticAmplificationContinuation20260830.lean:351:0: 'IUTThreeClosures.AnalyticAmplificationContinuation20260830.square_completion_parameter_identity' depends on axioms: [propext,
 Quot.sound]
info: IUTThreeClosures/AnalyticAmplificationContinuation20260830.lean:352:0: 'IUTThreeClosures.AnalyticAmplificationContinuation20260830.square_completion_sq_le_product' depends on axioms: [propext,
 Classical.choice,
 Quot.sound]
info: IUTThreeClosures/AnalyticAmplificationContinuation20260830.lean:353:0: 'IUTThreeClosures.AnalyticAmplificationContinuation20260830.square_completion_certificate_height' depends on axioms: [propext,
 Classical.choice,
 Quot.sound]
info: IUTThreeClosures/AnalyticAmplificationContinuation20260830.lean:354:0: 'IUTThreeClosures.AnalyticAmplificationContinuation20260830.seed_radical_product_ge_sq' depends on axioms: [propext,
 Classical.choice,
 Quot.sound]
ℹ [9105/9224] Replayed IUTThreeClosures.GeometryUniformityContinuation20260830
info: IUTThreeClosures/GeometryUniformityContinuation20260830.lean:294:0: 'IUTThreeClosures.geometry_logAbsorption' depends on axioms: [propext, Classical.choice, Quot.sound]
info: IUTThreeClosures/GeometryUniformityContinuation20260830.lean:295:0: 'IUTThreeClosures.geometry_jointSixthLogCorridor' depends on axioms: [propext, Classical.choice, Quot.sound]
info: IUTThreeClosures/GeometryUniformityContinuation20260830.lean:296:0: 'IUTThreeClosures.geometry_normThreeRatioBounds' depends on axioms: [propext, Classical.choice, Quot.sound]
info: IUTThreeClosures/GeometryUniformityContinuation20260830.lean:297:0: 'IUTThreeClosures.geometry_indexTwoRatioBound' depends on axioms: [propext, Classical.choice, Quot.sound]
info: IUTThreeClosures/GeometryUniformityContinuation20260830.lean:298:0: 'IUTThreeClosures.geometry_weightedPrimitive' depends on axioms: [propext, Classical.choice, Quot.sound]
info: IUTThreeClosures/GeometryUniformityContinuation20260830.lean:299:0: 'IUTThreeClosures.ABCPoint.geometryFrey_invariantNormalization' depends on axioms: [propext,
 Classical.choice,
 Quot.sound]
info: IUTThreeClosures/GeometryUniformityContinuation20260830.lean:300:0: 'IUTThreeClosures.ABCPoint.geometryFrey_normalizedMordellPoint' depends on axioms: [propext,
 Classical.choice,
 Quot.sound]
info: IUTThreeClosures/GeometryUniformityContinuation20260830.lean:301:0: 'IUTThreeClosures.ABCPoint.geometryFrey_weightedPrimitive' depends on axioms: [propext, Classical.choice, Quot.sound]
info: IUTThreeClosures/GeometryUniformityContinuation20260830.lean:302:0: 'IUTThreeClosures.ABCPoint.geometryFrey_normalizedCubicSplit' depends on axioms: [propext, Classical.choice, Quot.sound]
ℹ [9106/9224] Replayed IUTThreeClosures.MatveevPellFinitePacket20260830
info: IUTThreeClosures/MatveevPellFinitePacket20260830.lean:266:0: 'IUTThreeClosures.pellMatveevRoot_sq' depends on axioms: [propext, Classical.choice, Quot.sound]
info: IUTThreeClosures/MatveevPellFinitePacket20260830.lean:267:0: 'IUTThreeClosures.pellMatveevEta_of_packet' depends on axioms: [propext, Classical.choice, Quot.sound]
info: IUTThreeClosures/MatveevPellFinitePacket20260830.lean:268:0: 'IUTThreeClosures.pellMatveevEta_fourth' depends on axioms: [propext, Classical.choice, Quot.sound]
info: IUTThreeClosures/MatveevPellFinitePacket20260830.lean:269:0: 'IUTThreeClosures.pellMatveev_actualApproximation' depends on axioms: [propext, Classical.choice, Quot.sound]
info: IUTThreeClosures/MatveevPellFinitePacket20260830.lean:270:0: 'IUTThreeClosures.pellMatveev_actualLogLower' depends on axioms: [propext, Classical.choice, Quot.sound]
info: IUTThreeClosures/MatveevPellFinitePacket20260830.lean:271:0: 'IUTThreeClosures.pellMatveev_actualLogHeight' depends on axioms: [propext, Classical.choice, Quot.sound]
info: IUTThreeClosures/MatveevPellFinitePacket20260830.lean:272:0: 'IUTThreeClosures.pellMatveev_normalizedExponentBound' depends on axioms: [propext, Classical.choice, Quot.sound]
info: IUTThreeClosures/MatveevPellFinitePacket20260830.lean:273:0: 'IUTThreeClosures.pellMatveev_indexAbsorption' depends on axioms: [propext, Classical.choice, Quot.sound]
info: IUTThreeClosures/MatveevPellFinitePacket20260830.lean:274:0: 'IUTThreeClosures.pellMatveev_explicitEstimate_indexBound' depends on axioms: [propext, Classical.choice, Quot.sound]
info: IUTThreeClosures/MatveevPellFinitePacket20260830.lean:275:0: 'IUTThreeClosures.pellMatveev_effectiveHeightCap' depends on axioms: [propext, Classical.choice, Quot.sound]
info: IUTThreeClosures/MatveevPellFinitePacket20260830.lean:276:0: 'IUTThreeClosures.pellMatveev_effectiveCoordinateCap' depends on axioms: [propext, Classical.choice, Quot.sound]
ℹ [9107/9224] Replayed IUTThreeClosures.AnalyticActualRadicalUniformGate20260830
info: IUTThreeClosures/AnalyticActualRadicalUniformGate20260830.lean:226:0: 'IUTThreeClosures.AnalyticActualRadicalUniformGate20260830.radical_mul_eq_newPrimeRadical' depends on axioms: [propext,
 Classical.choice,
 Quot.sound]
info: IUTThreeClosures/AnalyticActualRadicalUniformGate20260830.lean:227:0: 'IUTThreeClosures.AnalyticActualRadicalUniformGate20260830.newPrimeRadical_coprime' depends on axioms: [propext,
 Classical.choice,
 Quot.sound]
info: IUTThreeClosures/AnalyticActualRadicalUniformGate20260830.lean:228:0: 'IUTThreeClosures.AnalyticActualRadicalUniformGate20260830.radical_mul_sq_eq_newPrimeRadical' depends on axioms: [propext,
 Classical.choice,
 Quot.sound]
info: IUTThreeClosures/AnalyticActualRadicalUniformGate20260830.lean:229:0: 'IUTThreeClosures.AnalyticActualRadicalUniformGate20260830.square_completion_retains_seed_radical' depends on axioms: [propext,
 Classical.choice,
 Quot.sound]
info: IUTThreeClosures/AnalyticActualRadicalUniformGate20260830.lean:230:0: 'IUTThreeClosures.AnalyticActualRadicalUniformGate20260830.square_completion_radical_mul_excess' depends on axioms: [propext,
 Classical.choice,
 Quot.sound]
info: IUTThreeClosures/AnalyticActualRadicalUniformGate20260830.lean:231:0: 'IUTThreeClosures.AnalyticActualRadicalUniformGate20260830.square_completion_actual_excess_budget' depends on axioms: [propext,
 Classical.choice,
 Quot.sound]
info: IUTThreeClosures/AnalyticActualRadicalUniformGate20260830.lean:232:0: 'IUTThreeClosures.AnalyticActualRadicalUniformGate20260830.actual_conic_exponent_window' depends on axioms: [propext,
 Classical.choice,
 Quot.sound]
info: IUTThreeClosures/AnalyticActualRadicalUniformGate20260830.lean:233:0: 'IUTThreeClosures.AnalyticActualRadicalUniformGate20260830.actual_conic_min_exponent_le' depends on axioms: [propext,
 Classical.choice,
 Quot.sound]
info: IUTThreeClosures/AnalyticActualRadicalUniformGate20260830.lean:234:0: 'IUTThreeClosures.AnalyticActualRadicalUniformGate20260830.rational_completion_support_loss_coordinates' depends on axioms: [propext,
 Classical.choice,
 Quot.sound]
info: IUTThreeClosures/AnalyticActualRadicalUniformGate20260830.lean:235:0: 'IUTThreeClosures.AnalyticActualRadicalUniformGate20260830.quadratic_quality_separator_powers' depends on axioms: [propext,
 Classical.choice,
 Quot.sound]
ℹ [9108/9224] Replayed IUTThreeClosures.GeometryGlobalUniformGate20260830
info: IUTThreeClosures/GeometryGlobalUniformGate20260830.lean:598:0: 'IUTThreeClosures.GeometryGlobalUniformGate.cubeCoefficient_factorization' depends on axioms: [propext,
 Classical.choice,
 Quot.sound]
info: IUTThreeClosures/GeometryGlobalUniformGate20260830.lean:599:0: 'IUTThreeClosures.GeometryGlobalUniformGate.all_three_points_retain_height' depends on axioms: [propext,
 Classical.choice,
 Quot.sound]
info: IUTThreeClosures/GeometryGlobalUniformGate20260830.lean:600:0: 'IUTThreeClosures.GeometryGlobalUniformGate.actual_three_cost_product' depends on axioms: [propext,
 Classical.choice,
 Quot.sound]
info: IUTThreeClosures/GeometryGlobalUniformGate20260830.lean:601:0: 'IUTThreeClosures.GeometryGlobalUniformGate.truncated_mordell_parameter' depends on axioms: [propext,
 Classical.choice,
 Quot.sound]
info: IUTThreeClosures/GeometryGlobalUniformGate20260830.lean:602:0: 'IUTThreeClosures.GeometryGlobalUniformGate.cubic_plus_root' depends on axioms: [propext, Quot.sound]
info: IUTThreeClosures/GeometryGlobalUniformGate20260830.lean:603:0: 'IUTThreeClosures.GeometryGlobalUniformGate.cubic_minus_root' depends on axioms: [propext, Quot.sound]
info: IUTThreeClosures/GeometryGlobalUniformGate20260830.lean:604:0: 'IUTThreeClosures.GeometryGlobalUniformGate.plus_order_matrix_determinant' depends on axioms: [propext,
 Classical.choice,
 Quot.sound]
info: IUTThreeClosures/GeometryGlobalUniformGate20260830.lean:605:0: 'IUTThreeClosures.GeometryGlobalUniformGate.common_curve_omit_a' depends on axioms: [propext,
 Classical.choice,
 Quot.sound]
info: IUTThreeClosures/GeometryGlobalUniformGate20260830.lean:606:0: 'IUTThreeClosures.GeometryGlobalUniformGate.common_curve_omit_b' depends on axioms: [propext,
 Classical.choice,
 Quot.sound]
info: IUTThreeClosures/GeometryGlobalUniformGate20260830.lean:607:0: 'IUTThreeClosures.GeometryGlobalUniformGate.common_curve_omit_c' depends on axioms: [propext,
 Classical.choice,
 Quot.sound]
info: IUTThreeClosures/GeometryGlobalUniformGate20260830.lean:608:0: 'IUTThreeClosures.GeometryGlobalUniformGate.coefficientProduct_le_residualSupport_sq' depends on axioms: [propext,
 Classical.choice,
 Quot.sound]
info: IUTThreeClosures/GeometryGlobalUniformGate20260830.lean:609:0: 'IUTThreeClosures.GeometryGlobalUniformGate.auxiliary_isogeny_equation' depends on axioms: [propext,
 Classical.choice,
 Quot.sound]
ℹ [9113/9224] Replayed IUTThreeClosures.FreyEntireIsogenyArithmetic20260831
info: IUTThreeClosures/FreyEntireIsogenyArithmetic20260831.lean:332:0: 'IUTThreeClosures.FreyEntireIsogenyArithmetic20260831.familyCurve_eq_canonical' depends on axioms: [propext,
 Classical.choice,
 Quot.sound]
info: IUTThreeClosures/FreyEntireIsogenyArithmetic20260831.lean:333:0: 'IUTThreeClosures.FreyEntireIsogenyArithmetic20260831.residueCurve_point_card' depends on axioms: [propext,
 Classical.choice,
 Quot.sound]
info: IUTThreeClosures/FreyEntireIsogenyArithmetic20260831.lean:334:0: 'IUTThreeClosures.FreyEntireIsogenyArithmetic20260831.degree_three_polynomial_no_root' depends on axioms: [propext,
 Classical.choice,
 Quot.sound]
info: IUTThreeClosures/FreyEntireIsogenyArithmetic20260831.lean:335:0: 'IUTThreeClosures.FreyEntireIsogenyArithmetic20260831.model_discriminant_upper' depends on axioms: [propext,
 Classical.choice,
 Quot.sound]
info: IUTThreeClosures/FreyEntireIsogenyArithmetic20260831.lean:336:0: 'IUTThreeClosures.FreyEntireIsogenyArithmetic20260831.familyCurve_j_lower' depends on axioms: [propext,
 Classical.choice,
 Quot.sound]
info: IUTThreeClosures/FreyEntireIsogenyArithmetic20260831.lean:337:0: 'IUTThreeClosures.FreyEntireIsogenyArithmetic20260831.zeroKernel_j_upper' depends on axioms: [propext,
 Classical.choice,
 Quot.sound]
ℹ [9114/9224] Replayed IUTThreeClosures.FreyIsogenyWeilHeight20260831
info: IUTThreeClosures/FreyIsogenyWeilHeight20260831.lean:386:0: 'IUTThreeClosures.FreyIsogenyWeilHeight20260831.familyCurve_j_num' depends on axioms: [propext,
 Classical.choice,
 Quot.sound]
info: IUTThreeClosures/FreyIsogenyWeilHeight20260831.lean:387:0: 'IUTThreeClosures.FreyIsogenyWeilHeight20260831.familyCurve_j_den' depends on axioms: [propext,
 Classical.choice,
 Quot.sound]
info: IUTThreeClosures/FreyIsogenyWeilHeight20260831.lean:388:0: 'IUTThreeClosures.FreyIsogenyWeilHeight20260831.familyCurve_mulHeight' depends on axioms: [propext,
 Classical.choice,
 Quot.sound]
info: IUTThreeClosures/FreyIsogenyWeilHeight20260831.lean:389:0: 'IUTThreeClosures.FreyIsogenyWeilHeight20260831.familyCurve_logHeight_eq_min_iff' depends on axioms: [propext,
 Classical.choice,
 Quot.sound]
info: IUTThreeClosures/FreyIsogenyWeilHeight20260831.lean:390:0: 'IUTThreeClosures.FreyIsogenyWeilHeight20260831.familyCurve_normalizedLogHeight_isLeast' depends on axioms: [propext,
 Classical.choice,
 Quot.sound]
info: IUTThreeClosures/FreyIsogenyWeilHeight20260831.lean:391:0: 'IUTThreeClosures.FreyIsogenyWeilHeight20260831.zeroKernel_logHeight_bounds' depends on axioms: [propext,
 Classical.choice,
 Quot.sound]
ℹ [9115/9224] Replayed IUTThreeClosures.FreyIsogenyConductorSharpness20260831
info: IUTThreeClosures/FreyIsogenyConductorSharpness20260831.lean:298:0: 'IUTThreeClosures.FreyIsogenyConductorSharpness20260831.endpoint_radical_eq_two_actual_j_den_radical' depends on axioms: [propext,
 Classical.choice,
 Quot.sound]
info: IUTThreeClosures/FreyIsogenyConductorSharpness20260831.lean:299:0: 'IUTThreeClosures.FreyIsogenyConductorSharpness20260831.endpointC_powerIndex' depends on axioms: [propext,
 Classical.choice,
 Quot.sound]
info: IUTThreeClosures/FreyIsogenyConductorSharpness20260831.lean:300:0: 'IUTThreeClosures.FreyIsogenyConductorSharpness20260831.powerEndpoint_radical' depends on axioms: [propext,
 Classical.choice,
 Quot.sound]
info: IUTThreeClosures/FreyIsogenyConductorSharpness20260831.lean:301:0: 'IUTThreeClosures.FreyIsogenyConductorSharpness20260831.power_conductorProxy_lt' depends on axioms: [propext,
 Classical.choice,
 Quot.sound]
info: IUTThreeClosures/FreyIsogenyConductorSharpness20260831.lean:302:0: 'IUTThreeClosures.FreyIsogenyConductorSharpness20260831.powerFamily_subcritical_gap' depends on axioms: [propext,
 Classical.choice,
 Quot.sound]
info: IUTThreeClosures/FreyIsogenyConductorSharpness20260831.lean:303:0: 'IUTThreeClosures.FreyIsogenyConductorSharpness20260831.exists_powerFamily_gap_gt' depends on axioms: [propext,
 Classical.choice,
 Quot.sound]
⚠ [9116/9224] Replayed IUTThreeClosures.LowRadicalNeighbourTransfer
warning: IUTThreeClosures/LowRadicalNeighbourTransfer.lean:87:4: This simp argument is unused:
  max_eq_right (Nat.sub_le D.c D.b)

Hint: Omit it from the simp argument list.
  simp [point, ABCPoint.height, a, max_eq_right D̵.̵b̵_̵l̵t̵_̵c̵.̵l̵e̵,̵
  ̵ ̵ ̵ ̵ ̵m̵a̵x̵_̵e̵q̵_̵r̵i̵g̵h̵t̵ ̵(̵N̵a̵t̵.̵s̵u̵b̵_̵l̵e̵ ̵D̵.̵c̵ ̵D̵.̵b̵)̵]̵D̲.̲b̲_̲l̲t̲_̲c̲.̲l̲e̲]̲

Note: This linter can be disabled with `set_option linter.unusedSimpArgs false`
warning: IUTThreeClosures/LowRadicalNeighbourTransfer.lean:186:0: Definition `toLogRadicalGapCertificate` is a proposition; use `theorem` instead of `def`

Note: This linter can be disabled with `set_option linter.defProp false`
ℹ [9118/9224] Replayed IUTThreeClosures.SubcriticalRadicalSlopeDisproofGate
info: IUTThreeClosures/SubcriticalRadicalSlopeDisproofGate.lean:113:0: 'IUTThreeClosures.not_abcConjecture_of_subcritical_radical_slope' depends on axioms: [propext,
 Classical.choice,
 Quot.sound]
info: IUTThreeClosures/SubcriticalRadicalSlopeDisproofGate.lean:114:0: 'IUTThreeClosures.not_abcConjecture_of_nearPrimePower_budget' depends on axioms: [propext, Classical.choice, Quot.sound]
⚠ [9119/9224] Replayed IUTThreeClosures.SquareRootSmoothNeighbourThreshold
warning: IUTThreeClosures/SquareRootSmoothNeighbourThreshold.lean:53:5: Variable name `hs` is not explicitly referenced.

The binding can be removed (if unused) or named `_` (if used implicitly).

Note: This linter can be disabled with `set_option linter.unusedVariables false`
info: IUTThreeClosures/SquareRootSmoothNeighbourThreshold.lean:185:0: 'IUTThreeClosures.SquareRootSmoothNeighbourThreshold.subunit_slope_of_subcritical' depends on axioms: [propext,
 Classical.choice,
 Quot.sound]
info: IUTThreeClosures/SquareRootSmoothNeighbourThreshold.lean:186:0: 'IUTThreeClosures.SquareRootSmoothNeighbourThreshold.exists_positive_epsilon_of_subunit_slope' depends on axioms: [propext,
 Classical.choice,
 Quot.sound]
info: IUTThreeClosures/SquareRootSmoothNeighbourThreshold.lean:187:0: 'IUTThreeClosures.SquareRootSmoothNeighbourThreshold.smoothLoss_lt_half_sub_primeSlope_of_subcritical' depends on axioms: [propext,
 Classical.choice,
 Quot.sound]
info: IUTThreeClosures/SquareRootSmoothNeighbourThreshold.lean:188:0: 'IUTThreeClosures.SquareRootSmoothNeighbourThreshold.exists_positive_epsilon_for_squareRoot_budget' depends on axioms: [propext,
 Classical.choice,
 Quot.sound]
info: IUTThreeClosures/SquareRootSmoothNeighbourThreshold.lean:189:0: 'IUTThreeClosures.SquareRootSmoothNeighbourThreshold.squareRoot_gap_and_squareRoot_radical_not_subcritical' depends on axioms: [propext,
 Classical.choice,
 Quot.sound]
info: IUTThreeClosures/SquareRootSmoothNeighbourThreshold.lean:190:0: 'IUTThreeClosures.SquareRootSmoothNeighbourThreshold.smoothLoss_threshold_for_primePowerExponent' depends on axioms: [propext,
 Classical.choice,
 Quot.sound]
info: IUTThreeClosures/SquareRootSmoothNeighbourThreshold.lean:191:0: 'IUTThreeClosures.SquareRootSmoothNeighbourThreshold.square_primePower_center_cannot_be_subcritical' depends on axioms: [propext,
 Classical.choice,
 Quot.sound]
info: IUTThreeClosures/SquareRootSmoothNeighbourThreshold.lean:192:0: 'IUTThreeClosures.SquareRootSmoothNeighbourThreshold.not_abcConjecture_of_squareRoot_nearPrimePower_budget' depends on axioms: [propext,
 Classical.choice,
 Quot.sound]
ℹ [9120/9224] Replayed IUTThreeClosures.ABCMixedFullCampana20260831
info: IUTThreeClosures/ABCMixedFullCampana20260831.lean:247:0: 'IUTThreeClosures.ABCMixedFullCampana20260831.radical_pow_pqr_le_c_pow_pairSum' depends on axioms: [propext,
 Classical.choice,
 Quot.sound]
info: IUTThreeClosures/ABCMixedFullCampana20260831.lean:248:0: 'IUTThreeClosures.ABCMixedFullCampana20260831.mixedFullSlope_eq_pairSum_div_product' depends on axioms: [propext,
 Classical.choice,
 Quot.sound]
info: IUTThreeClosures/ABCMixedFullCampana20260831.lean:249:0: 'IUTThreeClosures.ABCMixedFullCampana20260831.mixedFullSlope_lt_one_iff_pairSum_lt_product' depends on axioms: [propext,
 Classical.choice,
 Quot.sound]
info: IUTThreeClosures/ABCMixedFullCampana20260831.lean:250:0: 'IUTThreeClosures.ABCMixedFullCampana20260831.conductor_le_mixedFullSlope_mul_height' depends on axioms: [propext,
 Classical.choice,
 Quot.sound]
info: IUTThreeClosures/ABCMixedFullCampana20260831.lean:251:0: 'IUTThreeClosures.ABCMixedFullCampana20260831.exists_positive_epsilon_of_mixedFullSlope_lt_one' depends on axioms: [propext,
 Classical.choice,
 Quot.sound]
info: IUTThreeClosures/ABCMixedFullCampana20260831.lean:252:0: 'IUTThreeClosures.ABCMixedFullCampana20260831.abcConjecture_implies_mixedFull_height_bound' depends on axioms: [propext,
 Classical.choice,
 Quot.sound]
info: IUTThreeClosures/ABCMixedFullCampana20260831.lean:253:0: 'IUTThreeClosures.ABCMixedFullCampana20260831.not_abcConjecture_of_unbounded_mixedFull_family' depends on axioms: [propext,
 Classical.choice,
 Quot.sound]
ℹ [9121/9224] Replayed IUTThreeClosures.ABCSubcriticalLocusUniformity20260831
info: IUTThreeClosures/ABCSubcriticalLocusUniformity20260831.lean:299:0: 'IUTThreeClosures.ABCSubcriticalLocusUniformity20260831.subcriticalLociHaveBoundedHeight_of_abcConjecture' depends on axioms: [propext,
 Classical.choice,
 Quot.sound]
info: IUTThreeClosures/ABCSubcriticalLocusUniformity20260831.lean:300:0: 'IUTThreeClosures.ABCSubcriticalLocusUniformity20260831.abcConjecture_of_subcriticalLociHaveBoundedHeight' depends on axioms: [propext,
 Classical.choice,
 Quot.sound]
info: IUTThreeClosures/ABCSubcriticalLocusUniformity20260831.lean:301:0: 'IUTThreeClosures.ABCSubcriticalLocusUniformity20260831.abcConjecture_iff_subcriticalLociHaveBoundedHeight' depends on axioms: [propext,
 Classical.choice,
 Quot.sound]
info: IUTThreeClosures/ABCSubcriticalLocusUniformity20260831.lean:302:0: 'IUTThreeClosures.ABCSubcriticalLocusUniformity20260831.finset_eq_empty_of_card_cast_lt_one' depends on axioms: [propext,
 Classical.choice,
 Quot.sound]
info: IUTThreeClosures/ABCSubcriticalLocusUniformity20260831.lean:303:0: 'IUTThreeClosures.ABCSubcriticalLocusUniformity20260831.sources_eq_empty_of_pointwise_oversized_fiber' depends on axioms: [propext,
 Classical.choice,
 Quot.sound]
info: IUTThreeClosures/ABCSubcriticalLocusUniformity20260831.lean:304:0: 'IUTThreeClosures.ABCSubcriticalLocusUniformity20260831.height_le_of_amplification_log_count' depends on axioms: [propext,
 Classical.choice,
 Quot.sound]
info: IUTThreeClosures/ABCSubcriticalLocusUniformity20260831.lean:305:0: 'IUTThreeClosures.ABCSubcriticalLocusUniformity20260831.superSparseHeight_succ' depends on axioms: [propext]
info: IUTThreeClosures/ABCSubcriticalLocusUniformity20260831.lean:306:0: 'IUTThreeClosures.ABCSubcriticalLocusUniformity20260831.mem_superSparseIndicesUpTo' depends on axioms: [propext,
 Classical.choice,
 Quot.sound]
info: IUTThreeClosures/ABCSubcriticalLocusUniformity20260831.lean:307:0: 'IUTThreeClosures.ABCSubcriticalLocusUniformity20260831.superSparseIndicesUpTo_card_le_log_log' depends on axioms: [propext,
 Classical.choice,
 Quot.sound]
info: IUTThreeClosures/ABCSubcriticalLocusUniformity20260831.lean:308:0: 'IUTThreeClosures.ABCSubcriticalLocusUniformity20260831.superSparseIndicesUpTo_card_sq_le' depends on axioms: [propext,
 Classical.choice,
 Quot.sound]
info: IUTThreeClosures/ABCSubcriticalLocusUniformity20260831.lean:309:0: 'IUTThreeClosures.ABCSubcriticalLocusUniformity20260831.superSparsePrefix_card' depends on axioms: [propext,
 Classical.choice,
 Quot.sound]
info: IUTThreeClosures/ABCSubcriticalLocusUniformity20260831.lean:310:0: 'IUTThreeClosures.ABCSubcriticalLocusUniformity20260831.superSparsePrefix_card_unbounded' depends on axioms: [propext,
 Classical.choice,
 Quot.sound]
ℹ [9122/9224] Replayed IUTThreeClosures.PellCampanaCounterexample20260831
info: IUTThreeClosures/PellCampanaCounterexample20260831.lean:245:0: 'IUTThreeClosures.PellCampanaCounterexample20260831.pellOrbit_norm' depends on axioms: [propext,
 Classical.choice,
 Quot.sound]
info: IUTThreeClosures/PellCampanaCounterexample20260831.lean:246:0: 'IUTThreeClosures.PellCampanaCounterexample20260831.pellOrbit_index_le_snd' depends on axioms: [propext,
 Classical.choice,
 Quot.sound]
info: IUTThreeClosures/PellCampanaCounterexample20260831.lean:247:0: 'IUTThreeClosures.PellCampanaCounterexample20260831.pellOrbit_fst_unbounded' depends on axioms: [propext,
 Classical.choice,
 Quot.sound]
info: IUTThreeClosures/PellCampanaCounterexample20260831.lean:248:0: 'IUTThreeClosures.PellCampanaCounterexample20260831.eight_mul_sq_isTwoFull' depends on axioms: [propext,
 Classical.choice,
 Quot.sound]
info: IUTThreeClosures/PellCampanaCounterexample20260831.lean:249:0: 'IUTThreeClosures.PellCampanaCounterexample20260831.eight_mul_sq_isThreeFull' depends on axioms: [propext,
 Classical.choice,
 Quot.sound]
info: IUTThreeClosures/PellCampanaCounterexample20260831.lean:250:0: 'IUTThreeClosures.PellCampanaCounterexample20260831.Datum.point_mixedFull' depends on axioms: [propext,
 Classical.choice,
 Quot.sound]
info: IUTThreeClosures/PellCampanaCounterexample20260831.lean:251:0: 'IUTThreeClosures.PellCampanaCounterexample20260831.not_abcConjecture_of_unbounded_squarefullPell_family' depends on axioms: [propext,
 Classical.choice,
 Quot.sound]
ℹ [9123/9224] Replayed IUTThreeClosures.PellAdjacentFactorCounterexample20260831
info: IUTThreeClosures/PellAdjacentFactorCounterexample20260831.lean:277:0: 'IUTThreeClosures.PellAdjacentFactorCounterexample20260831.exists_pell_half_factors' depends on axioms: [propext,
 Classical.choice,
 Quot.sound]
info: IUTThreeClosures/PellAdjacentFactorCounterexample20260831.lean:278:0: 'IUTThreeClosures.PellAdjacentFactorCounterexample20260831.exists_datum_of_pellDatum' depends on axioms: [propext,
 Classical.choice,
 Quot.sound]
info: IUTThreeClosures/PellAdjacentFactorCounterexample20260831.lean:279:0: 'IUTThreeClosures.PellAdjacentFactorCounterexample20260831.Datum.point_radical_sq_le_four_mul_c' depends on axioms: [propext,
 Classical.choice,
 Quot.sound]
info: IUTThreeClosures/PellAdjacentFactorCounterexample20260831.lean:280:0: 'IUTThreeClosures.PellAdjacentFactorCounterexample20260831.Datum.point_conductor_le_half_height_add_log_two' depends on axioms: [propext,
 Classical.choice,
 Quot.sound]
info: IUTThreeClosures/PellAdjacentFactorCounterexample20260831.lean:281:0: 'IUTThreeClosures.PellAdjacentFactorCounterexample20260831.left_factor_isFourFull_of_even_twoFull' depends on axioms: [propext,
 Classical.choice,
 Quot.sound]
info: IUTThreeClosures/PellAdjacentFactorCounterexample20260831.lean:282:0: 'IUTThreeClosures.PellAdjacentFactorCounterexample20260831.Datum.r_fourFull_of_even' depends on axioms: [propext,
 Classical.choice,
 Quot.sound]
info: IUTThreeClosures/PellAdjacentFactorCounterexample20260831.lean:283:0: 'IUTThreeClosures.PellAdjacentFactorCounterexample20260831.Datum.s_fourFull_of_even' depends on axioms: [propext,
 Classical.choice,
 Quot.sound]
info: IUTThreeClosures/PellAdjacentFactorCounterexample20260831.lean:284:0: 'IUTThreeClosures.PellAdjacentFactorCounterexample20260831.not_abcConjecture_of_unbounded_adjacentPell_family' depends on axioms: [propext,
 Classical.choice,
 Quot.sound]
ℹ [9124/9224] Replayed IUTThreeClosures.PellSquareRootDescent20260831
info: IUTThreeClosures/PellSquareRootDescent20260831.lean:199:0: 'IUTThreeClosures.PellSquareRootDescent20260831.sqrtTwoOrbit_coprime' depends on axioms: [propext, Quot.sound]
info: IUTThreeClosures/PellSquareRootDescent20260831.lean:200:0: 'IUTThreeClosures.PellSquareRootDescent20260831.sqrtTwoOrbit_norm' depends on axioms: [propext, Quot.sound]
info: IUTThreeClosures/PellSquareRootDescent20260831.lean:201:0: 'IUTThreeClosures.PellSquareRootDescent20260831.pellOrbit_eq_sqrtTwo_square' depends on axioms: [propext]
info: IUTThreeClosures/PellSquareRootDescent20260831.lean:202:0: 'IUTThreeClosures.PellSquareRootDescent20260831.even_adjacent_square_shapes' depends on axioms: [propext,
 Classical.choice,
 Quot.sound]
info: IUTThreeClosures/PellSquareRootDescent20260831.lean:203:0: 'IUTThreeClosures.PellSquareRootDescent20260831.odd_adjacent_square_shapes' depends on axioms: [propext,
 Classical.choice,
 Quot.sound]
info: IUTThreeClosures/PellSquareRootDescent20260831.lean:204:0: 'IUTThreeClosures.PellSquareRootDescent20260831.isKFull_mul' depends on axioms: [propext, Classical.choice, Quot.sound]
info: IUTThreeClosures/PellSquareRootDescent20260831.lean:205:0: 'IUTThreeClosures.PellSquareRootDescent20260831.isKFull_factors_of_coprime_product' depends on axioms: [propext,
 Classical.choice,
 Quot.sound]
info: IUTThreeClosures/PellSquareRootDescent20260831.lean:206:0: 'IUTThreeClosures.PellSquareRootDescent20260831.pellOrbit_snd_twoFull_iff' depends on axioms: [propext,
 Classical.choice,
 Quot.sound]
ℹ [9125/9224] Replayed IUTThreeClosures.PellPrimeIndexDichotomy20260831
info: IUTThreeClosures/PellPrimeIndexDichotomy20260831.lean:89:0: 'IUTThreeClosures.PellPrimeIndexDichotomy20260831.odd_exponent_ge_three' depends on axioms: [propext, Quot.sound]
info: IUTThreeClosures/PellPrimeIndexDichotomy20260831.lean:90:0: 'IUTThreeClosures.PellPrimeIndexDichotomy20260831.squarefull_nonsquare_depth_three' depends on axioms: [propext,
 Quot.sound]
info: IUTThreeClosures/PellPrimeIndexDichotomy20260831.lean:91:0: 'IUTThreeClosures.PellPrimeIndexDichotomy20260831.sqrtTwoOrbit_seven' depends on axioms: [propext]
info: IUTThreeClosures/PellPrimeIndexDichotomy20260831.lean:92:0: 'IUTThreeClosures.PellPrimeIndexDichotomy20260831.pellOrbit_seven_snd_not_twoFull' depends on axioms: [propext,
 Classical.choice,
 Quot.sound]
info: IUTThreeClosures/PellPrimeIndexDichotomy20260831.lean:93:0: 'IUTThreeClosures.PellPrimeIndexDichotomy20260831.squarefull_prime_index_ne_seven' depends on axioms: [propext,
 Classical.choice,
 Quot.sound]
info: IUTThreeClosures/PellPrimeIndexDichotomy20260831.lean:94:0: 'IUTThreeClosures.PellPrimeIndexDichotomy20260831.channel_lower_bound_product' depends on axioms: [propext,
 Classical.choice,
 Quot.sound]
ℹ [9126/9224] Replayed IUTThreeClosures.PellPrimeRankCounterexamples20260901
info: IUTThreeClosures/PellPrimeRankCounterexamples20260901.lean:162:0: IUTThreeClosures.PellPrimeRankCounterexamples20260901.sqrtTwoOrbit_seven_B_eq_thirteen_sq : (sqrtTwoOrbit 7).2 = 13 ^ 2
info: IUTThreeClosures/PellPrimeRankCounterexamples20260901.lean:163:0: IUTThreeClosures.PellPrimeRankCounterexamples20260901.thirteen_sq_dvd_pellOrbit_seven : 13 ^ 2 ∣ (pellOrbit 7).2
info: IUTThreeClosures/PellPrimeRankCounterexamples20260901.lean:164:0: IUTThreeClosures.PellPrimeRankCounterexamples20260901.thirteen_cube_not_dvd_pellOrbit_seven : ¬13 ^ 3 ∣ (pellOrbit 7).2
info: IUTThreeClosures/PellPrimeRankCounterexamples20260901.lean:165:0: IUTThreeClosures.PellPrimeRankCounterexamples20260901.seven_prime : Nat.Prime 7
info: IUTThreeClosures/PellPrimeRankCounterexamples20260901.lean:166:0: IUTThreeClosures.PellPrimeRankCounterexamples20260901.thirteen_prime : Nat.Prime 13
info: IUTThreeClosures/PellPrimeRankCounterexamples20260901.lean:167:0: IUTThreeClosures.PellPrimeRankCounterexamples20260901.thirteen_eq_two_mul_seven_sub_one : 13 = 2 * 7 - 1
info: IUTThreeClosures/PellPrimeRankCounterexamples20260901.lean:168:0: IUTThreeClosures.PellPrimeRankCounterexamples20260901.primeRankSevenPolynomial_eval_six :
  eval 6 primeRankSevenPolynomial = 40391
info: IUTThreeClosures/PellPrimeRankCounterexamples20260901.lean:169:0: IUTThreeClosures.PellPrimeRankCounterexamples20260901.primeRankSevenPolynomial_derivative_eval_six :
  eval 6 (derivative primeRankSevenPolynomial) = 42408
info: IUTThreeClosures/PellPrimeRankCounterexamples20260901.lean:170:0: IUTThreeClosures.PellPrimeRankCounterexamples20260901.primeRankSevenPolynomial_derivative_eval_six_mod_thirteen :
  eval 6 (derivative primeRankSevenPolynomial) % 13 = 2
info: IUTThreeClosures/PellPrimeRankCounterexamples20260901.lean:171:0: IUTThreeClosures.PellPrimeRankCounterexamples20260901.exists_prime_repeated_value_with_nonsingular_derivative :
  ∃ F q x, Nat.Prime q ∧ ↑q ∣ eval x F ∧ ¬↑q ∣ eval x (derivative F) ∧ ↑q ^ 2 ∣ eval x F
info: IUTThreeClosures/PellPrimeRankCounterexamples20260901.lean:172:0: IUTThreeClosures.PellPrimeRankCounterexamples20260901.not_derivative_nonzero_forces_prime_square_not_dvd :
  ¬∀ (F : ℤ[X]) (q : ℕ) (x : ℤ), Nat.Prime q → ↑q ∣ eval x F → ¬↑q ∣ eval x (derivative F) → ¬↑q ^ 2 ∣ eval x F
info: IUTThreeClosures/PellPrimeRankCounterexamples20260901.lean:173:0: IUTThreeClosures.PellPrimeRankCounterexamples20260901.printed_cyclotomic_quotient_counterexample_values :
  2 ^ 2 - 2 + 1 = 3 ∧ (2 ^ 6 - 1) / (2 ^ 2 - 1) = 21
info: IUTThreeClosures/PellPrimeRankCounterexamples20260901.lean:174:0: IUTThreeClosures.PellPrimeRankCounterexamples20260901.not_printed_cyclotomic_quotient_identity :
  ¬2 ^ 2 - 2 + 1 = (2 ^ 6 - 1) / (2 ^ 2 - 1)
info: IUTThreeClosures/PellPrimeRankCounterexamples20260901.lean:175:0: IUTThreeClosures.PellPrimeRankCounterexamples20260901.prime_index_order_one_exception_values :
  4 ^ 2 + 4 + 1 = 21 ∧ 3 ∣ 21 ∧ 4 % 3 = 1
info: IUTThreeClosures/PellPrimeRankCounterexamples20260901.lean:177:0: 'IUTThreeClosures.PellPrimeRankCounterexamples20260901.sqrtTwoOrbit_seven_B_eq_thirteen_sq' depends on axioms: [propext]
info: IUTThreeClosures/PellPrimeRankCounterexamples20260901.lean:178:0: 'IUTThreeClosures.PellPrimeRankCounterexamples20260901.thirteen_sq_dvd_pellOrbit_seven' depends on axioms: [propext]
info: IUTThreeClosures/PellPrimeRankCounterexamples20260901.lean:179:0: 'IUTThreeClosures.PellPrimeRankCounterexamples20260901.thirteen_cube_not_dvd_pellOrbit_seven' depends on axioms: [propext]
info: IUTThreeClosures/PellPrimeRankCounterexamples20260901.lean:180:0: 'IUTThreeClosures.PellPrimeRankCounterexamples20260901.seven_prime' depends on axioms: [propext,
 Classical.choice,
 Quot.sound]
info: IUTThreeClosures/PellPrimeRankCounterexamples20260901.lean:181:0: 'IUTThreeClosures.PellPrimeRankCounterexamples20260901.thirteen_prime' depends on axioms: [propext,
 Classical.choice,
 Quot.sound]
info: IUTThreeClosures/PellPrimeRankCounterexamples20260901.lean:182:0: 'IUTThreeClosures.PellPrimeRankCounterexamples20260901.thirteen_eq_two_mul_seven_sub_one' depends on axioms: [propext]
info: IUTThreeClosures/PellPrimeRankCounterexamples20260901.lean:183:0: 'IUTThreeClosures.PellPrimeRankCounterexamples20260901.primeRankSevenPolynomial_eval_six' depends on axioms: [propext,
 Classical.choice,
 Quot.sound]
info: IUTThreeClosures/PellPrimeRankCounterexamples20260901.lean:184:0: 'IUTThreeClosures.PellPrimeRankCounterexamples20260901.primeRankSevenPolynomial_derivative_eval_six' depends on axioms: [propext,
 Classical.choice,
 Quot.sound]
info: IUTThreeClosures/PellPrimeRankCounterexamples20260901.lean:185:0: 'IUTThreeClosures.PellPrimeRankCounterexamples20260901.primeRankSevenPolynomial_derivative_eval_six_mod_thirteen' depends on axioms: [propext,
 Classical.choice,
 Quot.sound]
info: IUTThreeClosures/PellPrimeRankCounterexamples20260901.lean:186:0: 'IUTThreeClosures.PellPrimeRankCounterexamples20260901.exists_prime_repeated_value_with_nonsingular_derivative' depends on axioms: [propext,
 Classical.choice,
 Quot.sound]
info: IUTThreeClosures/PellPrimeRankCounterexamples20260901.lean:187:0: 'IUTThreeClosures.PellPrimeRankCounterexamples20260901.not_derivative_nonzero_forces_prime_square_not_dvd' depends on axioms: [propext,
 Classical.choice,
 Quot.sound]
info: IUTThreeClosures/PellPrimeRankCounterexamples20260901.lean:188:0: 'IUTThreeClosures.PellPrimeRankCounterexamples20260901.printed_cyclotomic_quotient_counterexample_values' depends on axioms: [propext]
info: IUTThreeClosures/PellPrimeRankCounterexamples20260901.lean:189:0: 'IUTThreeClosures.PellPrimeRankCounterexamples20260901.not_printed_cyclotomic_quotient_identity' depends on axioms: [propext]
info: IUTThreeClosures/PellPrimeRankCounterexamples20260901.lean:190:0: 'IUTThreeClosures.PellPrimeRankCounterexamples20260901.prime_index_order_one_exception_values' depends on axioms: [propext]
ℹ [9127/9224] Replayed IUTThreeClosures.PellFourPrimeCoupling20260901
info: IUTThreeClosures/PellFourPrimeCoupling20260901.lean:162:0: IUTThreeClosures.PellFourPrimeCoupling20260901.pellChannelQuotient_exact (ell A B s a b : ℤ) (hell : ell ≠ 0)
  (hA : A = 1 + 2 * ell * a) (hB : s * B = 1 + 2 * ell * b) (hs : s ^ 2 = 1) (hPell : A ^ 2 - 2 * B ^ 2 = -1) :
  a - 2 * b + ell * (a ^ 2 - 2 * b ^ 2) = 0
info: IUTThreeClosures/PellFourPrimeCoupling20260901.lean:163:0: IUTThreeClosures.PellFourPrimeCoupling20260901.pairCoefficient : List ℤ → ℤ
info: IUTThreeClosures/PellFourPrimeCoupling20260901.lean:164:0: IUTThreeClosures.PellFourPrimeCoupling20260901.product_one_add_secondOrder (x : ℤ) (ts : List ℤ) :
  (List.map (fun t ↦ 1 + x * t) ts).prod ≡ 1 + x * ts.sum + x ^ 2 * pairCoefficient ts [ZMOD x ^ 3]
info: IUTThreeClosures/PellFourPrimeCoupling20260901.lean:165:0: IUTThreeClosures.PellFourPrimeCoupling20260901.quotient_secondOrder_of_product (x a : ℤ) (ts : List ℤ) (hx : x ≠ 0)
  (hprod : 1 + x * a = (List.map (fun t ↦ 1 + x * t) ts).prod) : a ≡ ts.sum + x * pairCoefficient ts [ZMOD x ^ 2]
info: IUTThreeClosures/PellFourPrimeCoupling20260901.lean:166:0: IUTThreeClosures.PellFourPrimeCoupling20260901.secondOrderCoupling_of_channelCongruences (ell a b KA KB CA CB : ℤ)
  (ha : a ≡ KA + 2 * ell * CA [ZMOD 4 * ell ^ 2]) (hb : b ≡ KB + 2 * ell * CB [ZMOD 4 * ell ^ 2])
  (hExact : a - 2 * b + ell * (a ^ 2 - 2 * b ^ 2) = 0) :
  KA - 2 * KB + ell * (KA ^ 2 - 2 * KB ^ 2) + 2 * ell * (CA - 2 * CB) ≡ 0 [ZMOD 4 * ell ^ 2]
info: IUTThreeClosures/PellFourPrimeCoupling20260901.lean:167:0: IUTThreeClosures.PellFourPrimeCoupling20260901.indexSeven_exactQuotientCertificate :
  17 - 2 * 12 + 7 * (17 ^ 2 - 2 * 12 ^ 2) = 0
info: IUTThreeClosures/PellFourPrimeCoupling20260901.lean:168:0: IUTThreeClosures.PellFourPrimeCoupling20260901.indexSeven_secondOrderCertificate :
  17 - 2 * -2 + 7 * (17 ^ 2 - 2 * (-2) ^ 2) + 2 * 7 * (0 - 2 * 1) ≡ 0 [ZMOD 4 * 7 ^ 2]
info: IUTThreeClosures/PellFourPrimeCoupling20260901.lean:170:0: 'IUTThreeClosures.PellFourPrimeCoupling20260901.pellChannelQuotient_exact' depends on axioms: [propext,
 Classical.choice,
 Quot.sound]
info: IUTThreeClosures/PellFourPrimeCoupling20260901.lean:171:0: 'IUTThreeClosures.PellFourPrimeCoupling20260901.product_one_add_secondOrder' depends on axioms: [propext,
 Classical.choice,
 Quot.sound]
info: IUTThreeClosures/PellFourPrimeCoupling20260901.lean:172:0: 'IUTThreeClosures.PellFourPrimeCoupling20260901.quotient_secondOrder_of_product' depends on axioms: [propext,
 Classical.choice,
 Quot.sound]
info: IUTThreeClosures/PellFourPrimeCoupling20260901.lean:173:0: 'IUTThreeClosures.PellFourPrimeCoupling20260901.secondOrderCoupling_of_channelCongruences' depends on axioms: [propext,
 Classical.choice,
 Quot.sound]
info: IUTThreeClosures/PellFourPrimeCoupling20260901.lean:174:0: 'IUTThreeClosures.PellFourPrimeCoupling20260901.indexSeven_exactQuotientCertificate' depends on axioms: [propext]
info: IUTThreeClosures/PellFourPrimeCoupling20260901.lean:175:0: 'IUTThreeClosures.PellFourPrimeCoupling20260901.indexSeven_secondOrderCertificate' depends on axioms: [propext,
 Quot.sound]
ℹ [9128/9224] Replayed IUTThreeClosures.PellResidueParityLocalization20260901
info: IUTThreeClosures/PellResidueParityLocalization20260901.lean:478:0: IUTThreeClosures.PellResidueParityLocalization20260901.pellUnitPair_norm (n : ℕ) :
  (pellUnitPair n).1 ^ 2 - 2 * (pellUnitPair n).2 ^ 2 = (-1) ^ n
info: IUTThreeClosures/PellResidueParityLocalization20260901.lean:479:0: IUTThreeClosures.PellResidueParityLocalization20260901.pellUnitPair_add_eight (n : ℕ) :
  pellUnitPair (n + 8) =
    (577 * (pellUnitPair n).1 + 816 * (pellUnitPair n).2, 408 * (pellUnitPair n).1 + 577 * (pellUnitPair n).2)
info: IUTThreeClosures/PellResidueParityLocalization20260901.lean:480:0: IUTThreeClosures.PellResidueParityLocalization20260901.pellUnitPair_fst_odd_residues (k : ℕ) :
  (pellUnitPair (8 * k + 1)).1 ≡ 1 [ZMOD 8] ∧
    (pellUnitPair (8 * k + 3)).1 ≡ 7 [ZMOD 8] ∧
      (pellUnitPair (8 * k + 5)).1 ≡ 1 [ZMOD 8] ∧ (pellUnitPair (8 * k + 7)).1 ≡ 7 [ZMOD 8]
info: IUTThreeClosures/PellResidueParityLocalization20260901.lean:481:0: IUTThreeClosures.PellResidueParityLocalization20260901.pellUnitPair_snd_odd_residues (k : ℕ) :
  (pellUnitPair (8 * k + 1)).2 ≡ 1 [ZMOD 8] ∧
    (pellUnitPair (8 * k + 3)).2 ≡ 5 [ZMOD 8] ∧
      (pellUnitPair (8 * k + 5)).2 ≡ 5 [ZMOD 8] ∧ (pellUnitPair (8 * k + 7)).2 ≡ 1 [ZMOD 8]
info: IUTThreeClosures/PellResidueParityLocalization20260901.lean:482:0: IUTThreeClosures.PellResidueParityLocalization20260901.exists_odd_rho_of_product.{u_1} {G : Type u_1} [CommMonoid G]
  (rho : G) (hrho : rho ^ 2 = 1) (hrho_ne : rho ≠ 1) (xs : List (G × ℕ)) (hclass : ∀ z ∈ xs, z.1 = 1 ∨ z.1 = rho)
  (hprod : (List.map (fun z ↦ z.1 ^ z.2) xs).prod = rho) : ∃ z ∈ xs, z.1 = rho ∧ Odd z.2
info: IUTThreeClosures/PellResidueParityLocalization20260901.lean:483:0: IUTThreeClosures.PellResidueParityLocalization20260901.exists_depth_three_rho_of_product.{u_1} {G : Type u_1}
  [CommMonoid G] (rho : G) (hrho : rho ^ 2 = 1) (hrho_ne : rho ≠ 1) (xs : List (G × ℕ))
  (hclass : ∀ z ∈ xs, z.1 = 1 ∨ z.1 = rho) (hfull : ∀ z ∈ xs, 2 ≤ z.2)
  (hprod : (List.map (fun z ↦ z.1 ^ z.2) xs).prod = rho) : ∃ z ∈ xs, z.1 = rho ∧ Odd z.2 ∧ 3 ≤ z.2
info: IUTThreeClosures/PellResidueParityLocalization20260901.lean:484:0: IUTThreeClosures.PellResidueParityLocalization20260901.zmodEight_exists_depth_three_seven (xs : List (ZMod 8 × ℕ))
  (hclass : ∀ z ∈ xs, z.1 = 1 ∨ z.1 = 7) (hfull : ∀ z ∈ xs, 2 ≤ z.2)
  (hprod : (List.map (fun z ↦ z.1 ^ z.2) xs).prod = 7) : ∃ z ∈ xs, z.1 = 7 ∧ Odd z.2 ∧ 3 ≤ z.2
info: IUTThreeClosures/PellResidueParityLocalization20260901.lean:485:0: IUTThreeClosures.PellResidueParityLocalization20260901.zmodEight_exists_depth_three_five (xs : List (ZMod 8 × ℕ))
  (hclass : ∀ z ∈ xs, z.1 = 1 ∨ z.1 = 5) (hfull : ∀ z ∈ xs, 2 ≤ z.2)
  (hprod : (List.map (fun z ↦ z.1 ^ z.2) xs).prod = 5) : ∃ z ∈ xs, z.1 = 5 ∧ Odd z.2 ∧ 3 ≤ z.2
info: IUTThreeClosures/PellResidueParityLocalization20260901.lean:486:0: IUTThreeClosures.PellResidueParityLocalization20260901.factorListPacket_forcedResidueDepthThree
  (P : ResidueFactorListPacket) :
  ((List.map (fun z ↦ z.1 ^ z.2) (residueExponentList P.aFactors)).prod = 7 →
      ∃ z ∈ P.aFactors, ↑z.p = 7 ∧ Odd z.exponent ∧ 3 ≤ z.exponent) ∧
    ((List.map (fun z ↦ z.1 ^ z.2) (residueExponentList P.bFactors)).prod = 5 →
      ∃ z ∈ P.bFactors, ↑z.p = 5 ∧ Odd z.exponent ∧ 3 ≤ z.exponent)
info: IUTThreeClosures/PellResidueParityLocalization20260901.lean:487:0: IUTThreeClosures.PellResidueParityLocalization20260901.exists_neg_one_of_sign_product (xs : List ℤ)
  (hsign : ∀ x ∈ xs, x = 1 ∨ x = -1) (hprod : xs.prod = -1) : ∃ x ∈ xs, x = -1
info: IUTThreeClosures/PellResidueParityLocalization20260901.lean:488:0: IUTThreeClosures.PellResidueParityLocalization20260901.factorListPacket_crossChannelNonresidue
  (P : CrossFactorListPacket) :
  ∃ z ∈ P.records, z.character = -1 ∧ Odd z.qExponent ∧ 3 ≤ z.qExponent ∧ Odd z.rExponent ∧ 3 ≤ z.rExponent
info: IUTThreeClosures/PellResidueParityLocalization20260901.lean:489:0: IUTThreeClosures.PellResidueParityLocalization20260901.pellUnitPair_eleven : pellUnitPair 11 = (8119, 5741)
info: IUTThreeClosures/PellResidueParityLocalization20260901.lean:490:0: IUTThreeClosures.PellResidueParityLocalization20260901.indexEleven_global_character : legendreSym 11 2 = -1
info: IUTThreeClosures/PellResidueParityLocalization20260901.lean:491:0: IUTThreeClosures.PellResidueParityLocalization20260901.indexEleven_residue_witness : 252 ^ 2 = 353
info: IUTThreeClosures/PellResidueParityLocalization20260901.lean:492:0: IUTThreeClosures.PellResidueParityLocalization20260901.indexEleven_nonresidue_euler_certificate : 14 ^ 11 = -1
info: IUTThreeClosures/PellResidueParityLocalization20260901.lean:493:0: IUTThreeClosures.PellResidueParityLocalization20260901.indexEleven_legendre_twentyThree : legendreSym 5741 23 = -1
info: IUTThreeClosures/PellResidueParityLocalization20260901.lean:494:0: IUTThreeClosures.PellResidueParityLocalization20260901.indexEleven_legendre_threeHundredFiftyThree :
  legendreSym 5741 353 = 1
info: IUTThreeClosures/PellResidueParityLocalization20260901.lean:495:0: IUTThreeClosures.PellResidueParityLocalization20260901.indexEleven_legendre_product :
  legendreSym 5741 23 * legendreSym 5741 353 = -1
info: IUTThreeClosures/PellResidueParityLocalization20260901.lean:496:0: IUTThreeClosures.PellResidueParityLocalization20260901.indexEleven_allPairsNonresidue_counterexample :
  legendreSym 5741 23 * legendreSym 5741 353 = -1 ∧ ¬(legendreSym 5741 23 = -1 ∧ legendreSym 5741 353 = -1)
info: IUTThreeClosures/PellResidueParityLocalization20260901.lean:497:0: IUTThreeClosures.PellResidueParityLocalization20260901.indexEleven_fullPremise_allPairsNonresidue_counterexample :
  Nat.Prime 11 ∧
    Odd 11 ∧
      legendreSym 11 2 = -1 ∧
        pellUnitPair 11 = (8119, 5741) ∧
          8119 = 23 * 353 ∧
            HasExponentOne 23 8119 ∧
              HasExponentOne 353 8119 ∧
                HasExponentOne 5741 5741 ∧
                  legendreSym 5741 23 = -1 ∧
                    legendreSym 5741 353 = 1 ∧
                      legendreSym 5741 23 * legendreSym 5741 353 = -1 ∧
                        ¬(legendreSym 5741 23 = -1 ∧ legendreSym 5741 353 = -1)
info: IUTThreeClosures/PellResidueParityLocalization20260901.lean:499:0: 'IUTThreeClosures.PellResidueParityLocalization20260901.pellUnitPair_norm' depends on axioms: [propext, Quot.sound]
info: IUTThreeClosures/PellResidueParityLocalization20260901.lean:500:0: 'IUTThreeClosures.PellResidueParityLocalization20260901.pellUnitPair_add_eight' depends on axioms: [propext]
info: IUTThreeClosures/PellResidueParityLocalization20260901.lean:501:0: 'IUTThreeClosures.PellResidueParityLocalization20260901.pellUnitPair_fst_odd_residues' depends on axioms: [propext,
 Quot.sound]
info: IUTThreeClosures/PellResidueParityLocalization20260901.lean:502:0: 'IUTThreeClosures.PellResidueParityLocalization20260901.pellUnitPair_snd_odd_residues' depends on axioms: [propext,
 Quot.sound]
info: IUTThreeClosures/PellResidueParityLocalization20260901.lean:503:0: 'IUTThreeClosures.PellResidueParityLocalization20260901.exists_odd_rho_of_product' depends on axioms: [propext,
 Classical.choice,
 Quot.sound]
info: IUTThreeClosures/PellResidueParityLocalization20260901.lean:504:0: 'IUTThreeClosures.PellResidueParityLocalization20260901.exists_depth_three_rho_of_product' depends on axioms: [propext,
 Classical.choice,
 Quot.sound]
info: IUTThreeClosures/PellResidueParityLocalization20260901.lean:505:0: 'IUTThreeClosures.PellResidueParityLocalization20260901.zmodEight_exists_depth_three_seven' depends on axioms: [propext,
 Classical.choice,
 Quot.sound]
info: IUTThreeClosures/PellResidueParityLocalization20260901.lean:506:0: 'IUTThreeClosures.PellResidueParityLocalization20260901.zmodEight_exists_depth_three_five' depends on axioms: [propext,
 Classical.choice,
 Quot.sound]
info: IUTThreeClosures/PellResidueParityLocalization20260901.lean:507:0: 'IUTThreeClosures.PellResidueParityLocalization20260901.factorListPacket_forcedResidueDepthThree' depends on axioms: [propext,
 Classical.choice,
 Quot.sound]
info: IUTThreeClosures/PellResidueParityLocalization20260901.lean:508:0: 'IUTThreeClosures.PellResidueParityLocalization20260901.exists_neg_one_of_sign_product' depends on axioms: [propext,
 Quot.sound]
info: IUTThreeClosures/PellResidueParityLocalization20260901.lean:509:0: 'IUTThreeClosures.PellResidueParityLocalization20260901.factorListPacket_crossChannelNonresidue' depends on axioms: [propext,
 Classical.choice,
 Quot.sound]
info: IUTThreeClosures/PellResidueParityLocalization20260901.lean:510:0: 'IUTThreeClosures.PellResidueParityLocalization20260901.pellUnitPair_eleven' depends on axioms: [propext]
info: IUTThreeClosures/PellResidueParityLocalization20260901.lean:511:0: 'IUTThreeClosures.PellResidueParityLocalization20260901.indexEleven_global_character' depends on axioms: [propext,
 Classical.choice,
 Quot.sound]
info: IUTThreeClosures/PellResidueParityLocalization20260901.lean:512:0: 'IUTThreeClosures.PellResidueParityLocalization20260901.indexEleven_residue_witness' depends on axioms: [propext,
 Classical.choice,
 Quot.sound]
info: IUTThreeClosures/PellResidueParityLocalization20260901.lean:513:0: 'IUTThreeClosures.PellResidueParityLocalization20260901.indexEleven_nonresidue_euler_certificate' depends on axioms: [propext,
 Quot.sound]
info: IUTThreeClosures/PellResidueParityLocalization20260901.lean:514:0: 'IUTThreeClosures.PellResidueParityLocalization20260901.indexEleven_legendre_twentyThree' depends on axioms: [propext,
 Classical.choice,
 Quot.sound]
info: IUTThreeClosures/PellResidueParityLocalization20260901.lean:515:0: 'IUTThreeClosures.PellResidueParityLocalization20260901.indexEleven_legendre_threeHundredFiftyThree' depends on axioms: [propext,
 Classical.choice,
 Quot.sound]
info: IUTThreeClosures/PellResidueParityLocalization20260901.lean:516:0: 'IUTThreeClosures.PellResidueParityLocalization20260901.indexEleven_legendre_product' depends on axioms: [propext,
 Classical.choice,
 Quot.sound]
info: IUTThreeClosures/PellResidueParityLocalization20260901.lean:517:0: 'IUTThreeClosures.PellResidueParityLocalization20260901.indexEleven_allPairsNonresidue_counterexample' depends on axioms: [propext,
 Classical.choice,
 Quot.sound]
info: IUTThreeClosures/PellResidueParityLocalization20260901.lean:518:0: 'IUTThreeClosures.PellResidueParityLocalization20260901.indexEleven_fullPremise_allPairsNonresidue_counterexample' depends on axioms: [propext,
 Classical.choice,
 Quot.sound]
ℹ [9129/9224] Replayed IUTThreeClosures.HallSquarefullCounterexample20260831
info: IUTThreeClosures/HallSquarefullCounterexample20260831.lean:177:0: 'IUTThreeClosures.HallSquarefullCounterexample20260831.Datum.point' depends on axioms: [propext,
 Classical.choice,
 Quot.sound]
info: IUTThreeClosures/HallSquarefullCounterexample20260831.lean:178:0: 'IUTThreeClosures.HallSquarefullCounterexample20260831.Datum.point_radical_le' depends on axioms: [propext,
 Classical.choice,
 Quot.sound]
info: IUTThreeClosures/HallSquarefullCounterexample20260831.lean:179:0: 'IUTThreeClosures.HallSquarefullCounterexample20260831.Datum.point_radical_pow_twelve_lt_height_pow_eleven' depends on axioms: [propext,
 Classical.choice,
 Quot.sound]
info: IUTThreeClosures/HallSquarefullCounterexample20260831.lean:180:0: 'IUTThreeClosures.HallSquarefullCounterexample20260831.Datum.point_conductor_lt_eleven_twelfths_height' depends on axioms: [propext,
 Classical.choice,
 Quot.sound]
info: IUTThreeClosures/HallSquarefullCounterexample20260831.lean:181:0: 'IUTThreeClosures.HallSquarefullCounterexample20260831.not_abcConjecture_of_unbounded_Hall_squarefull_family' depends on axioms: [propext,
 Classical.choice,
 Quot.sound]
ℹ [9130/9224] Replayed IUTThreeClosures.DanilovGlobalIndexSieve20260831
info: IUTThreeClosures/DanilovGlobalIndexSieve20260831.lean:837:0: 'IUTThreeClosures.DanilovGlobalIndexSieve20260831.global_index_shape_of_K_twoFull' depends on axioms: [propext,
 Classical.choice,
 Quot.sound]
info: IUTThreeClosures/DanilovGlobalIndexSieve20260831.lean:838:0: 'IUTThreeClosures.DanilovGlobalIndexSieve20260831.not_K_twoFull_below_forcedT' depends on axioms: [propext,
 Classical.choice,
 Quot.sound]
ℹ [9131/9224] Replayed IUTThreeClosures.DanilovRecursiveLift20260901
info: IUTThreeClosures/DanilovRecursiveLift20260901.lean:247:0: 'IUTThreeClosures.DanilovRecursiveLift20260901.existsUnique_nextMultiplier' depends on axioms: [propext,
 Classical.choice,
 Quot.sound]
info: IUTThreeClosures/DanilovRecursiveLift20260901.lean:248:0: 'IUTThreeClosures.DanilovRecursiveLift20260901.stateInvariant_update' depends on axioms: [propext]
info: IUTThreeClosures/DanilovRecursiveLift20260901.lean:249:0: 'IUTThreeClosures.DanilovRecursiveLift20260901.existsUnique_nextStateMultiplier' depends on axioms: [propext,
 Classical.choice,
 Quot.sound]
info: IUTThreeClosures/DanilovRecursiveLift20260901.lean:250:0: 'IUTThreeClosures.DanilovRecursiveLift20260901.primeFinset_product_dvd' depends on axioms: [propext,
 Classical.choice,
 Quot.sound]
info: IUTThreeClosures/DanilovRecursiveLift20260901.lean:251:0: 'IUTThreeClosures.DanilovRecursiveLift20260901.fixedIndex_freshPrime_card_bound' depends on axioms: [propext,
 Classical.choice,
 Quot.sound]
info: IUTThreeClosures/DanilovRecursiveLift20260901.lean:252:0: 'IUTThreeClosures.DanilovRecursiveLift20260901.not_fixedIndex_more_freshPrimes_than_support' depends on axioms: [propext,
 Classical.choice,
 Quot.sound]
info: IUTThreeClosures/DanilovRecursiveLift20260901.lean:253:0: 'IUTThreeClosures.DanilovRecursiveLift20260901.counterEta_eq_unit_pow' depends on axioms: [propext]
info: IUTThreeClosures/DanilovRecursiveLift20260901.lean:254:0: 'IUTThreeClosures.DanilovRecursiveLift20260901.counterEta_norm_one' depends on axioms: [propext]
info: IUTThreeClosures/DanilovRecursiveLift20260901.lean:255:0: 'IUTThreeClosures.DanilovRecursiveLift20260901.counterEta_mod49' depends on axioms: [propext, Quot.sound]
info: IUTThreeClosures/DanilovRecursiveLift20260901.lean:256:0: 'IUTThreeClosures.DanilovRecursiveLift20260901.counterL_cast49' depends on axioms: [propext, Quot.sound]
info: IUTThreeClosures/DanilovRecursiveLift20260901.lean:257:0: 'IUTThreeClosures.DanilovRecursiveLift20260901.counterL_zero' depends on axioms: [propext]
info: IUTThreeClosures/DanilovRecursiveLift20260901.lean:258:0: 'IUTThreeClosures.DanilovRecursiveLift20260901.counterSlope_mod7_ne_zero' depends on axioms: [propext, Quot.sound]
info: IUTThreeClosures/DanilovRecursiveLift20260901.lean:259:0: 'IUTThreeClosures.DanilovRecursiveLift20260901.counterParameter_mod7_of_twoFull' depends on axioms: [propext,
 Classical.choice,
 Quot.sound]
info: IUTThreeClosures/DanilovRecursiveLift20260901.lean:260:0: 'IUTThreeClosures.DanilovRecursiveLift20260901.counterK_zero_twoFull' depends on axioms: [propext,
 Classical.choice,
 Quot.sound]
info: IUTThreeClosures/DanilovRecursiveLift20260901.lean:261:0: 'IUTThreeClosures.DanilovRecursiveLift20260901.not_exists_fresh_prime_divisor_counterUpdated' depends on axioms: [propext,
 Classical.choice,
 Quot.sound]
ℹ [9132/9224] Replayed IUTThreeClosures.DanilovSimplePrimitiveNoGo20260901
info: IUTThreeClosures/DanilovSimplePrimitiveNoGo20260901.lean:441:0: 'IUTThreeClosures.DanilovSimplePrimitiveNoGo20260901.counterLucas_values_through_ten' depends on axioms: [propext]
info: IUTThreeClosures/DanilovSimplePrimitiveNoGo20260901.lean:442:0: 'IUTThreeClosures.DanilovSimplePrimitiveNoGo20260901.counterLucas_ten_factorization' depends on axioms: [propext]
info: IUTThreeClosures/DanilovSimplePrimitiveNoGo20260901.lean:443:0: 'IUTThreeClosures.DanilovSimplePrimitiveNoGo20260901.counter_homogeneousCyclotomic_ten' depends on axioms: [propext,
 Quot.sound]
info: IUTThreeClosures/DanilovSimplePrimitiveNoGo20260901.lean:444:0: 'IUTThreeClosures.DanilovSimplePrimitiveNoGo20260901.eleven_exact_square_at_ten' depends on axioms: [propext]
info: IUTThreeClosures/DanilovSimplePrimitiveNoGo20260901.lean:445:0: 'IUTThreeClosures.DanilovSimplePrimitiveNoGo20260901.eleven_isPrimitive_at_ten' depends on axioms: [propext,
 Classical.choice,
 Quot.sound]
info: IUTThreeClosures/DanilovSimplePrimitiveNoGo20260901.lean:446:0: 'IUTThreeClosures.DanilovSimplePrimitiveNoGo20260901.primitivePrimeDivisor_at_ten_iff' depends on axioms: [propext,
 Classical.choice,
 Quot.sound]
info: IUTThreeClosures/DanilovSimplePrimitiveNoGo20260901.lean:447:0: 'IUTThreeClosures.DanilovSimplePrimitiveNoGo20260901.not_sequenceUniformSimplePrimitiveAtTenMultiples' depends on axioms: [propext,
 Classical.choice,
 Quot.sound]
info: IUTThreeClosures/DanilovSimplePrimitiveNoGo20260901.lean:448:0: 'IUTThreeClosures.DanilovSimplePrimitiveNoGo20260901.fibonacciU_fifteen' depends on axioms: [propext]
info: IUTThreeClosures/DanilovSimplePrimitiveNoGo20260901.lean:449:0: 'IUTThreeClosures.DanilovSimplePrimitiveNoGo20260901.fibonacciU_fifteen_factorization' depends on axioms: [propext]
info: IUTThreeClosures/DanilovSimplePrimitiveNoGo20260901.lean:450:0: 'IUTThreeClosures.DanilovSimplePrimitiveNoGo20260901.fibonacciL_fifteen' depends on axioms: [propext]
info: IUTThreeClosures/DanilovSimplePrimitiveNoGo20260901.lean:451:0: 'IUTThreeClosures.DanilovSimplePrimitiveNoGo20260901.sixtyOne_prime' depends on axioms: [propext,
 Classical.choice,
 Quot.sound]
info: IUTThreeClosures/DanilovSimplePrimitiveNoGo20260901.lean:452:0: 'IUTThreeClosures.DanilovSimplePrimitiveNoGo20260901.sixtyOne_isPrimitive_at_fifteen' depends on axioms: [propext,
 Classical.choice,
 Quot.sound]
info: IUTThreeClosures/DanilovSimplePrimitiveNoGo20260901.lean:453:0: 'IUTThreeClosures.DanilovSimplePrimitiveNoGo20260901.halfLucasResidue_fifteen_sixtyOne_eq_eleven' depends on axioms: [propext,
 Classical.choice,
 Quot.sound]
info: IUTThreeClosures/DanilovSimplePrimitiveNoGo20260901.lean:454:0: 'IUTThreeClosures.DanilovSimplePrimitiveNoGo20260901.halfLucasResidue_fifteen_sixtyOne_sq_eq_neg_one' depends on axioms: [propext,
 Classical.choice,
 Quot.sound]
info: IUTThreeClosures/DanilovSimplePrimitiveNoGo20260901.lean:455:0: 'IUTThreeClosures.DanilovSimplePrimitiveNoGo20260901.halfLucasResidue_fifteen_sixtyOne_ne_sign' depends on axioms: [propext,
 Classical.choice,
 Quot.sound]
info: IUTThreeClosures/DanilovSimplePrimitiveNoGo20260901.lean:456:0: 'IUTThreeClosures.DanilovSimplePrimitiveNoGo20260901.not_halfLucasSignWithoutEvenness' depends on axioms: [propext,
 Classical.choice,
 Quot.sound]
info: IUTThreeClosures/DanilovSimplePrimitiveNoGo20260901.lean:457:0: 'IUTThreeClosures.DanilovSimplePrimitiveNoGo20260901.fifteen_not_DanilovIndex' depends on axioms: [propext, Quot.sound]
info: IUTThreeClosures/DanilovSimplePrimitiveNoGo20260901.lean:458:0: 'IUTThreeClosures.DanilovSimplePrimitiveNoGo20260901.danilovIndex_even' depends on axioms: [propext]
info: IUTThreeClosures/DanilovSimplePrimitiveNoGo20260901.lean:459:0: 'IUTThreeClosures.DanilovSimplePrimitiveNoGo20260901.primitivePart_twoFull_of_all_primitive_repeated' depends on axioms: [propext,
 Classical.choice,
 Quot.sound]
info: IUTThreeClosures/DanilovSimplePrimitiveNoGo20260901.lean:460:0: 'IUTThreeClosures.DanilovSimplePrimitiveNoGo20260901.exponentOneSupport_subset_finiteCorrection' depends on axioms: [propext,
 Classical.choice,
 Quot.sound]
info: IUTThreeClosures/DanilovSimplePrimitiveNoGo20260901.lean:461:0: 'IUTThreeClosures.DanilovSimplePrimitiveNoGo20260901.exponentOneSupport_subset_correction_of_all_primitive_repeated' depends on axioms: [propext,
 Classical.choice,
 Quot.sound]
info: IUTThreeClosures/DanilovSimplePrimitiveNoGo20260901.lean:462:0: 'IUTThreeClosures.DanilovSimplePrimitiveNoGo20260901.fortyOne_mul_add_one_le_of_split_and_avoid' depends on axioms: [propext,
 Quot.sound]
ℹ [9133/9224] Replayed IUTThreeClosures.DanilovWSSEscape20260901
info: IUTThreeClosures/DanilovWSSEscape20260901.lean:289:0: 'IUTThreeClosures.DanilovWSSEscape20260901.primitive_index_unique' depends on axioms: [propext]
info: IUTThreeClosures/DanilovWSSEscape20260901.lean:290:0: 'IUTThreeClosures.DanilovWSSEscape20260901.primitive_witness_injective' depends on axioms: [propext]
info: IUTThreeClosures/DanilovWSSEscape20260901.lean:291:0: 'IUTThreeClosures.DanilovWSSEscape20260901.square_dvd_of_factorization_eq' depends on axioms: [propext,
 Classical.choice,
 Quot.sound]
info: IUTThreeClosures/DanilovWSSEscape20260901.lean:292:0: 'IUTThreeClosures.DanilovWSSEscape20260901.repeatedPrimitiveAtRank_of_multiplicity_transfer' depends on axioms: [propext,
 Classical.choice,
 Quot.sound]
info: IUTThreeClosures/DanilovWSSEscape20260901.lean:293:0: 'IUTThreeClosures.DanilovWSSEscape20260901.card_halfDivisorCode' depends on axioms: [propext,
 Classical.choice,
 Quot.sound]
info: IUTThreeClosures/DanilovWSSEscape20260901.lean:294:0: 'IUTThreeClosures.DanilovWSSEscape20260901.witnessValues_card' depends on axioms: [propext,
 Classical.choice,
 Quot.sound]
info: IUTThreeClosures/DanilovWSSEscape20260901.lean:295:0: 'IUTThreeClosures.DanilovWSSEscape20260901.primitiveWitnessValues_card' depends on axioms: [propext,
 Classical.choice,
 Quot.sound]
info: IUTThreeClosures/DanilovWSSEscape20260901.lean:296:0: 'IUTThreeClosures.DanilovWSSEscape20260901.repeatedPrimitiveWitness_amplification' depends on axioms: [propext,
 Classical.choice,
 Quot.sound]
info: IUTThreeClosures/DanilovWSSEscape20260901.lean:297:0: 'IUTThreeClosures.DanilovWSSEscape20260901.card_allDivisorCode' depends on axioms: [propext,
 Classical.choice,
 Quot.sound]
info: IUTThreeClosures/DanilovWSSEscape20260901.lean:298:0: 'IUTThreeClosures.DanilovWSSEscape20260901.card_nonexceptionalCodes' depends on axioms: [propext,
 Classical.choice,
 Quot.sound]
info: IUTThreeClosures/DanilovWSSEscape20260901.lean:299:0: 'IUTThreeClosures.DanilovWSSEscape20260901.nonexceptionalPrimitiveWitnessValues_card' depends on axioms: [propext,
 Classical.choice,
 Quot.sound]
info: IUTThreeClosures/DanilovWSSEscape20260901.lean:300:0: 'IUTThreeClosures.DanilovWSSEscape20260901.nonexceptionalRepeatedPrimitiveWitness_amplification' depends on axioms: [propext,
 Classical.choice,
 Quot.sound]
info: IUTThreeClosures/DanilovWSSEscape20260901.lean:301:0: 'IUTThreeClosures.DanilovWSSEscape20260901.large_split_witness_of_avoids_first_forty' depends on axioms: [propext,
 Quot.sound]
info: IUTThreeClosures/DanilovWSSEscape20260901.lean:302:0: 'IUTThreeClosures.DanilovWSSEscape20260901.cyclotomic_square_not_detected_by_derivative_or_discriminant' depends on axioms: [propext]
ℹ [9134/9224] Replayed IUTThreeClosures.AffineShearAmplification20260831
info: IUTThreeClosures/AffineShearAmplification20260831.lean:263:0: 'IUTThreeClosures.AffineShearAmplification20260831.Seed.shear_equation' depends on axioms: [propext]
info: IUTThreeClosures/AffineShearAmplification20260831.lean:264:0: 'IUTThreeClosures.AffineShearAmplification20260831.Seed.Parameter.U_coprime_V' depends on axioms: [propext, Quot.sound]
info: IUTThreeClosures/AffineShearAmplification20260831.lean:265:0: 'IUTThreeClosures.AffineShearAmplification20260831.Seed.Parameter.U_coprime_W' depends on axioms: [propext, Quot.sound]
info: IUTThreeClosures/AffineShearAmplification20260831.lean:266:0: 'IUTThreeClosures.AffineShearAmplification20260831.Seed.Parameter.V_coprime_W' depends on axioms: [propext, Quot.sound]
info: IUTThreeClosures/AffineShearAmplification20260831.lean:267:0: 'IUTThreeClosures.AffineShearAmplification20260831.Seed.Parameter.A_coprime_B' depends on axioms: [propext, Quot.sound]
info: IUTThreeClosures/AffineShearAmplification20260831.lean:268:0: 'IUTThreeClosures.AffineShearAmplification20260831.Seed.Parameter.B_coprime_C' depends on axioms: [propext, Quot.sound]
info: IUTThreeClosures/AffineShearAmplification20260831.lean:269:0: 'IUTThreeClosures.AffineShearAmplification20260831.Seed.Parameter.C_coprime_A' depends on axioms: [propext, Quot.sound]
info: IUTThreeClosures/AffineShearAmplification20260831.lean:270:0: 'IUTThreeClosures.AffineShearAmplification20260831.Seed.Parameter.point' depends on axioms: [propext,
 Classical.choice,
 Quot.sound]
info: IUTThreeClosures/AffineShearAmplification20260831.lean:271:0: 'IUTThreeClosures.AffineShearAmplification20260831.Seed.shear_parameter_injective' depends on axioms: [propext,
 Classical.choice,
 Quot.sound]
ℹ [9135/9224] Replayed IUTThreeClosures.AffineExcessUpperBound20260831
info: IUTThreeClosures/AffineExcessUpperBound20260831.lean:131:0: 'IUTThreeClosures.AffineShearAmplification20260831.Seed.pair_UV_injective' depends on axioms: [propext,
 Classical.choice,
 Quot.sound]
info: IUTThreeClosures/AffineExcessUpperBound20260831.lean:132:0: 'IUTThreeClosures.AffineShearAmplification20260831.Seed.pair_UW_injective' depends on axioms: [propext,
 Classical.choice,
 Quot.sound]
info: IUTThreeClosures/AffineExcessUpperBound20260831.lean:133:0: 'IUTThreeClosures.AffineShearAmplification20260831.Seed.pair_VW_injective' depends on axioms: [propext,
 Classical.choice,
 Quot.sound]
info: IUTThreeClosures/AffineExcessUpperBound20260831.lean:134:0: 'IUTThreeClosures.AffineShearAmplification20260831.Seed.Parameter.local_pairwise_prime_exclusion' depends on axioms: [propext,
 Quot.sound]
info: IUTThreeClosures/AffineExcessUpperBound20260831.lean:135:0: 'IUTThreeClosures.AffineExcessUpperBound20260831.min_pair_product_lt_square_of_triple_lt_cube' depends on axioms: [propext]
ℹ [9136/9224] Replayed IUTThreeClosures.AffineRadicalStep20260901
info: IUTThreeClosures/AffineRadicalStep20260901.lean:628:0: 'IUTThreeClosures.AffineRadicalStep20260901.SupportModulus.of_radical_dvd' depends on axioms: [propext,
 Classical.choice,
 Quot.sound]
info: IUTThreeClosures/AffineRadicalStep20260901.lean:629:0: 'IUTThreeClosures.AffineRadicalStep20260901.SupportModulus.one_add_Q_mul_coprime_P' depends on axioms: [propext,
 Classical.choice,
 Quot.sound]
info: IUTThreeClosures/AffineRadicalStep20260901.lean:630:0: 'IUTThreeClosures.AffineRadicalStep20260901.SupportModulus.shear_equation' depends on axioms: [propext]
info: IUTThreeClosures/AffineRadicalStep20260901.lean:631:0: 'IUTThreeClosures.AffineRadicalStep20260901.SupportModulus.Parameter.U_coprime_V' depends on axioms: [propext,
 Classical.choice,
 Quot.sound]
info: IUTThreeClosures/AffineRadicalStep20260901.lean:632:0: 'IUTThreeClosures.AffineRadicalStep20260901.SupportModulus.Parameter.U_coprime_W' depends on axioms: [propext,
 Classical.choice,
 Quot.sound]
info: IUTThreeClosures/AffineRadicalStep20260901.lean:633:0: 'IUTThreeClosures.AffineRadicalStep20260901.SupportModulus.Parameter.V_coprime_W' depends on axioms: [propext,
 Classical.choice,
 Quot.sound]
info: IUTThreeClosures/AffineRadicalStep20260901.lean:634:0: 'IUTThreeClosures.AffineRadicalStep20260901.SupportModulus.Parameter.point' depends on axioms: [propext,
 Classical.choice,
 Quot.sound]
info: IUTThreeClosures/AffineRadicalStep20260901.lean:635:0: 'IUTThreeClosures.AffineRadicalStep20260901.SupportModulus.pair_UV_injective' depends on axioms: [propext,
 Classical.choice,
 Quot.sound]
info: IUTThreeClosures/AffineRadicalStep20260901.lean:636:0: 'IUTThreeClosures.AffineRadicalStep20260901.SupportModulus.pair_UW_injective' depends on axioms: [propext,
 Classical.choice,
 Quot.sound]
info: IUTThreeClosures/AffineRadicalStep20260901.lean:637:0: 'IUTThreeClosures.AffineRadicalStep20260901.SupportModulus.pair_VW_injective' depends on axioms: [propext,
 Classical.choice,
 Quot.sound]
info: IUTThreeClosures/AffineRadicalStep20260901.lean:638:0: 'IUTThreeClosures.AffineRadicalStep20260901.SupportModulus.point_injective' depends on axioms: [propext,
 Classical.choice,
 Quot.sound]
info: IUTThreeClosures/AffineRadicalStep20260901.lean:639:0: 'IUTThreeClosures.AffineRadicalStep20260901.SupportModulus.scale_parameterBound_le' depends on axioms: [propext]
info: IUTThreeClosures/AffineRadicalStep20260901.lean:640:0: 'IUTThreeClosures.AffineRadicalStep20260901.SupportModulus.embedParameter' depends on axioms: [propext, Quot.sound]
info: IUTThreeClosures/AffineRadicalStep20260901.lean:641:0: 'IUTThreeClosures.AffineRadicalStep20260901.SupportModulus.embedParameter_injective' depends on axioms: [propext,
 Quot.sound]
info: IUTThreeClosures/AffineRadicalStep20260901.lean:642:0: 'IUTThreeClosures.AffineRadicalStep20260901.eventualMatchingLower_iff_boundedLocus' depends on axioms: [propext,
 Classical.choice,
 Quot.sound]
info: IUTThreeClosures/AffineRadicalStep20260901.lean:643:0: 'IUTThreeClosures.AffineRadicalStep20260901.square_row_step_six' depends on axioms: [propext,
 Classical.choice,
 Quot.sound]
info: IUTThreeClosures/AffineRadicalStep20260901.lean:644:0: 'IUTThreeClosures.AffineRadicalStep20260901.powerful_square_row_step_seventy_two' depends on axioms: [propext,
 Classical.choice,
 Quot.sound]
info: IUTThreeClosures/AffineRadicalStep20260901.lean:645:0: 'IUTThreeClosures.AffineRadicalStep20260901.square_row_output_radical' depends on axioms: [propext,
 Classical.choice,
 Quot.sound]
info: IUTThreeClosures/AffineRadicalStep20260901.lean:646:0: 'IUTThreeClosures.AffineRadicalStep20260901.square_row_not_threeQuarter_exceptional' depends on axioms: [propext,
 Classical.choice,
 Quot.sound]
info: IUTThreeClosures/AffineRadicalStep20260901.lean:647:0: 'IUTThreeClosures.AffineRadicalStep20260901.powerful_square_row_output_radical' depends on axioms: [propext,
 Classical.choice,
 Quot.sound]
info: IUTThreeClosures/AffineRadicalStep20260901.lean:648:0: 'IUTThreeClosures.AffineRadicalStep20260901.powerful_square_row_not_threeQuarter_exceptional' depends on axioms: [propext,
 Classical.choice,
 Quot.sound]
ℹ [9137/9224] Replayed IUTThreeClosures.AffineDensityAttack20260901
info: IUTThreeClosures/AffineDensityAttack20260901.lean:319:0: 'IUTThreeClosures.AffineDensityAttack20260901.SupportModulus.gap_gcd_eq_Q_mul_k' depends on axioms: [propext,
 Quot.sound]
info: IUTThreeClosures/AffineDensityAttack20260901.lean:320:0: 'IUTThreeClosures.AffineDensityAttack20260901.SupportModulus.consecutive_gap_gcd_eq_Q_mul_k' depends on axioms: [propext,
 Quot.sound]
info: IUTThreeClosures/AffineDensityAttack20260901.lean:321:0: 'IUTThreeClosures.AffineDensityAttack20260901.SupportModulus.recover_seed_from_gaps' depends on axioms: [propext,
 Quot.sound]
info: IUTThreeClosures/AffineDensityAttack20260901.lean:322:0: 'IUTThreeClosures.AffineDensityAttack20260901.first_parameter_pos_of_strict_U' depends on axioms: [propext, Quot.sound]
info: IUTThreeClosures/AffineDensityAttack20260901.lean:323:0: 'IUTThreeClosures.AffineDensityAttack20260901.second_parameter_pos_of_positive_gap' depends on axioms: [propext,
 Quot.sound]
info: IUTThreeClosures/AffineDensityAttack20260901.lean:324:0: 'IUTThreeClosures.AffineDensityAttack20260901.weak_reverse_first_boundary' depends on axioms: [propext,
 Classical.choice,
 Quot.sound]
info: IUTThreeClosures/AffineDensityAttack20260901.lean:325:0: 'IUTThreeClosures.AffineDensityAttack20260901.affineCoordinateEquiv' depends on axioms: [propext,
 Classical.choice,
 Quot.sound]
info: IUTThreeClosures/AffineDensityAttack20260901.lean:326:0: 'IUTThreeClosures.AffineDensityAttack20260901.zmod_affine_zero_fiber_card' depends on axioms: [propext,
 Classical.choice,
 Quot.sound]
info: IUTThreeClosures/AffineDensityAttack20260901.lean:327:0: 'IUTThreeClosures.AffineDensityAttack20260901.abcRadical_eq_self_of_squarefree' depends on axioms: [propext,
 Classical.choice,
 Quot.sound]
info: IUTThreeClosures/AffineDensityAttack20260901.lean:328:0: 'IUTThreeClosures.AffineDensityAttack20260901.abcPowerfulPart_eq_one_of_squarefree' depends on axioms: [propext,
 Classical.choice,
 Quot.sound]
info: IUTThreeClosures/AffineDensityAttack20260901.lean:329:0: 'IUTThreeClosures.AffineDensityAttack20260901.squarefree_triple_not_above_one' depends on axioms: [propext,
 Classical.choice,
 Quot.sound]
info: IUTThreeClosures/AffineDensityAttack20260901.lean:330:0: 'IUTThreeClosures.AffineDensityAttack20260901.longV_excess_of_product_threshold' depends on axioms: [propext,
 Classical.choice,
 Quot.sound]
info: IUTThreeClosures/AffineDensityAttack20260901.lean:331:0: 'IUTThreeClosures.AffineDensityAttack20260901.longW_excess_of_product_threshold' depends on axioms: [propext,
 Classical.choice,
 Quot.sound]
info: IUTThreeClosures/AffineDensityAttack20260901.lean:332:0: 'IUTThreeClosures.AffineDensityAttack20260901.affine_two_long_arms' depends on axioms: [propext,
 Classical.choice,
 Quot.sound]
ℹ [9138/9224] Replayed IUTThreeClosures.IUTClosedRayApproximationBridge20260901
info: IUTThreeClosures/IUTClosedRayApproximationBridge20260901.lean:206:0: 'IUTThreeClosures.IUTClosedRayApproximationBridge20260901.orderedHullApproximation_iff' depends on axioms: [propext,
 Classical.choice,
 Quot.sound]
info: IUTThreeClosures/IUTClosedRayApproximationBridge20260901.lean:207:0: 'IUTThreeClosures.IUTClosedRayApproximationBridge20260901.rayApproximation_iff' depends on axioms: [propext,
 Classical.choice,
 Quot.sound]
info: IUTThreeClosures/IUTClosedRayApproximationBridge20260901.lean:208:0: 'IUTThreeClosures.IUTClosedRayApproximationBridge20260901.mem_lowerRay_of_mem_closure' depends on axioms: [propext,
 Classical.choice,
 Quot.sound]
info: IUTThreeClosures/IUTClosedRayApproximationBridge20260901.lean:209:0: 'IUTThreeClosures.IUTClosedRayApproximationBridge20260901.vanishingUpperError_iff' depends on axioms: [propext,
 Classical.choice,
 Quot.sound]
info: IUTThreeClosures/IUTClosedRayApproximationBridge20260901.lean:210:0: 'IUTThreeClosures.IUTClosedRayApproximationBridge20260901.coefficient_ge_neg_one_of_rayApproximation' depends on axioms: [propext,
 Classical.choice,
 Quot.sound]
info: IUTThreeClosures/IUTClosedRayApproximationBridge20260901.lean:211:0: 'IUTThreeClosures.IUTClosedRayApproximationBridge20260901.coefficient_ge_neg_one_of_orderedHullApproximation' depends on axioms: [propext,
 Classical.choice,
 Quot.sound]
info: IUTThreeClosures/IUTClosedRayApproximationBridge20260901.lean:212:0: 'IUTThreeClosures.IUTClosedRayApproximationBridge20260901.fixedTolerance_counterexample' depends on axioms: [propext,
 Classical.choice,
 Quot.sound]
info: IUTThreeClosures/IUTClosedRayApproximationBridge20260901.lean:213:0: 'IUTThreeClosures.IUTClosedRayApproximationBridge20260901.qualitativeLink_counterexample' depends on axioms: [propext,
 Classical.choice,
 Quot.sound]
ℹ [9139/9224] Replayed IUTThreeClosures.IUTLanaSpecificationNoGo20260901
info: IUTThreeClosures/IUTLanaSpecificationNoGo20260901.lean:196:0: 'IUTThreeClosures.IUTLanaSpecificationNoGo20260901.shift_eq_zero_of_forall_preimage_add' depends on axioms: [propext,
 Classical.choice,
 Quot.sound]
info: IUTThreeClosures/IUTLanaSpecificationNoGo20260901.lean:197:0: 'IUTThreeClosures.IUTLanaSpecificationNoGo20260901.rhsData_false' depends on axioms: [propext,
 Classical.choice,
 Quot.sound]
info: IUTThreeClosures/IUTLanaSpecificationNoGo20260901.lean:198:0: 'IUTThreeClosures.IUTLanaSpecificationNoGo20260901.rhsData_isEmpty' depends on axioms: [propext,
 Classical.choice,
 Quot.sound]
info: IUTThreeClosures/IUTLanaSpecificationNoGo20260901.lean:199:0: 'IUTThreeClosures.IUTLanaSpecificationNoGo20260901.corollary312VariantData_false' depends on axioms: [propext,
 Classical.choice,
 Quot.sound]
info: IUTThreeClosures/IUTLanaSpecificationNoGo20260901.lean:200:0: 'IUTThreeClosures.IUTLanaSpecificationNoGo20260901.corollary312VariantData_isEmpty' depends on axioms: [propext,
 Classical.choice,
 Quot.sound]
info: IUTThreeClosures/IUTLanaSpecificationNoGo20260901.lean:201:0: 'IUTThreeClosures.IUTLanaSpecificationNoGo20260901.corollary312Variant_universal_vacuous' depends on axioms: [propext,
 Classical.choice,
 Quot.sound]
info: IUTThreeClosures/IUTLanaSpecificationNoGo20260901.lean:202:0: 'IUTThreeClosures.IUTLanaSpecificationNoGo20260901.not_forall_preimage_add_of_shift_ne_zero' depends on axioms: [propext,
 Classical.choice,
 Quot.sound]
info: IUTThreeClosures/IUTLanaSpecificationNoGo20260901.lean:203:0: 'IUTThreeClosures.IUTLanaSpecificationNoGo20260901.totalShiftedSetVolume_isEmpty' depends on axioms: [propext,
 Classical.choice,
 Quot.sound]
info: IUTThreeClosures/IUTLanaSpecificationNoGo20260901.lean:204:0: 'IUTThreeClosures.IUTLanaSpecificationNoGo20260901.nonempty_of_finite_weight_sum_eq_one' depends on axioms: [propext,
 Classical.choice,
 Quot.sound]
info: IUTThreeClosures/IUTLanaSpecificationNoGo20260901.lean:205:0: 'IUTThreeClosures.IUTLanaSpecificationNoGo20260901.le_of_pointedHitCertificate' depends on axioms: [propext,
 Classical.choice,
 Quot.sound]
info: IUTThreeClosures/IUTLanaSpecificationNoGo20260901.lean:206:0: 'IUTThreeClosures.IUTLanaSpecificationNoGo20260901.le_of_etaMap_eq' depends on axioms: [propext,
 Classical.choice,
 Quot.sound]
ℹ [9140/9224] Replayed IUTThreeClosures.IUTLanaCurrentConcreteImplicationAudit20260901
info: IUTThreeClosures/IUTLanaCurrentConcreteImplicationAudit20260901.lean:113:0: 'IUTThreeClosures.IUTLanaCurrentConcreteImplicationAudit20260901.false_of_forall_prime_preimage_translation' depends on axioms: [propext,
 Classical.choice,
 Quot.sound]
info: IUTThreeClosures/IUTLanaCurrentConcreteImplicationAudit20260901.lean:114:0: 'IUTThreeClosures.IUTLanaCurrentConcreteImplicationAudit20260901.not_forall_prime_preimage_translation' depends on axioms: [propext,
 Classical.choice,
 Quot.sound]
info: IUTThreeClosures/IUTLanaCurrentConcreteImplicationAudit20260901.lean:115:0: 'IUTThreeClosures.IUTLanaCurrentConcreteImplicationAudit20260901.pinned_public_logVolumeData_noGo' depends on axioms: [propext,
 Classical.choice,
 Quot.sound]
info: IUTThreeClosures/IUTLanaCurrentConcreteImplicationAudit20260901.lean:116:0: 'IUTThreeClosures.IUTLanaCurrentConcreteImplicationAudit20260901.abcConjecture_of_statementI_and_bridge' depends on axioms: [propext,
 Classical.choice,
 Quot.sound]
info: IUTThreeClosures/IUTLanaCurrentConcreteImplicationAudit20260901.lean:117:0: 'IUTThreeClosures.IUTLanaCurrentConcreteImplicationAudit20260901.statementIToIntegerABCBridge_iff' depends on axioms: [propext,
 Classical.choice,
 Quot.sound]
ℹ [9141/9224] Replayed IUTThreeClosures.IUTCorrectedVolumeHolonomy20260901
info: IUTThreeClosures/IUTCorrectedVolumeHolonomy20260901.lean:556:0: 'IUTThreeClosures.IUTCorrectedVolumeHolonomy20260901.valuationBall_primePreimage_add' depends on axioms: [propext,
 Classical.choice,
 Quot.sound]
info: IUTThreeClosures/IUTCorrectedVolumeHolonomy20260901.lean:557:0: 'IUTThreeClosures.IUTCorrectedVolumeHolonomy20260901.padicValuationBall_nonempty' depends on axioms: [propext,
 Classical.choice,
 Quot.sound]
info: IUTThreeClosures/IUTCorrectedVolumeHolonomy20260901.lean:558:0: 'IUTThreeClosures.IUTCorrectedVolumeHolonomy20260901.padicValuationBall_prime_preimage' depends on axioms: [propext,
 Classical.choice,
 Quot.sound]
info: IUTThreeClosures/IUTCorrectedVolumeHolonomy20260901.lean:559:0: 'IUTThreeClosures.IUTCorrectedVolumeHolonomy20260901.padicValuationBall_subset_iff' depends on axioms: [propext,
 Classical.choice,
 Quot.sound]
info: IUTThreeClosures/IUTCorrectedVolumeHolonomy20260901.lean:560:0: 'IUTThreeClosures.IUTCorrectedVolumeHolonomy20260901.valuationBall_logVolume_antitone' depends on axioms: [propext,
 Classical.choice,
 Quot.sound]
info: IUTThreeClosures/IUTCorrectedVolumeHolonomy20260901.lean:561:0: 'IUTThreeClosures.IUTCorrectedVolumeHolonomy20260901.restrictedShiftedLogVolume_nonempty' depends on axioms: [propext,
 Classical.choice,
 Quot.sound]
info: IUTThreeClosures/IUTCorrectedVolumeHolonomy20260901.lean:562:0: 'IUTThreeClosures.IUTCorrectedVolumeHolonomy20260901.packetLogVolume_primePreimage_add' depends on axioms: [propext,
 Classical.choice,
 Quot.sound]
info: IUTThreeClosures/IUTCorrectedVolumeHolonomy20260901.lean:563:0: 'IUTThreeClosures.IUTCorrectedVolumeHolonomy20260901.processionAverage_add_common' depends on axioms: [propext,
 Classical.choice,
 Quot.sound]
info: IUTThreeClosures/IUTCorrectedVolumeHolonomy20260901.lean:564:0: 'IUTThreeClosures.IUTCorrectedVolumeHolonomy20260901.LogTransport.comp' depends on axioms: [propext,
 Classical.choice,
 Quot.sound]
info: IUTThreeClosures/IUTCorrectedVolumeHolonomy20260901.lean:565:0: 'IUTThreeClosures.IUTCorrectedVolumeHolonomy20260901.LogTransport.reverse' depends on axioms: [propext,
 Classical.choice,
 Quot.sound]
info: IUTThreeClosures/IUTCorrectedVolumeHolonomy20260901.lean:566:0: 'IUTThreeClosures.IUTCorrectedVolumeHolonomy20260901.LogTransport.shift_eq_zero_of_closed' depends on axioms: [propext,
 Classical.choice,
 Quot.sound]
info: IUTThreeClosures/IUTCorrectedVolumeHolonomy20260901.lean:567:0: 'IUTThreeClosures.IUTCorrectedVolumeHolonomy20260901.LogTransport.not_closed_of_shift_ne_zero' depends on axioms: [propext,
 Classical.choice,
 Quot.sound]
info: IUTThreeClosures/IUTCorrectedVolumeHolonomy20260901.lean:568:0: 'IUTThreeClosures.IUTCorrectedVolumeHolonomy20260901.correction_eq_neg_log_of_closed' depends on axioms: [propext,
 Classical.choice,
 Quot.sound]
info: IUTThreeClosures/IUTCorrectedVolumeHolonomy20260901.lean:569:0: 'IUTThreeClosures.IUTCorrectedVolumeHolonomy20260901.correction_eq_neg_of_closed' depends on axioms: [propext,
 Classical.choice,
 Quot.sound]
info: IUTThreeClosures/IUTCorrectedVolumeHolonomy20260901.lean:570:0: 'IUTThreeClosures.IUTCorrectedVolumeHolonomy20260901.no_closed_transport_of_positive_shift' depends on axioms: [propext,
 Classical.choice,
 Quot.sound]
info: IUTThreeClosures/IUTCorrectedVolumeHolonomy20260901.lean:571:0: 'IUTThreeClosures.IUTCorrectedVolumeHolonomy20260901.padicValRat_natPrime' depends on axioms: [propext,
 Classical.choice,
 Quot.sound]
info: IUTThreeClosures/IUTCorrectedVolumeHolonomy20260901.lean:572:0: 'IUTThreeClosures.IUTCorrectedVolumeHolonomy20260901.padicValRat_finset_prod_zpow' depends on axioms: [propext,
 Classical.choice,
 Quot.sound]
info: IUTThreeClosures/IUTCorrectedVolumeHolonomy20260901.lean:573:0: 'IUTThreeClosures.IUTCorrectedVolumeHolonomy20260901.integer_prime_log_independence' depends on axioms: [propext,
 Classical.choice,
 Quot.sound]
info: IUTThreeClosures/IUTCorrectedVolumeHolonomy20260901.lean:574:0: 'IUTThreeClosures.IUTCorrectedVolumeHolonomy20260901.rational_prime_log_independence' depends on axioms: [propext,
 Classical.choice,
 Quot.sound]
info: IUTThreeClosures/IUTCorrectedVolumeHolonomy20260901.lean:575:0: 'IUTThreeClosures.IUTCorrectedVolumeHolonomy20260901.PrimeLogHolonomyLedger.coefficients_eq_zero' depends on axioms: [propext,
 Classical.choice,
 Quot.sound]
info: IUTThreeClosures/IUTCorrectedVolumeHolonomy20260901.lean:576:0: 'IUTThreeClosures.IUTCorrectedVolumeHolonomy20260901.PrimeLogHolonomyLedger.coefficients_eq_zero_of_closed' depends on axioms: [propext,
 Classical.choice,
 Quot.sound]
info: IUTThreeClosures/IUTCorrectedVolumeHolonomy20260901.lean:577:0: 'IUTThreeClosures.IUTCorrectedVolumeHolonomy20260901.positive_normalized_three_point_scalar_collision' depends on axioms: [propext,
 Classical.choice,
 Quot.sound]
info: IUTThreeClosures/IUTCorrectedVolumeHolonomy20260901.lean:578:0: 'IUTThreeClosures.IUTCorrectedVolumeHolonomy20260901.positive_normalized_prime_log_scalar_collision' depends on axioms: [propext,
 Classical.choice,
 Quot.sound]
info: IUTThreeClosures/IUTCorrectedVolumeHolonomy20260901.lean:579:0: 'IUTThreeClosures.IUTCorrectedVolumeHolonomy20260901.real_prime_log_dependence' depends on axioms: [propext,
 Classical.choice,
 Quot.sound]
ℹ [9142/9224] Replayed IUTThreeClosures.IUTAdmissibleVolumeIntegerBridge20260901
info: IUTThreeClosures/IUTAdmissibleVolumeIntegerBridge20260901.lean:399:0: 'IUTThreeClosures.IUTAdmissibleVolumeIntegerBridge20260901.AdmissiblePreimageLogVolume.carrier_ne_empty' depends on axioms: [propext,
 Classical.choice,
 Quot.sound]
info: IUTThreeClosures/IUTAdmissibleVolumeIntegerBridge20260901.lean:400:0: 'IUTThreeClosures.IUTAdmissibleVolumeIntegerBridge20260901.AdmissiblePreimageLogVolume.logVolume_eq_of_carrier_eq' depends on axioms: [propext,
 Classical.choice,
 Quot.sound]
info: IUTThreeClosures/IUTAdmissibleVolumeIntegerBridge20260901.lean:401:0: 'IUTThreeClosures.IUTAdmissibleVolumeIntegerBridge20260901.AdmissiblePreimageLogVolume.preimage_ne_of_shift_ne_zero' depends on axioms: [propext,
 Classical.choice,
 Quot.sound]
info: IUTThreeClosures/IUTAdmissibleVolumeIntegerBridge20260901.lean:402:0: 'IUTThreeClosures.IUTAdmissibleVolumeIntegerBridge20260901.AdmissiblePreimageLogVolume.logVolume_iterate' depends on axioms: [propext,
 Classical.choice,
 Quot.sound]
info: IUTThreeClosures/IUTAdmissibleVolumeIntegerBridge20260901.lean:403:0: 'IUTThreeClosures.IUTAdmissibleVolumeIntegerBridge20260901.AdmissiblePreimageLogVolume.iterate_ne_of_pos_of_shift_ne_zero' depends on axioms: [propext,
 Classical.choice,
 Quot.sound]
info: IUTThreeClosures/IUTAdmissibleVolumeIntegerBridge20260901.lean:404:0: 'IUTThreeClosures.IUTAdmissibleVolumeIntegerBridge20260901.AdmissiblePreimageLogVolume.iterate_injective' depends on axioms: [propext,
 Classical.choice,
 Quot.sound]
info: IUTThreeClosures/IUTAdmissibleVolumeIntegerBridge20260901.lean:405:0: 'IUTThreeClosures.IUTAdmissibleVolumeIntegerBridge20260901.AdmissiblePreimageLogVolume.not_finite_region' depends on axioms: [propext,
 Classical.choice,
 Quot.sound]
info: IUTThreeClosures/IUTAdmissibleVolumeIntegerBridge20260901.lean:406:0: 'IUTThreeClosures.IUTAdmissibleVolumeIntegerBridge20260901.padicValuationBall_carrier_injective' depends on axioms: [propext,
 Classical.choice,
 Quot.sound]
info: IUTThreeClosures/IUTAdmissibleVolumeIntegerBridge20260901.lean:407:0: 'IUTThreeClosures.IUTAdmissibleVolumeIntegerBridge20260901.padicValuationBallAdmissibleModel_nonempty' depends on axioms: [propext,
 Classical.choice,
 Quot.sound]
info: IUTThreeClosures/IUTAdmissibleVolumeIntegerBridge20260901.lean:408:0: 'IUTThreeClosures.IUTAdmissibleVolumeIntegerBridge20260901.padicValuationBall_region_not_finite' depends on axioms: [propext,
 Classical.choice,
 Quot.sound]
info: IUTThreeClosures/IUTAdmissibleVolumeIntegerBridge20260901.lean:409:0: 'IUTThreeClosures.IUTAdmissibleVolumeIntegerBridge20260901.abcConjecture_of_statementI_comparison' depends on axioms: [propext,
 Classical.choice,
 Quot.sound]
info: IUTThreeClosures/IUTAdmissibleVolumeIntegerBridge20260901.lean:410:0: 'IUTThreeClosures.IUTAdmissibleVolumeIntegerBridge20260901.StatementIIntegerComparison.toBridge' depends on axioms: [propext,
 Classical.choice,
 Quot.sound]
info: IUTThreeClosures/IUTAdmissibleVolumeIntegerBridge20260901.lean:411:0: 'IUTThreeClosures.IUTAdmissibleVolumeIntegerBridge20260901.counterexample_without_height_comparison' depends on axioms: [propext,
 Classical.choice,
 Quot.sound]
info: IUTThreeClosures/IUTAdmissibleVolumeIntegerBridge20260901.lean:412:0: 'IUTThreeClosures.IUTAdmissibleVolumeIntegerBridge20260901.counterexample_without_radical_comparison' depends on axioms: [propext,
 Classical.choice,
 Quot.sound]
info: IUTThreeClosures/IUTAdmissibleVolumeIntegerBridge20260901.lean:413:0: 'IUTThreeClosures.IUTAdmissibleVolumeIntegerBridge20260901.uniformEpsilonBoundOn_empty' depends on axioms: [propext,
 Classical.choice,
 Quot.sound]
info: IUTThreeClosures/IUTAdmissibleVolumeIntegerBridge20260901.lean:414:0: 'IUTThreeClosures.IUTAdmissibleVolumeIntegerBridge20260901.counterexample_without_domain_membership' depends on axioms: [propext,
 Classical.choice,
 Quot.sound]
info: IUTThreeClosures/IUTAdmissibleVolumeIntegerBridge20260901.lean:415:0: 'IUTThreeClosures.IUTAdmissibleVolumeIntegerBridge20260901.counterexample_with_nonuniform_height_error' depends on axioms: [propext,
 Classical.choice,
 Quot.sound]
info: IUTThreeClosures/IUTAdmissibleVolumeIntegerBridge20260901.lean:416:0: 'IUTThreeClosures.IUTAdmissibleVolumeIntegerBridge20260901.counterexample_with_nonuniform_radical_error' depends on axioms: [propext,
 Classical.choice,
 Quot.sound]
ℹ [9143/9224] Replayed IUTThreeClosures.IUTPrimeUnitLabelVectorBridge20260901
info: IUTThreeClosures/IUTPrimeUnitLabelVectorBridge20260901.lean:706:0: 'IUTThreeClosures.IUTPrimeUnitLabelVectorBridge20260901.localUnit_valuation_zero' depends on axioms: [propext,
 Classical.choice,
 Quot.sound]
info: IUTThreeClosures/IUTPrimeUnitLabelVectorBridge20260901.lean:707:0: 'IUTThreeClosures.IUTPrimeUnitLabelVectorBridge20260901.padicLocalUnit_valuation_zero' depends on axioms: [propext,
 Classical.choice,
 Quot.sound]
info: IUTThreeClosures/IUTPrimeUnitLabelVectorBridge20260901.lean:708:0: 'IUTThreeClosures.IUTPrimeUnitLabelVectorBridge20260901.padic_reconstruct_primeUnit' depends on axioms: [propext,
 Classical.choice,
 Quot.sound]
info: IUTThreeClosures/IUTPrimeUnitLabelVectorBridge20260901.lean:709:0: 'IUTThreeClosures.IUTPrimeUnitLabelVectorBridge20260901.padic_eq_of_primeUnit_eq' depends on axioms: [propext,
 Classical.choice,
 Quot.sound]
info: IUTThreeClosures/IUTPrimeUnitLabelVectorBridge20260901.lean:710:0: 'IUTThreeClosures.IUTPrimeUnitLabelVectorBridge20260901.fieldScaleUnit_ne_zero' depends on axioms: [propext,
 Classical.choice,
 Quot.sound]
info: IUTThreeClosures/IUTPrimeUnitLabelVectorBridge20260901.lean:711:0: 'IUTThreeClosures.IUTPrimeUnitLabelVectorBridge20260901.fieldScale_reconstruct' depends on axioms: [propext,
 Classical.choice,
 Quot.sound]
info: IUTThreeClosures/IUTPrimeUnitLabelVectorBridge20260901.lean:712:0: 'IUTThreeClosures.IUTPrimeUnitLabelVectorBridge20260901.fieldScaleCoordinate_injective' depends on axioms: [propext,
 Classical.choice,
 Quot.sound]
info: IUTThreeClosures/IUTPrimeUnitLabelVectorBridge20260901.lean:713:0: 'IUTThreeClosures.IUTPrimeUnitLabelVectorBridge20260901.fieldScaleFingerprint' depends on axioms: [propext,
 Classical.choice,
 Quot.sound]
info: IUTThreeClosures/IUTPrimeUnitLabelVectorBridge20260901.lean:714:0: 'IUTThreeClosures.IUTPrimeUnitLabelVectorBridge20260901.reconstruct_primeUnitCoordinate' depends on axioms: [propext,
 Classical.choice,
 Quot.sound]
info: IUTThreeClosures/IUTPrimeUnitLabelVectorBridge20260901.lean:715:0: 'IUTThreeClosures.IUTPrimeUnitLabelVectorBridge20260901.primeUnitCoordinate_injective' depends on axioms: [propext,
 Classical.choice,
 Quot.sound]
info: IUTThreeClosures/IUTPrimeUnitLabelVectorBridge20260901.lean:716:0: 'IUTThreeClosures.IUTPrimeUnitLabelVectorBridge20260901.labelledSignature_injective' depends on axioms: [Quot.sound]
info: IUTThreeClosures/IUTPrimeUnitLabelVectorBridge20260901.lean:717:0: 'IUTThreeClosures.IUTPrimeUnitLabelVectorBridge20260901.region_subset_of_labelledSignature_image_subset' depends on axioms: [Quot.sound]
info: IUTThreeClosures/IUTPrimeUnitLabelVectorBridge20260901.lean:718:0: 'IUTThreeClosures.IUTPrimeUnitLabelVectorBridge20260901.region_eq_of_labelledSignature_image_eq' depends on axioms: [propext,
 Classical.choice,
 Quot.sound]
info: IUTThreeClosures/IUTPrimeUnitLabelVectorBridge20260901.lean:719:0: 'IUTThreeClosures.IUTPrimeUnitLabelVectorBridge20260901.region_bound_of_labelledSignature_image_subset' depends on axioms: [propext,
 Classical.choice,
 Quot.sound]
info: IUTThreeClosures/IUTPrimeUnitLabelVectorBridge20260901.lean:720:0: 'IUTThreeClosures.IUTPrimeUnitLabelVectorBridge20260901.bound_of_labelledSignature_eq' depends on axioms: [propext,
 Classical.choice,
 Quot.sound]
info: IUTThreeClosures/IUTPrimeUnitLabelVectorBridge20260901.lean:721:0: 'IUTThreeClosures.IUTPrimeUnitLabelVectorBridge20260901.reconstruct_under_relabeling' depends on axioms: [Quot.sound]
info: IUTThreeClosures/IUTPrimeUnitLabelVectorBridge20260901.lean:722:0: 'IUTThreeClosures.IUTPrimeUnitLabelVectorBridge20260901.rational_labelledSignature_injective' depends on axioms: [propext,
 Classical.choice,
 Quot.sound]
info: IUTThreeClosures/IUTPrimeUnitLabelVectorBridge20260901.lean:723:0: 'IUTThreeClosures.IUTPrimeUnitLabelVectorBridge20260901.padic_labelledSignature_injective' depends on axioms: [propext,
 Classical.choice,
 Quot.sound]
info: IUTThreeClosures/IUTPrimeUnitLabelVectorBridge20260901.lean:724:0: 'IUTThreeClosures.IUTPrimeUnitLabelVectorBridge20260901.rational_packet_eq_of_local_coordinates' depends on axioms: [propext,
 Classical.choice,
 Quot.sound]
info: IUTThreeClosures/IUTPrimeUnitLabelVectorBridge20260901.lean:725:0: 'IUTThreeClosures.IUTPrimeUnitLabelVectorBridge20260901.weightedObservable_eq_of_signature_eq' depends on axioms: [propext,
 Classical.choice,
 Quot.sound]
info: IUTThreeClosures/IUTPrimeUnitLabelVectorBridge20260901.lean:726:0: 'IUTThreeClosures.IUTPrimeUnitLabelVectorBridge20260901.positiveNormalizedObservable_eq_of_signature_eq' depends on axioms: [propext,
 Classical.choice,
 Quot.sound]
info: IUTThreeClosures/IUTPrimeUnitLabelVectorBridge20260901.lean:727:0: 'IUTThreeClosures.IUTPrimeUnitLabelVectorBridge20260901.PrimeUnitVectorTransport.comp' depends on axioms: [propext,
 Classical.choice,
 Quot.sound]
info: IUTThreeClosures/IUTPrimeUnitLabelVectorBridge20260901.lean:728:0: 'IUTThreeClosures.IUTPrimeUnitLabelVectorBridge20260901.PrimeUnitVectorTransport.unitTwist_ne_zero' depends on axioms: [propext,
 Classical.choice,
 Quot.sound]
info: IUTThreeClosures/IUTPrimeUnitLabelVectorBridge20260901.lean:729:0: 'IUTThreeClosures.IUTPrimeUnitLabelVectorBridge20260901.PrimeUnitVectorTransport.unitTwist_valuation_zero' depends on axioms: [propext,
 Classical.choice,
 Quot.sound]
info: IUTThreeClosures/IUTPrimeUnitLabelVectorBridge20260901.lean:730:0: 'IUTThreeClosures.IUTPrimeUnitLabelVectorBridge20260901.PrimeUnitVectorTransport.vectorHolonomy_eq_identity_of_closed' depends on axioms: [propext,
 Classical.choice,
 Quot.sound]
info: IUTThreeClosures/IUTPrimeUnitLabelVectorBridge20260901.lean:731:0: 'IUTThreeClosures.IUTPrimeUnitLabelVectorBridge20260901.exponentOnly_labelled_counterexample' depends on axioms: [propext,
 Classical.choice,
 Quot.sound]
info: IUTThreeClosures/IUTPrimeUnitLabelVectorBridge20260901.lean:732:0: 'IUTThreeClosures.IUTPrimeUnitLabelVectorBridge20260901.residueUnit_counterexample' depends on axioms: [propext,
 Classical.choice,
 Quot.sound]
info: IUTThreeClosures/IUTPrimeUnitLabelVectorBridge20260901.lean:733:0: 'IUTThreeClosures.IUTPrimeUnitLabelVectorBridge20260901.unlabelled_coordinates_match_after_swap' depends on axioms: [propext,
 Classical.choice,
 Quot.sound]
info: IUTThreeClosures/IUTPrimeUnitLabelVectorBridge20260901.lean:734:0: 'IUTThreeClosures.IUTPrimeUnitLabelVectorBridge20260901.swappedPacket_vectorTransport' depends on axioms: [propext,
 Classical.choice,
 Quot.sound]
info: IUTThreeClosures/IUTPrimeUnitLabelVectorBridge20260901.lean:735:0: 'IUTThreeClosures.IUTPrimeUnitLabelVectorBridge20260901.unlabelled_exact_coordinate_counterexample' depends on axioms: [propext,
 Classical.choice,
 Quot.sound]
info: IUTThreeClosures/IUTPrimeUnitLabelVectorBridge20260901.lean:736:0: 'IUTThreeClosures.IUTPrimeUnitLabelVectorBridge20260901.localUnit_ne_zero' depends on axioms: [propext,
 Classical.choice,
 Quot.sound]
info: IUTThreeClosures/IUTPrimeUnitLabelVectorBridge20260901.lean:737:0: 'IUTThreeClosures.IUTPrimeUnitLabelVectorBridge20260901.PrimeUnitVectorTransport.exponentShift_eq_zero_of_closed' depends on axioms: [propext,
 Classical.choice,
 Quot.sound]
info: IUTThreeClosures/IUTPrimeUnitLabelVectorBridge20260901.lean:738:0: 'IUTThreeClosures.IUTPrimeUnitLabelVectorBridge20260901.PrimeUnitVectorTransport.unitTwist_eq_one_of_closed' depends on axioms: [propext,
 Classical.choice,
 Quot.sound]
info: IUTThreeClosures/IUTPrimeUnitLabelVectorBridge20260901.lean:739:0: 'IUTThreeClosures.IUTPrimeUnitLabelVectorBridge20260901.localExponent_five_one' depends on axioms: [propext,
 Classical.choice,
 Quot.sound]
info: IUTThreeClosures/IUTPrimeUnitLabelVectorBridge20260901.lean:740:0: 'IUTThreeClosures.IUTPrimeUnitLabelVectorBridge20260901.localExponent_five_two' depends on axioms: [propext,
 Classical.choice,
 Quot.sound]
info: IUTThreeClosures/IUTPrimeUnitLabelVectorBridge20260901.lean:741:0: 'IUTThreeClosures.IUTPrimeUnitLabelVectorBridge20260901.localExponent_five_six' depends on axioms: [propext,
 Classical.choice,
 Quot.sound]
info: IUTThreeClosures/IUTPrimeUnitLabelVectorBridge20260901.lean:742:0: 'IUTThreeClosures.IUTPrimeUnitLabelVectorBridge20260901.localUnit_five_one' depends on axioms: [propext,
 Classical.choice,
 Quot.sound]
info: IUTThreeClosures/IUTPrimeUnitLabelVectorBridge20260901.lean:743:0: 'IUTThreeClosures.IUTPrimeUnitLabelVectorBridge20260901.localUnit_five_two' depends on axioms: [propext,
 Classical.choice,
 Quot.sound]
info: IUTThreeClosures/IUTPrimeUnitLabelVectorBridge20260901.lean:744:0: 'IUTThreeClosures.IUTPrimeUnitLabelVectorBridge20260901.localUnit_five_six' depends on axioms: [propext,
 Classical.choice,
 Quot.sound]
info: IUTThreeClosures/IUTPrimeUnitLabelVectorBridge20260901.lean:745:0: 'IUTThreeClosures.IUTPrimeUnitLabelVectorBridge20260901.exponentOnly_counterexample_unit_parts_differ' depends on axioms: [propext,
 Classical.choice,
 Quot.sound]
info: IUTThreeClosures/IUTPrimeUnitLabelVectorBridge20260901.lean:746:0: 'IUTThreeClosures.IUTPrimeUnitLabelVectorBridge20260901.swapped_packets_ne' depends on axioms: [propext,
 Classical.choice,
 Quot.sound]
info: IUTThreeClosures/IUTPrimeUnitLabelVectorBridge20260901.lean:747:0: 'IUTThreeClosures.IUTPrimeUnitLabelVectorBridge20260901.swappedPacket_unitTwist_product_one' depends on axioms: [propext,
 Classical.choice,
 Quot.sound]
info: IUTThreeClosures/IUTPrimeUnitLabelVectorBridge20260901.lean:748:0: 'IUTThreeClosures.IUTPrimeUnitLabelVectorBridge20260901.swappedPacket_nontrivial_labelwise_unitTwist' depends on axioms: [propext,
 Classical.choice,
 Quot.sound]
ℹ [9144/9224] Replayed IUTThreeClosures.IUTRefinedFactorZeroAwareSignature20260901
info: IUTThreeClosures/IUTRefinedFactorZeroAwareSignature20260901.lean:245:0: 'IUTThreeClosures.zeroAwareScaleCoordinate_injective' depends on axioms: [propext, Classical.choice, Quot.sound]
info: IUTThreeClosures/IUTRefinedFactorZeroAwareSignature20260901.lean:246:0: 'IUTThreeClosures.zeroAwareScaleCoordinate_covariant' depends on axioms: [propext, Classical.choice, Quot.sound]
info: IUTThreeClosures/IUTRefinedFactorZeroAwareSignature20260901.lean:247:0: 'IUTThreeClosures.refinedPrimeUnitSignature_injective' depends on axioms: [propext, Classical.choice, Quot.sound]
info: IUTThreeClosures/IUTRefinedFactorZeroAwareSignature20260901.lean:248:0: 'IUTThreeClosures.refinedPrimeUnitSignature_covariant' depends on axioms: [propext, Classical.choice, Quot.sound]
info: IUTThreeClosures/IUTRefinedFactorZeroAwareSignature20260901.lean:249:0: 'IUTThreeClosures.TupleFiniteEtalePacket.allTuplePrimeUnitSignature_injective' depends on axioms: [propext,
 Classical.choice,
 Quot.sound]
⚠ [9145/9224] Replayed IUTThreeClosures.LowRadicalDensityBarrier
warning: IUTThreeClosures/LowRadicalDensityBarrier.lean:31:0: `center_card_le_candidate_card_of_injective_selection` does not use the following hypotheses in its type:
  • [DecidableEq Center] (#3)
  • [DecidableEq Candidate] (#4)

Consider removing these hypotheses and using `classical` in the proof instead. For terms, consider using `open scoped Classical in` at the term level (not the command level).

Note: This linter can be disabled with `set_option linter.unusedDecidableInType false`
info: IUTThreeClosures/LowRadicalDensityBarrier.lean:122:0: 'IUTThreeClosures.LowRadicalDensityBarrier.center_card_le_candidate_card_of_injective_selection' depends on axioms: [propext,
 Classical.choice,
 Quot.sound]
info: IUTThreeClosures/LowRadicalDensityBarrier.lean:123:0: 'IUTThreeClosures.LowRadicalDensityBarrier.exponent_gt_four_of_squareRoot_subcritical_and_density' depends on axioms: [propext,
 Classical.choice,
 Quot.sound]
info: IUTThreeClosures/LowRadicalDensityBarrier.lean:124:0: 'IUTThreeClosures.LowRadicalDensityBarrier.no_squareRoot_dense_primePower_budget_of_exponent_le_four' depends on axioms: [propext,
 Classical.choice,
 Quot.sound]
info: IUTThreeClosures/LowRadicalDensityBarrier.lean:125:0: 'IUTThreeClosures.LowRadicalDensityBarrier.quarter_radical_slope_feasible_of_exponent_at_least_five' depends on axioms: [propext,
 Classical.choice,
 Quot.sound]
info: IUTThreeClosures/LowRadicalDensityBarrier.lean:126:0: 'IUTThreeClosures.LowRadicalDensityBarrier.exists_positive_epsilon_for_quarter_radical_slope' depends on axioms: [propext,
 Classical.choice,
 Quot.sound]
⚠ [9146/9224] Replayed IUTThreeClosures.PrimePowerDensityGapThreshold
warning: IUTThreeClosures/PrimePowerDensityGapThreshold.lean:48:25: Variable name `hk` is not explicitly referenced.

The binding can be removed (if unused) or named `_` (if used implicitly).

Note: This linter can be disabled with `set_option linter.unusedVariables false`
info: IUTThreeClosures/PrimePowerDensityGapThreshold.lean:156:0: 'IUTThreeClosures.PrimePowerDensityGapThreshold.exists_density_compatible_beta_iff' depends on axioms: [propext,
 Classical.choice,
 Quot.sound]
info: IUTThreeClosures/PrimePowerDensityGapThreshold.lean:157:0: 'IUTThreeClosures.PrimePowerDensityGapThreshold.density_gap_threshold_iff' depends on axioms: [propext,
 Classical.choice,
 Quot.sound]
info: IUTThreeClosures/PrimePowerDensityGapThreshold.lean:158:0: 'IUTThreeClosures.PrimePowerDensityGapThreshold.no_density_compatible_beta_of_threshold_le' depends on axioms: [propext,
 Classical.choice,
 Quot.sound]
info: IUTThreeClosures/PrimePowerDensityGapThreshold.lean:159:0: 'IUTThreeClosures.PrimePowerDensityGapThreshold.exists_positive_epsilon_at_density_edge' depends on axioms: [propext,
 Classical.choice,
 Quot.sound]
info: IUTThreeClosures/PrimePowerDensityGapThreshold.lean:160:0: 'IUTThreeClosures.PrimePowerDensityGapThreshold.squareRoot_density_threshold_iff' depends on axioms: [propext,
 Classical.choice,
 Quot.sound]
info: IUTThreeClosures/PrimePowerDensityGapThreshold.lean:161:0: 'IUTThreeClosures.PrimePowerDensityGapThreshold.quarter_beta_is_feasible_for_squareRoot_of_five_le' depends on axioms: [propext,
 Classical.choice,
 Quot.sound]
ℹ [9147/9224] Replayed IUTThreeClosures.CarellaGlobalOmegaHypothesis20260901
info: IUTThreeClosures/CarellaGlobalOmegaHypothesis20260901.lean:197:0: 'IUTThreeClosures.CarellaGlobalOmegaHypothesis20260901.mul_right_injective_of_pos' does not depend on any axioms
info: IUTThreeClosures/CarellaGlobalOmegaHypothesis20260901.lean:198:0: 'IUTThreeClosures.CarellaGlobalOmegaHypothesis20260901.positiveMultiplesUpTo_card' depends on axioms: [propext,
 Classical.choice,
 Quot.sound]
info: IUTThreeClosures/CarellaGlobalOmegaHypothesis20260901.lean:199:0: 'IUTThreeClosures.CarellaGlobalOmegaHypothesis20260901.primeFactors_card_le_mul' depends on axioms: [propext,
 Classical.choice,
 Quot.sound]
info: IUTThreeClosures/CarellaGlobalOmegaHypothesis20260901.lean:200:0: 'IUTThreeClosures.CarellaGlobalOmegaHypothesis20260901.highOmegaUpTo_card_lower' depends on axioms: [propext,
 Classical.choice,
 Quot.sound]
info: IUTThreeClosures/CarellaGlobalOmegaHypothesis20260901.lean:201:0: 'IUTThreeClosures.CarellaGlobalOmegaHypothesis20260901.threeFifths_target_lt_one' depends on axioms: [propext,
 Classical.choice,
 Quot.sound]
info: IUTThreeClosures/CarellaGlobalOmegaHypothesis20260901.lean:202:0: 'IUTThreeClosures.CarellaGlobalOmegaHypothesis20260901.exists_positive_epsilon_scaled_lt_one' depends on axioms: [propext,
 Classical.choice,
 Quot.sound]
info: IUTThreeClosures/CarellaGlobalOmegaHypothesis20260901.lean:203:0: 'IUTThreeClosures.CarellaGlobalOmegaHypothesis20260901.exists_epsilon_of_threeFifths_radical_target' depends on axioms: [propext,
 Classical.choice,
 Quot.sound]
info: IUTThreeClosures/CarellaGlobalOmegaHypothesis20260901.lean:204:0: 'IUTThreeClosures.CarellaGlobalOmegaHypothesis20260901.threeFifths_density_threshold_iff' depends on axioms: [propext,
 Classical.choice,
 Quot.sound]
info: IUTThreeClosures/CarellaGlobalOmegaHypothesis20260901.lean:205:0: 'IUTThreeClosures.CarellaGlobalOmegaHypothesis20260901.oneFifth_radical_slope_feasible_of_exponent_at_least_six' depends on axioms: [propext,
 Classical.choice,
 Quot.sound]
info: IUTThreeClosures/CarellaGlobalOmegaHypothesis20260901.lean:206:0: 'IUTThreeClosures.CarellaGlobalOmegaHypothesis20260901.exists_epsilon_for_oneFifth_radical_slope_of_exponent_at_least_six' depends on axioms: [propext,
 Classical.choice,
 Quot.sound]
info: IUTThreeClosures/CarellaGlobalOmegaHypothesis20260901.lean:207:0: 'IUTThreeClosures.CarellaGlobalOmegaHypothesis20260901.not_abcConjecture_of_threeFifths_radical_target' depends on axioms: [propext,
 Classical.choice,
 Quot.sound]
⚠ [9148/9224] Replayed IUTThreeClosures.AffineTwoArmCRTPacket20260901
warning: IUTThreeClosures/AffineTwoArmCRTPacket20260901.lean:1:1: * '-/':
Copyright too short!


Note: This linter can be disabled with `set_option linter.style.header false`
info: IUTThreeClosures/AffineTwoArmCRTPacket20260901.lean:427:0: 'IUTThreeClosures.AffineTwoArmCRTPacket20260901.squarefree_dvd_powerfulPart_of_square_dvd' depends on axioms: [propext,
 Classical.choice,
 Quot.sound]
info: IUTThreeClosures/AffineTwoArmCRTPacket20260901.lean:428:0: 'IUTThreeClosures.AffineTwoArmCRTPacket20260901.joint_long_arm_carrier' depends on axioms: [propext,
 Classical.choice,
 Quot.sound]
info: IUTThreeClosures/AffineTwoArmCRTPacket20260901.lean:429:0: 'IUTThreeClosures.AffineTwoArmCRTPacket20260901.simultaneous_affine_roots' depends on axioms: [propext,
 Classical.choice,
 Quot.sound]
info: IUTThreeClosures/AffineTwoArmCRTPacket20260901.lean:430:0: 'IUTThreeClosures.AffineTwoArmCRTPacket20260901.diagonal_crt_excess_packet' depends on axioms: [propext,
 Classical.choice,
 Quot.sound]
info: IUTThreeClosures/AffineTwoArmCRTPacket20260901.lean:431:0: 'IUTThreeClosures.AffineTwoArmCRTPacket20260901.packet_two_arm_gate' depends on axioms: [propext,
 Classical.choice,
 Quot.sound]
info: IUTThreeClosures/AffineTwoArmCRTPacket20260901.lean:432:0: 'IUTThreeClosures.AffineTwoArmCRTPacket20260901.packet_in_upper_half_iff' depends on axioms: [propext,
 Classical.choice,
 Quot.sound]
info: IUTThreeClosures/AffineTwoArmCRTPacket20260901.lean:433:0: 'IUTThreeClosures.AffineTwoArmCRTPacket20260901.packet_index_count' depends on axioms: [propext,
 Classical.choice,
 Quot.sound]
info: IUTThreeClosures/AffineTwoArmCRTPacket20260901.lean:434:0: 'IUTThreeClosures.AffineTwoArmCRTPacket20260901.canonicalPacket_card' depends on axioms: [propext,
 Classical.choice,
 Quot.sound]
info: IUTThreeClosures/AffineTwoArmCRTPacket20260901.lean:435:0: 'IUTThreeClosures.AffineTwoArmCRTPacket20260901.counterexample_full_data' depends on axioms: [propext,
 Classical.choice,
 Quot.sound]
info: IUTThreeClosures/AffineTwoArmCRTPacket20260901.lean:436:0: 'IUTThreeClosures.AffineTwoArmCRTPacket20260901.prime_dvd_powerfulPart_of_square_dvd' depends on axioms: [propext,
 Classical.choice,
 Quot.sound]
info: IUTThreeClosures/AffineTwoArmCRTPacket20260901.lean:437:0: 'IUTThreeClosures.AffineTwoArmCRTPacket20260901.seed_radical_1_242_243' depends on axioms: [propext,
 Classical.choice,
 Quot.sound]
info: IUTThreeClosures/AffineTwoArmCRTPacket20260901.lean:438:0: 'IUTThreeClosures.AffineTwoArmCRTPacket20260901.exists_local_root' depends on axioms: [propext,
 Classical.choice,
 Quot.sound]
info: IUTThreeClosures/AffineTwoArmCRTPacket20260901.lean:439:0: 'IUTThreeClosures.AffineTwoArmCRTPacket20260901.diagonal_admissible' depends on axioms: [propext, Quot.sound]
info: IUTThreeClosures/AffineTwoArmCRTPacket20260901.lean:440:0: 'IUTThreeClosures.AffineTwoArmCRTPacket20260901.diagonal_equation' depends on axioms: [propext]
info: IUTThreeClosures/AffineTwoArmCRTPacket20260901.lean:441:0: 'IUTThreeClosures.AffineTwoArmCRTPacket20260901.diagonal_crt_packet' depends on axioms: [propext,
 Classical.choice,
 Quot.sound]
info: IUTThreeClosures/AffineTwoArmCRTPacket20260901.lean:442:0: 'IUTThreeClosures.AffineTwoArmCRTPacket20260901.packet_identities' depends on axioms: [propext]
info: IUTThreeClosures/AffineTwoArmCRTPacket20260901.lean:443:0: 'IUTThreeClosures.AffineTwoArmCRTPacket20260901.packet_square_divisors' depends on axioms: [propext]
info: IUTThreeClosures/AffineTwoArmCRTPacket20260901.lean:444:0: 'IUTThreeClosures.AffineTwoArmCRTPacket20260901.powerfulPart_pos' depends on axioms: [propext,
 Classical.choice,
 Quot.sound]
info: IUTThreeClosures/AffineTwoArmCRTPacket20260901.lean:445:0: 'IUTThreeClosures.AffineTwoArmCRTPacket20260901.squarefree_carrier_le_powerfulPart' depends on axioms: [propext,
 Classical.choice,
 Quot.sound]
info: IUTThreeClosures/AffineTwoArmCRTPacket20260901.lean:446:0: 'IUTThreeClosures.AffineTwoArmCRTPacket20260901.packet_two_arm_excess' depends on axioms: [propext,
 Classical.choice,
 Quot.sound]
info: IUTThreeClosures/AffineTwoArmCRTPacket20260901.lean:447:0: 'IUTThreeClosures.AffineTwoArmCRTPacket20260901.packet_in_upper_half' depends on axioms: [propext,
 Classical.choice,
 Quot.sound]
info: IUTThreeClosures/AffineTwoArmCRTPacket20260901.lean:448:0: 'IUTThreeClosures.AffineTwoArmCRTPacket20260901.packetK_injective' depends on axioms: [propext, Quot.sound]
info: IUTThreeClosures/AffineTwoArmCRTPacket20260901.lean:449:0: 'IUTThreeClosures.AffineTwoArmCRTPacket20260901.short_carrier_squarefree' depends on axioms: [propext,
 Classical.choice,
 Quot.sound]
info: IUTThreeClosures/AffineTwoArmCRTPacket20260901.lean:450:0: 'IUTThreeClosures.AffineTwoArmCRTPacket20260901.short_carrier_dvd_counterexample' depends on axioms: [propext,
 Classical.choice,
 Quot.sound]
info: IUTThreeClosures/AffineTwoArmCRTPacket20260901.lean:451:0: 'IUTThreeClosures.AffineTwoArmCRTPacket20260901.squarefree_dvd_abcRadical' depends on axioms: [propext,
 Classical.choice,
 Quot.sound]
info: IUTThreeClosures/AffineTwoArmCRTPacket20260901.lean:452:0: 'IUTThreeClosures.AffineTwoArmCRTPacket20260901.counterexample_not_threeQuarter' depends on axioms: [propext,
 Classical.choice,
 Quot.sound]
ℹ [9149/9224] Replayed IUTThreeClosures.AffineTemplateEntropy20260901
info: IUTThreeClosures/AffineTemplateEntropy20260901.lean:770:0: 'IUTThreeClosures.AffineTemplateEntropy20260901.zeroFirstFactor_cancellation' depends on axioms: [propext, Quot.sound]
info: IUTThreeClosures/AffineTemplateEntropy20260901.lean:771:0: 'IUTThreeClosures.AffineTemplateEntropy20260901.zeroSecondFactor_cancellation' depends on axioms: [propext,
 Classical.choice,
 Quot.sound]
info: IUTThreeClosures/AffineTemplateEntropy20260901.lean:772:0: 'IUTThreeClosures.AffineTemplateEntropy20260901.zeroThirdFactor_cancellation' depends on axioms: [propext,
 Classical.choice,
 Quot.sound]
info: IUTThreeClosures/AffineTemplateEntropy20260901.lean:773:0: 'IUTThreeClosures.AffineTemplateEntropy20260901.nat_dvd_natAbs_of_intCast_dvd' depends on axioms: [propext]
info: IUTThreeClosures/AffineTemplateEntropy20260901.lean:774:0: 'IUTThreeClosures.AffineTemplateEntropy20260901.modulusProduct_dvd_affineDifferenceProduct' depends on axioms: [propext]
info: IUTThreeClosures/AffineTemplateEntropy20260901.lean:775:0: 'IUTThreeClosures.AffineTemplateEntropy20260901.nonzero_cubicProduct_bound' depends on axioms: [propext]
info: IUTThreeClosures/AffineTemplateEntropy20260901.lean:776:0: 'IUTThreeClosures.AffineTemplateEntropy20260901.secondForm_natAbs_le' depends on axioms: [propext]
info: IUTThreeClosures/AffineTemplateEntropy20260901.lean:777:0: 'IUTThreeClosures.AffineTemplateEntropy20260901.thirdForm_natAbs_le' depends on axioms: [propext]
info: IUTThreeClosures/AffineTemplateEntropy20260901.lean:778:0: 'IUTThreeClosures.AffineTemplateEntropy20260901.threeForm_separated_of_direct_bounds' depends on axioms: [propext,
 Classical.choice,
 Quot.sound]
info: IUTThreeClosures/AffineTemplateEntropy20260901.lean:779:0: 'IUTThreeClosures.AffineTemplateEntropy20260901.threeForm_separated' depends on axioms: [propext,
 Classical.choice,
 Quot.sound]
info: IUTThreeClosures/AffineTemplateEntropy20260901.lean:780:0: 'IUTThreeClosures.AffineTemplateEntropy20260901.dist_le_of_same_cell' depends on axioms: [propext,
 Classical.choice,
 Quot.sound]
info: IUTThreeClosures/AffineTemplateEntropy20260901.lean:781:0: 'IUTThreeClosures.AffineTemplateEntropy20260901.pairSupDist_le_of_same_cell' depends on axioms: [propext,
 Classical.choice,
 Quot.sound]
info: IUTThreeClosures/AffineTemplateEntropy20260901.lean:782:0: 'IUTThreeClosures.AffineTemplateEntropy20260901.supCell_injectiveOn_of_separated' depends on axioms: [propext,
 Classical.choice,
 Quot.sound]
info: IUTThreeClosures/AffineTemplateEntropy20260901.lean:783:0: 'IUTThreeClosures.AffineTemplateEntropy20260901.supSeparated_card_le' depends on axioms: [propext,
 Classical.choice,
 Quot.sound]
info: IUTThreeClosures/AffineTemplateEntropy20260901.lean:784:0: 'IUTThreeClosures.AffineTemplateEntropy20260901.finiteTemplateUnion_entropy' depends on axioms: [propext,
 Classical.choice,
 Quot.sound]
info: IUTThreeClosures/AffineTemplateEntropy20260901.lean:785:0: 'IUTThreeClosures.AffineTemplateEntropy20260901.finiteTemplateUnion_card_le' depends on axioms: [propext,
 Classical.choice,
 Quot.sound]
info: IUTThreeClosures/AffineTemplateEntropy20260901.lean:786:0: 'IUTThreeClosures.AffineTemplateEntropy20260901.radical_ratio_bound' depends on axioms: [propext, Quot.sound]
info: IUTThreeClosures/AffineTemplateEntropy20260901.lean:787:0: 'IUTThreeClosures.AffineTemplateEntropy20260901.canonical_cubicThreshold_scale13' depends on axioms: [propext,
 Classical.choice,
 Quot.sound]
info: IUTThreeClosures/AffineTemplateEntropy20260901.lean:788:0: 'IUTThreeClosures.AffineTemplateEntropy20260901.canonical_longCapThreshold_scale13' depends on axioms: [propext,
 Classical.choice,
 Quot.sound]
info: IUTThreeClosures/AffineTemplateEntropy20260901.lean:789:0: 'IUTThreeClosures.AffineTemplateEntropy20260901.canonical_cellConstant_twelve' depends on axioms: [propext,
 Classical.choice,
 Quot.sound]
info: IUTThreeClosures/AffineTemplateEntropy20260901.lean:790:0: 'IUTThreeClosures.AffineTemplateEntropy20260901.canonical_templateCard_mul_radicalSq_lt' depends on axioms: [propext,
 Classical.choice,
 Quot.sound]
info: IUTThreeClosures/AffineTemplateEntropy20260901.lean:791:0: 'IUTThreeClosures.AffineTemplateEntropy20260901.canonicalCellCount_scaled_lt' depends on axioms: [propext,
 Classical.choice,
 Quot.sound]
info: IUTThreeClosures/AffineTemplateEntropy20260901.lean:792:0: 'IUTThreeClosures.AffineTemplateEntropy20260901.canonical_supSeparated_card_mul_radicalSq_lt' depends on axioms: [propext,
 Classical.choice,
 Quot.sound]
info: IUTThreeClosures/AffineTemplateEntropy20260901.lean:793:0: 'IUTThreeClosures.AffineTemplateEntropy20260901.cancel_coprime_affineStep' depends on axioms: [propext,
 Classical.choice,
 Quot.sound]
info: IUTThreeClosures/AffineTemplateEntropy20260901.lean:794:0: 'IUTThreeClosures.AffineTemplateEntropy20260901.affineTemplate_membership_gives_differenceDivisibilities' depends on axioms: [propext,
 Classical.choice,
 Quot.sound]
info: IUTThreeClosures/AffineTemplateEntropy20260901.lean:795:0: 'IUTThreeClosures.AffineTemplateEntropy20260901.determinantOnlySeparation_counterexample' depends on axioms: [propext,
 Classical.choice,
 Quot.sound]
info: IUTThreeClosures/AffineTemplateEntropy20260901.lean:796:0: 'IUTThreeClosures.AffineTemplateEntropy20260901.omitting_Ucap_breaks_threeForm_separation' depends on axioms: [propext,
 Classical.choice,
 Quot.sound]
ℹ [9150/9224] Replayed IUTThreeClosures.AffineDeterminantLayerEntropy20260901
info: IUTThreeClosures/AffineDeterminantLayerEntropy20260901.lean:85:0: 'IUTThreeClosures.AffineDeterminantLayerEntropy20260901.threeForm_modulusProduct_dvd_det' depends on axioms: [propext,
 Quot.sound]
info: IUTThreeClosures/AffineDeterminantLayerEntropy20260901.lean:98:0: 'IUTThreeClosures.AffineDeterminantLayerEntropy20260901.eq_zero_of_modulus_dvd_and_natAbs_lt' depends on axioms: [propext,
 Quot.sound]
info: IUTThreeClosures/AffineDeterminantLayerEntropy20260901.lean:120:0: 'IUTThreeClosures.AffineDeterminantLayerEntropy20260901.signedPairDet_eq_zero_of_template_and_bound' depends on axioms: [propext,
 Quot.sound]
info: IUTThreeClosures/AffineDeterminantLayerEntropy20260901.lean:162:0: 'IUTThreeClosures.AffineDeterminantLayerEntropy20260901.fractionalTemplateCover_card_le' depends on axioms: [propext,
 Classical.choice,
 Quot.sound]
info: IUTThreeClosures/AffineDeterminantLayerEntropy20260901.lean:717:0: 'IUTThreeClosures.AffineDeterminantLayerEntropy20260901.signedPairDet_eq_zero_of_dvd_of_coordinateBounds' depends on axioms: [propext,
 Quot.sound]
info: IUTThreeClosures/AffineDeterminantLayerEntropy20260901.lean:718:0: 'IUTThreeClosures.AffineDeterminantLayerEntropy20260901.threeForm_signedPairDet_eq_zero_of_large_modulusProduct' depends on axioms: [propext,
 Quot.sound]
info: IUTThreeClosures/AffineDeterminantLayerEntropy20260901.lean:719:0: 'IUTThreeClosures.AffineDeterminantLayerEntropy20260901.oneDimSeparated_card_le' depends on axioms: [propext,
 Classical.choice,
 Quot.sound]
info: IUTThreeClosures/AffineDeterminantLayerEntropy20260901.lean:720:0: 'IUTThreeClosures.AffineDeterminantLayerEntropy20260901.dominantFirstCoordinate_card_le' depends on axioms: [propext,
 Classical.choice,
 Quot.sound]
info: IUTThreeClosures/AffineDeterminantLayerEntropy20260901.lean:721:0: 'IUTThreeClosures.AffineDeterminantLayerEntropy20260901.primitive_subcritical_c_ge_nine' depends on axioms: [propext,
 Classical.choice,
 Quot.sound]
info: IUTThreeClosures/AffineDeterminantLayerEntropy20260901.lean:722:0: 'IUTThreeClosures.AffineDeterminantLayerEntropy20260901.canonical_cubicThreshold_scale12' depends on axioms: [propext,
 Classical.choice,
 Quot.sound]
info: IUTThreeClosures/AffineDeterminantLayerEntropy20260901.lean:723:0: 'IUTThreeClosures.AffineDeterminantLayerEntropy20260901.canonical_longCapThreshold_scale12' depends on axioms: [propext,
 Classical.choice,
 Quot.sound]
info: IUTThreeClosures/AffineDeterminantLayerEntropy20260901.lean:724:0: 'IUTThreeClosures.AffineDeterminantLayerEntropy20260901.canonical_cubicThreshold_scale22' depends on axioms: [propext,
 Classical.choice,
 Quot.sound]
info: IUTThreeClosures/AffineDeterminantLayerEntropy20260901.lean:725:0: 'IUTThreeClosures.AffineDeterminantLayerEntropy20260901.canonical_longCapThreshold_scale22' depends on axioms: [propext,
 Classical.choice,
 Quot.sound]
info: IUTThreeClosures/AffineDeterminantLayerEntropy20260901.lean:726:0: 'IUTThreeClosures.AffineDeterminantLayerEntropy20260901.canonical_threshold_forces_twice_boxSq' depends on axioms: [propext,
 Classical.choice,
 Quot.sound]
info: IUTThreeClosures/AffineDeterminantLayerEntropy20260901.lean:727:0: 'IUTThreeClosures.AffineDeterminantLayerEntropy20260901.areaOnlyTemplateBound_counterexample' depends on axioms: [propext,
 Classical.choice,
 Quot.sound]
info: IUTThreeClosures/AffineDeterminantLayerEntropy20260901.lean:728:0: 'IUTThreeClosures.AffineDeterminantLayerEntropy20260901.adaptiveTemplateUnion_not_separated_counterexample' depends on axioms: [propext,
 Classical.choice,
 Quot.sound]
info: IUTThreeClosures/AffineDeterminantLayerEntropy20260901.lean:729:0: 'IUTThreeClosures.AffineDeterminantLayerEntropy20260901.zeroDensityStrictEntropy_counterexample' depends on axioms: [propext,
 Classical.choice,
 Quot.sound]
ℹ [9151/9224] Replayed IUTThreeClosures.MersennePrimeLayerRadical20260901
info: IUTThreeClosures/MersennePrimeLayerRadical20260901.lean:503:0: 'IUTThreeClosures.mersenne_not_primePow_of_composite' depends on axioms: [propext, Classical.choice, Quot.sound]
info: IUTThreeClosures/MersennePrimeLayerRadical20260901.lean:504:0: 'IUTThreeClosures.mersenne_composite_two_support' depends on axioms: [propext, Classical.choice, Quot.sound]
info: IUTThreeClosures/MersennePrimeLayerRadical20260901.lean:505:0: 'IUTThreeClosures.prime_index_mersenne_factor_order' depends on axioms: [propext, Classical.choice, Quot.sound]
info: IUTThreeClosures/MersennePrimeLayerRadical20260901.lean:506:0: 'IUTThreeClosures.prime_index_mersenne_factor_two_mul_dvd' depends on axioms: [propext, Classical.choice, Quot.sound]
info: IUTThreeClosures/MersennePrimeLayerRadical20260901.lean:507:0: 'IUTThreeClosures.prime_index_mersenne_factor_lower' depends on axioms: [propext, Classical.choice, Quot.sound]
info: IUTThreeClosures/MersennePrimeLayerRadical20260901.lean:508:0: 'IUTThreeClosures.two_distinct_prime_factors_radical_lower' depends on axioms: [propext, Classical.choice, Quot.sound]
info: IUTThreeClosures/MersennePrimeLayerRadical20260901.lean:509:0: 'IUTThreeClosures.composite_prime_index_mersenne_radical_lower' depends on axioms: [propext,
 Classical.choice,
 Quot.sound]
info: IUTThreeClosures/MersennePrimeLayerRadical20260901.lean:510:0: 'IUTThreeClosures.two_distinct_prime_factors_radical_asymmetric' depends on axioms: [propext,
 Classical.choice,
 Quot.sound]
info: IUTThreeClosures/MersennePrimeLayerRadical20260901.lean:511:0: 'IUTThreeClosures.composite_prime_index_radical_of_large_factor' depends on axioms: [propext,
 Classical.choice,
 Quot.sound]
info: IUTThreeClosures/MersennePrimeLayerRadical20260901.lean:512:0: 'IUTThreeClosures.composite_prime_index_powerLoss_bound' depends on axioms: [propext, Classical.choice, Quot.sound]
info: IUTThreeClosures/MersennePrimeLayerRadical20260901.lean:513:0: 'IUTThreeClosures.composite_prime_index_powerLoss_of_large_factor' depends on axioms: [propext,
 Classical.choice,
 Quot.sound]
info: IUTThreeClosures/MersennePrimeLayerRadical20260901.lean:514:0: 'IUTThreeClosures.orderBlockMassSum_le_smallDivisors_add_totient_tail' depends on axioms: [propext,
 Classical.choice,
 Quot.sound]
info: IUTThreeClosures/MersennePrimeLayerRadical20260901.lean:515:0: 'IUTThreeClosures.orderBlockMassSum_le_prefix_add_totient_tail' depends on axioms: [propext,
 Classical.choice,
 Quot.sound]
info: IUTThreeClosures/MersennePrimeLayerRadical20260901.lean:516:0: 'IUTThreeClosures.totalMass_le_prefix_add_totient_tail_add_log' depends on axioms: [propext,
 Classical.choice,
 Quot.sound]
info: IUTThreeClosures/MersennePrimeLayerRadical20260901.lean:517:0: 'IUTThreeClosures.mersenne_six_factorization' depends on axioms: [propext]
info: IUTThreeClosures/MersennePrimeLayerRadical20260901.lean:518:0: 'IUTThreeClosures.mersenne_six_support' depends on axioms: [propext, Classical.choice, Quot.sound]
info: IUTThreeClosures/MersennePrimeLayerRadical20260901.lean:519:0: 'IUTThreeClosures.mersenne_six_radical' depends on axioms: [propext, Classical.choice, Quot.sound]
info: IUTThreeClosures/MersennePrimeLayerRadical20260901.lean:520:0: 'IUTThreeClosures.mersenne_six_three_order_and_baseValuation' depends on axioms: [propext, Classical.choice, Quot.sound]
info: IUTThreeClosures/MersennePrimeLayerRadical20260901.lean:521:0: 'IUTThreeClosures.mersenne_six_seven_order_and_baseValuation' depends on axioms: [propext, Classical.choice, Quot.sound]
info: IUTThreeClosures/MersennePrimeLayerRadical20260901.lean:522:0: 'IUTThreeClosures.mersenne_six_powerLoss' depends on axioms: [propext, Classical.choice, Quot.sound]
info: IUTThreeClosures/MersennePrimeLayerRadical20260901.lean:523:0: 'IUTThreeClosures.mersenne_37_semiprime' depends on axioms: [propext]
info: IUTThreeClosures/MersennePrimeLayerRadical20260901.lean:524:0: 'IUTThreeClosures.mersenne_prime_223' depends on axioms: [propext, Classical.choice, Quot.sound]
info: IUTThreeClosures/MersennePrimeLayerRadical20260901.lean:525:0: 'IUTThreeClosures.mersenne_prime_616318177' depends on axioms: [propext, Classical.choice, Quot.sound]
info: IUTThreeClosures/MersennePrimeLayerRadical20260901.lean:526:0: 'IUTThreeClosures.mersenne_37_support_exactly_two' depends on axioms: [propext, Classical.choice, Quot.sound]
info: IUTThreeClosures/MersennePrimeLayerRadical20260901.lean:527:0: 'IUTThreeClosures.mersenne_37_support_card' depends on axioms: [propext, Classical.choice, Quot.sound]
info: IUTThreeClosures/MersennePrimeLayerRadical20260901.lean:528:0: 'IUTThreeClosures.mersenne_11_semiprime' depends on axioms: [propext]
info: IUTThreeClosures/MersennePrimeLayerRadical20260901.lean:529:0: 'IUTThreeClosures.mersenne_prime_23' depends on axioms: [propext, Classical.choice, Quot.sound]
info: IUTThreeClosures/MersennePrimeLayerRadical20260901.lean:530:0: 'IUTThreeClosures.mersenne_prime_89' depends on axioms: [propext, Classical.choice, Quot.sound]
info: IUTThreeClosures/MersennePrimeLayerRadical20260901.lean:531:0: 'IUTThreeClosures.mersenne_11_support_exactly_two' depends on axioms: [propext, Classical.choice, Quot.sound]
info: IUTThreeClosures/MersennePrimeLayerRadical20260901.lean:532:0: 'IUTThreeClosures.mersenne_11_radical' depends on axioms: [propext, Classical.choice, Quot.sound]
info: IUTThreeClosures/MersennePrimeLayerRadical20260901.lean:533:0: 'IUTThreeClosures.mersenne_11_refutes_cubic_radical_lower' depends on axioms: [propext, Classical.choice, Quot.sound]
info: IUTThreeClosures/MersennePrimeLayerRadical20260901.lean:534:0: 'IUTThreeClosures.not_all_composite_prime_index_mersenne_three_support' depends on axioms: [propext,
 Classical.choice,
 Quot.sound]
info: IUTThreeClosures/MersennePrimeLayerRadical20260901.lean:535:0: 'IUTThreeClosures.not_all_composite_prime_index_mersenne_cubic_radical' depends on axioms: [propext,
 Classical.choice,
 Quot.sound]
ℹ [9152/9224] Replayed IUTThreeClosures.MersenneOrderBlockDecomposition20260901
info: IUTThreeClosures/MersenneOrderBlockDecomposition20260901.lean:573:0: 'IUTThreeClosures.MersenneOrderBlockDecomposition20260901.mersenneLiftingFactor_dvd_index' depends on axioms: [propext,
 Quot.sound]
info: IUTThreeClosures/MersenneOrderBlockDecomposition20260901.lean:574:0: 'IUTThreeClosures.MersenneOrderBlockDecomposition20260901.mersenneLiftingFactor_dvd_mersenne' depends on axioms: [propext,
 Quot.sound]
info: IUTThreeClosures/MersenneOrderBlockDecomposition20260901.lean:575:0: 'IUTThreeClosures.MersenneOrderBlockDecomposition20260901.mersenne_sub_one_pos' depends on axioms: [propext,
 Classical.choice,
 Quot.sound]
info: IUTThreeClosures/MersenneOrderBlockDecomposition20260901.lean:576:0: 'IUTThreeClosures.MersenneOrderBlockDecomposition20260901.prime_ne_two_of_dvd_mersenne' depends on axioms: [propext,
 Classical.choice,
 Quot.sound]
info: IUTThreeClosures/MersenneOrderBlockDecomposition20260901.lean:577:0: 'IUTThreeClosures.MersenneOrderBlockDecomposition20260901.zmod_two_pow_eq_one_of_prime_dvd_mersenne' depends on axioms: [propext,
 Classical.choice,
 Quot.sound]
info: IUTThreeClosures/MersenneOrderBlockDecomposition20260901.lean:578:0: 'IUTThreeClosures.MersenneOrderBlockDecomposition20260901.mersenneExactOrder_dvd_index' depends on axioms: [propext,
 Classical.choice,
 Quot.sound]
info: IUTThreeClosures/MersenneOrderBlockDecomposition20260901.lean:579:0: 'IUTThreeClosures.MersenneOrderBlockDecomposition20260901.mersenneExactOrder_dvd_prime_sub_one' depends on axioms: [propext,
 Classical.choice,
 Quot.sound]
info: IUTThreeClosures/MersenneOrderBlockDecomposition20260901.lean:580:0: 'IUTThreeClosures.MersenneOrderBlockDecomposition20260901.prime_not_dvd_mersenneExactOrder' depends on axioms: [propext,
 Classical.choice,
 Quot.sound]
info: IUTThreeClosures/MersenneOrderBlockDecomposition20260901.lean:581:0: 'IUTThreeClosures.MersenneOrderBlockDecomposition20260901.prime_dvd_exactOrder_mersenne' depends on axioms: [propext,
 Classical.choice,
 Quot.sound]
info: IUTThreeClosures/MersenneOrderBlockDecomposition20260901.lean:582:0: 'IUTThreeClosures.MersenneOrderBlockDecomposition20260901.factorization_mersenne_eq_exactOrder_add_index' depends on axioms: [propext,
 Classical.choice,
 Quot.sound]
info: IUTThreeClosures/MersenneOrderBlockDecomposition20260901.lean:583:0: 'IUTThreeClosures.MersenneOrderBlockDecomposition20260901.factorization_index_lt_mersenne' depends on axioms: [propext,
 Classical.choice,
 Quot.sound]
info: IUTThreeClosures/MersenneOrderBlockDecomposition20260901.lean:584:0: 'IUTThreeClosures.MersenneOrderBlockDecomposition20260901.factorization_liftingFactor_eq_index' depends on axioms: [propext,
 Classical.choice,
 Quot.sound]
info: IUTThreeClosures/MersenneOrderBlockDecomposition20260901.lean:585:0: 'IUTThreeClosures.MersenneOrderBlockDecomposition20260901.factorization_powerfulPart_add_one' depends on axioms: [propext,
 Classical.choice,
 Quot.sound]
info: IUTThreeClosures/MersenneOrderBlockDecomposition20260901.lean:586:0: 'IUTThreeClosures.MersenneOrderBlockDecomposition20260901.mersennePowerLoss_pos' depends on axioms: [propext,
 Classical.choice,
 Quot.sound]
info: IUTThreeClosures/MersenneOrderBlockDecomposition20260901.lean:587:0: 'IUTThreeClosures.MersenneOrderBlockDecomposition20260901.mersenneLiftingFactor_dvd_powerLoss' depends on axioms: [propext,
 Classical.choice,
 Quot.sound]
info: IUTThreeClosures/MersenneOrderBlockDecomposition20260901.lean:588:0: 'IUTThreeClosures.MersenneOrderBlockDecomposition20260901.mersennePowerLoss_eq_lifting_mul_base' depends on axioms: [propext,
 Classical.choice,
 Quot.sound]
info: IUTThreeClosures/MersenneOrderBlockDecomposition20260901.lean:589:0: 'IUTThreeClosures.MersenneOrderBlockDecomposition20260901.mersenneBaseQuotient_pos' depends on axioms: [propext,
 Classical.choice,
 Quot.sound]
info: IUTThreeClosures/MersenneOrderBlockDecomposition20260901.lean:590:0: 'IUTThreeClosures.MersenneOrderBlockDecomposition20260901.mersenneBaseQuotient_dvd_powerLoss' depends on axioms: [propext,
 Classical.choice,
 Quot.sound]
info: IUTThreeClosures/MersenneOrderBlockDecomposition20260901.lean:591:0: 'IUTThreeClosures.MersenneOrderBlockDecomposition20260901.factorization_baseQuotient_add_one_eq_exactOrder' depends on axioms: [propext,
 Classical.choice,
 Quot.sound]
info: IUTThreeClosures/MersenneOrderBlockDecomposition20260901.lean:592:0: 'IUTThreeClosures.MersenneOrderBlockDecomposition20260901.mersenneBaseQuotient_eq_primeProduct' depends on axioms: [propext,
 Classical.choice,
 Quot.sound]
info: IUTThreeClosures/MersenneOrderBlockDecomposition20260901.lean:593:0: 'IUTThreeClosures.MersenneOrderBlockDecomposition20260901.mersenneOrderBlock_eq_orderExponent' depends on axioms: [propext,
 Classical.choice,
 Quot.sound]
info: IUTThreeClosures/MersenneOrderBlockDecomposition20260901.lean:594:0: 'IUTThreeClosures.MersenneOrderBlockDecomposition20260901.mersenneExactOrder_mem_divisors' depends on axioms: [propext,
 Classical.choice,
 Quot.sound]
info: IUTThreeClosures/MersenneOrderBlockDecomposition20260901.lean:595:0: 'IUTThreeClosures.MersenneOrderBlockDecomposition20260901.mersenneOrderBlockProduct_eq_primeProduct' depends on axioms: [propext,
 Classical.choice,
 Quot.sound]
info: IUTThreeClosures/MersenneOrderBlockDecomposition20260901.lean:596:0: 'IUTThreeClosures.MersenneOrderBlockDecomposition20260901.mersenneBaseQuotient_eq_orderBlockProduct' depends on axioms: [propext,
 Classical.choice,
 Quot.sound]
info: IUTThreeClosures/MersenneOrderBlockDecomposition20260901.lean:597:0: 'IUTThreeClosures.MersenneOrderBlockDecomposition20260901.mersennePowerLoss_eq_lifting_mul_orderBlockProduct' depends on axioms: [propext,
 Classical.choice,
 Quot.sound]
info: IUTThreeClosures/MersenneOrderBlockDecomposition20260901.lean:598:0: 'IUTThreeClosures.MersenneOrderBlockDecomposition20260901.mersenneLiftingFactor_eq_gcd_index_powerLoss' depends on axioms: [propext,
 Classical.choice,
 Quot.sound]
info: IUTThreeClosures/MersenneOrderBlockDecomposition20260901.lean:599:0: 'IUTThreeClosures.MersenneOrderBlockDecomposition20260901.mersenneLiftingFactor_six' depends on axioms: [propext,
 Classical.choice,
 Quot.sound]
info: IUTThreeClosures/MersenneOrderBlockDecomposition20260901.lean:600:0: 'IUTThreeClosures.MersenneOrderBlockDecomposition20260901.mersenne_six_factorization_local' depends on axioms: [propext]
info: IUTThreeClosures/MersenneOrderBlockDecomposition20260901.lean:601:0: 'IUTThreeClosures.MersenneOrderBlockDecomposition20260901.mersenne_six_support_local' depends on axioms: [propext,
 Classical.choice,
 Quot.sound]
info: IUTThreeClosures/MersenneOrderBlockDecomposition20260901.lean:602:0: 'IUTThreeClosures.MersenneOrderBlockDecomposition20260901.mersenne_six_radical_local' depends on axioms: [propext,
 Classical.choice,
 Quot.sound]
info: IUTThreeClosures/MersenneOrderBlockDecomposition20260901.lean:603:0: 'IUTThreeClosures.MersenneOrderBlockDecomposition20260901.mersennePowerLoss_six' depends on axioms: [propext,
 Classical.choice,
 Quot.sound]
info: IUTThreeClosures/MersenneOrderBlockDecomposition20260901.lean:604:0: 'IUTThreeClosures.MersenneOrderBlockDecomposition20260901.mersenneBaseQuotient_six' depends on axioms: [propext,
 Classical.choice,
 Quot.sound]
info: IUTThreeClosures/MersenneOrderBlockDecomposition20260901.lean:605:0: 'IUTThreeClosures.MersenneOrderBlockDecomposition20260901.mersenneOrderBlockProduct_six' depends on axioms: [propext,
 Classical.choice,
 Quot.sound]
info: IUTThreeClosures/MersenneOrderBlockDecomposition20260901.lean:606:0: 'IUTThreeClosures.MersenneOrderBlockDecomposition20260901.mersennePowerLoss_six_decomposition' depends on axioms: [propext,
 Classical.choice,
 Quot.sound]
info: IUTThreeClosures/MersenneOrderBlockDecomposition20260901.lean:607:0: 'IUTThreeClosures.MersenneOrderBlockDecomposition20260901.mersennePowerLoss_six_orderBlockDecomposition' depends on axioms: [propext,
 Classical.choice,
 Quot.sound]
ℹ [9153/9224] Replayed IUTThreeClosures.MersenneOrderBlockAsymptotic20260901
info: IUTThreeClosures/MersenneOrderBlockAsymptotic20260901.lean:325:0: 'IUTThreeClosures.MersenneOrderBlockAsymptotic20260901.divisorOrderBlockMassSum_le_prefix_add_totientTail' depends on axioms: [propext,
 Classical.choice,
 Quot.sound]
info: IUTThreeClosures/MersenneOrderBlockAsymptotic20260901.lean:326:0: 'IUTThreeClosures.MersenneOrderBlockAsymptotic20260901.totalMass_isLittleO_of_orderBlock_totient' depends on axioms: [propext,
 Classical.choice,
 Quot.sound]
info: IUTThreeClosures/MersenneOrderBlockAsymptotic20260901.lean:327:0: 'IUTThreeClosures.MersenneOrderBlockAsymptotic20260901.mersenneCanonicalOrderBlock_pos' depends on axioms: [propext,
 Classical.choice,
 Quot.sound]
info: IUTThreeClosures/MersenneOrderBlockAsymptotic20260901.lean:328:0: 'IUTThreeClosures.MersenneOrderBlockAsymptotic20260901.mersenneOrderBlock_pos' depends on axioms: [propext,
 Classical.choice,
 Quot.sound]
info: IUTThreeClosures/MersenneOrderBlockAsymptotic20260901.lean:329:0: 'IUTThreeClosures.MersenneOrderBlockAsymptotic20260901.mersenneOrderBlock_eq_canonical' depends on axioms: [propext,
 Classical.choice,
 Quot.sound]
info: IUTThreeClosures/MersenneOrderBlockAsymptotic20260901.lean:330:0: 'IUTThreeClosures.MersenneOrderBlockAsymptotic20260901.log_mersenneOrderBlockProduct_eq_divisorMassSum' depends on axioms: [propext,
 Classical.choice,
 Quot.sound]
info: IUTThreeClosures/MersenneOrderBlockAsymptotic20260901.lean:331:0: 'IUTThreeClosures.MersenneOrderBlockAsymptotic20260901.log_mersennePowerLoss_eq_divisorMassSum_add_lifting' depends on axioms: [propext,
 Classical.choice,
 Quot.sound]
info: IUTThreeClosures/MersenneOrderBlockAsymptotic20260901.lean:332:0: 'IUTThreeClosures.MersenneOrderBlockAsymptotic20260901.log_mersenneLiftingFactor_nonneg' depends on axioms: [propext,
 Classical.choice,
 Quot.sound]
info: IUTThreeClosures/MersenneOrderBlockAsymptotic20260901.lean:333:0: 'IUTThreeClosures.MersenneOrderBlockAsymptotic20260901.log_mersenneLiftingFactor_le_log_index' depends on axioms: [propext,
 Classical.choice,
 Quot.sound]
info: IUTThreeClosures/MersenneOrderBlockAsymptotic20260901.lean:334:0: 'IUTThreeClosures.MersenneOrderBlockAsymptotic20260901.mersenneCanonicalOrderBlockLogMass_nonneg' depends on axioms: [propext,
 Classical.choice,
 Quot.sound]
info: IUTThreeClosures/MersenneOrderBlockAsymptotic20260901.lean:335:0: 'IUTThreeClosures.MersenneOrderBlockAsymptotic20260901.log_mersennePowerLoss_isLittleO_of_orderBlocks' depends on axioms: [propext,
 Classical.choice,
 Quot.sound]
ℹ [9154/9224] Replayed IUTThreeClosures.MersenneCanonicalBlockWitness20260901
info: IUTThreeClosures/MersenneCanonicalBlockWitness20260901.lean:140:0: 'IUTThreeClosures.MersenneCanonicalBlockWitness20260901.mersenneExactOrder_1093' depends on axioms: [propext,
 Classical.choice,
 Quot.sound]
info: IUTThreeClosures/MersenneCanonicalBlockWitness20260901.lean:141:0: 'IUTThreeClosures.MersenneCanonicalBlockWitness20260901.factorization_mersenne_364_at_1093' depends on axioms: [propext,
 Classical.choice,
 Quot.sound]
info: IUTThreeClosures/MersenneCanonicalBlockWitness20260901.lean:142:0: 'IUTThreeClosures.MersenneCanonicalBlockWitness20260901.prime_1093_dvd_mersenneCanonicalOrderBlock_364' depends on axioms: [propext,
 Classical.choice,
 Quot.sound]
info: IUTThreeClosures/MersenneCanonicalBlockWitness20260901.lean:143:0: 'IUTThreeClosures.MersenneCanonicalBlockWitness20260901.one_lt_mersenneCanonicalOrderBlock_364' depends on axioms: [propext,
 Classical.choice,
 Quot.sound]
info: IUTThreeClosures/MersenneCanonicalBlockWitness20260901.lean:144:0: 'IUTThreeClosures.MersenneCanonicalBlockWitness20260901.not_all_mersenneCanonicalOrderBlock_eq_one' depends on axioms: [propext,
 Classical.choice,
 Quot.sound]
ℹ [9155/9224] Replayed IUTThreeClosures.MersenneSuperWieferichDepth20260901
info: IUTThreeClosures/MersenneSuperWieferichDepth20260901.lean:793:0: 'IUTThreeClosures.MersenneSuperWieferichDepth20260901.nat_depthExcess_split' depends on axioms: [propext, Quot.sound]
info: IUTThreeClosures/MersenneSuperWieferichDepth20260901.lean:794:0: 'IUTThreeClosures.MersenneSuperWieferichDepth20260901.depthExcessMass_eq_truncated_add_tail' depends on axioms: [propext,
 Classical.choice,
 Quot.sound]
info: IUTThreeClosures/MersenneSuperWieferichDepth20260901.lean:795:0: 'IUTThreeClosures.MersenneSuperWieferichDepth20260901.depthTruncatedMass_le_cap_mul_support' depends on axioms: [propext,
 Classical.choice,
 Quot.sound]
info: IUTThreeClosures/MersenneSuperWieferichDepth20260901.lean:796:0: 'IUTThreeClosures.MersenneSuperWieferichDepth20260901.depthExcessMass_le_cap_mul_support_add_tail' depends on axioms: [propext,
 Classical.choice,
 Quot.sound]
info: IUTThreeClosures/MersenneSuperWieferichDepth20260901.lean:797:0: 'IUTThreeClosures.MersenneSuperWieferichDepth20260901.depthTailMass_eq_zero_of_depth_le' depends on axioms: [propext,
 Classical.choice,
 Quot.sound]
info: IUTThreeClosures/MersenneSuperWieferichDepth20260901.lean:798:0: 'IUTThreeClosures.MersenneSuperWieferichDepth20260901.depthExcessMass_le_cap_mul_support_of_depth_le' depends on axioms: [propext,
 Classical.choice,
 Quot.sound]
info: IUTThreeClosures/MersenneSuperWieferichDepth20260901.lean:799:0: 'IUTThreeClosures.MersenneSuperWieferichDepth20260901.depth_support_or_tail_of_large_excess' depends on axioms: [propext,
 Classical.choice,
 Quot.sound]
info: IUTThreeClosures/MersenneSuperWieferichDepth20260901.lean:800:0: 'IUTThreeClosures.MersenneSuperWieferichDepth20260901.depth_support_or_tail_of_large_excess_div' depends on axioms: [propext,
 Classical.choice,
 Quot.sound]
info: IUTThreeClosures/MersenneSuperWieferichDepth20260901.lean:801:0: 'IUTThreeClosures.MersenneSuperWieferichDepth20260901.depthLayer_count' depends on axioms: [propext,
 Classical.choice,
 Quot.sound]
info: IUTThreeClosures/MersenneSuperWieferichDepth20260901.lean:802:0: 'IUTThreeClosures.MersenneSuperWieferichDepth20260901.weighted_depthLayer_sum' depends on axioms: [propext,
 Classical.choice,
 Quot.sound]
info: IUTThreeClosures/MersenneSuperWieferichDepth20260901.lean:803:0: 'IUTThreeClosures.MersenneSuperWieferichDepth20260901.depthExcessMass_eq_sum_layers' depends on axioms: [propext,
 Classical.choice,
 Quot.sound]
info: IUTThreeClosures/MersenneSuperWieferichDepth20260901.lean:804:0: 'IUTThreeClosures.MersenneSuperWieferichDepth20260901.depthTailMass_eq_sum_layersAbove' depends on axioms: [propext,
 Classical.choice,
 Quot.sound]
info: IUTThreeClosures/MersenneSuperWieferichDepth20260901.lean:805:0: 'IUTThreeClosures.MersenneSuperWieferichDepth20260901.isLittleO_of_nonnegative_domination' depends on axioms: [propext,
 Classical.choice,
 Quot.sound]
info: IUTThreeClosures/MersenneSuperWieferichDepth20260901.lean:806:0: 'IUTThreeClosures.MersenneSuperWieferichDepth20260901.depthExcessMass_isLittleO_of_threshold' depends on axioms: [propext,
 Classical.choice,
 Quot.sound]
info: IUTThreeClosures/MersenneSuperWieferichDepth20260901.lean:807:0: 'IUTThreeClosures.MersenneSuperWieferichDepth20260901.totalExcessMass_isLittleO_of_support_and_deepThreshold' depends on axioms: [propext,
 Classical.choice,
 Quot.sound]
info: IUTThreeClosures/MersenneSuperWieferichDepth20260901.lean:808:0: 'IUTThreeClosures.MersenneSuperWieferichDepth20260901.mersenneCanonicalDeepFactor_pos' depends on axioms: [propext,
 Classical.choice,
 Quot.sound]
info: IUTThreeClosures/MersenneSuperWieferichDepth20260901.lean:809:0: 'IUTThreeClosures.MersenneSuperWieferichDepth20260901.mersenneRepeatedSupportFactor_pos' depends on axioms: [propext,
 Classical.choice,
 Quot.sound]
info: IUTThreeClosures/MersenneSuperWieferichDepth20260901.lean:810:0: 'IUTThreeClosures.MersenneSuperWieferichDepth20260901.canonicalExponent_split' depends on axioms: [propext, Quot.sound]
info: IUTThreeClosures/MersenneSuperWieferichDepth20260901.lean:811:0: 'IUTThreeClosures.MersenneSuperWieferichDepth20260901.mersenneCanonicalDeepFactor_eq_fullSupportProduct' depends on axioms: [propext,
 Classical.choice,
 Quot.sound]
info: IUTThreeClosures/MersenneSuperWieferichDepth20260901.lean:812:0: 'IUTThreeClosures.MersenneSuperWieferichDepth20260901.mersenneRepeatedSupportFactor_eq_fullSupportProduct' depends on axioms: [propext,
 Classical.choice,
 Quot.sound]
info: IUTThreeClosures/MersenneSuperWieferichDepth20260901.lean:813:0: 'IUTThreeClosures.MersenneSuperWieferichDepth20260901.mersenneCanonicalOrderBlock_eq_repeated_mul_deep' depends on axioms: [propext,
 Classical.choice,
 Quot.sound]
info: IUTThreeClosures/MersenneSuperWieferichDepth20260901.lean:814:0: 'IUTThreeClosures.MersenneSuperWieferichDepth20260901.log_mersenneCanonicalOrderBlock_eq_repeated_add_deep' depends on axioms: [propext,
 Classical.choice,
 Quot.sound]
info: IUTThreeClosures/MersenneSuperWieferichDepth20260901.lean:815:0: 'IUTThreeClosures.MersenneSuperWieferichDepth20260901.log_mersenneCanonicalDeepFactor_eq_depthExcessMass' depends on axioms: [propext,
 Classical.choice,
 Quot.sound]
info: IUTThreeClosures/MersenneSuperWieferichDepth20260901.lean:816:0: 'IUTThreeClosures.MersenneSuperWieferichDepth20260901.log_mersenneSuperSupportFactor_eq_depthSupportMass' depends on axioms: [propext,
 Classical.choice,
 Quot.sound]
info: IUTThreeClosures/MersenneSuperWieferichDepth20260901.lean:817:0: 'IUTThreeClosures.MersenneSuperWieferichDepth20260901.log_mersenneCanonicalDeepFactor_le_threshold' depends on axioms: [propext,
 Classical.choice,
 Quot.sound]
info: IUTThreeClosures/MersenneSuperWieferichDepth20260901.lean:818:0: 'IUTThreeClosures.MersenneSuperWieferichDepth20260901.log_mersenneCanonicalDeepFactor_isLittleO_of_threshold' depends on axioms: [propext,
 Classical.choice,
 Quot.sound]
info: IUTThreeClosures/MersenneSuperWieferichDepth20260901.lean:819:0: 'IUTThreeClosures.MersenneSuperWieferichDepth20260901.mersenneCanonicalOrderBlockLogMass_isLittleO_of_superDepthThreshold' depends on axioms: [propext,
 Classical.choice,
 Quot.sound]
info: IUTThreeClosures/MersenneSuperWieferichDepth20260901.lean:820:0: 'IUTThreeClosures.MersenneSuperWieferichDepth20260901.log_mersennePowerLoss_isLittleO_of_superDepthThreshold' depends on axioms: [propext,
 Classical.choice,
 Quot.sound]
info: IUTThreeClosures/MersenneSuperWieferichDepth20260901.lean:821:0: 'IUTThreeClosures.MersenneSuperWieferichDepth20260901.prime_3511' depends on axioms: [propext,
 Classical.choice,
 Quot.sound]
info: IUTThreeClosures/MersenneSuperWieferichDepth20260901.lean:822:0: 'IUTThreeClosures.MersenneSuperWieferichDepth20260901.wieferich_3511_sq_dvd_two_pow_1755_sub_one' depends on axioms: [propext]
info: IUTThreeClosures/MersenneSuperWieferichDepth20260901.lean:823:0: 'IUTThreeClosures.MersenneSuperWieferichDepth20260901.wieferich_3511_cube_not_dvd_two_pow_1755_sub_one' depends on axioms: [propext,
 Quot.sound]
info: IUTThreeClosures/MersenneSuperWieferichDepth20260901.lean:824:0: 'IUTThreeClosures.MersenneSuperWieferichDepth20260901.wieferich_3511_order_checks' depends on axioms: [propext]
info: IUTThreeClosures/MersenneSuperWieferichDepth20260901.lean:825:0: 'IUTThreeClosures.MersenneSuperWieferichDepth20260901.mersenneExactOrder_3511' depends on axioms: [propext,
 Classical.choice,
 Quot.sound]
info: IUTThreeClosures/MersenneSuperWieferichDepth20260901.lean:826:0: 'IUTThreeClosures.MersenneSuperWieferichDepth20260901.factorization_mersenne_1755_at_3511' depends on axioms: [propext,
 Classical.choice,
 Quot.sound]
info: IUTThreeClosures/MersenneSuperWieferichDepth20260901.lean:827:0: 'IUTThreeClosures.MersenneSuperWieferichDepth20260901.not_all_orderLevelWieferich_exactOrder_even' depends on axioms: [propext,
 Classical.choice,
 Quot.sound]
info: IUTThreeClosures/MersenneSuperWieferichDepth20260901.lean:828:0: 'IUTThreeClosures.MersenneSuperWieferichDepth20260901.prime_3511_dvd_mersenneCanonicalOrderBlock_1755' depends on axioms: [propext,
 Classical.choice,
 Quot.sound]
ℹ [9156/9224] Replayed IUTThreeClosures.MersenneWeightedOrderTail20260901
info: IUTThreeClosures/MersenneWeightedOrderTail20260901.lean:71:0: 'IUTThreeClosures.MersenneWeightedOrderTail20260901.exists_shell_profile_overload' depends on axioms: [propext,
 Classical.choice,
 Quot.sound]
info: IUTThreeClosures/MersenneWeightedOrderTail20260901.lean:97:0: 'IUTThreeClosures.MersenneWeightedOrderTail20260901.totalMass_le_of_profile_shell_bounds' depends on axioms: [propext,
 Classical.choice,
 Quot.sound]
info: IUTThreeClosures/MersenneWeightedOrderTail20260901.lean:118:0: 'IUTThreeClosures.MersenneWeightedOrderTail20260901.heavyMass_or_manyLight_of_total' depends on axioms: [propext,
 Classical.choice,
 Quot.sound]
info: IUTThreeClosures/MersenneWeightedOrderTail20260901.lean:131:0: 'IUTThreeClosures.MersenneWeightedOrderTail20260901.heavyCard_le_budget_div_threshold' depends on axioms: [propext,
 Classical.choice,
 Quot.sound]
info: IUTThreeClosures/MersenneWeightedOrderTail20260901.lean:151:0: 'IUTThreeClosures.MersenneWeightedOrderTail20260901.squareBudget_singleton_saturation' depends on axioms: [propext,
 Classical.choice,
 Quot.sound]
info: IUTThreeClosures/MersenneWeightedOrderTail20260901.lean:177:0: 'IUTThreeClosures.MersenneWeightedOrderTail20260901.divisorOrderBlockMassSum_isLittleO_of_totient' depends on axioms: [propext,
 Classical.choice,
 Quot.sound]
info: IUTThreeClosures/MersenneWeightedOrderTail20260901.lean:207:0: 'IUTThreeClosures.MersenneWeightedOrderTail20260901.log_mersenneLiftingFactor_isLittleO' depends on axioms: [propext,
 Classical.choice,
 Quot.sound]
info: IUTThreeClosures/MersenneWeightedOrderTail20260901.lean:250:0: 'IUTThreeClosures.MersenneWeightedOrderTail20260901.log_mersennePowerLoss_isLittleO_iff_divisorAverage' depends on axioms: [propext,
 Classical.choice,
 Quot.sound]
info: IUTThreeClosures/MersenneWeightedOrderTail20260901.lean:265:0: 'IUTThreeClosures.MersenneWeightedOrderTail20260901.divisorOrderBlockMassSum_split' depends on axioms: [propext,
 Classical.choice,
 Quot.sound]
info: IUTThreeClosures/MersenneWeightedOrderTail20260901.lean:298:0: 'IUTThreeClosures.MersenneWeightedOrderTail20260901.divisorAverage_isLittleO_of_smallBlocks_and_remainder' depends on axioms: [propext,
 Classical.choice,
 Quot.sound]
info: IUTThreeClosures/MersenneWeightedOrderTail20260901.lean:320:0: 'IUTThreeClosures.MersenneWeightedOrderTail20260901.log_mersennePowerLoss_isLittleO_of_smallBlocks_and_remainder' depends on axioms: [propext,
 Classical.choice,
 Quot.sound]
ℹ [9157/9224] Replayed IUTThreeClosures.MersenneTotientDivisorConcentration20260901
info: IUTThreeClosures/MersenneTotientDivisorConcentration20260901.lean:71:0: 'IUTThreeClosures.MersenneTotientDivisorConcentration20260901.threshold_mul_totientExceptionalDivisorMass_le' depends on axioms: [propext,
 Classical.choice,
 Quot.sound]
info: IUTThreeClosures/MersenneTotientDivisorConcentration20260901.lean:138:0: 'IUTThreeClosures.MersenneTotientDivisorConcentration20260901.divisorOrderBlockMassSum_le_threshold_add_exceptional' depends on axioms: [propext,
 Classical.choice,
 Quot.sound]
info: IUTThreeClosures/MersenneTotientDivisorConcentration20260901.lean:148:0: 'IUTThreeClosures.MersenneTotientDivisorConcentration20260901.totientExceptionalDivisorMass_nonneg' depends on axioms: [propext,
 Classical.choice,
 Quot.sound]
info: IUTThreeClosures/MersenneTotientDivisorConcentration20260901.lean:158:0: 'IUTThreeClosures.MersenneTotientDivisorConcentration20260901.divisorOrderBlockMassSum_nonneg' depends on axioms: [propext,
 Classical.choice,
 Quot.sound]
info: IUTThreeClosures/MersenneTotientDivisorConcentration20260901.lean:189:0: 'IUTThreeClosures.MersenneTotientDivisorConcentration20260901.totientExceptionalDivisorMass_isLittleO_of_divisorMass' depends on axioms: [propext,
 Classical.choice,
 Quot.sound]
info: IUTThreeClosures/MersenneTotientDivisorConcentration20260901.lean:254:0: 'IUTThreeClosures.MersenneTotientDivisorConcentration20260901.divisorOrderBlockMassSum_isLittleO_of_exceptionalTotientMass' depends on axioms: [propext,
 Classical.choice,
 Quot.sound]
info: IUTThreeClosures/MersenneTotientDivisorConcentration20260901.lean:277:0: 'IUTThreeClosures.MersenneTotientDivisorConcentration20260901.divisorOrderBlockMassSum_isLittleO_iff_exceptionalTotientMass' depends on axioms: [propext,
 Classical.choice,
 Quot.sound]
info: IUTThreeClosures/MersenneTotientDivisorConcentration20260901.lean:323:0: 'IUTThreeClosures.MersenneTotientDivisorConcentration20260901.restrictedDivisorMass_le_cap_totient' depends on axioms: [propext,
 Classical.choice,
 Quot.sound]
info: IUTThreeClosures/MersenneTotientDivisorConcentration20260901.lean:343:0: 'IUTThreeClosures.MersenneTotientDivisorConcentration20260901.isLittleO_natCast_of_nonneg_le' depends on axioms: [propext,
 Classical.choice,
 Quot.sound]
info: IUTThreeClosures/MersenneTotientDivisorConcentration20260901.lean:373:0: 'IUTThreeClosures.MersenneTotientDivisorConcentration20260901.restrictedDivisorMass_isLittleO_of_totient' depends on axioms: [propext,
 Classical.choice,
 Quot.sound]
info: IUTThreeClosures/MersenneTotientDivisorConcentration20260901.lean:396:0: 'IUTThreeClosures.MersenneTotientDivisorConcentration20260901.totientExceptionalDivisorMass_eq_restricted_add_complement' depends on axioms: [propext,
 Classical.choice,
 Quot.sound]
info: IUTThreeClosures/MersenneTotientDivisorConcentration20260901.lean:415:0: 'IUTThreeClosures.MersenneTotientDivisorConcentration20260901.restrictedExceptionalTotientDivisorMass_le_restrictedTotient' depends on axioms: [propext,
 Classical.choice,
 Quot.sound]
info: IUTThreeClosures/MersenneTotientDivisorConcentration20260901.lean:434:0: 'IUTThreeClosures.MersenneTotientDivisorConcentration20260901.restrictedExceptionalTotientDivisorMass_le_total' depends on axioms: [propext,
 Classical.choice,
 Quot.sound]
info: IUTThreeClosures/MersenneTotientDivisorConcentration20260901.lean:483:0: 'IUTThreeClosures.MersenneTotientDivisorConcentration20260901.divisorOrderBlockMassSum_isLittleO_of_localizedExceptional' depends on axioms: [propext,
 Classical.choice,
 Quot.sound]
info: IUTThreeClosures/MersenneTotientDivisorConcentration20260901.lean:524:0: 'IUTThreeClosures.MersenneTotientDivisorConcentration20260901.divisorOrderBlockMassSum_isLittleO_iff_localizedExceptional' depends on axioms: [propext,
 Classical.choice,
 Quot.sound]
info: IUTThreeClosures/MersenneTotientDivisorConcentration20260901.lean:761:0: 'IUTThreeClosures.MersenneTotientDivisorConcentration20260901.cyclotomic_eval_two_int_pos' depends on axioms: [propext,
 Classical.choice,
 Quot.sound]
info: IUTThreeClosures/MersenneTotientDivisorConcentration20260901.lean:762:0: 'IUTThreeClosures.MersenneTotientDivisorConcentration20260901.coe_mersenneCyclotomicValue_eq_eval_real' depends on axioms: [propext,
 Classical.choice,
 Quot.sound]
info: IUTThreeClosures/MersenneTotientDivisorConcentration20260901.lean:763:0: 'IUTThreeClosures.MersenneTotientDivisorConcentration20260901.mersenneCyclotomicValue_pos' depends on axioms: [propext,
 Classical.choice,
 Quot.sound]
info: IUTThreeClosures/MersenneTotientDivisorConcentration20260901.lean:764:0: 'IUTThreeClosures.MersenneTotientDivisorConcentration20260901.isRoot_cyclotomic_two_of_prime_dvd_value' depends on axioms: [propext,
 Classical.choice,
 Quot.sound]
info: IUTThreeClosures/MersenneTotientDivisorConcentration20260901.lean:765:0: 'IUTThreeClosures.MersenneTotientDivisorConcentration20260901.mersenneExactOrder_eq_of_prime_dvd_cyclotomicValue' depends on axioms: [propext,
 Classical.choice,
 Quot.sound]
info: IUTThreeClosures/MersenneTotientDivisorConcentration20260901.lean:766:0: 'IUTThreeClosures.MersenneTotientDivisorConcentration20260901.prod_mersenneCyclotomicValue_divisors_eq' depends on axioms: [propext,
 Classical.choice,
 Quot.sound]
info: IUTThreeClosures/MersenneTotientDivisorConcentration20260901.lean:767:0: 'IUTThreeClosures.MersenneTotientDivisorConcentration20260901.exactOrder_prime_fullPower_dvd_cyclotomicValue' depends on axioms: [propext,
 Classical.choice,
 Quot.sound]
info: IUTThreeClosures/MersenneTotientDivisorConcentration20260901.lean:768:0: 'IUTThreeClosures.MersenneTotientDivisorConcentration20260901.mersenneCanonicalOrderBlock_dvd_cyclotomicValue' depends on axioms: [propext,
 Classical.choice,
 Quot.sound]
info: IUTThreeClosures/MersenneTotientDivisorConcentration20260901.lean:769:0: 'IUTThreeClosures.MersenneTotientDivisorConcentration20260901.mersenneCyclotomicValue_le_three_pow_totient' depends on axioms: [propext,
 Classical.choice,
 Quot.sound]
info: IUTThreeClosures/MersenneTotientDivisorConcentration20260901.lean:770:0: 'IUTThreeClosures.MersenneTotientDivisorConcentration20260901.log_le_log_three_mul_totient_of_dvd_cyclotomicValue' depends on axioms: [propext,
 Classical.choice,
 Quot.sound]
info: IUTThreeClosures/MersenneTotientDivisorConcentration20260901.lean:771:0: 'IUTThreeClosures.MersenneTotientDivisorConcentration20260901.mersenneCanonicalOrderBlockLogMass_le_of_dvd_cyclotomicValue' depends on axioms: [propext,
 Classical.choice,
 Quot.sound]
info: IUTThreeClosures/MersenneTotientDivisorConcentration20260901.lean:772:0: 'IUTThreeClosures.MersenneTotientDivisorConcentration20260901.mersenneCanonicalOrderBlockLogMass_le_cyclotomicCap' depends on axioms: [propext,
 Classical.choice,
 Quot.sound]
info: IUTThreeClosures/MersenneTotientDivisorConcentration20260901.lean:801:0: 'IUTThreeClosures.MersenneTotientDivisorConcentration20260901.log_mersennePowerLoss_isLittleO_of_localizedExceptional' depends on axioms: [propext,
 Classical.choice,
 Quot.sound]
info: IUTThreeClosures/MersenneTotientDivisorConcentration20260901.lean:824:0: 'IUTThreeClosures.MersenneTotientDivisorConcentration20260901.log_mersennePowerLoss_isLittleO_iff_localizedExceptional' depends on axioms: [propext,
 Classical.choice,
 Quot.sound]
info: IUTThreeClosures/MersenneTotientDivisorConcentration20260901.lean:849:0: 'IUTThreeClosures.MersenneTotientDivisorConcentration20260901.totientLogDeficitSum_nonneg' depends on axioms: [propext,
 Classical.choice,
 Quot.sound]
info: IUTThreeClosures/MersenneTotientDivisorConcentration20260901.lean:897:0: 'IUTThreeClosures.MersenneTotientDivisorConcentration20260901.barrier_mul_restrictedTotient_le_logDeficit' depends on axioms: [propext,
 Classical.choice,
 Quot.sound]
info: IUTThreeClosures/MersenneTotientDivisorConcentration20260901.lean:934:0: 'IUTThreeClosures.MersenneTotientDivisorConcentration20260901.restrictedTotient_isLittleO_of_logDeficitMoment' depends on axioms: [propext,
 Classical.choice,
 Quot.sound]
info: IUTThreeClosures/MersenneTotientDivisorConcentration20260901.lean:2100:0: 'IUTThreeClosures.MersenneTotientDivisorConcentration20260901.ExactMoment.totientMovingLogDeficitTailWeight_eq_restrictedTotientDivisorMass' depends on axioms: [propext,
 Classical.choice,
 Quot.sound]
info: IUTThreeClosures/MersenneTotientDivisorConcentration20260901.lean:2101:0: 'IUTThreeClosures.MersenneTotientDivisorConcentration20260901.ExactMoment.totientMovingLogDeficitTailWeight_nonneg' depends on axioms: [propext,
 Classical.choice,
 Quot.sound]
info: IUTThreeClosures/MersenneTotientDivisorConcentration20260901.lean:2102:0: 'IUTThreeClosures.MersenneTotientDivisorConcentration20260901.ExactMoment.movingThreshold_mul_totientMovingLogDeficitTailWeight_le' depends on axioms: [propext,
 Classical.choice,
 Quot.sound]
info: IUTThreeClosures/MersenneTotientDivisorConcentration20260901.lean:2103:0: 'IUTThreeClosures.MersenneTotientDivisorConcentration20260901.ExactMoment.totientMovingLogDeficitTailWeight_isLittleO' depends on axioms: [propext,
 Classical.choice,
 Quot.sound]
info: IUTThreeClosures/MersenneTotientDivisorConcentration20260901.lean:2104:0: 'IUTThreeClosures.MersenneTotientDivisorConcentration20260901.ExactMoment.totientMovingLogDeficitTailWeight_loglog_sq_isLittleO' depends on axioms: [propext,
 Classical.choice,
 Quot.sound]
info: IUTThreeClosures/MersenneTotientDivisorConcentration20260901.lean:2106:0: 'IUTThreeClosures.MersenneTotientDivisorConcentration20260901.ExactMoment.primePowerDeficitMoment_eq_geomSum' depends on axioms: [propext,
 Classical.choice,
 Quot.sound]
info: IUTThreeClosures/MersenneTotientDivisorConcentration20260901.lean:2107:0: 'IUTThreeClosures.MersenneTotientDivisorConcentration20260901.ExactMoment.normalizedTotientLogDeficitMoment_exact' depends on axioms: [propext,
 Classical.choice,
 Quot.sound]
info: IUTThreeClosures/MersenneTotientDivisorConcentration20260901.lean:2108:0: 'IUTThreeClosures.MersenneTotientDivisorConcentration20260901.ExactMoment.primeFactorHarmonicLogSum_isBigO_loglog' depends on axioms: [propext,
 Classical.choice,
 Quot.sound]
info: IUTThreeClosures/MersenneTotientDivisorConcentration20260901.lean:2109:0: 'IUTThreeClosures.MersenneTotientDivisorConcentration20260901.ExactMoment.primeFactorHarmonicLogSum_isLittleO_log' depends on axioms: [propext,
 Classical.choice,
 Quot.sound]
info: IUTThreeClosures/MersenneTotientDivisorConcentration20260901.lean:2110:0: 'IUTThreeClosures.MersenneTotientDivisorConcentration20260901.ExactMoment.primeFactorDeficitMoment_isBigO_loglog' depends on axioms: [propext,
 Classical.choice,
 Quot.sound]
info: IUTThreeClosures/MersenneTotientDivisorConcentration20260901.lean:2111:0: 'IUTThreeClosures.MersenneTotientDivisorConcentration20260901.ExactMoment.primeFactorDeficitMoment_isLittleO_log' depends on axioms: [propext,
 Classical.choice,
 Quot.sound]
info: IUTThreeClosures/MersenneTotientDivisorConcentration20260901.lean:2112:0: 'IUTThreeClosures.MersenneTotientDivisorConcentration20260901.ExactMoment.threshold_mul_weightedEvent_le_moment' depends on axioms: [propext,
 Classical.choice,
 Quot.sound]
info: IUTThreeClosures/MersenneTotientDivisorConcentration20260901.lean:2113:0: 'IUTThreeClosures.MersenneTotientDivisorConcentration20260901.ExactMoment.totientLogDeficitTailWeight_isLittleO' depends on axioms: [propext,
 Classical.choice,
 Quot.sound]
info: IUTThreeClosures/MersenneTotientDivisorConcentration20260901.lean:2114:0: 'IUTThreeClosures.MersenneTotientDivisorConcentration20260901.ExactMoment.totientPowerSmallDivisorWeight_isLittleO' depends on axioms: [propext,
 Classical.choice,
 Quot.sound]
info: IUTThreeClosures/MersenneTotientDivisorConcentration20260901.lean:2145:0: 'IUTThreeClosures.MersenneTotientDivisorConcentration20260901.log_mersennePowerLoss_isLittleO_iff_movingLogDeficitExceptional' depends on axioms: [propext,
 Classical.choice,
 Quot.sound]
info: IUTThreeClosures/MersenneTotientDivisorConcentration20260901.lean:2168:0: 'IUTThreeClosures.MersenneTotientDivisorConcentration20260901.log_mersennePowerLoss_isLittleO_iff_loglogSquaredExceptional' depends on axioms: [propext,
 Classical.choice,
 Quot.sound]
info: IUTThreeClosures/MersenneTotientDivisorConcentration20260901.lean:2188:0: 'IUTThreeClosures.MersenneTotientDivisorConcentration20260901.totientLogDeficitSum_eq_exactMoment' depends on axioms: [propext,
 Classical.choice,
 Quot.sound]
info: IUTThreeClosures/MersenneTotientDivisorConcentration20260901.lean:2199:0: 'IUTThreeClosures.MersenneTotientDivisorConcentration20260901.totientLogDeficitSum_eq_mul_primeFactorDeficitMoment' depends on axioms: [propext,
 Classical.choice,
 Quot.sound]
info: IUTThreeClosures/MersenneTotientDivisorConcentration20260901.lean:2209:0: 'IUTThreeClosures.MersenneTotientDivisorConcentration20260901.card_divisors_two_pow' depends on axioms: [propext,
 Classical.choice,
 Quot.sound]
info: IUTThreeClosures/MersenneTotientDivisorConcentration20260901.lean:2221:0: 'IUTThreeClosures.MersenneTotientDivisorConcentration20260901.totient_two_pow_succ_ratio' depends on axioms: [propext,
 Classical.choice,
 Quot.sound]
ℹ [9158/9224] Replayed IUTThreeClosures.MersennePolylogCodivisorGate20260901
info: IUTThreeClosures/MersennePolylogCodivisorGate20260901.lean:185:0: 'IUTThreeClosures.MersennePolylogCodivisorGate20260901.totientExceptionalDivisorMass_eq_far_add_polylogLocalized' depends on axioms: [propext,
 Classical.choice,
 Quot.sound]
info: IUTThreeClosures/MersennePolylogCodivisorGate20260901.lean:186:0: 'IUTThreeClosures.MersennePolylogCodivisorGate20260901.totientExceptionalDivisorMass_le_polylogLocalized_add_far' depends on axioms: [propext,
 Classical.choice,
 Quot.sound]
info: IUTThreeClosures/MersennePolylogCodivisorGate20260901.lean:187:0: 'IUTThreeClosures.MersennePolylogCodivisorGate20260901.fixedPolylogScale_mul_polylogFarTotientMass_le_moment' depends on axioms: [propext,
 Classical.choice,
 Quot.sound]
info: IUTThreeClosures/MersennePolylogCodivisorGate20260901.lean:188:0: 'IUTThreeClosures.MersennePolylogCodivisorGate20260901.polylogFarTotientMass_le_constant_div' depends on axioms: [propext,
 Classical.choice,
 Quot.sound]
info: IUTThreeClosures/MersennePolylogCodivisorGate20260901.lean:236:0: 'IUTThreeClosures.MersennePolylogCodivisorGate20260901.isLittleO_natCast_of_all_fixed_approximants' depends on axioms: [propext,
 Classical.choice,
 Quot.sound]
info: IUTThreeClosures/MersennePolylogCodivisorGate20260901.lean:265:0: 'IUTThreeClosures.MersennePolylogCodivisorGate20260901.exists_uniform_polylogFarTotientMass_bound' depends on axioms: [propext,
 Classical.choice,
 Quot.sound]
info: IUTThreeClosures/MersennePolylogCodivisorGate20260901.lean:307:0: 'IUTThreeClosures.MersennePolylogCodivisorGate20260901.totientExceptionalDivisorMass_isLittleO_iff_all_fixedPolylogLocalized' depends on axioms: [propext,
 Classical.choice,
 Quot.sound]
info: IUTThreeClosures/MersennePolylogCodivisorGate20260901.lean:347:0: 'IUTThreeClosures.MersennePolylogCodivisorGate20260901.log_mersennePowerLoss_isLittleO_iff_all_fixedPolylogLocalized' depends on axioms: [propext,
 Classical.choice,
 Quot.sound]
⚠ [9159/9224] Replayed IUTThreeClosures.SquarePartExponentWeight
warning: IUTThreeClosures/SquarePartExponentWeight.lean:7:7: Files in mathlib cannot import the whole `Mathlib.Tactic` folder. Doing so would cause imports to be unnecessarily slow.

Note: This linter can be disabled with `set_option linter.style.header false`
info: IUTThreeClosures/SquarePartExponentWeight.lean:106:0: 'IUTThreeClosures.SquarePartExponentWeight.parityResidueWeight_le_radicalWeight' depends on axioms: [propext,
 Classical.choice,
 Quot.sound]
info: IUTThreeClosures/SquarePartExponentWeight.lean:107:0: 'IUTThreeClosures.SquarePartExponentWeight.totalWeight_le_radical_add_two_mul_squareRootWeight' depends on axioms: [propext,
 Classical.choice,
 Quot.sound]
info: IUTThreeClosures/SquarePartExponentWeight.lean:108:0: 'IUTThreeClosures.SquarePartExponentWeight.multiplicityExcessWeight_le_two_mul_squareRootWeight' depends on axioms: [propext,
 Classical.choice,
 Quot.sound]
info: IUTThreeClosures/SquarePartExponentWeight.lean:109:0: 'IUTThreeClosures.SquarePartExponentWeight.half_multiplicityExcessWeight_le_squareRootWeight' depends on axioms: [propext,
 Classical.choice,
 Quot.sound]
info: IUTThreeClosures/SquarePartExponentWeight.lean:110:0: 'IUTThreeClosures.SquarePartExponentWeight.squareRootWeight_large_of_multiplicityExcess_large' depends on axioms: [propext,
 Classical.choice,
 Quot.sound]
⚠ [9160/9224] Replayed IUTThreeClosures.CubePartExponentWeight
warning: IUTThreeClosures/CubePartExponentWeight.lean:7:7: Files in mathlib cannot import the whole `Mathlib.Tactic` folder. Doing so would cause imports to be unnecessarily slow.

Note: This linter can be disabled with `set_option linter.style.header false`
info: IUTThreeClosures/CubePartExponentWeight.lean:106:0: 'IUTThreeClosures.CubePartExponentWeight.cubicResidueWeight_le_two_mul_radicalWeight' depends on axioms: [propext,
 Classical.choice,
 Quot.sound]
info: IUTThreeClosures/CubePartExponentWeight.lean:107:0: 'IUTThreeClosures.CubePartExponentWeight.totalWeight_le_two_mul_radical_add_three_mul_cubeRootWeight' depends on axioms: [propext,
 Classical.choice,
 Quot.sound]
info: IUTThreeClosures/CubePartExponentWeight.lean:108:0: 'IUTThreeClosures.CubePartExponentWeight.excessAboveTwoRadicalLayers_le_three_mul_cubeRootWeight' depends on axioms: [propext,
 Classical.choice,
 Quot.sound]
info: IUTThreeClosures/CubePartExponentWeight.lean:109:0: 'IUTThreeClosures.CubePartExponentWeight.one_third_excessAboveTwoRadicalLayers_le_cubeRootWeight' depends on axioms: [propext,
 Classical.choice,
 Quot.sound]
info: IUTThreeClosures/CubePartExponentWeight.lean:110:0: 'IUTThreeClosures.CubePartExponentWeight.cubeRootWeight_large_of_excessAboveTwoRadicalLayers_large' depends on axioms: [propext,
 Classical.choice,
 Quot.sound]
⚠ [9161/9224] Replayed IUTThreeClosures.HeightViolationSquareRootScale
warning: IUTThreeClosures/HeightViolationSquareRootScale.lean:7:7: Files in mathlib cannot import the whole `Mathlib.Tactic` folder. Doing so would cause imports to be unnecessarily slow.

Note: This linter can be disabled with `set_option linter.style.header false`
info: IUTThreeClosures/HeightViolationSquareRootScale.lean:117:0: 'IUTThreeClosures.HeightViolationSquareRootScale.endpoint_squareRootScale_product' depends on axioms: [propext,
 Classical.choice,
 Quot.sound]
info: IUTThreeClosures/HeightViolationSquareRootScale.lean:118:0: 'IUTThreeClosures.HeightViolationSquareRootScale.endpoint_squareRootScale' depends on axioms: [propext,
 Classical.choice,
 Quot.sound]
info: IUTThreeClosures/HeightViolationSquareRootScale.lean:119:0: 'IUTThreeClosures.HeightViolationSquareRootScale.endpoint_squareRootScale_with_loss_product' depends on axioms: [propext,
 Classical.choice,
 Quot.sound]
info: IUTThreeClosures/HeightViolationSquareRootScale.lean:120:0: 'IUTThreeClosures.HeightViolationSquareRootScale.endpoint_squareRootScale_with_loss' depends on axioms: [propext,
 Classical.choice,
 Quot.sound]
info: IUTThreeClosures/HeightViolationSquareRootScale.lean:121:0: 'IUTThreeClosures.HeightViolationSquareRootScale.simultaneous_endpoint_squareRootScale' depends on axioms: [propext,
 Classical.choice,
 Quot.sound]
⚠ [9162/9224] Replayed IUTThreeClosures.SmallGapOrThreeSquareParts
warning: IUTThreeClosures/SmallGapOrThreeSquareParts.lean:7:7: Files in mathlib cannot import the whole `Mathlib.Tactic` folder. Doing so would cause imports to be unnecessarily slow.

Note: This linter can be disabled with `set_option linter.style.header false`
info: IUTThreeClosures/SmallGapOrThreeSquareParts.lean:105:0: 'IUTThreeClosures.SmallGapOrThreeSquareParts.small_endpoint_or_squareRootScale' depends on axioms: [propext,
 Classical.choice,
 Quot.sound]
info: IUTThreeClosures/SmallGapOrThreeSquareParts.lean:106:0: 'IUTThreeClosures.SmallGapOrThreeSquareParts.small_endpoint_or_normalized_squareRootScale' depends on axioms: [propext,
 Classical.choice,
 Quot.sound]
info: IUTThreeClosures/SmallGapOrThreeSquareParts.lean:107:0: 'IUTThreeClosures.SmallGapOrThreeSquareParts.shortGap_or_three_endpoint_squareRootScale' depends on axioms: [propext,
 Classical.choice,
 Quot.sound]
⚠ [9163/9224] Replayed IUTThreeClosures.PowerSquareGapPellBridge
warning: IUTThreeClosures/PowerSquareGapPellBridge.lean:7:7: Files in mathlib cannot import the whole `Mathlib.Tactic` folder. Doing so would cause imports to be unnecessarily slow.

Note: This linter can be disabled with `set_option linter.style.header false`
info: IUTThreeClosures/PowerSquareGapPellBridge.lean:113:0: 'IUTThreeClosures.PowerSquareGapPellBridge.exponentProfileProduct_eq_parityKernel_mul_squareRoot_sq' depends on axioms: [propext,
 Quot.sound]
info: IUTThreeClosures/PowerSquareGapPellBridge.lean:114:0: 'IUTThreeClosures.PowerSquareGapPellBridge.square_gap_equation' depends on axioms: [propext]
info: IUTThreeClosures/PowerSquareGapPellBridge.lean:115:0: 'IUTThreeClosures.PowerSquareGapPellBridge.square_gap_to_pell_norm_equation' depends on axioms: [propext]
info: IUTThreeClosures/PowerSquareGapPellBridge.lean:116:0: 'IUTThreeClosures.PowerSquareGapPellBridge.profile_gap_to_pell_norm_equation' depends on axioms: [propext, Quot.sound]
⚠ [9164/9224] Replayed IUTThreeClosures.ABCPointSquarefreePellWitness
warning: IUTThreeClosures/ABCPointSquarefreePellWitness.lean:9:7: Files in mathlib cannot import the whole `Mathlib.Tactic` folder. Doing so would cause imports to be unnecessarily slow.

Note: This linter can be disabled with `set_option linter.style.header false`
warning: IUTThreeClosures/ABCPointSquarefreePellWitness.lean:96:0: Please, write a comment here or remove this line, but do not place empty lines within commands!
Context:
                                           ↓
  ⏎    Nat.sq_mul_squarefree_of_pos P.c_pos⏎⏎  have hsmall : P.endpointMin = w * z ^ 2 := by⏎

Note: This linter can be disabled with `set_option linter.style.emptyLine false`
warning: IUTThreeClosures/ABCPointSquarefreePellWitness.lean:109:0: Please, write a comment here or remove this line, but do not place empty lines within commands!
Context:
                                 ↓
  ⏎      _ = v * y ^ 2 := by ring⏎⏎  have hconic : w * z ^ 2 + u * x ^ 2 = v * y ^ 2 := by⏎

Note: This linter can be disabled with `set_option linter.style.emptyLine false`
warning: IUTThreeClosures/ABCPointSquarefreePellWitness.lean:116:0: Please, write a comment here or remove this line, but do not place empty lines within commands!
Context:
                            ↓
  ⏎      _ = v * y ^ 2 := hc⏎⏎  have hpell :⏎

Note: This linter can be disabled with `set_option linter.style.emptyLine false`
warning: IUTThreeClosures/ABCPointSquarefreePellWitness.lean:120:0: Please, write a comment here or remove this line, but do not place empty lines within commands!
Context:
                                                                       ↓
  ⏎    PowerSquareGapPellBridge.square_gap_to_pell_norm_equation hconic⏎⏎  have hsmallDiv : w * z ∣ P.endpointMin := by⏎

Note: This linter can be disabled with `set_option linter.style.emptyLine false`
warning: IUTThreeClosures/ABCPointSquarefreePellWitness.lean:133:0: Please, write a comment here or remove this line, but do not place empty lines within commands!
Context:
           ↓
  ⏎    ring⏎⏎  refine ⟨{⏎

Note: This linter can be disabled with `set_option linter.style.emptyLine false`
info: IUTThreeClosures/ABCPointSquarefreePellWitness.lean:192:0: 'IUTThreeClosures.ABCPoint.endpointMin_add_largeEndpoint' depends on axioms: [propext, Quot.sound]
info: IUTThreeClosures/ABCPointSquarefreePellWitness.lean:193:0: 'IUTThreeClosures.ABCPoint.exists_squarefreePellWitness' depends on axioms: [propext, Classical.choice, Quot.sound]
info: IUTThreeClosures/ABCPointSquarefreePellWitness.lean:194:0: 'IUTThreeClosures.ABCPoint.SquarefreePellWitness.x_coprime_y' depends on axioms: [propext, Quot.sound]
info: IUTThreeClosures/ABCPointSquarefreePellWitness.lean:195:0: 'IUTThreeClosures.ABCPoint.SquarefreePellWitness.z_coprime_x' depends on axioms: [propext, Quot.sound]
info: IUTThreeClosures/ABCPointSquarefreePellWitness.lean:196:0: 'IUTThreeClosures.ABCPoint.SquarefreePellWitness.z_coprime_y' depends on axioms: [propext, Quot.sound]
⚠ [9165/9224] Replayed IUTThreeClosures.MovingPellApproximationIdentity
warning: IUTThreeClosures/MovingPellApproximationIdentity.lean:7:7: Files in mathlib cannot import the whole `Mathlib.Tactic` folder. Doing so would cause imports to be unnecessarily slow.

Note: This linter can be disabled with `set_option linter.style.header false`
info: IUTThreeClosures/MovingPellApproximationIdentity.lean:112:0: 'IUTThreeClosures.MovingPellApproximationIdentity.rational_square_gap_identity' depends on axioms: [propext,
 Classical.choice,
 Quot.sound]
info: IUTThreeClosures/MovingPellApproximationIdentity.lean:113:0: 'IUTThreeClosures.MovingPellApproximationIdentity.relative_gap_eq_scaled_square_error' depends on axioms: [propext,
 Classical.choice,
 Quot.sound]
info: IUTThreeClosures/MovingPellApproximationIdentity.lean:114:0: 'IUTThreeClosures.MovingPellApproximationIdentity.denominator_sq_mul_square_error_eq_gap' depends on axioms: [propext,
 Classical.choice,
 Quot.sound]
info: IUTThreeClosures/MovingPellApproximationIdentity.lean:115:0: 'IUTThreeClosures.MovingPellApproximationIdentity.ABCPoint.SquarefreePellWitness.relative_gap_identity' depends on axioms: [propext,
 Classical.choice,
 Quot.sound]
info: IUTThreeClosures/MovingPellApproximationIdentity.lean:116:0: 'IUTThreeClosures.MovingPellApproximationIdentity.ABCPoint.SquarefreePellWitness.endpoint_ratio_eq_scaled_square_error' depends on axioms: [propext,
 Classical.choice,
 Quot.sound]
⚠ [9166/9224] Replayed IUTThreeClosures.SquarefreePellCoefficientSupport
warning: IUTThreeClosures/SquarefreePellCoefficientSupport.lean:8:7: Files in mathlib cannot import the whole `Mathlib.Tactic` folder. Doing so would cause imports to be unnecessarily slow.

Note: This linter can be disabled with `set_option linter.style.header false`
info: IUTThreeClosures/SquarefreePellCoefficientSupport.lean:129:0: 'IUTThreeClosures.ABCPoint.SquarefreePellWitness.w_coprime_u' depends on axioms: [propext, Quot.sound]
info: IUTThreeClosures/SquarefreePellCoefficientSupport.lean:130:0: 'IUTThreeClosures.ABCPoint.SquarefreePellWitness.w_coprime_v' depends on axioms: [propext, Quot.sound]
info: IUTThreeClosures/SquarefreePellCoefficientSupport.lean:131:0: 'IUTThreeClosures.ABCPoint.SquarefreePellWitness.u_coprime_v' depends on axioms: [propext, Quot.sound]
info: IUTThreeClosures/SquarefreePellCoefficientSupport.lean:132:0: 'IUTThreeClosures.ABCPoint.SquarefreePellWitness.u_mul_v_squarefree' depends on axioms: [propext,
 Classical.choice,
 Quot.sound]
info: IUTThreeClosures/SquarefreePellCoefficientSupport.lean:133:0: 'IUTThreeClosures.ABCPoint.SquarefreePellWitness.w_mul_u_mul_v_squarefree' depends on axioms: [propext,
 Classical.choice,
 Quot.sound]
info: IUTThreeClosures/SquarefreePellCoefficientSupport.lean:134:0: 'IUTThreeClosures.ABCPoint.SquarefreePellWitness.w_dvd_smallRadical' depends on axioms: [propext,
 Classical.choice,
 Quot.sound]
info: IUTThreeClosures/SquarefreePellCoefficientSupport.lean:135:0: 'IUTThreeClosures.ABCPoint.SquarefreePellWitness.u_dvd_largeRadical' depends on axioms: [propext,
 Classical.choice,
 Quot.sound]
info: IUTThreeClosures/SquarefreePellCoefficientSupport.lean:136:0: 'IUTThreeClosures.ABCPoint.SquarefreePellWitness.v_dvd_cRadical' depends on axioms: [propext,
 Classical.choice,
 Quot.sound]
info: IUTThreeClosures/SquarefreePellCoefficientSupport.lean:137:0: 'IUTThreeClosures.ABCPoint.SquarefreePellWitness.coefficientProduct_dvd_abcRadical' depends on axioms: [propext,
 Classical.choice,
 Quot.sound]
info: IUTThreeClosures/SquarefreePellCoefficientSupport.lean:138:0: 'IUTThreeClosures.ABCPoint.SquarefreePellWitness.discriminantCoefficient_dvd_abcRadical' depends on axioms: [propext,
 Classical.choice,
 Quot.sound]
⚠ [9167/9224] Replayed IUTThreeClosures.MovingPellLocalResidue
warning: IUTThreeClosures/MovingPellLocalResidue.lean:8:7: Files in mathlib cannot import the whole `Mathlib.Tactic` folder. Doing so would cause imports to be unnecessarily slow.

Note: This linter can be disabled with `set_option linter.style.header false`
info: IUTThreeClosures/MovingPellLocalResidue.lean:177:0: 'IUTThreeClosures.MovingPellLocalResidue.isSquareMod_of_mul_square_mod_square' depends on axioms: [propext, Quot.sound]
info: IUTThreeClosures/MovingPellLocalResidue.lean:178:0: 'IUTThreeClosures.MovingPellLocalResidue.isNegativeSquareMod_of_mul_square_add_square' depends on axioms: [propext,
 Quot.sound]
info: IUTThreeClosures/MovingPellLocalResidue.lean:179:0: 'IUTThreeClosures.MovingPellLocalResidue.left_modEq_total_of_add_eq_of_dvd_right' depends on axioms: [propext]
info: IUTThreeClosures/MovingPellLocalResidue.lean:180:0: 'IUTThreeClosures.MovingPellLocalResidue.right_modEq_total_of_add_eq_of_dvd_left' depends on axioms: [propext]
info: IUTThreeClosures/MovingPellLocalResidue.lean:181:0: 'IUTThreeClosures.MovingPellLocalResidue.ABCPoint.SquarefreePellWitness.w_mul_v_isSquareMod_of_prime_dvd_u_mul_x' depends on axioms: [propext,
 Quot.sound]
info: IUTThreeClosures/MovingPellLocalResidue.lean:182:0: 'IUTThreeClosures.MovingPellLocalResidue.ABCPoint.SquarefreePellWitness.u_mul_v_isSquareMod_of_prime_dvd_w_mul_z' depends on axioms: [propext,
 Quot.sound]
info: IUTThreeClosures/MovingPellLocalResidue.lean:183:0: 'IUTThreeClosures.MovingPellLocalResidue.ABCPoint.SquarefreePellWitness.u_mul_w_isNegativeSquareMod_of_prime_dvd_v_mul_y' depends on axioms: [propext,
 Quot.sound]
⚠ [9168/9224] Replayed IUTThreeClosures.LargeEndpointCubeRootSelector
warning: IUTThreeClosures/LargeEndpointCubeRootSelector.lean:7:7: Files in mathlib cannot import the whole `Mathlib.Tactic` folder. Doing so would cause imports to be unnecessarily slow.

Note: This linter can be disabled with `set_option linter.style.header false`
info: IUTThreeClosures/LargeEndpointCubeRootSelector.lean:111:0: 'IUTThreeClosures.LargeEndpointCubeRootSelector.endpoint_cubeRootScale_with_loss_product' depends on axioms: [propext,
 Classical.choice,
 Quot.sound]
info: IUTThreeClosures/LargeEndpointCubeRootSelector.lean:112:0: 'IUTThreeClosures.LargeEndpointCubeRootSelector.endpoint_cubeRootScale_with_loss' depends on axioms: [propext,
 Classical.choice,
 Quot.sound]
info: IUTThreeClosures/LargeEndpointCubeRootSelector.lean:113:0: 'IUTThreeClosures.LargeEndpointCubeRootSelector.one_large_endpoint_has_cubeRootScale' depends on axioms: [propext,
 Classical.choice,
 Quot.sound]
info: IUTThreeClosures/LargeEndpointCubeRootSelector.lean:114:0: 'IUTThreeClosures.LargeEndpointCubeRootSelector.one_endpoint_has_cubeRootScale_with_two_losses' depends on axioms: [propext,
 Classical.choice,
 Quot.sound]
⚠ [9169/9224] Replayed IUTThreeClosures.SquareCubeMordellBridge
warning: IUTThreeClosures/SquareCubeMordellBridge.lean:8:7: Files in mathlib cannot import the whole `Mathlib.Tactic` folder. Doing so would cause imports to be unnecessarily slow.

Note: This linter can be disabled with `set_option linter.style.header false`
info: IUTThreeClosures/SquareCubeMordellBridge.lean:153:0: 'IUTThreeClosures.SquareCubeMordellBridge.exponentProfileProduct_eq_cubicKernel_mul_cubeRoot_cube' depends on axioms: [propext,
 Quot.sound]
info: IUTThreeClosures/SquareCubeMordellBridge.lean:154:0: 'IUTThreeClosures.SquareCubeMordellBridge.cube_square_gap_to_mordell_identity' depends on axioms: [propext]
info: IUTThreeClosures/SquareCubeMordellBridge.lean:155:0: 'IUTThreeClosures.SquareCubeMordellBridge.square_cube_gap_to_mordell_identity' depends on axioms: [propext]
info: IUTThreeClosures/SquareCubeMordellBridge.lean:156:0: 'IUTThreeClosures.SquareCubeMordellBridge.profile_cube_square_gap_to_mordell_identity' depends on axioms: [propext,
 Quot.sound]
info: IUTThreeClosures/SquareCubeMordellBridge.lean:157:0: 'IUTThreeClosures.SquareCubeMordellBridge.profile_square_cube_gap_to_mordell_identity' depends on axioms: [propext,
 Quot.sound]
⚠ [9170/9224] Replayed IUTThreeClosures.CanonicalPowerfulResidualCore
warning: IUTThreeClosures/CanonicalPowerfulResidualCore.lean:11:7: Files in mathlib cannot import the whole `Mathlib.Tactic` folder. Doing so would cause imports to be unnecessarily slow.

Note: This linter can be disabled with `set_option linter.style.header false`
info: IUTThreeClosures/CanonicalPowerfulResidualCore.lean:213:0: 'IUTThreeClosures.ABCPoint.endpointMin_add_largeEndpoint_eq_c' depends on axioms: [propext]
info: IUTThreeClosures/CanonicalPowerfulResidualCore.lean:214:0: 'IUTThreeClosures.ABCPoint.canonical_residual_gap_nat' depends on axioms: [propext, Classical.choice, Quot.sound]
info: IUTThreeClosures/CanonicalPowerfulResidualCore.lean:215:0: 'IUTThreeClosures.ABCPoint.canonical_residual_gap_int' depends on axioms: [propext, Classical.choice, Quot.sound]
info: IUTThreeClosures/CanonicalPowerfulResidualCore.lean:216:0: 'IUTThreeClosures.ABCPoint.canonicalPowerfulModuli_coprime' depends on axioms: [propext, Classical.choice, Quot.sound]
info: IUTThreeClosures/CanonicalPowerfulResidualCore.lean:217:0: 'IUTThreeClosures.ABCPoint.canonicalRadicalResiduals_coprime' depends on axioms: [propext, Classical.choice, Quot.sound]
info: IUTThreeClosures/CanonicalPowerfulResidualCore.lean:218:0: 'IUTThreeClosures.ABCPoint.endpointMin_coprime_canonicalLargeResidual' depends on axioms: [propext,
 Classical.choice,
 Quot.sound]
info: IUTThreeClosures/CanonicalPowerfulResidualCore.lean:219:0: 'IUTThreeClosures.ABCPoint.endpointMin_coprime_canonicalSumResidual' depends on axioms: [propext,
 Classical.choice,
 Quot.sound]
info: IUTThreeClosures/CanonicalPowerfulResidualCore.lean:220:0: 'IUTThreeClosures.ABCPoint.canonicalLargeResidual_squarefree' depends on axioms: [propext, Classical.choice, Quot.sound]
info: IUTThreeClosures/CanonicalPowerfulResidualCore.lean:221:0: 'IUTThreeClosures.ABCPoint.canonicalSumResidual_squarefree' depends on axioms: [propext, Classical.choice, Quot.sound]
info: IUTThreeClosures/CanonicalPowerfulResidualCore.lean:222:0: 'IUTThreeClosures.ABCPoint.radical_canonicalLargeModulus_dvd_residual' depends on axioms: [propext,
 Classical.choice,
 Quot.sound]
info: IUTThreeClosures/CanonicalPowerfulResidualCore.lean:223:0: 'IUTThreeClosures.ABCPoint.radical_canonicalSumModulus_dvd_residual' depends on axioms: [propext,
 Classical.choice,
 Quot.sound]
⚠ [9171/9224] Replayed IUTThreeClosures.CoprimeModuliResidualProductCore
warning: IUTThreeClosures/CoprimeModuliResidualProductCore.lean:77:4: `simp [hdiv]` is a flexible tactic modifying `⊢`. Try `simp?` and use the suggested `simp only [...]`. Alternatively, use `suffices` to explicitly state the simplified form.

Note: This linter can be disabled with `set_option linter.flexible false`
info: IUTThreeClosures/CoprimeModuliResidualProductCore.lean:77:4: Try this:
  [apply] simp only [ite_not, mul_ite, mul_zero, ge_iff_le]
info: IUTThreeClosures/CoprimeModuliResidualProductCore.lean:78:4: `exact mul_le_mul_of_nonneg_right hmodReal (hweight i hi)`
modifies the current goal, which was modified by the flexible tactic `simp` on line 77!
info: IUTThreeClosures/CoprimeModuliResidualProductCore.lean:239:0: 'IUTThreeClosures.CoprimeModuliResidualProductCore.residueWeight_le_modulusMinusOne_mul_residualRadicalWeight' depends on axioms: [propext,
 Classical.choice,
 Quot.sound]
info: IUTThreeClosures/CoprimeModuliResidualProductCore.lean:240:0: 'IUTThreeClosures.CoprimeModuliResidualProductCore.productResidualRadicalWeight_le_add' depends on axioms: [propext,
 Classical.choice,
 Quot.sound]
info: IUTThreeClosures/CoprimeModuliResidualProductCore.lean:241:0: 'IUTThreeClosures.CoprimeModuliResidualProductCore.productModulusResidueWeight_le' depends on axioms: [propext,
 Classical.choice,
 Quot.sound]
info: IUTThreeClosures/CoprimeModuliResidualProductCore.lean:242:0: 'IUTThreeClosures.CoprimeModuliResidualProductCore.productPowerRootWeight_lower_bound' depends on axioms: [propext,
 Classical.choice,
 Quot.sound]
info: IUTThreeClosures/CoprimeModuliResidualProductCore.lean:243:0: 'IUTThreeClosures.CoprimeModuliResidualProductCore.sixthPowerResidueWeight_le_five_mul_squareCubeResidualSum' depends on axioms: [propext,
 Classical.choice,
 Quot.sound]
info: IUTThreeClosures/CoprimeModuliResidualProductCore.lean:244:0: 'IUTThreeClosures.CoprimeModuliResidualProductCore.sixthPowerRootWeight_lower_bound' depends on axioms: [propext,
 Classical.choice,
 Quot.sound]
info: IUTThreeClosures/CoprimeModuliResidualProductCore.lean:245:0: 'IUTThreeClosures.CoprimeModuliResidualProductCore.squareResidualLarge_or_cubeResidualLarge_or_sixthRootLarge' depends on axioms: [propext,
 Classical.choice,
 Quot.sound]
info: IUTThreeClosures/CoprimeModuliResidualProductCore.lean:246:0: 'IUTThreeClosures.CoprimeModuliResidualProductCore.squareResidualLarge_or_cubeResidualLarge_of_sixthRootSmall' depends on axioms: [propext,
 Classical.choice,
 Quot.sound]
ℹ [9172/9224] Replayed IUTThreeClosures.CubePartSignedDefect
info: IUTThreeClosures/CubePartSignedDefect.lean:87:0: 'IUTThreeClosures.CubePartSignedDefect.signedTwoSurplus_le_three_mul_cubeRootWeight' depends on axioms: [propext,
 Classical.choice,
 Quot.sound]
info: IUTThreeClosures/CubePartSignedDefect.lean:88:0: 'IUTThreeClosures.CubePartSignedDefect.one_third_signedTwoSurplus_le_cubeRootWeight' depends on axioms: [propext,
 Classical.choice,
 Quot.sound]
info: IUTThreeClosures/CubePartSignedDefect.lean:89:0: 'IUTThreeClosures.CubePartSignedDefect.cubeRootWeight_large_of_signedTwoSurplus_large' depends on axioms: [propext,
 Classical.choice,
 Quot.sound]
ℹ [9173/9224] Replayed IUTThreeClosures.SquareCubeResidualSixthPower
info: IUTThreeClosures/SquareCubeResidualSixthPower.lean:355:0: 'IUTThreeClosures.SquareCubeResidualSixthPower.mod_six_le_square_cube_residual_budget' depends on axioms: [propext,
 Classical.choice,
 Quot.sound]
info: IUTThreeClosures/SquareCubeResidualSixthPower.lean:356:0: 'IUTThreeClosures.SquareCubeResidualSixthPower.div_two_add_div_three_le_sixth_budget' depends on axioms: [propext,
 Classical.choice,
 Quot.sound]
info: IUTThreeClosures/SquareCubeResidualSixthPower.lean:357:0: 'IUTThreeClosures.SquareCubeResidualSixthPower.sub_two_le_sixth_signed_budget' depends on axioms: [propext,
 Classical.choice,
 Quot.sound]
info: IUTThreeClosures/SquareCubeResidualSixthPower.lean:358:0: 'IUTThreeClosures.SquareCubeResidualSixthPower.sixthResidueWeight_le_three_squareResidual_add_four_cubeResidual' depends on axioms: [propext,
 Classical.choice,
 Quot.sound]
info: IUTThreeClosures/SquareCubeResidualSixthPower.lean:359:0: 'IUTThreeClosures.SquareCubeResidualSixthPower.squareRoot_add_cubeRoot_le_five_sixthRoot_add_residuals' depends on axioms: [propext,
 Classical.choice,
 Quot.sound]
info: IUTThreeClosures/SquareCubeResidualSixthPower.lean:360:0: 'IUTThreeClosures.SquareCubeResidualSixthPower.signedTwoSurplus_le_sixthRoot_add_residuals' depends on axioms: [propext,
 Classical.choice,
 Quot.sound]
info: IUTThreeClosures/SquareCubeResidualSixthPower.lean:361:0: 'IUTThreeClosures.SquareCubeResidualSixthPower.signedSurplus_forces_sixth_or_squareResidual_or_cubeResidual' depends on axioms: [propext,
 Classical.choice,
 Quot.sound]
info: IUTThreeClosures/SquareCubeResidualSixthPower.lean:362:0: 'IUTThreeClosures.SquareCubeResidualSixthPower.positive_signedSurplus_forces_quantitative_square_cube_sixth_split' depends on axioms: [propext,
 Classical.choice,
 Quot.sound]
info: IUTThreeClosures/SquareCubeResidualSixthPower.lean:363:0: 'IUTThreeClosures.SquareCubeResidualSixthPower.squareCubeRoots_force_sixth_or_residual' depends on axioms: [propext,
 Classical.choice,
 Quot.sound]
⚠ [9174/9224] Replayed IUTThreeClosures.NatExponentProfileBridge
warning: IUTThreeClosures/NatExponentProfileBridge.lean:10:7: Files in mathlib cannot import the whole `Mathlib.Tactic` folder. Doing so would cause imports to be unnecessarily slow.

Note: This linter can be disabled with `set_option linter.style.header false`
info: IUTThreeClosures/NatExponentProfileBridge.lean:223:0: 'IUTThreeClosures.NatExponentProfileBridge.prod_primeFactorPowers_eq_self' depends on axioms: [propext,
 Classical.choice,
 Quot.sound]
info: IUTThreeClosures/NatExponentProfileBridge.lean:224:0: 'IUTThreeClosures.NatExponentProfileBridge.exponentTotalWeight_primeFactorization_eq_log' depends on axioms: [propext,
 Classical.choice,
 Quot.sound]
info: IUTThreeClosures/NatExponentProfileBridge.lean:225:0: 'IUTThreeClosures.NatExponentProfileBridge.exponentRadicalWeight_primeFactorization_eq_log_radical' depends on axioms: [propext,
 Classical.choice,
 Quot.sound]
info: IUTThreeClosures/NatExponentProfileBridge.lean:226:0: 'IUTThreeClosures.NatExponentProfileBridge.singleEndpointSquareRadicalDefect_eq_profile' depends on axioms: [propext,
 Classical.choice,
 Quot.sound]
info: IUTThreeClosures/NatExponentProfileBridge.lean:227:0: 'IUTThreeClosures.NatExponentProfileBridge.natural_signed_defect_forces_cubeRoot' depends on axioms: [propext,
 Classical.choice,
 Quot.sound]
info: IUTThreeClosures/NatExponentProfileBridge.lean:228:0: 'IUTThreeClosures.NatExponentProfileBridge.natural_signed_defect_forces_square_cube_sixth_split' depends on axioms: [propext,
 Classical.choice,
 Quot.sound]
info: IUTThreeClosures/NatExponentProfileBridge.lean:229:0: 'IUTThreeClosures.ABCPoint.endpoint_cubeRoot_large_of_height_violation' depends on axioms: [propext,
 Classical.choice,
 Quot.sound]
info: IUTThreeClosures/NatExponentProfileBridge.lean:230:0: 'IUTThreeClosures.ABCPoint.endpoint_square_cube_sixth_split_of_height_violation' depends on axioms: [propext,
 Classical.choice,
 Quot.sound]
⚠ [9175/9224] Replayed IUTThreeClosures.CanonicalCubeEndpointNormalForm
warning: IUTThreeClosures/CanonicalCubeEndpointNormalForm.lean:7:7: Files in mathlib cannot import the whole `Mathlib.Tactic` folder. Doing so would cause imports to be unnecessarily slow.

Note: This linter can be disabled with `set_option linter.style.header false`
info: IUTThreeClosures/CanonicalCubeEndpointNormalForm.lean:150:0: 'IUTThreeClosures.CanonicalCubeEndpointNormalForm.natural_eq_cubeKernel_mul_cubeRoot_cube' depends on axioms: [propext,
 Classical.choice,
 Quot.sound]
info: IUTThreeClosures/CanonicalCubeEndpointNormalForm.lean:151:0: 'IUTThreeClosures.CanonicalCubeEndpointNormalForm.naturalCubeRoot_cube_dvd' depends on axioms: [propext,
 Classical.choice,
 Quot.sound]
info: IUTThreeClosures/CanonicalCubeEndpointNormalForm.lean:152:0: 'IUTThreeClosures.CanonicalCubeEndpointNormalForm.naturalCubeRoot_pos' depends on axioms: [propext,
 Classical.choice,
 Quot.sound]
info: IUTThreeClosures/CanonicalCubeEndpointNormalForm.lean:153:0: 'IUTThreeClosures.CanonicalCubeEndpointNormalForm.log_naturalCubeRoot_eq_weight' depends on axioms: [propext,
 Classical.choice,
 Quot.sound]
info: IUTThreeClosures/CanonicalCubeEndpointNormalForm.lean:154:0: 'IUTThreeClosures.CanonicalCubeEndpointNormalForm.log_naturalCubeRoot_cube_eq_three_weight' depends on axioms: [propext,
 Classical.choice,
 Quot.sound]
info: IUTThreeClosures/CanonicalCubeEndpointNormalForm.lean:155:0: 'IUTThreeClosures.ABCPoint.exists_large_canonical_cube_divisor_of_height_violation' depends on axioms: [propext,
 Classical.choice,
 Quot.sound]
ℹ [9176/9224] Replayed IUTThreeClosures.CrossSupportExponentDepth
info: IUTThreeClosures/CrossSupportExponentDepth.lean:292:0: 'IUTThreeClosures.CrossSupportExponentDepth.exponentProfileProduct_eq_firstLayer_mul_excessProduct' depends on axioms: [propext,
 Quot.sound]
info: IUTThreeClosures/CrossSupportExponentDepth.lean:293:0: 'IUTThreeClosures.CrossSupportExponentDepth.exponentTotalWeight_eq_radical_add_excessWeight' depends on axioms: [propext,
 Classical.choice,
 Quot.sound]
info: IUTThreeClosures/CrossSupportExponentDepth.lean:294:0: 'IUTThreeClosures.CrossSupportExponentDepth.exponentExcessWeight_le_depth_mul_radicalWeight' depends on axioms: [propext,
 Classical.choice,
 Quot.sound]
info: IUTThreeClosures/CrossSupportExponentDepth.lean:295:0: 'IUTThreeClosures.CrossSupportExponentDepth.exists_excessDepth_gt_of_excessWeight_gt' depends on axioms: [propext,
 Classical.choice,
 Quot.sound]
info: IUTThreeClosures/CrossSupportExponentDepth.lean:296:0: 'IUTThreeClosures.CrossSupportExponentDepth.exponentExcessWeight_le_depthBudget_add_tail' depends on axioms: [propext,
 Classical.choice,
 Quot.sound]
info: IUTThreeClosures/CrossSupportExponentDepth.lean:297:0: 'IUTThreeClosures.CrossSupportExponentDepth.twoSupport_excessWeight_le_depth_mul_radicalWeight' depends on axioms: [propext,
 Classical.choice,
 Quot.sound]
info: IUTThreeClosures/CrossSupportExponentDepth.lean:298:0: 'IUTThreeClosures.CrossSupportExponentDepth.exists_twoSupport_excessDepth_gt' depends on axioms: [propext,
 Classical.choice,
 Quot.sound]
info: IUTThreeClosures/CrossSupportExponentDepth.lean:299:0: 'IUTThreeClosures.CrossSupportExponentDepth.twoSupport_excessWeight_le_depthBudget_add_tails' depends on axioms: [propext,
 Classical.choice,
 Quot.sound]
info: IUTThreeClosures/CrossSupportExponentDepth.lean:300:0: 'IUTThreeClosures.CrossSupportExponentDepth.abcHeightBound_implies_twoVectorExcessBound' depends on axioms: [propext,
 Classical.choice,
 Quot.sound]
info: IUTThreeClosures/CrossSupportExponentDepth.lean:301:0: 'IUTThreeClosures.CrossSupportExponentDepth.twoVectorExcessBound_implies_abcHeightBound' depends on axioms: [propext,
 Classical.choice,
 Quot.sound]
info: IUTThreeClosures/CrossSupportExponentDepth.lean:302:0: 'IUTThreeClosures.CrossSupportExponentDepth.twoVectorExcessFailure_forces_oneSide' depends on axioms: [propext,
 Classical.choice,
 Quot.sound]
⚠ [9177/9224] Replayed IUTThreeClosures.CubefulTailQualityBridge
warning: IUTThreeClosures/CubefulTailQualityBridge.lean:7:7: Files in mathlib cannot import the whole `Mathlib.Tactic` folder. Doing so would cause imports to be unnecessarily slow.

Note: This linter can be disabled with `set_option linter.style.header false`
info: IUTThreeClosures/CubefulTailQualityBridge.lean:175:0: 'IUTThreeClosures.CubefulTailQualityBridge.endpointProduct_tailIdentity' depends on axioms: [propext,
 Classical.choice,
 Quot.sound]
info: IUTThreeClosures/CubefulTailQualityBridge.lean:176:0: 'IUTThreeClosures.CubefulTailQualityBridge.qualitySquare_tailSandwich' depends on axioms: [propext,
 Classical.choice,
 Quot.sound]
info: IUTThreeClosures/CubefulTailQualityBridge.lean:177:0: 'IUTThreeClosures.CubefulTailQualityBridge.tailBound_implies_qualitySquareBound' depends on axioms: [propext,
 Classical.choice,
 Quot.sound]
info: IUTThreeClosures/CubefulTailQualityBridge.lean:178:0: 'IUTThreeClosures.CubefulTailQualityBridge.qualitySquareBound_implies_tailBound' depends on axioms: [propext,
 Classical.choice,
 Quot.sound]
info: IUTThreeClosures/CubefulTailQualityBridge.lean:179:0: 'IUTThreeClosures.CubefulTailQualityBridge.criticalTailBound_implies_qualitySquareBound' depends on axioms: [propext,
 Classical.choice,
 Quot.sound]
⚠ [9178/9224] Replayed IUTThreeClosures.CanonicalExponentHeightLedger
warning: IUTThreeClosures/CanonicalExponentHeightLedger.lean:7:7: Files in mathlib cannot import the whole `Mathlib.Tactic` folder. Doing so would cause imports to be unnecessarily slow.

Note: This linter can be disabled with `set_option linter.style.header false`
info: IUTThreeClosures/CanonicalExponentHeightLedger.lean:133:0: 'IUTThreeClosures.CanonicalExponentHeightLedger.rightModulus_crossSupport_lower' depends on axioms: [propext,
 Classical.choice,
 Quot.sound]
info: IUTThreeClosures/CanonicalExponentHeightLedger.lean:134:0: 'IUTThreeClosures.CanonicalExponentHeightLedger.leftModulus_crossSupport_lower' depends on axioms: [propext,
 Classical.choice,
 Quot.sound]
info: IUTThreeClosures/CanonicalExponentHeightLedger.lean:135:0: 'IUTThreeClosures.CanonicalExponentHeightLedger.totalModulus_crossSupport_lower' depends on axioms: [propext,
 Classical.choice,
 Quot.sound]
info: IUTThreeClosures/CanonicalExponentHeightLedger.lean:136:0: 'IUTThreeClosures.CanonicalExponentHeightLedger.rightModulus_heightScale' depends on axioms: [propext,
 Classical.choice,
 Quot.sound]
info: IUTThreeClosures/CanonicalExponentHeightLedger.lean:137:0: 'IUTThreeClosures.CanonicalExponentHeightLedger.leftModulus_heightScale' depends on axioms: [propext,
 Classical.choice,
 Quot.sound]
info: IUTThreeClosures/CanonicalExponentHeightLedger.lean:138:0: 'IUTThreeClosures.CanonicalExponentHeightLedger.bothModuli_heightScale' depends on axioms: [propext,
 Classical.choice,
 Quot.sound]
info: IUTThreeClosures/CanonicalExponentHeightLedger.lean:139:0: 'IUTThreeClosures.CanonicalExponentHeightLedger.height_le_of_rightModulus_not_heightScale' depends on axioms: [propext,
 Classical.choice,
 Quot.sound]
info: IUTThreeClosures/CanonicalExponentHeightLedger.lean:140:0: 'IUTThreeClosures.CanonicalExponentHeightLedger.height_le_of_leftModulus_not_heightScale' depends on axioms: [propext,
 Classical.choice,
 Quot.sound]
⚠ [9179/9224] Replayed IUTThreeClosures.CanonicalAffineSupportCongruence
warning: IUTThreeClosures/CanonicalAffineSupportCongruence.lean:8:7: Files in mathlib cannot import the whole `Mathlib.Tactic` folder. Doing so would cause imports to be unnecessarily slow.

Note: This linter can be disabled with `set_option linter.style.header false`
warning: IUTThreeClosures/CanonicalAffineSupportCongruence.lean:135:27: Used `tac1 <;> tac2` where `(tac1; tac2)` would suffice

Note: This linter can be disabled with `set_option linter.unnecessarySeqFocus false`
info: IUTThreeClosures/CanonicalAffineSupportCongruence.lean:207:0: 'IUTThreeClosures.CanonicalAffineSupportCongruence.leftParameterShift_identity' depends on axioms: [propext, Quot.sound]
info: IUTThreeClosures/CanonicalAffineSupportCongruence.lean:208:0: 'IUTThreeClosures.CanonicalAffineSupportCongruence.rightParameterShift_identity' depends on axioms: [propext]
info: IUTThreeClosures/CanonicalAffineSupportCongruence.lean:209:0: 'IUTThreeClosures.CanonicalAffineSupportCongruence.commonDivisor_left_dvd_parameterShift' depends on axioms: [propext,
 Quot.sound]
info: IUTThreeClosures/CanonicalAffineSupportCongruence.lean:210:0: 'IUTThreeClosures.CanonicalAffineSupportCongruence.commonDivisor_right_dvd_parameterShift' depends on axioms: [propext]
info: IUTThreeClosures/CanonicalAffineSupportCongruence.lean:211:0: 'IUTThreeClosures.CanonicalAffineSupportCongruence.solution_leftSupport_dvd_parameterShift' depends on axioms: [propext,
 Quot.sound]
info: IUTThreeClosures/CanonicalAffineSupportCongruence.lean:212:0: 'IUTThreeClosures.CanonicalAffineSupportCongruence.solution_rightSupport_dvd_parameterShift' depends on axioms: [propext,
 Quot.sound]
info: IUTThreeClosures/CanonicalAffineSupportCongruence.lean:213:0: 'IUTThreeClosures.CanonicalAffineSupportCongruence.coprimeProduct_dvd_parameterSquare_sub' depends on axioms: [propext,
 Quot.sound]
info: IUTThreeClosures/CanonicalAffineSupportCongruence.lean:214:0: 'IUTThreeClosures.CanonicalAffineSupportCongruence.canonical_support_parameter_congruences' depends on axioms: [propext,
 Classical.choice,
 Quot.sound]
info: IUTThreeClosures/CanonicalAffineSupportCongruence.lean:215:0: 'IUTThreeClosures.CanonicalAffineSupportCongruence.canonical_support_product_dvd_parameterSquare_sub' depends on axioms: [propext,
 Classical.choice,
 Quot.sound]
⚠ [9180/9224] Replayed IUTThreeClosures.CanonicalExponentHeightPoint
warning: IUTThreeClosures/CanonicalExponentHeightPoint.lean:8:7: Files in mathlib cannot import the whole `Mathlib.Tactic` folder. Doing so would cause imports to be unnecessarily slow.

Note: This linter can be disabled with `set_option linter.style.header false`
info: IUTThreeClosures/CanonicalExponentHeightPoint.lean:220:0: 'IUTThreeClosures.ABCPoint.abcRadical_eq_gap_mul_canonicalResiduals' depends on axioms: [propext,
 Classical.choice,
 Quot.sound]
info: IUTThreeClosures/CanonicalExponentHeightPoint.lean:221:0: 'IUTThreeClosures.ABCPoint.height_eq_sumModulusLog_add_sumResidualLog' depends on axioms: [propext,
 Classical.choice,
 Quot.sound]
info: IUTThreeClosures/CanonicalExponentHeightPoint.lean:222:0: 'IUTThreeClosures.ABCPoint.height_sub_log_two_le_largeModulusLog_add_largeResidualLog' depends on axioms: [propext,
 Classical.choice,
 Quot.sound]
info: IUTThreeClosures/CanonicalExponentHeightPoint.lean:223:0: 'IUTThreeClosures.ABCPoint.conductor_eq_gap_add_residualLogs' depends on axioms: [propext, Classical.choice, Quot.sound]
info: IUTThreeClosures/CanonicalExponentHeightPoint.lean:224:0: 'IUTThreeClosures.ABCPoint.bothCanonicalModuli_heightScale_of_violation' depends on axioms: [propext,
 Classical.choice,
 Quot.sound]
info: IUTThreeClosures/CanonicalExponentHeightPoint.lean:225:0: 'IUTThreeClosures.ABCPoint.bothCanonicalModuli_crossSupport_of_violation' depends on axioms: [propext,
 Classical.choice,
 Quot.sound]
info: IUTThreeClosures/CanonicalExponentHeightPoint.lean:226:0: 'IUTThreeClosures.ABCPoint.totalCanonicalModulus_crossSupport_of_violation' depends on axioms: [propext,
 Classical.choice,
 Quot.sound]
⚠ [9181/9224] Replayed IUTThreeClosures.UnitGapArithmeticDerivativeBarrier
warning: IUTThreeClosures/UnitGapArithmeticDerivativeBarrier.lean:68:5: Variable name `hqC` is not explicitly referenced.

The binding can be removed (if unused) or named `_` (if used implicitly).

Note: This linter can be disabled with `set_option linter.unusedVariables false`
info: IUTThreeClosures/UnitGapArithmeticDerivativeBarrier.lean:90:0: 'IUTThreeClosures.UnitGapArithmeticDerivativeBarrier.powerfulParts_mul_dvd_commonDerivative' depends on axioms: [propext,
 Classical.choice,
 Quot.sound]
info: IUTThreeClosures/UnitGapArithmeticDerivativeBarrier.lean:91:0: 'IUTThreeClosures.UnitGapArithmeticDerivativeBarrier.powerfulParts_mul_le_commonDerivative_natAbs' depends on axioms: [propext,
 Classical.choice,
 Quot.sound]
info: IUTThreeClosures/UnitGapArithmeticDerivativeBarrier.lean:92:0: 'IUTThreeClosures.UnitGapArithmeticDerivativeBarrier.normalized_common_value_lower_bound' depends on axioms: [propext,
 Classical.choice,
 Quot.sound]
ℹ [9182/9224] Replayed IUTThreeClosures.MersenneFixedPolylogBlockMassTriage20260901
info: IUTThreeClosures/MersenneFixedPolylogBlockMassTriage20260901.lean:123:0: 'IUTThreeClosures.MersenneFixedPolylogBlockMassTriage20260901.divisorOrderBlockMassSum_eq_far_add_polylogLocalized' depends on axioms: [propext,
 Classical.choice,
 Quot.sound]
info: IUTThreeClosures/MersenneFixedPolylogBlockMassTriage20260901.lean:124:0: 'IUTThreeClosures.MersenneFixedPolylogBlockMassTriage20260901.polylogLocalizedBlockMass_le_total' depends on axioms: [propext,
 Classical.choice,
 Quot.sound]
info: IUTThreeClosures/MersenneFixedPolylogBlockMassTriage20260901.lean:125:0: 'IUTThreeClosures.MersenneFixedPolylogBlockMassTriage20260901.polylogFarBlockMass_le_cap_mul_polylogFarTotientMass' depends on axioms: [propext,
 Classical.choice,
 Quot.sound]
info: IUTThreeClosures/MersenneFixedPolylogBlockMassTriage20260901.lean:186:0: 'IUTThreeClosures.MersenneFixedPolylogBlockMassTriage20260901.divisorOrderBlockMassSum_isLittleO_iff_all_fixedPolylogBlockMass' depends on axioms: [propext,
 Classical.choice,
 Quot.sound]
info: IUTThreeClosures/MersenneFixedPolylogBlockMassTriage20260901.lean:206:0: 'IUTThreeClosures.MersenneFixedPolylogBlockMassTriage20260901.log_mersennePowerLoss_isLittleO_iff_all_fixedPolylogBlockMass' depends on axioms: [propext,
 Classical.choice,
 Quot.sound]
info: IUTThreeClosures/MersenneFixedPolylogBlockMassTriage20260901.lean:314:0: 'IUTThreeClosures.MersenneFixedPolylogBlockMassTriage20260901.deep_or_transition_or_extreme_of_small_budget' depends on axioms: [propext,
 Classical.choice,
 Quot.sound]
info: IUTThreeClosures/MersenneFixedPolylogBlockMassTriage20260901.lean:315:0: 'IUTThreeClosures.MersenneFixedPolylogBlockMassTriage20260901.polylogLocalizedBlockMass_threeArm_of_small_budget' depends on axioms: [propext,
 Classical.choice,
 Quot.sound]
info: IUTThreeClosures/MersenneFixedPolylogBlockMassTriage20260901.lean:316:0: 'IUTThreeClosures.MersenneFixedPolylogBlockMassTriage20260901.deep_or_transition_or_extreme_of_one_controlled_arm' depends on axioms: [propext,
 Classical.choice,
 Quot.sound]
info: IUTThreeClosures/MersenneFixedPolylogBlockMassTriage20260901.lean:317:0: 'IUTThreeClosures.MersenneFixedPolylogBlockMassTriage20260901.transition_card_lowerBound_of_log_share' depends on axioms: [propext,
 Classical.choice,
 Quot.sound]
info: IUTThreeClosures/MersenneFixedPolylogBlockMassTriage20260901.lean:371:0: 'IUTThreeClosures.MersenneFixedPolylogBlockMassTriage20260901.quarter_coefficient_is_sharp' depends on axioms: [propext,
 Classical.choice,
 Quot.sound]
info: IUTThreeClosures/MersenneFixedPolylogBlockMassTriage20260901.lean:372:0: 'IUTThreeClosures.MersenneFixedPolylogBlockMassTriage20260901.one_third_is_sharp_three_arm_ceiling' depends on axioms: [propext,
 Classical.choice,
 Quot.sound]
ℹ [9183/9224] Replayed IUTThreeClosures.AffineAdaptiveCommonKernel20260901
info: IUTThreeClosures/AffineAdaptiveCommonKernel20260901.lean:101:0: 'IUTThreeClosures.AffineAdaptiveCommonKernel20260901.natTriangleDet_natAbs_le_boxSq_of_first_sorted' depends on axioms: [propext,
 Classical.choice,
 Quot.sound]
info: IUTThreeClosures/AffineAdaptiveCommonKernel20260901.lean:194:0: 'IUTThreeClosures.AffineAdaptiveCommonKernel20260901.natTriangleDet_natAbs_le_boxSq' depends on axioms: [propext,
 Classical.choice,
 Quot.sound]
info: IUTThreeClosures/AffineAdaptiveCommonKernel20260901.lean:195:0: 'IUTThreeClosures.AffineAdaptiveCommonKernel20260901.natTriangleDet_natAbs_le_positiveBoxSq' depends on axioms: [propext,
 Classical.choice,
 Quot.sound]
info: IUTThreeClosures/AffineAdaptiveCommonKernel20260901.lean:250:0: 'IUTThreeClosures.AffineAdaptiveCommonKernel20260901.adaptive_commonModulusProduct_le_boxSq_of_noncollinear' depends on axioms: [propext,
 Classical.choice,
 Quot.sound]
info: IUTThreeClosures/AffineAdaptiveCommonKernel20260901.lean:342:0: 'IUTThreeClosures.AffineAdaptiveCommonKernel20260901.canonical_three_mul_affineU_le' depends on axioms: [propext,
 Classical.choice,
 Quot.sound]
info: IUTThreeClosures/AffineAdaptiveCommonKernel20260901.lean:343:0: 'IUTThreeClosures.AffineAdaptiveCommonKernel20260901.canonical_three_mul_affineV_le' depends on axioms: [propext,
 Classical.choice,
 Quot.sound]
info: IUTThreeClosures/AffineAdaptiveCommonKernel20260901.lean:344:0: 'IUTThreeClosures.AffineAdaptiveCommonKernel20260901.canonical_three_mul_affineW_le' depends on axioms: [propext,
 Classical.choice,
 Quot.sound]
info: IUTThreeClosures/AffineAdaptiveCommonKernel20260901.lean:345:0: 'IUTThreeClosures.AffineAdaptiveCommonKernel20260901.canonical_threeArm_bounds' depends on axioms: [propext,
 Classical.choice,
 Quot.sound]
info: IUTThreeClosures/AffineAdaptiveCommonKernel20260901.lean:498:0: 'IUTThreeClosures.AffineAdaptiveCommonKernel20260901.longArm_excessProduct_lower' depends on axioms: [propext,
 Classical.choice,
 Quot.sound]
info: IUTThreeClosures/AffineAdaptiveCommonKernel20260901.lean:499:0: 'IUTThreeClosures.AffineAdaptiveCommonKernel20260901.longArm_squareExcess_dichotomy' depends on axioms: [propext,
 Classical.choice,
 Quot.sound]
info: IUTThreeClosures/AffineAdaptiveCommonKernel20260901.lean:500:0: 'IUTThreeClosures.AffineAdaptiveCommonKernel20260901.canonical_longArm_squareExcess_dichotomy' depends on axioms: [propext,
 Classical.choice,
 Quot.sound]
info: IUTThreeClosures/AffineAdaptiveCommonKernel20260901.lean:501:0: 'IUTThreeClosures.AffineAdaptiveCommonKernel20260901.longArm_radicalSupport_sq' depends on axioms: [propext,
 Classical.choice,
 Quot.sound]
info: IUTThreeClosures/AffineAdaptiveCommonKernel20260901.lean:502:0: 'IUTThreeClosures.AffineAdaptiveCommonKernel20260901.actualLongArm_radicalSupport_sq' depends on axioms: [propext,
 Classical.choice,
 Quot.sound]
info: IUTThreeClosures/AffineAdaptiveCommonKernel20260901.lean:503:0: 'IUTThreeClosures.AffineAdaptiveCommonKernel20260901.canonicalKernel_radicalSupport_factor27' depends on axioms: [propext,
 Classical.choice,
 Quot.sound]
info: IUTThreeClosures/AffineAdaptiveCommonKernel20260901.lean:608:0: 'IUTThreeClosures.AffineAdaptiveCommonKernel20260901.triplePoint_armDivisorGcds_give_adaptiveInterface' depends on axioms: [propext,
 Classical.choice,
 Quot.sound]
info: IUTThreeClosures/AffineAdaptiveCommonKernel20260901.lean:901:0: 'IUTThreeClosures.AffineAdaptiveCommonKernel20260901.seed189_zeroFirstDirection_counterexample' depends on axioms: [propext,
 Classical.choice,
 Quot.sound]
info: IUTThreeClosures/AffineAdaptiveCommonKernel20260901.lean:902:0: 'IUTThreeClosures.AffineAdaptiveCommonKernel20260901.seed189_collinearLocalCubic_counterexample' depends on axioms: [propext,
 Classical.choice,
 Quot.sound]
info: IUTThreeClosures/AffineAdaptiveCommonKernel20260901.lean:903:0: 'IUTThreeClosures.AffineAdaptiveCommonKernel20260901.seed189_zeroFirstDirection_fullPremise_counterexample' depends on axioms: [propext,
 Classical.choice,
 Quot.sound]
info: IUTThreeClosures/AffineAdaptiveCommonKernel20260901.lean:904:0: 'IUTThreeClosures.AffineAdaptiveCommonKernel20260901.seed189_diameterCubic_fullPremise_counterexample' depends on axioms: [propext,
 Classical.choice,
 Quot.sound]
⚠ [9184/9224] Replayed IUTThreeClosures.AffineCommonKernelTripleSelection20260901
info: IUTThreeClosures/AffineCommonKernelTripleSelection20260901.lean:164:0: 'IUTThreeClosures.AffineCommonKernelTripleSelection20260901.exists_noncollinear_triple_of_side_lt_card' depends on axioms: [propext,
 Classical.choice,
 Quot.sound]
info: IUTThreeClosures/AffineCommonKernelTripleSelection20260901.lean:198:0: 'IUTThreeClosures.AffineCommonKernelTripleSelection20260901.sameLabel_gives_adaptiveInterface' depends on axioms: [propext,
 Classical.choice,
 Quot.sound]
info: IUTThreeClosures/AffineCommonKernelTripleSelection20260901.lean:215:0: 'IUTThreeClosures.AffineCommonKernelTripleSelection20260901.mem_labelFiber_iff' depends on axioms: [propext,
 Classical.choice,
 Quot.sound]
info: IUTThreeClosures/AffineCommonKernelTripleSelection20260901.lean:216:0: 'IUTThreeClosures.AffineCommonKernelTripleSelection20260901.signedSupNorm_natCast_sub_eq_pairSupDist' depends on axioms: [propext,
 Classical.choice,
 Quot.sound]
info: IUTThreeClosures/AffineCommonKernelTripleSelection20260901.lean:270:0: 'IUTThreeClosures.AffineCommonKernelTripleSelection20260901.fixedLabel_fiber_card_le_packing' depends on axioms: [propext,
 Classical.choice,
 Quot.sound]
info: IUTThreeClosures/AffineCommonKernelTripleSelection20260901.lean:311:0: 'IUTThreeClosures.AffineCommonKernelTripleSelection20260901.largeLabel_fiber_card_le_side' depends on axioms: [propext,
 Classical.choice,
 Quot.sound]
info: IUTThreeClosures/AffineCommonKernelTripleSelection20260901.lean:335:0: 'IUTThreeClosures.AffineCommonKernelTripleSelection20260901.largeLabel_incidenceBudget' depends on axioms: [propext,
 Classical.choice,
 Quot.sound]
info: IUTThreeClosures/AffineCommonKernelTripleSelection20260901.lean:373:0: 'IUTThreeClosures.AffineCommonKernelTripleSelection20260901.largeLabel_incidenceMultiplicity_bound' depends on axioms: [propext,
 Classical.choice,
 Quot.sound]
info: IUTThreeClosures/AffineCommonKernelTripleSelection20260901.lean:412:0: 'IUTThreeClosures.AffineCommonKernelTripleSelection20260901.assignedLargeLabel_card_le_catalog_mul_side' depends on axioms: [propext,
 Classical.choice,
 Quot.sound]
warning: IUTThreeClosures/AffineCommonKernelTripleSelection20260901.lean:578:0: Please, add a comment explaining the need for modifying the maxHeartbeat limit, as in
set_option maxHeartbeats 800000 in
-- reason for change
...

Note: This linter can be disabled with `set_option linter.style.maxHeartbeats false`
info: IUTThreeClosures/AffineCommonKernelTripleSelection20260901.lean:659:0: 'IUTThreeClosures.AffineCommonKernelTripleSelection20260901.threePointCommonGcd_eq_totient_sum_over' depends on axioms: [propext,
 Classical.choice,
 Quot.sound]
info: IUTThreeClosures/AffineCommonKernelTripleSelection20260901.lean:660:0: 'IUTThreeClosures.AffineCommonKernelTripleSelection20260901.thirdGcd_incidence_expansion' depends on axioms: [propext,
 Classical.choice,
 Quot.sound]
info: IUTThreeClosures/AffineCommonKernelTripleSelection20260901.lean:760:0: 'IUTThreeClosures.AffineCommonKernelTripleSelection20260901.seed189_boxWideLargeCommonProduct_collinear_implication_counterexample' depends on axioms: [propext,
 Classical.choice,
 Quot.sound]
info: IUTThreeClosures/AffineCommonKernelTripleSelection20260901.lean:789:0: 'IUTThreeClosures.AffineCommonKernelTripleSelection20260901.abstract_pointwiseLargeProducts_no_tripleOverlap_counterexample' depends on axioms: [propext,
 Classical.choice,
 Quot.sound]
ℹ [9185/9224] Replayed IUTThreeClosures.IUTRationalTripodShadowComparison20260901
info: IUTThreeClosures/IUTRationalTripodShadowComparison20260901.lean:578:0: 'IUTThreeClosures.IUTRationalTripodShadowComparison20260901.openUnitHeight_coordinate' depends on axioms: [propext,
 Classical.choice,
 Quot.sound]
info: IUTThreeClosures/IUTRationalTripodShadowComparison20260901.lean:579:0: 'IUTThreeClosures.IUTRationalTripodShadowComparison20260901.openUnitCounting_coordinate' depends on axioms: [propext,
 Classical.choice,
 Quot.sound]
info: IUTThreeClosures/IUTRationalTripodShadowComparison20260901.lean:580:0: 'IUTThreeClosures.IUTRationalTripodShadowComparison20260901.OpenUnitRational.openUnitCoordinate_toPositivePrimitiveABCTriple' depends on axioms: [propext,
 Classical.choice,
 Quot.sound]
info: IUTThreeClosures/IUTRationalTripodShadowComparison20260901.lean:581:0: 'IUTThreeClosures.IUTRationalTripodShadowComparison20260901.OpenUnitTripodComparison.nonempty_iff_statementIIntegerComparison' depends on axioms: [propext,
 Classical.choice,
 Quot.sound]
info: IUTThreeClosures/IUTRationalTripodShadowComparison20260901.lean:582:0: 'IUTThreeClosures.IUTRationalTripodShadowComparison20260901.shadowPtLE_succ' depends on axioms: [propext,
 Classical.choice,
 Quot.sound]
info: IUTThreeClosures/IUTRationalTripodShadowComparison20260901.lean:583:0: 'IUTThreeClosures.IUTRationalTripodShadowComparison20260901.openUnitShadow_statementI_iff' depends on axioms: [propext,
 Classical.choice,
 Quot.sound]
info: IUTThreeClosures/IUTRationalTripodShadowComparison20260901.lean:584:0: 'IUTThreeClosures.IUTRationalTripodShadowComparison20260901.rationalTripodShadowComparison' depends on axioms: [propext,
 Classical.choice,
 Quot.sound]
info: IUTThreeClosures/IUTRationalTripodShadowComparison20260901.lean:585:0: 'IUTThreeClosures.IUTRationalTripodShadowComparison20260901.rationalTripodShadowIntegerComparison' depends on axioms: [propext,
 Classical.choice,
 Quot.sound]
info: IUTThreeClosures/IUTRationalTripodShadowComparison20260901.lean:586:0: 'IUTThreeClosures.IUTRationalTripodShadowComparison20260901.rationalTripodShadow_statementI_iff_abc' depends on axioms: [propext,
 Classical.choice,
 Quot.sound]
info: IUTThreeClosures/IUTRationalTripodShadowComparison20260901.lean:587:0: 'IUTThreeClosures.IUTRationalTripodShadowComparison20260901.openUnitHeight_unbounded' depends on axioms: [propext,
 Classical.choice,
 Quot.sound]
info: IUTThreeClosures/IUTRationalTripodShadowComparison20260901.lean:588:0: 'IUTThreeClosures.IUTRationalTripodShadowComparison20260901.statementI_does_not_force_openUnitComparison' depends on axioms: [propext,
 Classical.choice,
 Quot.sound]
info: IUTThreeClosures/IUTRationalTripodShadowComparison20260901.lean:589:0: 'IUTThreeClosures.IUTRationalTripodShadowComparison20260901.heightZeroShadow_fullPremise_countermodel' depends on axioms: [propext,
 Classical.choice,
 Quot.sound]
info: IUTThreeClosures/IUTRationalTripodShadowComparison20260901.lean:590:0: 'IUTThreeClosures.IUTRationalTripodShadowComparison20260901.radicalInflatedShadow_fullPremise_countermodel' depends on axioms: [propext,
 Classical.choice,
 Quot.sound]
ℹ [9186/9224] Replayed IUTThreeClosures.MersenneMultiplierIndexTwoArm20260901
info: IUTThreeClosures/MersenneMultiplierIndexTwoArm20260901.lean:159:0: 'IUTThreeClosures.MersenneMultiplierIndexTwoArm20260901.exactOrder_prime_eq_one_add_mul_multiplier' depends on axioms: [propext,
 Classical.choice,
 Quot.sound]
info: IUTThreeClosures/MersenneMultiplierIndexTwoArm20260901.lean:160:0: 'IUTThreeClosures.MersenneMultiplierIndexTwoArm20260901.exactOrder_multiplier_pos' depends on axioms: [propext,
 Classical.choice,
 Quot.sound]
info: IUTThreeClosures/MersenneMultiplierIndexTwoArm20260901.lean:161:0: 'IUTThreeClosures.MersenneMultiplierIndexTwoArm20260901.exactOrder_multiplier_injectiveOn' depends on axioms: [propext,
 Classical.choice,
 Quot.sound]
info: IUTThreeClosures/MersenneMultiplierIndexTwoArm20260901.lean:162:0: 'IUTThreeClosures.MersenneMultiplierIndexTwoArm20260901.card_le_of_injective_multiplier_lt' depends on axioms: [propext,
 Classical.choice,
 Quot.sound]
info: IUTThreeClosures/MersenneMultiplierIndexTwoArm20260901.lean:163:0: 'IUTThreeClosures.MersenneMultiplierIndexTwoArm20260901.lowMultiplierExactOrderPrimes_card_le' depends on axioms: [propext,
 Classical.choice,
 Quot.sound]
info: IUTThreeClosures/MersenneMultiplierIndexTwoArm20260901.lean:164:0: 'IUTThreeClosures.MersenneMultiplierIndexTwoArm20260901.lowMultiplierExactOrderLogMass_le' depends on axioms: [propext,
 Classical.choice,
 Quot.sound]
info: IUTThreeClosures/MersenneMultiplierIndexTwoArm20260901.lean:230:0: 'IUTThreeClosures.MersenneMultiplierIndexTwoArm20260901.deep_or_nearSquare_of_low_budget' depends on axioms: [propext,
 Classical.choice,
 Quot.sound]
info: IUTThreeClosures/MersenneMultiplierIndexTwoArm20260901.lean:231:0: 'IUTThreeClosures.MersenneMultiplierIndexTwoArm20260901.polylogLocalizedBlockMass_twoArm_of_low_budget' depends on axioms: [propext,
 Classical.choice,
 Quot.sound]
info: IUTThreeClosures/MersenneMultiplierIndexTwoArm20260901.lean:232:0: 'IUTThreeClosures.MersenneMultiplierIndexTwoArm20260901.deep_or_nearSquare_of_one_controlled_arm' depends on axioms: [propext,
 Classical.choice,
 Quot.sound]
info: IUTThreeClosures/MersenneMultiplierIndexTwoArm20260901.lean:254:0: 'IUTThreeClosures.MersenneMultiplierIndexTwoArm20260901.one_half_is_sharp_two_arm_ceiling' depends on axioms: [propext,
 Classical.choice,
 Quot.sound]
ℹ [9187/9224] Replayed IUTThreeClosures.PellOddKernelThirdOrderPacket20260901
info: IUTThreeClosures/PellOddKernelThirdOrderPacket20260901.lean:379:0: IUTThreeClosures.PellOddKernelThirdOrderPacket20260901.packetValue_eq_oddKernel_cube_mul_squareCore_square
  (fs : List SquarefullFactor) : packetValue fs = oddKernel fs ^ 3 * squareCore fs ^ 2
info: IUTThreeClosures/PellOddKernelThirdOrderPacket20260901.lean:380:0: IUTThreeClosures.PellOddKernelThirdOrderPacket20260901.factor_value_eq_kernel_cube_mul_core_square
  (f : SquarefullFactor) : f.base ^ f.exponent = f.kernelTerm ^ 3 * f.coreTerm ^ 2
info: IUTThreeClosures/PellOddKernelThirdOrderPacket20260901.lean:381:0: IUTThreeClosures.PellOddKernelThirdOrderPacket20260901.odd_depth_exponent_packet (f : SquarefullFactor)
  (hodd : f.oddDepth = true) : Odd f.exponent ∧ 3 ≤ f.exponent
info: IUTThreeClosures/PellOddKernelThirdOrderPacket20260901.lean:382:0: IUTThreeClosures.PellOddKernelThirdOrderPacket20260901.oddKernel_modEq_one (m : ℤ) (fs : List SquarefullFactor)
  (hbase : ∀ f ∈ fs, f.base ≡ 1 [ZMOD m]) : oddKernel fs ≡ 1 [ZMOD m]
info: IUTThreeClosures/PellOddKernelThirdOrderPacket20260901.lean:383:0: IUTThreeClosures.PellOddKernelThirdOrderPacket20260901.oddKernel_modEq_oddSignProduct (m : ℤ)
  (sign : SquarefullFactor → ℤ) (fs : List SquarefullFactor) (hbase : ∀ f ∈ fs, f.base ≡ sign f [ZMOD m]) :
  oddKernel fs ≡ oddSignProduct sign fs [ZMOD m]
info: IUTThreeClosures/PellOddKernelThirdOrderPacket20260901.lean:384:0: IUTThreeClosures.PellOddKernelThirdOrderPacket20260901.squareCore_sq_modEq_one_of_signed_packet (m s : ℤ)
  (fs : List SquarefullFactor) (hsign : s = 1 ∨ s = -1) (hkernel : oddKernel fs ≡ s [ZMOD m])
  (hvalue : packetValue fs ≡ s [ZMOD m]) : squareCore fs ^ 2 ≡ 1 [ZMOD m]
info: IUTThreeClosures/PellOddKernelThirdOrderPacket20260901.lean:385:0: IUTThreeClosures.PellOddKernelThirdOrderPacket20260901.jacobi_eq_one_of_mod_eq_one (a b : ℕ) (hmod : a % b = 1) :
  J(↑a | b) = 1
info: IUTThreeClosures/PellOddKernelThirdOrderPacket20260901.lean:386:0: IUTThreeClosures.PellOddKernelThirdOrderPacket20260901.jacobi_reverse_neg_of_both_three_mod_four (ell D : ℕ)
  (hell : ell % 4 = 3) (hD : D % 4 = 3) (hforward : J(↑D | ell) = 1) : J(↑ell | D) = -1
info: IUTThreeClosures/PellOddKernelThirdOrderPacket20260901.lean:387:0: IUTThreeClosures.PellOddKernelThirdOrderPacket20260901.jacobi_reverse_eq_of_denominator_one_mod_four (ell D : ℕ)
  (hellOdd : Odd ell) (hD : D % 4 = 1) : J(↑ell | D) = J(↑D | ell)
info: IUTThreeClosures/PellOddKernelThirdOrderPacket20260901.lean:388:0: IUTThreeClosures.PellOddKernelThirdOrderPacket20260901.three_negative_character_triangle (ell DA DB : ℕ)
  (hell3 : ell % 4 = 3) (hDA3 : DA % 4 = 3) (hDB1 : DB % 4 = 1) (hellOdd : Odd ell) (hDAForward : J(↑DA | ell) = 1)
  (hDBForward : J(↑DB | ell) = -1) (hCross : J(↑DA | DB) = -1) :
  J(↑DA | DB) = -1 ∧ J(↑ell | DA) = -1 ∧ J(↑ell | DB) = -1
info: IUTThreeClosures/PellOddKernelThirdOrderPacket20260901.lean:389:0: IUTThreeClosures.PellOddKernelThirdOrderPacket20260901.all_positive_character_triangle (ell DA DB : ℕ)
  (hell1 : ell % 4 = 1) (hDAOdd : Odd DA) (hDB1 : DB % 4 = 1) (hellOdd : Odd ell) (hDAForward : J(↑DA | ell) = 1)
  (hDBForward : J(↑DB | ell) = 1) (hCross : J(↑DA | DB) = 1) : J(↑DA | DB) = 1 ∧ J(↑ell | DA) = 1 ∧ J(↑ell | DB) = 1
info: IUTThreeClosures/PellOddKernelThirdOrderPacket20260901.lean:390:0: IUTThreeClosures.PellOddKernelThirdOrderPacket20260901.cross_only_negative_character_triangle (ell DA DB : ℕ)
  (hell1 : ell % 4 = 1) (hDAOdd : Odd DA) (hDB1 : DB % 4 = 1) (hellOdd : Odd ell) (hDAForward : J(↑DA | ell) = 1)
  (hDBForward : J(↑DB | ell) = 1) (hCross : J(↑DA | DB) = -1) : J(↑DA | DB) = -1 ∧ J(↑ell | DA) = 1 ∧ J(↑ell | DB) = 1
info: IUTThreeClosures/PellOddKernelThirdOrderPacket20260901.lean:391:0: IUTThreeClosures.PellOddKernelThirdOrderPacket20260901.index_A_only_negative_character_triangle (ell DA DB : ℕ)
  (hell3 : ell % 4 = 3) (hDA3 : DA % 4 = 3) (hDB1 : DB % 4 = 1) (hellOdd : Odd ell) (hDAForward : J(↑DA | ell) = 1)
  (hDBForward : J(↑DB | ell) = 1) (hCross : J(↑DA | DB) = 1) : J(↑DA | DB) = 1 ∧ J(↑ell | DA) = -1 ∧ J(↑ell | DB) = 1
info: IUTThreeClosures/PellOddKernelThirdOrderPacket20260901.lean:392:0: IUTThreeClosures.PellOddKernelThirdOrderPacket20260901.product_one_add_thirdOrder (x : ℤ) (ts : List ℤ) :
  (List.map (fun t ↦ 1 + x * t) ts).prod ≡
    1 + x * ts.sum + x ^ 2 * pairCoefficient ts + x ^ 3 * tripleCoefficient ts [ZMOD x ^ 4]
info: IUTThreeClosures/PellOddKernelThirdOrderPacket20260901.lean:393:0: IUTThreeClosures.PellOddKernelThirdOrderPacket20260901.quotient_thirdOrder_of_product (x a : ℤ) (ts : List ℤ)
  (hx : x ≠ 0) (hprod : 1 + x * a = (List.map (fun t ↦ 1 + x * t) ts).prod) :
  a ≡ ts.sum + x * pairCoefficient ts + x ^ 2 * tripleCoefficient ts [ZMOD x ^ 3]
info: IUTThreeClosures/PellOddKernelThirdOrderPacket20260901.lean:394:0: IUTThreeClosures.PellOddKernelThirdOrderPacket20260901.thirdOrderCoupling_of_channelCongruences
  (ell a b KA KB CA CB HA HB : ℤ) (ha : a ≡ KA + 2 * ell * CA + 4 * ell ^ 2 * HA [ZMOD 8 * ell ^ 3])
  (hb : b ≡ KB + 2 * ell * CB + 4 * ell ^ 2 * HB [ZMOD 8 * ell ^ 3])
  (hExact : a - 2 * b + ell * (a ^ 2 - 2 * b ^ 2) = 0) :
  KA - 2 * KB + ell * (KA ^ 2 - 2 * KB ^ 2) + 2 * ell * (CA - 2 * CB) +
        4 * ell ^ 2 * (HA - 2 * HB + KA * CA - 2 * KB * CB) +
      4 * ell ^ 3 * (CA ^ 2 - 2 * CB ^ 2) ≡
    0 [ZMOD 8 * ell ^ 3]
info: IUTThreeClosures/PellOddKernelThirdOrderPacket20260901.lean:395:0: IUTThreeClosures.PellOddKernelThirdOrderPacket20260901.indexSeven_thirdOrderCoefficientCertificate :
  ([17].sum, pairCoefficient [17], tripleCoefficient [17], [-1, -1].sum, pairCoefficient [-1, -1],
      tripleCoefficient [-1, -1]) =
    (17, 0, 0, -2, 1, 0)
info: IUTThreeClosures/PellOddKernelThirdOrderPacket20260901.lean:396:0: IUTThreeClosures.PellOddKernelThirdOrderPacket20260901.indexSeven_thirdOrderCouplingCertificate :
  17 - 2 * -2 + 7 * (17 ^ 2 - 2 * (-2) ^ 2) + 2 * 7 * (0 - 2 * 1) + 4 * 7 ^ 2 * (0 - 2 * 0 + 17 * 0 - 2 * -2 * 1) +
      4 * 7 ^ 3 * (0 ^ 2 - 2 * 1 ^ 2) ≡
    0 [ZMOD 8 * 7 ^ 3]
info: IUTThreeClosures/PellOddKernelThirdOrderPacket20260901.lean:398:0: 'IUTThreeClosures.PellOddKernelThirdOrderPacket20260901.packetValue_eq_oddKernel_cube_mul_squareCore_square' depends on axioms: [propext,
 Quot.sound]
info: IUTThreeClosures/PellOddKernelThirdOrderPacket20260901.lean:399:0: 'IUTThreeClosures.PellOddKernelThirdOrderPacket20260901.factor_value_eq_kernel_cube_mul_core_square' depends on axioms: [propext,
 Quot.sound]
info: IUTThreeClosures/PellOddKernelThirdOrderPacket20260901.lean:400:0: 'IUTThreeClosures.PellOddKernelThirdOrderPacket20260901.odd_depth_exponent_packet' depends on axioms: [propext,
 Quot.sound]
info: IUTThreeClosures/PellOddKernelThirdOrderPacket20260901.lean:401:0: 'IUTThreeClosures.PellOddKernelThirdOrderPacket20260901.oddKernel_modEq_one' depends on axioms: [propext,
 Classical.choice,
 Quot.sound]
info: IUTThreeClosures/PellOddKernelThirdOrderPacket20260901.lean:402:0: 'IUTThreeClosures.PellOddKernelThirdOrderPacket20260901.oddKernel_modEq_oddSignProduct' depends on axioms: [propext,
 Classical.choice,
 Quot.sound]
info: IUTThreeClosures/PellOddKernelThirdOrderPacket20260901.lean:403:0: 'IUTThreeClosures.PellOddKernelThirdOrderPacket20260901.squareCore_sq_modEq_one_of_signed_packet' depends on axioms: [propext,
 Classical.choice,
 Quot.sound]
info: IUTThreeClosures/PellOddKernelThirdOrderPacket20260901.lean:404:0: 'IUTThreeClosures.PellOddKernelThirdOrderPacket20260901.jacobi_eq_one_of_mod_eq_one' depends on axioms: [propext,
 Classical.choice,
 Quot.sound]
info: IUTThreeClosures/PellOddKernelThirdOrderPacket20260901.lean:405:0: 'IUTThreeClosures.PellOddKernelThirdOrderPacket20260901.jacobi_reverse_neg_of_both_three_mod_four' depends on axioms: [propext,
 Classical.choice,
 Quot.sound]
info: IUTThreeClosures/PellOddKernelThirdOrderPacket20260901.lean:406:0: 'IUTThreeClosures.PellOddKernelThirdOrderPacket20260901.jacobi_reverse_eq_of_denominator_one_mod_four' depends on axioms: [propext,
 Classical.choice,
 Quot.sound]
info: IUTThreeClosures/PellOddKernelThirdOrderPacket20260901.lean:407:0: 'IUTThreeClosures.PellOddKernelThirdOrderPacket20260901.three_negative_character_triangle' depends on axioms: [propext,
 Classical.choice,
 Quot.sound]
info: IUTThreeClosures/PellOddKernelThirdOrderPacket20260901.lean:408:0: 'IUTThreeClosures.PellOddKernelThirdOrderPacket20260901.all_positive_character_triangle' depends on axioms: [propext,
 Classical.choice,
 Quot.sound]
info: IUTThreeClosures/PellOddKernelThirdOrderPacket20260901.lean:409:0: 'IUTThreeClosures.PellOddKernelThirdOrderPacket20260901.cross_only_negative_character_triangle' depends on axioms: [propext,
 Classical.choice,
 Quot.sound]
info: IUTThreeClosures/PellOddKernelThirdOrderPacket20260901.lean:410:0: 'IUTThreeClosures.PellOddKernelThirdOrderPacket20260901.index_A_only_negative_character_triangle' depends on axioms: [propext,
 Classical.choice,
 Quot.sound]
info: IUTThreeClosures/PellOddKernelThirdOrderPacket20260901.lean:411:0: 'IUTThreeClosures.PellOddKernelThirdOrderPacket20260901.product_one_add_thirdOrder' depends on axioms: [propext,
 Classical.choice,
 Quot.sound]
info: IUTThreeClosures/PellOddKernelThirdOrderPacket20260901.lean:412:0: 'IUTThreeClosures.PellOddKernelThirdOrderPacket20260901.quotient_thirdOrder_of_product' depends on axioms: [propext,
 Classical.choice,
 Quot.sound]
info: IUTThreeClosures/PellOddKernelThirdOrderPacket20260901.lean:413:0: 'IUTThreeClosures.PellOddKernelThirdOrderPacket20260901.thirdOrderCoupling_of_channelCongruences' depends on axioms: [propext,
 Classical.choice,
 Quot.sound]
info: IUTThreeClosures/PellOddKernelThirdOrderPacket20260901.lean:414:0: 'IUTThreeClosures.PellOddKernelThirdOrderPacket20260901.indexSeven_thirdOrderCoefficientCertificate' depends on axioms: [propext,
 Quot.sound]
info: IUTThreeClosures/PellOddKernelThirdOrderPacket20260901.lean:415:0: 'IUTThreeClosures.PellOddKernelThirdOrderPacket20260901.indexSeven_thirdOrderCouplingCertificate' depends on axioms: [propext,
 Quot.sound]
ℹ [9188/9224] Replayed IUTThreeClosures.AffineCollinearPeriodEnergy20260901
info: IUTThreeClosures/AffineCollinearPeriodEnergy20260901.lean:132:0: 'IUTThreeClosures.AffineCollinearPeriodEnergy20260901.reducedDirectionPeriod_pos' depends on axioms: [propext,
 Quot.sound]
info: IUTThreeClosures/AffineCollinearPeriodEnergy20260901.lean:133:0: 'IUTThreeClosures.AffineCollinearPeriodEnergy20260901.reducedDirectionPeriod_dvd_self' depends on axioms: [propext,
 Quot.sound]
info: IUTThreeClosures/AffineCollinearPeriodEnergy20260901.lean:134:0: 'IUTThreeClosures.AffineCollinearPeriodEnergy20260901.reducedDirectionPeriod_dvd_of_dvd_mul' depends on axioms: [propext,
 Quot.sound]
info: IUTThreeClosures/AffineCollinearPeriodEnergy20260901.lean:135:0: 'IUTThreeClosures.AffineCollinearPeriodEnergy20260901.directionPeriod_pos' depends on axioms: [propext, Quot.sound]
info: IUTThreeClosures/AffineCollinearPeriodEnergy20260901.lean:136:0: 'IUTThreeClosures.AffineCollinearPeriodEnergy20260901.directionPeriod_dvd_gap' depends on axioms: [propext, Quot.sound]
info: IUTThreeClosures/AffineCollinearPeriodEnergy20260901.lean:137:0: 'IUTThreeClosures.AffineCollinearPeriodEnergy20260901.directionPeriod_mul_capture' depends on axioms: [propext,
 Quot.sound]
info: IUTThreeClosures/AffineCollinearPeriodEnergy20260901.lean:224:0: '_private.IUTThreeClosures.AffineCollinearPeriodEnergy20260901.0.IUTThreeClosures.AffineCollinearPeriodEnergy20260901.natAbs_natCast_sub_eq_dist' depends on axioms: [propext,
 Classical.choice,
 Quot.sound]
info: IUTThreeClosures/AffineCollinearPeriodEnergy20260901.lean:225:0: '_private.IUTThreeClosures.AffineCollinearPeriodEnergy20260901.0.IUTThreeClosures.AffineCollinearPeriodEnergy20260901.nat_dvd_dist_mul_of_intCast_dvd_sub_mul' depends on axioms: [propext,
 Classical.choice,
 Quot.sound]
info: IUTThreeClosures/AffineCollinearPeriodEnergy20260901.lean:226:0: 'IUTThreeClosures.AffineCollinearPeriodEnergy20260901.sharedLabel_ray_directionDivisibilities' depends on axioms: [propext,
 Classical.choice,
 Quot.sound]
info: IUTThreeClosures/AffineCollinearPeriodEnergy20260901.lean:227:0: 'IUTThreeClosures.AffineCollinearPeriodEnergy20260901.sharedLabel_ray_directionPeriod_dvd_dist' depends on axioms: [propext,
 Classical.choice,
 Quot.sound]
info: IUTThreeClosures/AffineCollinearPeriodEnergy20260901.lean:290:0: 'IUTThreeClosures.AffineCollinearPeriodEnergy20260901.periodicIndexSet_card_le' depends on axioms: [propext,
 Classical.choice,
 Quot.sound]
info: IUTThreeClosures/AffineCollinearPeriodEnergy20260901.lean:291:0: 'IUTThreeClosures.AffineCollinearPeriodEnergy20260901.mem_rayLabelFiber_iff' depends on axioms: [propext,
 Classical.choice,
 Quot.sound]
info: IUTThreeClosures/AffineCollinearPeriodEnergy20260901.lean:292:0: 'IUTThreeClosures.AffineCollinearPeriodEnergy20260901.rayLabelFiber_card_le_directionPeriod' depends on axioms: [propext,
 Classical.choice,
 Quot.sound]
info: IUTThreeClosures/AffineCollinearPeriodEnergy20260901.lean:439:0: 'IUTThreeClosures.AffineCollinearPeriodEnergy20260901.directionCapture_nonconstant_le_cubic' depends on axioms: [propext,
 Quot.sound]
info: IUTThreeClosures/AffineCollinearPeriodEnergy20260901.lean:440:0: 'IUTThreeClosures.AffineCollinearPeriodEnergy20260901.cubic_card_bound_of_period' depends on axioms: [propext,
 Classical.choice,
 Quot.sound]
info: IUTThreeClosures/AffineCollinearPeriodEnergy20260901.lean:441:0: 'IUTThreeClosures.AffineCollinearPeriodEnergy20260901.rayLabelFiber_nonconstant_shiftedCube_lt' depends on axioms: [propext,
 Classical.choice,
 Quot.sound]
info: IUTThreeClosures/AffineCollinearPeriodEnergy20260901.lean:442:0: 'IUTThreeClosures.AffineCollinearPeriodEnergy20260901.omitting_positive_ambient_breaks_cubic_card_bound' depends on axioms: [propext,
 Classical.choice,
 Quot.sound]
info: IUTThreeClosures/AffineCollinearPeriodEnergy20260901.lean:531:0: 'IUTThreeClosures.AffineCollinearPeriodEnergy20260901.cube_le_four_mul_of_shiftedCube_lt' depends on axioms: [propext,
 Quot.sound]
info: IUTThreeClosures/AffineCollinearPeriodEnergy20260901.lean:532:0: 'IUTThreeClosures.AffineCollinearPeriodEnergy20260901.factorThree_shiftedCube_counterexample' depends on axioms: [propext,
 Classical.choice,
 Quot.sound]
info: IUTThreeClosures/AffineCollinearPeriodEnergy20260901.lean:533:0: 'IUTThreeClosures.AffineCollinearPeriodEnergy20260901.weightedCubicMoment_le_four' depends on axioms: [propext,
 Classical.choice,
 Quot.sound]
info: IUTThreeClosures/AffineCollinearPeriodEnergy20260901.lean:534:0: 'IUTThreeClosures.AffineCollinearPeriodEnergy20260901.rayCatalogue_weightedCubicEnergy_le' depends on axioms: [propext,
 Classical.choice,
 Quot.sound]
info: IUTThreeClosures/AffineCollinearPeriodEnergy20260901.lean:632:0: 'IUTThreeClosures.AffineCollinearPeriodEnergy20260901.directionCapture_vertical_le_quadratic' depends on axioms: [propext,
 Quot.sound]
info: IUTThreeClosures/AffineCollinearPeriodEnergy20260901.lean:633:0: 'IUTThreeClosures.AffineCollinearPeriodEnergy20260901.quadratic_card_bound_of_period' depends on axioms: [propext,
 Classical.choice,
 Quot.sound]
info: IUTThreeClosures/AffineCollinearPeriodEnergy20260901.lean:634:0: 'IUTThreeClosures.AffineCollinearPeriodEnergy20260901.rayLabelFiber_vertical_shiftedSquare_lt' depends on axioms: [propext,
 Classical.choice,
 Quot.sound]
info: IUTThreeClosures/AffineCollinearPeriodEnergy20260901.lean:677:0: '_private.IUTThreeClosures.AffineCollinearPeriodEnergy20260901.0.IUTThreeClosures.AffineCollinearPeriodEnergy20260901.radical_72' depends on axioms: [propext,
 Classical.choice,
 Quot.sound]
info: IUTThreeClosures/AffineCollinearPeriodEnergy20260901.lean:720:0: 'IUTThreeClosures.AffineCollinearPeriodEnergy20260901.omitting_pairwise_breaks_directionPeriod_product' depends on axioms: [propext,
 Quot.sound]
info: IUTThreeClosures/AffineCollinearPeriodEnergy20260901.lean:721:0: 'IUTThreeClosures.AffineCollinearPeriodEnergy20260901.seed189_productAsPeriod_fullPremise_counterexample' depends on axioms: [propext,
 Classical.choice,
 Quot.sound]
⚠ [9189/9224] Replayed IUTThreeClosures.ActualBadPlaceProcessionGeometryAxiomAudit
info: IUTThreeClosures/ActualBadPlaceProcessionGeometryAxiomAudit.lean:5:0: 'IUTThreeClosures.ActualBadPlaceProcessionGeometry.coordinateRegion_antitone' depends on axioms: [propext,
 Classical.choice,
 Quot.sound]
info: IUTThreeClosures/ActualBadPlaceProcessionGeometryAxiomAudit.lean:7:0: 'IUTThreeClosures.ActualBadPlaceProcessionGeometry.distinguishedLabelProductRegion_antitone' depends on axioms: [propext,
 Classical.choice,
 Quot.sound]
info: IUTThreeClosures/ActualBadPlaceProcessionGeometryAxiomAudit.lean:9:0: 'IUTThreeClosures.ActualBadPlaceProcessionGeometry.distinguishedProcessionUnion_eq_first' depends on axioms: [propext,
 Classical.choice,
 Quot.sound]
info: IUTThreeClosures/ActualBadPlaceProcessionGeometryAxiomAudit.lean:11:0: 'IUTThreeClosures.ActualBadPlaceProcessionGeometry.distinguishedProcessionUnionRegion_logVolume' depends on axioms: [propext,
 Classical.choice,
 Quot.sound]
info: IUTThreeClosures/ActualBadPlaceProcessionGeometryAxiomAudit.lean:13:0: 'IUTThreeClosures.ActualBadPlaceProcessionGeometry.distinguishedProcessionProductRegion_logVolume' depends on axioms: [propext,
 Classical.choice,
 Quot.sound]
info: IUTThreeClosures/ActualBadPlaceProcessionGeometryAxiomAudit.lean:15:0: 'IUTThreeClosures.ActualBadPlaceProcessionGeometry.distinguishedProcessionProductRegion_logVolume_le_zero' depends on axioms: [propext,
 Classical.choice,
 Quot.sound]
warning: IUTThreeClosures/ActualBadPlaceProcessionGeometryAxiomAudit.lean:16:100: This line exceeds the 100 character limit, please shorten it!

Note: This linter can be disabled with `set_option linter.style.longLine false`
info: IUTThreeClosures/ActualBadPlaceProcessionGeometryAxiomAudit.lean:17:0: 'IUTThreeClosures.ActualBadPlaceProcessionGeometry.normalizedProcessionProductMass_eq_normalizedProcessionMass' depends on axioms: [propext,
 Classical.choice,
 Quot.sound]
warning: IUTThreeClosures/ActualBadPlaceProcessionGeometryAxiomAudit.lean:18:100: This line exceeds the 100 character limit, please shorten it!

Note: This linter can be disabled with `set_option linter.style.longLine false`
info: IUTThreeClosures/ActualBadPlaceProcessionGeometryAxiomAudit.lean:19:0: 'IUTThreeClosures.ActualBadPlaceProcessionGeometry.normalizedProcessionProductMass_eq_squareAverage_mul_arithmeticLogQ' depends on axioms: [propext,
 Classical.choice,
 Quot.sound]
warning: IUTThreeClosures/ActualBadPlaceProcessionGeometryAxiomAudit.lean:20:100: This line exceeds the 100 character limit, please shorten it!

Note: This linter can be disabled with `set_option linter.style.longLine false`
info: IUTThreeClosures/ActualBadPlaceProcessionGeometryAxiomAudit.lean:21:0: 'IUTThreeClosures.ActualBadPlaceProcessionGeometry.canonicalQPilot_normalizedProcessionProductMass_eq_squareAverage_mul_publicLogQ' depends on axioms: [propext,
 Classical.choice,
 Quot.sound]
warning: IUTThreeClosures/ActualBadPlaceProcessionGeometryAxiomAudit.lean:22:100: This line exceeds the 100 character limit, please shorten it!

Note: This linter can be disabled with `set_option linter.style.longLine false`
⚠ [9190/9224] Replayed IUTThreeClosures.ActualBadPlaceProductRegionAxiomAudit
info: IUTThreeClosures/ActualBadPlaceProductRegionAxiomAudit.lean:5:0: 'IUTThreeClosures.ActualBadPlaceProductRegion.coordinateRegion_logVolume_eq_componentLog' depends on axioms: [propext,
 Classical.choice,
 Quot.sound]
info: IUTThreeClosures/ActualBadPlaceProductRegionAxiomAudit.lean:7:0: 'IUTThreeClosures.ActualBadPlaceProductRegion.distinguishedLabelProductRegion_logVolume' depends on axioms: [propext,
 Classical.choice,
 Quot.sound]
info: IUTThreeClosures/ActualBadPlaceProductRegionAxiomAudit.lean:9:0: 'IUTThreeClosures.ActualBadPlaceProductRegion.distinguishedLabelProductRegion_logVolume_eq_sq_mul_signedHaarLogSum' depends on axioms: [propext,
 Classical.choice,
 Quot.sound]
warning: IUTThreeClosures/ActualBadPlaceProductRegionAxiomAudit.lean:10:100: This line exceeds the 100 character limit, please shorten it!

Note: This linter can be disabled with `set_option linter.style.longLine false`
info: IUTThreeClosures/ActualBadPlaceProductRegionAxiomAudit.lean:11:0: 'IUTThreeClosures.ActualBadPlaceProductRegion.neg_logVolume_div_finrank_eq_sq_mul_arithmeticLogQ' depends on axioms: [propext,
 Classical.choice,
 Quot.sound]
info: IUTThreeClosures/ActualBadPlaceProductRegionAxiomAudit.lean:13:0: 'IUTThreeClosures.ActualBadPlaceProductRegion.neg_logVolume_div_finrank_eq_sq_mul_publicLogQ' depends on axioms: [propext,
 Classical.choice,
 Quot.sound]
⚠ [9191/9224] Replayed IUTThreeClosures.ActualDistinguishedProcessionProductRegion
warning: IUTThreeClosures/ActualDistinguishedProcessionProductRegion.lean:143:9: Variable name `m` is not explicitly referenced.

The binding can be removed (if unused) or named `_` (if used implicitly).

Note: This linter can be disabled with `set_option linter.unusedVariables false`
⚠ [9192/9224] Replayed IUTThreeClosures.ActualDistinguishedProcessionProductRegionAxiomAudit
info: IUTThreeClosures/ActualDistinguishedProcessionProductRegionAxiomAudit.lean:5:0: 'IUTThreeClosures.ActualDistinguishedProcessionProductRegion.processionCoordinateRegion_logVolume' depends on axioms: [propext,
 Classical.choice,
 Quot.sound]
info: IUTThreeClosures/ActualDistinguishedProcessionProductRegionAxiomAudit.lean:7:0: 'IUTThreeClosures.ActualDistinguishedProcessionProductRegion.distinguishedProcessionProductRegion_logVolume' depends on axioms: [propext,
 Classical.choice,
 Quot.sound]
warning: IUTThreeClosures/ActualDistinguishedProcessionProductRegionAxiomAudit.lean:8:100: This line exceeds the 100 character limit, please shorten it!

Note: This linter can be disabled with `set_option linter.style.longLine false`
info: IUTThreeClosures/ActualDistinguishedProcessionProductRegionAxiomAudit.lean:9:0: 'IUTThreeClosures.ActualDistinguishedProcessionProductRegion.distinguishedProcessionProductRegion_logVolume_eq_length_mul_average' depends on axioms: [propext,
 Classical.choice,
 Quot.sound]
warning: IUTThreeClosures/ActualDistinguishedProcessionProductRegionAxiomAudit.lean:10:100: This line exceeds the 100 character limit, please shorten it!

Note: This linter can be disabled with `set_option linter.style.longLine false`
info: IUTThreeClosures/ActualDistinguishedProcessionProductRegionAxiomAudit.lean:11:0: 'IUTThreeClosures.ActualDistinguishedProcessionProductRegion.distinguishedProcessionProductRegion_logVolume_eq_length_mul_squareAverage' depends on axioms: [propext,
 Classical.choice,
 Quot.sound]
warning: IUTThreeClosures/ActualDistinguishedProcessionProductRegionAxiomAudit.lean:12:100: This line exceeds the 100 character limit, please shorten it!

Note: This linter can be disabled with `set_option linter.style.longLine false`
info: IUTThreeClosures/ActualDistinguishedProcessionProductRegionAxiomAudit.lean:13:0: 'IUTThreeClosures.ActualDistinguishedProcessionProductRegion.normalizedDistinguishedProcessionMass_eq_normalizedProcessionMass' depends on axioms: [propext,
 Classical.choice,
 Quot.sound]
warning: IUTThreeClosures/ActualDistinguishedProcessionProductRegionAxiomAudit.lean:14:100: This line exceeds the 100 character limit, please shorten it!

Note: This linter can be disabled with `set_option linter.style.longLine false`
info: IUTThreeClosures/ActualDistinguishedProcessionProductRegionAxiomAudit.lean:15:0: 'IUTThreeClosures.ActualDistinguishedProcessionProductRegion.normalizedDistinguishedProcessionMass_eq_squareAverage_mul_arithmeticLogQ' depends on axioms: [propext,
 Classical.choice,
 Quot.sound]
warning: IUTThreeClosures/ActualDistinguishedProcessionProductRegionAxiomAudit.lean:16:100: This line exceeds the 100 character limit, please shorten it!

Note: This linter can be disabled with `set_option linter.style.longLine false`
info: IUTThreeClosures/ActualDistinguishedProcessionProductRegionAxiomAudit.lean:17:0: 'IUTThreeClosures.ActualDistinguishedProcessionProductRegion.canonicalQPilot_normalizedDistinguishedProcessionMass_eq_publicLogQ' depends on axioms: [propext,
 Classical.choice,
 Quot.sound]
warning: IUTThreeClosures/ActualDistinguishedProcessionProductRegionAxiomAudit.lean:18:100: This line exceeds the 100 character limit, please shorten it!

Note: This linter can be disabled with `set_option linter.style.longLine false`
⚠ [9193/9224] Replayed IUTThreeClosures.ActualFinalCapsuleProductRegion
warning: IUTThreeClosures/ActualFinalCapsuleProductRegion.lean:206:9: Variable name `j` is not explicitly referenced.

The binding can be removed (if unused) or named `_` (if used implicitly).

Note: This linter can be disabled with `set_option linter.unusedVariables false`
⚠ [9194/9224] Replayed IUTThreeClosures.ActualFinalCapsuleProductRegionAxiomAudit
info: IUTThreeClosures/ActualFinalCapsuleProductRegionAxiomAudit.lean:5:0: 'IUTThreeClosures.ActualFinalCapsuleProductRegion.finalCapsuleIndexEquivLabelType' depends on axioms: [propext,
 Classical.choice,
 Quot.sound]
info: IUTThreeClosures/ActualFinalCapsuleProductRegionAxiomAudit.lean:7:0: 'IUTThreeClosures.ActualFinalCapsuleProductRegion.labelProductRegion_logVolume' depends on axioms: [propext,
 Classical.choice,
 Quot.sound]
info: IUTThreeClosures/ActualFinalCapsuleProductRegionAxiomAudit.lean:9:0: 'IUTThreeClosures.ActualFinalCapsuleProductRegion.finalCapsule_squareSum_eq_distinguished_squareSum' depends on axioms: [propext,
 Classical.choice,
 Quot.sound]
info: IUTThreeClosures/ActualFinalCapsuleProductRegionAxiomAudit.lean:11:0: 'IUTThreeClosures.ActualFinalCapsuleProductRegion.finalCapsuleProductRegion_logVolume_eq_processionLogSum' depends on axioms: [propext,
 Classical.choice,
 Quot.sound]
warning: IUTThreeClosures/ActualFinalCapsuleProductRegionAxiomAudit.lean:12:100: This line exceeds the 100 character limit, please shorten it!

Note: This linter can be disabled with `set_option linter.style.longLine false`
info: IUTThreeClosures/ActualFinalCapsuleProductRegionAxiomAudit.lean:13:0: 'IUTThreeClosures.ActualFinalCapsuleProductRegion.finalCapsuleProductRegion_logVolume_eq_distinguishedProcession' depends on axioms: [propext,
 Classical.choice,
 Quot.sound]
warning: IUTThreeClosures/ActualFinalCapsuleProductRegionAxiomAudit.lean:14:100: This line exceeds the 100 character limit, please shorten it!

Note: This linter can be disabled with `set_option linter.style.longLine false`
info: IUTThreeClosures/ActualFinalCapsuleProductRegionAxiomAudit.lean:15:0: 'IUTThreeClosures.ActualFinalCapsuleProductRegion.normalizedFinalCapsuleMass_eq_normalizedProcessionMass' depends on axioms: [propext,
 Classical.choice,
 Quot.sound]
warning: IUTThreeClosures/ActualFinalCapsuleProductRegionAxiomAudit.lean:16:100: This line exceeds the 100 character limit, please shorten it!

Note: This linter can be disabled with `set_option linter.style.longLine false`
info: IUTThreeClosures/ActualFinalCapsuleProductRegionAxiomAudit.lean:17:0: 'IUTThreeClosures.ActualFinalCapsuleProductRegion.normalizedFinalCapsuleMass_eq_squareAverage_mul_arithmeticLogQ' depends on axioms: [propext,
 Classical.choice,
 Quot.sound]
warning: IUTThreeClosures/ActualFinalCapsuleProductRegionAxiomAudit.lean:18:100: This line exceeds the 100 character limit, please shorten it!

Note: This linter can be disabled with `set_option linter.style.longLine false`
info: IUTThreeClosures/ActualFinalCapsuleProductRegionAxiomAudit.lean:19:0: 'IUTThreeClosures.ActualFinalCapsuleProductRegion.canonicalQPilot_normalizedFinalCapsuleMass_eq_publicLogQ' depends on axioms: [propext,
 Classical.choice,
 Quot.sound]
warning: IUTThreeClosures/ActualFinalCapsuleProductRegionAxiomAudit.lean:20:100: This line exceeds the 100 character limit, please shorten it!

Note: This linter can be disabled with `set_option linter.style.longLine false`
⚠ [9195/9224] Replayed IUTThreeClosures.AxiomAudit
info: IUTThreeClosures/AxiomAudit.lean:156:0: 'IUTThreeClosures.PointwiseIUTIIIFamily.corollary312Variant_all' depends on axioms: [propext,
 Classical.choice,
 Quot.sound]
info: IUTThreeClosures/AxiomAudit.lean:157:0: 'IUTThreeClosures.ThreeClosureCertificate.abc_conjecture_of_three_closures' depends on axioms: [propext,
 Classical.choice,
 Quot.sound]
info: IUTThreeClosures/AxiomAudit.lean:158:0: 'IUTThreeClosures.NonCircularIUTIVBridge.nonempty_iff_abc' depends on axioms: [propext, Classical.choice, Quot.sound]
info: IUTThreeClosures/AxiomAudit.lean:159:0: 'IUTThreeClosures.nonempty_fourStageProgram_iff' depends on axioms: [propext, Classical.choice, Quot.sound]
info: IUTThreeClosures/AxiomAudit.lean:160:0: 'IUTThreeClosures.EtaOrbitMinimalGap.linearEquiv_eq_iff_apply_pilot' depends on axioms: [propext,
 Classical.choice,
 Quot.sound]
info: IUTThreeClosures/AxiomAudit.lean:162:0: 'IUTThreeClosures.EtaOrbitMinimalGap.VolumeQuotientInterface.pilot_eq_iff_volume_eq' depends on axioms: [propext]
info: IUTThreeClosures/AxiomAudit.lean:164:0: 'IUTThreeClosures.EtaOrbitMinimalGap.VolumeQuotientInterface.etaMap_eq_iff_volume_eq' depends on axioms: [propext,
 Classical.choice,
 Quot.sound]
info: IUTThreeClosures/AxiomAudit.lean:166:0: 'IUTThreeClosures.JoshiArithmeticTeichmullerAudit.pureTensorScalar_not_additive' depends on axioms: [propext,
 Classical.choice,
 Quot.sound]
info: IUTThreeClosures/AxiomAudit.lean:168:0: 'IUTThreeClosures.JoshiArithmeticTeichmullerAudit.tateParameter_log_neg' depends on axioms: [propext,
 Classical.choice,
 Quot.sound]
info: IUTThreeClosures/AxiomAudit.lean:170:0: 'IUTThreeClosures.JoshiArithmeticTeichmullerAudit.positive_degree_ne_negative_localLogSum' depends on axioms: [propext,
 Classical.choice,
 Quot.sound]
info: IUTThreeClosures/AxiomAudit.lean:172:0: 'IUTThreeClosures.JoshiArithmeticTeichmullerAudit.corollary_9_11_1_1_sign_impossible' depends on axioms: [propext,
 Classical.choice,
 Quot.sound]
info: IUTThreeClosures/AxiomAudit.lean:174:0: 'IUTThreeClosures.thetaProd_qpow_smul_nat' depends on axioms: [propext, Classical.choice, Quot.sound]
info: IUTThreeClosures/AxiomAudit.lean:175:0: 'IUTThreeClosures.thetaProd_qpow_smul_odd' depends on axioms: [propext, Classical.choice, Quot.sound]
info: IUTThreeClosures/AxiomAudit.lean:176:0: 'IUTThreeClosures.TateThetaRootPoint.oddPeriodShiftEquiv' depends on axioms: [propext, Classical.choice, Quot.sound]
info: IUTThreeClosures/AxiomAudit.lean:177:0: 'IUTThreeClosures.MaximalValuationRingHull.exists_least_productHull' depends on axioms: [propext,
 Classical.choice,
 Quot.sound]
info: IUTThreeClosures/AxiomAudit.lean:178:0: 'IUTThreeClosures.MaximalValuationRingHull.scaledFinitePositiveRegion' depends on axioms: [propext,
 Classical.choice,
 Quot.sound]
info: IUTThreeClosures/AxiomAudit.lean:179:0: 'IUTThreeClosures.MaximalValuationRingHull.rational_prime_specialization_scale_rigidity' depends on axioms: [propext,
 Classical.choice,
 Quot.sound]
info: IUTThreeClosures/AxiomAudit.lean:180:0: 'IUTThreeClosures.sqrt_mul_log_le_linear_explicit' depends on axioms: [propext, Classical.choice, Quot.sound]
info: IUTThreeClosures/AxiomAudit.lean:181:0: 'IUTThreeClosures.mul_sqrt_mul_log_le_linear_explicit' depends on axioms: [propext, Classical.choice, Quot.sound]
info: IUTThreeClosures/AxiomAudit.lean:182:0: 'IUTThreeClosures.proposition21_absorption_with_sqrtLog' depends on axioms: [propext, Classical.choice, Quot.sound]
info: IUTThreeClosures/AxiomAudit.lean:183:0: 'IUTThreeClosures.TateGraphPeriodQuotient.graphPeriodQuotientEquivZMod' depends on axioms: [propext,
 Classical.choice,
 Quot.sound]
info: IUTThreeClosures/AxiomAudit.lean:184:0: 'IUTThreeClosures.TateThetaRootPoint.oddPeriodShiftAddAction_isCancelVAdd' depends on axioms: [propext,
 Classical.choice,
 Quot.sound]
info: IUTThreeClosures/AxiomAudit.lean:185:0: 'IUTThreeClosures.TateThetaRootPoint.oddPeriodShiftAddAction_properlyDiscontinuousVAdd' depends on axioms: [propext,
 Classical.choice,
 Quot.sound]
info: IUTThreeClosures/AxiomAudit.lean:186:0: 'IUTThreeClosures.TateThetaRootPoint.oddPeriodShift_orbitQuotient_isAddQuotientCoveringMap' depends on axioms: [propext,
 Classical.choice,
 Quot.sound]
info: IUTThreeClosures/AxiomAudit.lean:188:0: 'IUTThreeClosures.TateThetaRootPoint.valuationCircleMap_not_injective_of_charZero' depends on axioms: [propext,
 Classical.choice,
 Quot.sound]
info: IUTThreeClosures/AxiomAudit.lean:189:0: 'IUTThreeClosures.KummerTorsor.no_common_scale_thetaPoint_one_two' depends on axioms: [propext,
 Classical.choice,
 Quot.sound]
info: IUTThreeClosures/AxiomAudit.lean:190:0: 'IUTThreeClosures.KummerTorsor.scale_calibrates_thetaPoint_iff' depends on axioms: [propext,
 Classical.choice,
 Quot.sound]
info: IUTThreeClosures/AxiomAudit.lean:191:0: 'IUTThreeClosures.KummerTorsor.horizontalEquiv_one_two_not_log_norm_preserving' depends on axioms: [propext,
 Classical.choice,
 Quot.sound]
info: IUTThreeClosures/AxiomAudit.lean:192:0: 'IUTThreeClosures.SourceFaithfulTheorem110.tatePower_component_logVolume' depends on axioms: [propext,
 Classical.choice,
 Quot.sound]
info: IUTThreeClosures/AxiomAudit.lean:193:0: 'IUTThreeClosures.HaarResidueNormalization.log_distribHaarChar_integerUnit' depends on axioms: [propext,
 Classical.choice,
 Quot.sound]
info: IUTThreeClosures/AxiomAudit.lean:194:0: 'IUTThreeClosures.TateHaarResidueNormalization.log_distribHaarChar_tateParameter' depends on axioms: [propext,
 Classical.choice,
 Quot.sound]
info: IUTThreeClosures/AxiomAudit.lean:195:0: 'IUTThreeClosures.LocalCompletionNormValuationBridge.normIntegerRing_eq_nativeIntegerRing' depends on axioms: [propext,
 Classical.choice,
 Quot.sound]
info: IUTThreeClosures/AxiomAudit.lean:197:0: 'IUTThreeClosures.LocalCompletionNormValuationBridge.nativeResidueFinite' depends on axioms: [propext,
 Classical.choice,
 Quot.sound]
info: IUTThreeClosures/AxiomAudit.lean:198:0: 'IUTThreeClosures.LocalCompletionNormValuationBridge.completionProperSpace' depends on axioms: [propext,
 Classical.choice,
 Quot.sound]
info: IUTThreeClosures/AxiomAudit.lean:199:0: 'IUTThreeClosures.ActualBadHodgeTheaterPlace.log_distribHaarChar_q_eq_qOrder_residueCard' depends on axioms: [propext,
 Classical.choice,
 Quot.sound]
info: IUTThreeClosures/AxiomAudit.lean:201:0: 'IUTThreeClosures.LocalCompletionNormValuationBridge.globalResidueEquivNativeResidue' depends on axioms: [propext,
 Classical.choice,
 Quot.sound]
info: IUTThreeClosures/AxiomAudit.lean:203:0: 'IUTThreeClosures.LocalCompletionNormValuationBridge.natCard_nativeResidue_eq_absNorm' depends on axioms: [propext,
 Classical.choice,
 Quot.sound]
info: IUTThreeClosures/AxiomAudit.lean:205:0: 'IUTThreeClosures.ActualBadPlaceQPilotPacket.localHaarLog_eq_neg_qOrder_arithmeticPlaceWeight' depends on axioms: [propext,
 Classical.choice,
 Quot.sound]
info: IUTThreeClosures/AxiomAudit.lean:207:0: 'IUTThreeClosures.ActualBadPlaceQPilotPacket.neg_signedHaarLogSum_eq_arithmeticDivisorDegree' depends on axioms: [propext,
 Classical.choice,
 Quot.sound]
info: IUTThreeClosures/AxiomAudit.lean:209:0: 'IUTThreeClosures.ActualBadPlaceQPilotPacket.normalizedHaarLogQ_eq_arithmeticLogQ' depends on axioms: [propext,
 Classical.choice,
 Quot.sound]
info: IUTThreeClosures/AxiomAudit.lean:211:0: 'IUTThreeClosures.ActualBadPlaceQPilotPacket.normalizedHaarLogQ_eq_publicLogQ' depends on axioms: [propext,
 Classical.choice,
 Quot.sound]
info: IUTThreeClosures/AxiomAudit.lean:213:0: 'IUTThreeClosures.ActualBadHodgeTheaterPlace.squareLabelRegion_logVolume' depends on axioms: [propext,
 Classical.choice,
 Quot.sound]
info: IUTThreeClosures/AxiomAudit.lean:215:0: 'IUTThreeClosures.ActualBadHodgeTheaterPlace.reachableFinitePositiveRegion_logVolume_le_zero' depends on axioms: [propext,
 Classical.choice,
 Quot.sound]
info: IUTThreeClosures/AxiomAudit.lean:217:0: 'IUTThreeClosures.ActualBadPlaceProcessionAssembly.componentLog_eq_squareLabelRegion_logVolume' depends on axioms: [propext,
 Classical.choice,
 Quot.sound]
info: IUTThreeClosures/AxiomAudit.lean:220:0: 'IUTThreeClosures.ActualBadPlaceProcessionAssembly.processionAverage_eq_squareAverage_mul_signedHaarLogSum' depends on axioms: [propext,
 Classical.choice,
 Quot.sound]
info: IUTThreeClosures/AxiomAudit.lean:221:0: 'IUTThreeClosures.ActualBadPlaceProcessionAssembly.canonicalQPilot_normalizedProcessionMass_eq_squareAverage_mul_publicLogQ' depends on axioms: [propext,
 Classical.choice,
 Quot.sound]
info: IUTThreeClosures/AxiomAudit.lean:223:0: 'IUTThreeClosures.TateThetaRootPoint.valuationCircleMap_ker_eq_angularKernel' depends on axioms: [propext,
 Classical.choice,
 Quot.sound]
info: IUTThreeClosures/AxiomAudit.lean:224:0: 'IUTThreeClosures.TateThetaRootPoint.valuationCircleRangeEquivZMod' depends on axioms: [propext,
 Classical.choice,
 Quot.sound]
info: IUTThreeClosures/AxiomAudit.lean:225:0: 'IUTThreeClosures.TateThetaRootPoint.natCard_valuationCircleMap_range' depends on axioms: [propext,
 Classical.choice,
 Quot.sound]
info: IUTThreeClosures/AxiomAudit.lean:226:0: 'IUTThreeClosures.PolynomialGaussPointOrbit.gaussPoint_injective' depends on axioms: [propext,
 Classical.choice,
 Quot.sound]
info: IUTThreeClosures/AxiomAudit.lean:227:0: 'IUTThreeClosures.PolynomialGaussPointOrbit.gaussPoint_ne_rationalEvaluation' depends on axioms: [propext,
 Classical.choice,
 Quot.sound]
info: IUTThreeClosures/AxiomAudit.lean:228:0: 'IUTThreeClosures.PolynomialGaussPointOrbit.pullbackGaussPoint_eq' depends on axioms: [propext,
 Classical.choice,
 Quot.sound]
info: IUTThreeClosures/AxiomAudit.lean:229:0: 'IUTThreeClosures.PolynomialGaussPointOrbit.radiusCircleMap_eq_iff_zpow' depends on axioms: [propext,
 Classical.choice,
 Quot.sound]
info: IUTThreeClosures/AxiomAudit.lean:230:0: 'IUTThreeClosures.PolynomialGaussPointOrbit.radiusOrbitQuotientHomeomorphCircle' depends on axioms: [propext,
 Classical.choice,
 Quot.sound]
info: IUTThreeClosures/AxiomAudit.lean:231:0: 'IUTThreeClosures.LaurentGaussPointOrbit.laurentGaussPoint_toLaurent' depends on axioms: [propext,
 Classical.choice,
 Quot.sound]
info: IUTThreeClosures/AxiomAudit.lean:232:0: 'IUTThreeClosures.LaurentGaussPointOrbit.laurentGaussPoint_T_neg_one' depends on axioms: [propext,
 Classical.choice,
 Quot.sound]
info: IUTThreeClosures/AxiomAudit.lean:233:0: 'IUTThreeClosures.LaurentGaussPointOrbit.laurentGaussPoint_injective' depends on axioms: [propext,
 Classical.choice,
 Quot.sound]
info: IUTThreeClosures/AxiomAudit.lean:234:0: 'IUTThreeClosures.LaurentGaussPointOrbit.laurentVariableScale_toLaurent' depends on axioms: [propext,
 Classical.choice,
 Quot.sound]
info: IUTThreeClosures/AxiomAudit.lean:235:0: 'IUTThreeClosures.LaurentGaussPointOrbit.laurentGaussPoint_variableScale' depends on axioms: [propext,
 Classical.choice,
 Quot.sound]
info: IUTThreeClosures/AxiomAudit.lean:236:0: 'IUTThreeClosures.LaurentGaussPointOrbit.pullbackLaurentGaussPoint_eq' depends on axioms: [propext,
 Classical.choice,
 Quot.sound]
info: IUTThreeClosures/AxiomAudit.lean:237:0: 'IUTThreeClosures.LaurentGaussCompletion.norm_mul_completed' depends on axioms: [propext, Classical.choice, Quot.sound]
info: IUTThreeClosures/AxiomAudit.lean:238:0: 'IUTThreeClosures.LaurentGaussCompletion.toCompletion_denseRange' depends on axioms: [propext,
 Classical.choice,
 Quot.sound]
info: IUTThreeClosures/AxiomAudit.lean:239:0: 'IUTThreeClosures.LaurentGaussCompletion.scaleCompletion_toCompletion' depends on axioms: [propext,
 Classical.choice,
 Quot.sound]
info: IUTThreeClosures/AxiomAudit.lean:240:0: 'IUTThreeClosures.LaurentGaussSeminormSpectrum.BoundedKSeminorm.isEmbedding_coe' depends on axioms: [propext,
 Classical.choice,
 Quot.sound]
info: IUTThreeClosures/AxiomAudit.lean:242:0: 'IUTThreeClosures.LaurentGaussSeminormSpectrum.BoundedKSeminorm.pullbackHomeomorph' depends on axioms: [propext,
 Classical.choice,
 Quot.sound]
info: IUTThreeClosures/AxiomAudit.lean:244:0: 'IUTThreeClosures.LaurentGaussSeminormSpectrum.completedGaussPoint_T' depends on axioms: [propext,
 Classical.choice,
 Quot.sound]
info: IUTThreeClosures/AxiomAudit.lean:246:0: 'IUTThreeClosures.LaurentGaussSeminormSpectrum.scaleSpectrumHomeomorph_gaussPoint' depends on axioms: [propext,
 Classical.choice,
 Quot.sound]
info: IUTThreeClosures/AxiomAudit.lean:248:0: 'IUTThreeClosures.LaurentGaussSeminormSpectrum.unitNormSpectrumZAction_one_vadd' depends on axioms: [propext,
 Classical.choice,
 Quot.sound]
info: IUTThreeClosures/AxiomAudit.lean:250:0: 'IUTThreeClosures.KummerTorsor.no_integer_effect_compatible_calibration_one_two' depends on axioms: [propext,
 Classical.choice,
 Quot.sound]
info: IUTThreeClosures/AxiomAudit.lean:251:0: 'IUTThreeClosures.log_labelAbsoluteValue_q_square' depends on axioms: [propext, Classical.choice, Quot.sound]
info: IUTThreeClosures/AxiomAudit.lean:252:0: 'IUTThreeClosures.padic_no_labelOneTwoRingEquiv_logNormIsometry' depends on axioms: [propext,
 Classical.choice,
 Quot.sound]
info: IUTThreeClosures/AxiomAudit.lean:253:0: 'IUTThreeClosures.tensorIntegerAt_label_independent' depends on axioms: [propext, Classical.choice, Quot.sound]
info: IUTThreeClosures/AxiomAudit.lean:254:0: 'IUTThreeClosures.FinitePositiveRegion.logVolume_tensorIntegerImage' depends on axioms: [propext,
 Classical.choice,
 Quot.sound]
info: IUTThreeClosures/AxiomAudit.lean:256:0: 'IUTThreeClosures.padic_no_common_isometric_label_integer_identification' depends on axioms: [propext,
 Classical.choice,
 Quot.sound]
info: IUTThreeClosures/AxiomAudit.lean:258:0: 'IUTThreeClosures.ConcreteGenEllKummerCover.kummer_derivative_bezout' depends on axioms: [propext,
 Classical.choice,
 Quot.sound]
info: IUTThreeClosures/AxiomAudit.lean:259:0: 'IUTThreeClosures.ConcreteGenEllKummerCover.kummer_ring_nontrivial' depends on axioms: [propext,
 Classical.choice,
 Quot.sound]
info: IUTThreeClosures/AxiomAudit.lean:260:0: 'IUTThreeClosures.ConcreteGenEllTripodCover.fermat_etale_over_tripod' depends on axioms: [propext,
 Classical.choice,
 Quot.sound]
info: IUTThreeClosures/AxiomAudit.lean:261:0: 'IUTThreeClosures.ConcreteGenEllTripodCover.fermat_finrank_over_tripod' depends on axioms: [propext,
 Classical.choice,
 Quot.sound]
info: IUTThreeClosures/AxiomAudit.lean:262:0: 'IUTThreeClosures.ConcreteGenEllTripodCover.fermat_primeSpectrum_surjective' depends on axioms: [propext,
 Classical.choice,
 Quot.sound]
info: IUTThreeClosures/AxiomAudit.lean:263:0: 'IUTThreeClosures.ConcreteFermatIrreducibility.fermatPolynomial_irreducible' depends on axioms: [propext,
 Classical.choice,
 Quot.sound]
info: IUTThreeClosures/AxiomAudit.lean:265:0: 'IUTThreeClosures.ConcreteFermatOpenRing.affineBoundary_ne_zero' depends on axioms: [propext,
 Classical.choice,
 Quot.sound]
info: IUTThreeClosures/AxiomAudit.lean:266:0: 'IUTThreeClosures.ConcreteProjectiveFermatSmoothness.projectiveFermatPoint_not_jacobianSingular' depends on axioms: [propext,
 Classical.choice,
 Quot.sound]
info: IUTThreeClosures/AxiomAudit.lean:268:0: 'IUTThreeClosures.ConcreteProjectiveFermatScheme.quotientGrade_iSupIndep' depends on axioms: [propext,
 Classical.choice,
 Quot.sound]
info: IUTThreeClosures/AxiomAudit.lean:269:0: 'IUTThreeClosures.ConcreteProjectiveFermatScheme.iSup_coordinateOpen_eq_top' depends on axioms: [propext,
 Classical.choice,
 Quot.sound]
info: IUTThreeClosures/AxiomAudit.lean:270:0: 'IUTThreeClosures.ConcreteProjectiveFermatScheme.coordinateAwayι_opensRange' depends on axioms: [propext,
 Classical.choice,
 Quot.sound]
info: IUTThreeClosures/AxiomAudit.lean:271:0: 'IUTThreeClosures.ConcreteProjectiveFermatScheme.chartTwo_fermat_equation' depends on axioms: [propext,
 Classical.choice,
 Quot.sound]
info: IUTThreeClosures/AxiomAudit.lean:272:0: 'IUTThreeClosures.ConcreteAffineFermatJacobian.fermatJacobianIdeal_eq_top' depends on axioms: [propext,
 Classical.choice,
 Quot.sound]
info: IUTThreeClosures/AxiomAudit.lean:273:0: 'IUTThreeClosures.ConcreteAffineFermatJacobian.fermatJacobianRing_smooth' depends on axioms: [propext,
 Classical.choice,
 Quot.sound]
info: IUTThreeClosures/AxiomAudit.lean:274:0: 'IUTThreeClosures.ConcreteProjectiveFermatChartEquiv.quotientGrade_zero_eq_algebraMap' depends on axioms: [propext,
 Classical.choice,
 Quot.sound]
info: IUTThreeClosures/AxiomAudit.lean:276:0: 'IUTThreeClosures.ConcreteProjectiveFermatChartEquiv.chartRatio_pair_adjoin_eq_top' depends on axioms: [propext,
 Classical.choice,
 Quot.sound]
info: IUTThreeClosures/AxiomAudit.lean:278:0: 'IUTThreeClosures.ConcreteProjectiveFermatChartEquiv.chartToAffine_comp_affineToChart' depends on axioms: [propext,
 Classical.choice,
 Quot.sound]
info: IUTThreeClosures/AxiomAudit.lean:280:0: 'IUTThreeClosures.ConcreteProjectiveFermatChartEquiv.affineToChart_comp_chartToAffine' depends on axioms: [propext,
 Classical.choice,
 Quot.sound]
info: IUTThreeClosures/AxiomAudit.lean:282:0: 'IUTThreeClosures.ConcreteProjectiveFermatChartEquiv.fermatAffineChartEquiv' depends on axioms: [propext,
 Classical.choice,
 Quot.sound]
info: IUTThreeClosures/AxiomAudit.lean:284:0: 'IUTThreeClosures.ConcreteProjectiveFermatChartEquiv.coordinateChartRing_smooth' depends on axioms: [propext,
 Classical.choice,
 Quot.sound]
info: IUTThreeClosures/AxiomAudit.lean:286:0: 'IUTThreeClosures.ConcreteProjectiveFermatSchemeSmooth.fermatAffineOddChartEquiv' depends on axioms: [propext,
 Classical.choice,
 Quot.sound]
info: IUTThreeClosures/AxiomAudit.lean:288:0: 'IUTThreeClosures.ConcreteProjectiveFermatSchemeSmooth.projectiveFermatScheme_smooth' depends on axioms: [propext,
 Classical.choice,
 Quot.sound]
info: IUTThreeClosures/AxiomAudit.lean:290:0: 'IUTThreeClosures.ConcreteFermatPresentationEquiv.fermatAffinePresentationEquiv' depends on axioms: [propext,
 Classical.choice,
 Quot.sound]
info: IUTThreeClosures/AxiomAudit.lean:292:0: 'IUTThreeClosures.ConcreteFermatPresentationEquiv.fermatOpenRing_smooth' depends on axioms: [propext,
 Classical.choice,
 Quot.sound]
info: IUTThreeClosures/AxiomAudit.lean:293:0: 'IUTThreeClosures.ConcreteFermatTripodEquiv.tripodFermatToOpen_comp_openToTripod' depends on axioms: [propext,
 Classical.choice,
 Quot.sound]
info: IUTThreeClosures/AxiomAudit.lean:295:0: 'IUTThreeClosures.ConcreteFermatTripodEquiv.openToTripod_comp_tripodFermatToOpen' depends on axioms: [propext,
 Classical.choice,
 Quot.sound]
info: IUTThreeClosures/AxiomAudit.lean:297:0: 'IUTThreeClosures.ConcreteFermatTripodEquiv.fermatOpenTripodAlgEquiv' depends on axioms: [propext,
 Classical.choice,
 Quot.sound]
info: IUTThreeClosures/AxiomAudit.lean:298:0: 'IUTThreeClosures.ConcreteFermatTripodEquiv.fermatOpenTripodBaseAlgEquiv' depends on axioms: [propext,
 Classical.choice,
 Quot.sound]
info: IUTThreeClosures/AxiomAudit.lean:299:0: 'IUTThreeClosures.ConcreteFermatTripodEquiv.fermatOpen_etale_over_tripod' depends on axioms: [propext,
 Classical.choice,
 Quot.sound]
info: IUTThreeClosures/AxiomAudit.lean:300:0: 'IUTThreeClosures.ConcreteFermatTripodEquiv.fermatOpen_finite_over_tripod' depends on axioms: [propext,
 Classical.choice,
 Quot.sound]
info: IUTThreeClosures/AxiomAudit.lean:301:0: 'IUTThreeClosures.ConcreteFermatTripodEquiv.fermatOpen_finrank_over_tripod' depends on axioms: [propext,
 Classical.choice,
 Quot.sound]
info: IUTThreeClosures/AxiomAudit.lean:302:0: 'IUTThreeClosures.ConcreteFermatBelyiRamification.outsideThreeFibres_iff_XYZ_ne_zero' depends on axioms: [propext,
 Classical.choice,
 Quot.sound]
info: IUTThreeClosures/AxiomAudit.lean:305:0: 'IUTThreeClosures.ConcreteFermatBelyiRamification.TripodCertificate.beta_etale_away_from_zero_one_infinity' depends on axioms: [propext,
 Classical.choice,
 Quot.sound]
info: IUTThreeClosures/AxiomAudit.lean:307:0: 'IUTThreeClosures.LocalPowerRamificationIndex.local_power_law_exact_conclusions' depends on axioms: [propext,
 Classical.choice,
 Quot.sound]
info: IUTThreeClosures/AxiomAudit.lean:309:0: 'IUTThreeClosures.ConcreteFermatBoundaryLocalRing.chartZeroIdeal_eq_span' depends on axioms: [propext,
 Classical.choice,
 Quot.sound]
info: IUTThreeClosures/AxiomAudit.lean:311:0: 'IUTThreeClosures.ConcreteFermatBoundaryLocalRing.source_maximalIdeal_eq_span_uniformizer' depends on axioms: [propext,
 Classical.choice,
 Quot.sound]
info: IUTThreeClosures/AxiomAudit.lean:313:0: 'IUTThreeClosures.ConcreteFermatBoundaryLocalRing.zeroBoundary_exact_ramification' depends on axioms: [propext,
 Classical.choice,
 Quot.sound]
info: IUTThreeClosures/AxiomAudit.lean:315:0: 'IUTThreeClosures.ConcreteFermatBoundaryLocalRing.chartZeroStalkIso' depends on axioms: [propext,
 Classical.choice,
 Quot.sound]
info: IUTThreeClosures/AxiomAudit.lean:317:0: 'IUTThreeClosures.tripodTruncatedCounting_eq_conductor' depends on axioms: [propext, Classical.choice, Quot.sound]
info: IUTThreeClosures/AxiomAudit.lean:318:0: 'IUTThreeClosures.normalizedLogHeight_pow' depends on axioms: [propext, Classical.choice, Quot.sound]
info: IUTThreeClosures/AxiomAudit.lean:319:0: 'IUTThreeClosures.ConcreteFermatBelyiRamification.normalizedLogHeight_one_sub_affineBeta' depends on axioms: [propext,
 Classical.choice,
 Quot.sound]
info: IUTThreeClosures/AxiomAudit.lean:321:0: 'IUTThreeClosures.fermat_riemann_hurwitz_numerical' depends on axioms: [propext, Classical.choice, Quot.sound]
info: IUTThreeClosures/AxiomAudit.lean:322:0: 'IUTThreeClosures.fermat_logCanonicalDegree_eq_coverDegree' depends on axioms: [propext, Classical.choice, Quot.sound]
info: IUTThreeClosures/AxiomAudit.lean:323:0: 'IUTThreeClosures.fermat_open_finrank_eq_logCanonicalDegree' depends on axioms: [propext, Classical.choice, Quot.sound]
info: IUTThreeClosures/AxiomAudit.lean:324:0: 'IUTThreeClosures.positive_degree_coefficient_rigidity' depends on axioms: [propext, Classical.choice, Quot.sound]
info: IUTThreeClosures/AxiomAudit.lean:325:0: 'IUTThreeClosures.ABCPoint.rationalTripodPrimeSupport_lambda' depends on axioms: [propext, Classical.choice, Quot.sound]
info: IUTThreeClosures/AxiomAudit.lean:327:0: 'IUTThreeClosures.ABCPoint.ofRat_lambda' depends on axioms: [propext, Classical.choice, Quot.sound]
info: IUTThreeClosures/AxiomAudit.lean:328:0: 'IUTThreeClosures.abcConjecture_iff_uniformRationalSUnitTripodBound' depends on axioms: [propext,
 Classical.choice,
 Quot.sound]
info: IUTThreeClosures/AxiomAudit.lean:330:0: 'IUTThreeClosures.toy_fixed_support_finite' depends on axioms: [propext, Classical.choice, Quot.sound]
info: IUTThreeClosures/AxiomAudit.lean:331:0: 'IUTThreeClosures.toy_no_uniform_card_linear_bound' depends on axioms: [propext, Classical.choice, Quot.sound]
info: IUTThreeClosures/AxiomAudit.lean:332:0: 'IUTThreeClosures.finiteSupportMass_small_add_tail' depends on axioms: [propext, Classical.choice, Quot.sound]
info: IUTThreeClosures/AxiomAudit.lean:333:0: 'IUTThreeClosures.finiteSupportCost_le_epsilon_mass_add_fixed' depends on axioms: [propext,
 Classical.choice,
 Quot.sound]
info: IUTThreeClosures/AxiomAudit.lean:334:0: 'IUTThreeClosures.supportCardCost_le_epsilon_mass_add_fixed' depends on axioms: [propext, Classical.choice, Quot.sound]
info: IUTThreeClosures/AxiomAudit.lean:335:0: 'IUTThreeClosures.height_le_one_add_epsilon_mass_of_tail_local_cost' depends on axioms: [propext,
 Classical.choice,
 Quot.sound]
info: IUTThreeClosures/AxiomAudit.lean:337:0: 'IUTThreeClosures.fixed_mass_slope_not_absorbable' depends on axioms: [propext, Classical.choice, Quot.sound]
info: IUTThreeClosures/AxiomAudit.lean:338:0: 'IUTThreeClosures.two_place_weight_product_not_linearly_absorbable' depends on axioms: [propext,
 Classical.choice,
 Quot.sound]
info: IUTThreeClosures/AxiomAudit.lean:339:0: 'IUTThreeClosures.supportEntropyToy_no_uniform_linear_height' depends on axioms: [propext, Classical.choice, Quot.sound]
info: IUTThreeClosures/AxiomAudit.lean:340:0: 'IUTThreeClosures.rationalTripodOrbit_card_le_six' depends on axioms: [propext, Classical.choice, Quot.sound]
info: IUTThreeClosures/AxiomAudit.lean:341:0: 'IUTThreeClosures.evalRationalTripodWord_mem_orbit' depends on axioms: [propext, Classical.choice, Quot.sound]
info: IUTThreeClosures/AxiomAudit.lean:342:0: 'IUTThreeClosures.odd_prime_enters_euclidean_descendant_support' depends on axioms: [propext,
 Classical.choice,
 Quot.sound]
info: IUTThreeClosures/AxiomAudit.lean:344:0: 'IUTThreeClosures.excess_le_linear_of_exponential_proliferation' depends on axioms: [propext,
 Classical.choice,
 Quot.sound]
info: IUTThreeClosures/AxiomAudit.lean:346:0: 'IUTThreeClosures.intDerivation_eq_zero' depends on axioms: [propext, Classical.choice, Quot.sound]
info: IUTThreeClosures/AxiomAudit.lean:347:0: 'IUTThreeClosures.ratOverIntDerivation_eq_zero' depends on axioms: [propext, Classical.choice, Quot.sound]
info: IUTThreeClosures/AxiomAudit.lean:348:0: 'IUTThreeClosures.fermatDelta_add' depends on axioms: [propext, Classical.choice, Quot.sound]
info: IUTThreeClosures/AxiomAudit.lean:349:0: 'IUTThreeClosures.prime_dvd_fermatDelta_iff_sq_dvd' depends on axioms: [propext, Classical.choice, Quot.sound]
info: IUTThreeClosures/AxiomAudit.lean:350:0: 'IUTThreeClosures.fermatDelta_unbounded_at_fixed_radical' depends on axioms: [propext, Classical.choice, Quot.sound]
info: IUTThreeClosures/AxiomAudit.lean:351:0: 'IUTThreeClosures.ABCPoint.freyModifiedHeightNat_eq_invariants' depends on axioms: [propext, Quot.sound]
info: IUTThreeClosures/AxiomAudit.lean:352:0: 'IUTThreeClosures.ABCPoint.six_mul_height_le_freyModifiedHeight' depends on axioms: [propext,
 Classical.choice,
 Quot.sound]
info: IUTThreeClosures/AxiomAudit.lean:353:0: 'IUTThreeClosures.ABCPoint.freyModifiedHeight_le' depends on axioms: [propext, Classical.choice, Quot.sound]
info: IUTThreeClosures/AxiomAudit.lean:354:0: 'IUTThreeClosures.ABCPoint.freyDiscriminantConductor_le_log_two' depends on axioms: [propext,
 Classical.choice,
 Quot.sound]
info: IUTThreeClosures/AxiomAudit.lean:355:0: 'IUTThreeClosures.abc_of_uniform_freyModifiedSzpiro' depends on axioms: [propext, Classical.choice, Quot.sound]
info: IUTThreeClosures/AxiomAudit.lean:356:0: 'IUTThreeClosures.twoIsogenyAffineEquation' depends on axioms: [propext, Classical.choice, Quot.sound]
info: IUTThreeClosures/AxiomAudit.lean:357:0: 'IUTThreeClosures.abcFreyTwoIsogenousZ_c₄' depends on axioms: [propext, Quot.sound]
info: IUTThreeClosures/AxiomAudit.lean:358:0: 'IUTThreeClosures.abcFreyTwoIsogenousZ_Δ' depends on axioms: [propext, Quot.sound]
info: IUTThreeClosures/AxiomAudit.lean:359:0: 'IUTThreeClosures.ABCPoint.height_le_of_twoIsogenousDiscriminantSzpiro' depends on axioms: [propext,
 Classical.choice,
 Quot.sound]
info: IUTThreeClosures/AxiomAudit.lean:360:0: 'IUTThreeClosures.no_uniform_c_pow_five_lower_for_endpointFrey' depends on axioms: [propext,
 Classical.choice,
 Quot.sound]
info: IUTThreeClosures/AxiomAudit.lean:361:0: 'IUTThreeClosures.no_uniform_c_pow_six_lower_for_endpointTwoIsogenous' depends on axioms: [propext,
 Classical.choice,
 Quot.sound]
info: IUTThreeClosures/AxiomAudit.lean:362:0: 'IUTThreeClosures.abcFreyAtAQuotientZ_c₄' depends on axioms: [propext, Quot.sound]
info: IUTThreeClosures/AxiomAudit.lean:363:0: 'IUTThreeClosures.abcFreyAtAQuotientZ_Δ' depends on axioms: [propext, Quot.sound]
info: IUTThreeClosures/AxiomAudit.lean:364:0: 'IUTThreeClosures.abcFreyAtNegBQuotientZ_c₄' depends on axioms: [propext]
info: IUTThreeClosures/AxiomAudit.lean:365:0: 'IUTThreeClosures.abcFreyAtNegBQuotientZ_Δ' depends on axioms: [propext, Quot.sound]
info: IUTThreeClosures/AxiomAudit.lean:366:0: 'IUTThreeClosures.ABCPoint.freyImmediateTwoQuotientDiscriminantMax_eq_zeroQuotient' depends on axioms: [propext]
info: IUTThreeClosures/AxiomAudit.lean:368:0: 'IUTThreeClosures.ABCPoint.product_three_twoQuotientDiscriminants' depends on axioms: [propext]
info: IUTThreeClosures/AxiomAudit.lean:369:0: 'IUTThreeClosures.endpointFullTwoGraphDisplayedDiscriminantMax_le' depends on axioms: [propext,
 Classical.choice,
 Quot.sound]
info: IUTThreeClosures/AxiomAudit.lean:370:0: 'IUTThreeClosures.no_uniform_c_pow_six_lower_for_endpointFullTwoGraph' depends on axioms: [propext,
 Classical.choice,
 Quot.sound]
info: IUTThreeClosures/AxiomAudit.lean:371:0: 'IUTThreeClosures.exponentProfileProduct_eq_kernel_mul_root_pow' depends on axioms: [propext, Quot.sound]
info: IUTThreeClosures/AxiomAudit.lean:372:0: 'IUTThreeClosures.exponentTotalWeight_eq_residue_add_n_mul_quotient' depends on axioms: [propext,
 Classical.choice,
 Quot.sound]
info: IUTThreeClosures/AxiomAudit.lean:373:0: 'IUTThreeClosures.two_mul_totalWeight_eq_kernel_root_accounting' depends on axioms: [propext,
 Classical.choice,
 Quot.sound]
info: IUTThreeClosures/AxiomAudit.lean:374:0: 'IUTThreeClosures.exponentResidueWeight_le_radical_budget' depends on axioms: [propext, Classical.choice, Quot.sound]
info: IUTThreeClosures/AxiomAudit.lean:375:0: 'IUTThreeClosures.mixedSignatureResidueWeight_le' depends on axioms: [propext, Classical.choice, Quot.sound]
info: IUTThreeClosures/AxiomAudit.lean:376:0: 'IUTThreeClosures.exponentOneProduct_dvd_residualProduct' depends on axioms: [propext, Classical.choice, Quot.sound]
info: IUTThreeClosures/AxiomAudit.lean:377:0: 'IUTThreeClosures.exponentOneWeight_le_residualWeight' depends on axioms: [propext, Classical.choice, Quot.sound]
info: IUTThreeClosures/AxiomAudit.lean:378:0: 'IUTThreeClosures.residualSupport_eq_self_of_exponents_lt' depends on axioms: [propext, Quot.sound]
info: IUTThreeClosures/AxiomAudit.lean:379:0: 'IUTThreeClosures.residualWeight_double_count' depends on axioms: [propext, Classical.choice, Quot.sound]
info: IUTThreeClosures/AxiomAudit.lean:380:0: 'IUTThreeClosures.exists_large_exponent_surviving_finite_moduli' depends on axioms: [propext,
 Classical.choice,
 Quot.sound]
info: IUTThreeClosures/AxiomAudit.lean:381:0: 'IUTThreeClosures.ABCPoint.freyDeltaNat_factorization_at_oddPrime' depends on axioms: [propext,
 Classical.choice,
 Quot.sound]
info: IUTThreeClosures/AxiomAudit.lean:382:0: 'IUTThreeClosures.ABCPoint.oddResidual_dvd_freyDeltaExponent_iff' depends on axioms: [propext,
 Classical.choice,
 Quot.sound]
info: IUTThreeClosures/AxiomAudit.lean:383:0: 'IUTThreeClosures.prime_nthPower_decomposition_rigid' depends on axioms: [propext, Classical.choice, Quot.sound]
info: IUTThreeClosures/AxiomAudit.lean:384:0: 'IUTThreeClosures.exists_primeEndpoint_rigid_coefficient_above' depends on axioms: [propext,
 Classical.choice,
 Quot.sound]
info: IUTThreeClosures/AxiomAudit.lean:385:0: 'IUTThreeClosures.ABCPoint.oddPrimePower_dvd_freyDeltaExponent_iff' depends on axioms: [propext,
 Classical.choice,
 Quot.sound]
info: IUTThreeClosures/AxiomAudit.lean:386:0: 'IUTThreeClosures.constantDepth_simultaneous' depends on axioms: [propext, Quot.sound]
info: IUTThreeClosures/AxiomAudit.lean:387:0: 'IUTThreeClosures.constantDepth_next_fails' depends on axioms: [propext, Classical.choice, Quot.sound]
info: IUTThreeClosures/AxiomAudit.lean:388:0: 'IUTThreeClosures.repeatedSameDepth_not_multiplicative' depends on axioms: [propext, Classical.choice, Quot.sound]
info: IUTThreeClosures/AxiomAudit.lean:389:0: 'IUTThreeClosures.fixedDepth_with_arbitrarilyLarge_supportPrime' depends on axioms: [propext,
 Classical.choice,
 Quot.sound]
info: IUTThreeClosures/AxiomAudit.lean:390:0: 'IUTThreeClosures.three_not_dvd_nonsplitThreeFreyPoint_c' depends on axioms: [propext, Classical.choice, Quot.sound]
info: IUTThreeClosures/AxiomAudit.lean:391:0: 'IUTThreeClosures.nonsplitThreeFreyPoint_abc_factorization_three' depends on axioms: [propext,
 Classical.choice,
 Quot.sound]
info: IUTThreeClosures/AxiomAudit.lean:392:0: 'IUTThreeClosures.nonsplitThreeFreyPoint_freyDelta_factorization_three' depends on axioms: [propext,
 Classical.choice,
 Quot.sound]
info: IUTThreeClosures/AxiomAudit.lean:393:0: 'IUTThreeClosures.nonsplitThreeFreyPoint_freyDeltaExponent_unbounded' depends on axioms: [propext,
 Classical.choice,
 Quot.sound]
info: IUTThreeClosures/AxiomAudit.lean:394:0: 'IUTThreeClosures.two_not_square_mod_three' depends on axioms: [propext, Classical.choice, Quot.sound]
info: IUTThreeClosures/AxiomAudit.lean:395:0: 'IUTThreeClosures.coefficient_eq_zero_of_modulus_dvd_of_lt' depends on axioms: [propext, Quot.sound]
info: IUTThreeClosures/AxiomAudit.lean:396:0: 'IUTThreeClosures.higherLevelRaisingNumerics_linear_example' depends on axioms: [propext, Classical.choice, Quot.sound]
info: IUTThreeClosures/AxiomAudit.lean:397:0: 'IUTThreeClosures.primeDivisor_sub_two_is_away' depends on axioms: [propext, Quot.sound]
info: IUTThreeClosures/AxiomAudit.lean:398:0: 'IUTThreeClosures.higherLevelRaisingNumerics_away_linear_example' depends on axioms: [propext,
 Classical.choice,
 Quot.sound]
info: IUTThreeClosures/AxiomAudit.lean:399:0: 'IUTThreeClosures.higherLevelRaisingNumerics_no_uniform_sqrt_bound' depends on axioms: [propext,
 Classical.choice,
 Quot.sound]
info: IUTThreeClosures/AxiomAudit.lean:400:0: 'IUTThreeClosures.radicalCarrier_mul_exponentExcessCarrier' depends on axioms: [propext, Quot.sound]
info: IUTThreeClosures/AxiomAudit.lean:401:0: 'IUTThreeClosures.exponentTotalWeight_eq_radical_add_excess' depends on axioms: [propext, Classical.choice, Quot.sound]
info: IUTThreeClosures/AxiomAudit.lean:402:0: 'IUTThreeClosures.log_exponentExcessCarrier_eq_degree' depends on axioms: [propext, Classical.choice, Quot.sound]
info: IUTThreeClosures/AxiomAudit.lean:403:0: 'IUTThreeClosures.primeExponentExcessCarrier_eq_abcPowerfulPart' depends on axioms: [propext,
 Classical.choice,
 Quot.sound]
info: IUTThreeClosures/AxiomAudit.lean:404:0: 'IUTThreeClosures.primeExponentExcessDegree_eq_log_powerfulPart' depends on axioms: [propext,
 Classical.choice,
 Quot.sound]
info: IUTThreeClosures/AxiomAudit.lean:405:0: 'IUTThreeClosures.arakelovExcessModule_card' depends on axioms: [propext, Classical.choice, Quot.sound]
info: IUTThreeClosures/AxiomAudit.lean:406:0: 'IUTThreeClosures.arakelovExcessModule_finite' depends on axioms: [propext, Classical.choice, Quot.sound]
info: IUTThreeClosures/AxiomAudit.lean:407:0: 'IUTThreeClosures.arakelovExcessModule_degree_eq_weighted_excess' depends on axioms: [propext,
 Classical.choice,
 Quot.sound]
info: IUTThreeClosures/AxiomAudit.lean:408:0: 'IUTThreeClosures.log_nat_eq_log_radical_add_excessDegree' depends on axioms: [propext, Classical.choice, Quot.sound]
info: IUTThreeClosures/AxiomAudit.lean:409:0: 'IUTThreeClosures.excessDegree_upper_iff_productHeight_upper' depends on axioms: [propext, Classical.choice, Quot.sound]
info: IUTThreeClosures/AxiomAudit.lean:410:0: 'IUTThreeClosures.excessDegree_upper_iff_doubledHeight_upper' depends on axioms: [propext, Classical.choice, Quot.sound]
info: IUTThreeClosures/AxiomAudit.lean:411:0: 'IUTThreeClosures.arakelovExcessCarrier_unbounded_at_fixed_radical' depends on axioms: [propext,
 Classical.choice,
 Quot.sound]
info: IUTThreeClosures/AxiomAudit.lean:412:0: 'IUTThreeClosures.no_universal_radicalOnly_excessCarrier_bound' depends on axioms: [propext,
 Classical.choice,
 Quot.sound]
info: IUTThreeClosures/AxiomAudit.lean:413:0: 'IUTThreeClosures.distinctPrimePower_verticalIntersection_trivial' depends on axioms: [propext,
 Classical.choice,
 Quot.sound]
info: IUTThreeClosures/AxiomAudit.lean:414:0: 'IUTThreeClosures.fixedCongruenceDepth_two_has_unbounded_weightedCarrier' depends on axioms: [propext,
 Classical.choice,
 Quot.sound]
info: IUTThreeClosures/AxiomAudit.lean:415:0: 'IUTThreeClosures.no_universal_unweightedDepth_excessCarrier_bound' depends on axioms: [propext,
 Classical.choice,
 Quot.sound]
info: IUTThreeClosures/AxiomAudit.lean:416:0: 'IUTThreeClosures.pairedNode_card' depends on axioms: [propext, Classical.choice, Quot.sound]
info: IUTThreeClosures/AxiomAudit.lean:417:0: 'IUTThreeClosures.nodeInversion_fixedPointFree' depends on axioms: [propext]
info: IUTThreeClosures/AxiomAudit.lean:418:0: 'IUTThreeClosures.normalizeNodeOrbitFunction_eq_zero_iff_constant' depends on axioms: [propext, Quot.sound]
info: IUTThreeClosures/AxiomAudit.lean:420:0: 'IUTThreeClosures.nodeOrbitExcessModule_card' depends on axioms: [propext, Classical.choice, Quot.sound]
info: IUTThreeClosures/AxiomAudit.lean:421:0: 'IUTThreeClosures.nodeOrbitExcessModule_degree' depends on axioms: [propext, Classical.choice, Quot.sound]
info: IUTThreeClosures/AxiomAudit.lean:422:0: 'IUTThreeClosures.nodeOrbitProfile_upper_iff_freyDiscriminant_slopeSix' depends on axioms: [propext,
 Classical.choice,
 Quot.sound]
info: IUTThreeClosures/AxiomAudit.lean:424:0: 'IUTThreeClosures.no_local_reducedSupport_nodeOrbitCarrier_bound' depends on axioms: [propext,
 Classical.choice,
 Quot.sound]
info: IUTThreeClosures/AxiomAudit.lean:426:0: 'IUTThreeClosures.nodeHalfTurn_commutes_nodeInversion' does not depend on any axioms
info: IUTThreeClosures/AxiomAudit.lean:427:0: 'IUTThreeClosures.nodeOtherReflection_fixes_odd_middle' depends on axioms: [propext, Quot.sound]
info: IUTThreeClosures/AxiomAudit.lean:428:0: 'IUTThreeClosures.dihedral_character_rank_conservation' depends on axioms: [propext, Classical.choice, Quot.sound]
info: IUTThreeClosures/AxiomAudit.lean:429:0: 'IUTThreeClosures.resolvedAffineQuotientNodeCount_add_oddParity' depends on axioms: [propext, Quot.sound]
info: IUTThreeClosures/AxiomAudit.lean:431:0: 'IUTThreeClosures.dihedral_character_degree_conservation' depends on axioms: [propext, Classical.choice, Quot.sound]
info: IUTThreeClosures/AxiomAudit.lean:432:0: 'IUTThreeClosures.three_twoIsogeny_frey_contact_conservation' depends on axioms: [propext, Quot.sound]
info: IUTThreeClosures/AxiomAudit.lean:433:0: 'IUTThreeClosures.binaryQuarticI_frey_coefficients' depends on axioms: [propext, Quot.sound]
info: IUTThreeClosures/AxiomAudit.lean:434:0: 'IUTThreeClosures.binaryQuarticJ_frey_coefficients' depends on axioms: [propext, Quot.sound]
info: IUTThreeClosures/AxiomAudit.lean:435:0: 'IUTThreeClosures.freyBranchQuartic_invariant_discriminant_identity' depends on axioms: [propext, Quot.sound]
info: IUTThreeClosures/AxiomAudit.lean:437:0: 'IUTThreeClosures.binaryQuartic_weighted_rescaling' depends on axioms: [propext, Quot.sound]
info: IUTThreeClosures/AxiomAudit.lean:438:0: 'IUTThreeClosures.one_sub_freyBranchCrossRatio' depends on axioms: [propext, Classical.choice, Quot.sound]
info: IUTThreeClosures/AxiomAudit.lean:439:0: 'IUTThreeClosures.freyBranchQuarticINat_coprime_branchProduct' depends on axioms: [propext,
 Classical.choice,
 Quot.sound]
info: IUTThreeClosures/AxiomAudit.lean:441:0: 'IUTThreeClosures.adjacent_invariant_discriminant_within_sixteen' depends on axioms: [propext,
 Classical.choice,
 Quot.sound]
info: IUTThreeClosures/AxiomAudit.lean:443:0: 'IUTThreeClosures.nonsplitThreeFreyPoint_branchContactExcess_three' depends on axioms: [propext,
 Classical.choice,
 Quot.sound]
info: IUTThreeClosures/AxiomAudit.lean:445:0: 'IUTThreeClosures.no_local_reducedBoundaryMultiplicity_branchExcess_bound' depends on axioms: [propext,
 Classical.choice,
 Quot.sound]
info: IUTThreeClosures/AxiomAudit.lean:447:0: 'IUTThreeClosures.branchQuartic_slopeSix_iff_exponentExcess_upper' depends on axioms: [propext,
 Classical.choice,
 Quot.sound]
info: IUTThreeClosures/AxiomAudit.lean:449:0: 'IUTThreeClosures.relativeHeight_eq_of_modular_area' depends on axioms: [propext, Classical.choice, Quot.sound]
info: IUTThreeClosures/AxiomAudit.lean:450:0: 'IUTThreeClosures.modular_degree_petersson_coefficient_audit' depends on axioms: [propext, Classical.choice, Quot.sound]
info: IUTThreeClosures/AxiomAudit.lean:452:0: 'IUTThreeClosures.modular_degree_two_plus_eta_to_j_six_plus_six_eta' depends on axioms: [propext,
 Classical.choice,
 Quot.sound]
info: IUTThreeClosures/AxiomAudit.lean:454:0: 'IUTThreeClosures.normalized_modular_degree_to_j_budget' depends on axioms: [propext, Classical.choice, Quot.sound]
info: IUTThreeClosures/AxiomAudit.lean:455:0: 'IUTThreeClosures.modular_j_budget_to_abc_budget' depends on axioms: [propext, Classical.choice, Quot.sound]
info: IUTThreeClosures/AxiomAudit.lean:456:0: 'IUTThreeClosures.pazukiLogError_sublinear' depends on axioms: [propext, Classical.choice, Quot.sound]
info: IUTThreeClosures/AxiomAudit.lean:457:0: 'IUTThreeClosures.absorb_linear_j_error' depends on axioms: [propext, Classical.choice, Quot.sound]
info: IUTThreeClosures/AxiomAudit.lean:458:0: 'IUTThreeClosures.degree_excess_survives_exactly' depends on axioms: [propext, Classical.choice, Quot.sound]
info: IUTThreeClosures/AxiomAudit.lean:459:0: 'IUTThreeClosures.positive_degree_excess_breaks_slope_six' depends on axioms: [propext, Classical.choice, Quot.sound]
info: IUTThreeClosures/AxiomAudit.lean:460:0: 'IUTThreeClosures.coarse_degree_upper_does_not_force_exponent_two' depends on axioms: [propext,
 Classical.choice,
 Quot.sound]
info: IUTThreeClosures/AxiomAudit.lean:462:0: 'IUTThreeClosures.no_freyDeltaExponent_bound_from_twoDescentLocalValuationProfile' depends on axioms: [propext,
 Classical.choice,
 Quot.sound]
info: IUTThreeClosures/AxiomAudit.lean:464:0: 'IUTThreeClosures.evenDepthThreeFreyPoint_visibleTwoTorsionX_unbounded' depends on axioms: [propext,
 Classical.choice,
 Quot.sound]
info: IUTThreeClosures/AxiomAudit.lean:466:0: 'IUTThreeClosures.tateTwoTorsionLocalHeightLedger_conservation' depends on axioms: [propext,
 Classical.choice,
 Quot.sound]
info: IUTThreeClosures/AxiomAudit.lean:467:0: 'IUTThreeClosures.tateTwoTorsionLocalHeightLedger_signs' depends on axioms: [propext, Classical.choice, Quot.sound]
info: IUTThreeClosures/AxiomAudit.lean:468:0: 'IUTThreeClosures.rank_le_two_mul_support_of_fullTwoTorsionSelmerBounds' depends on axioms: [propext, Quot.sound]
info: IUTThreeClosures/AxiomAudit.lean:470:0: 'IUTThreeClosures.rankSupportBound_does_not_formally_bound_height' depends on axioms: [propext, Quot.sound]
info: IUTThreeClosures/AxiomAudit.lean:471:0: 'IUTThreeClosures.bsdArithmeticQuotientLog_eq_neg_periodLog' depends on axioms: [propext, Classical.choice, Quot.sound]
info: IUTThreeClosures/AxiomAudit.lean:472:0: 'IUTThreeClosures.sourceHeight_le_two_bsdArithmeticQuotientLog' depends on axioms: [propext,
 Classical.choice,
 Quot.sound]
info: IUTThreeClosures/AxiomAudit.lean:473:0: 'IUTThreeClosures.bsdArithmeticQuotient_halfSlope_to_sourceBudget' depends on axioms: [propext,
 Classical.choice,
 Quot.sound]
info: IUTThreeClosures/AxiomAudit.lean:474:0: 'IUTThreeClosures.bsdArithmeticQuotient_halfSlope_iff_sourceBudget' depends on axioms: [propext,
 Classical.choice,
 Quot.sound]
info: IUTThreeClosures/AxiomAudit.lean:475:0: 'IUTThreeClosures.nonnegative_bsdFactors_do_not_bound_quotient' depends on axioms: [propext,
 Classical.choice,
 Quot.sound]
info: IUTThreeClosures/AxiomAudit.lean:476:0: 'IUTThreeClosures.landenRatio_mul_signConjugate' depends on axioms: [propext, Classical.choice, Quot.sound]
info: IUTThreeClosures/AxiomAudit.lean:477:0: 'IUTThreeClosures.freyLandenQuadratic_discriminant' depends on axioms: [propext]
info: IUTThreeClosures/AxiomAudit.lean:478:0: 'IUTThreeClosures.agmGapRatio_eq_landenRatio_sq' depends on axioms: [propext, Classical.choice, Quot.sound]
info: IUTThreeClosures/AxiomAudit.lean:479:0: 'IUTThreeClosures.adjacentLanden_log_contraction_cost' depends on axioms: [propext, Classical.choice, Quot.sound]
info: IUTThreeClosures/AxiomAudit.lean:480:0: 'IUTThreeClosures.squarePowerAdjacentLandenDiscriminant_factorization_three' depends on axioms: [propext,
 Classical.choice,
 Quot.sound]
info: IUTThreeClosures/AxiomAudit.lean:482:0: 'IUTThreeClosures.freyHypergeometricArgument_height_eq_abcHeight' depends on axioms: [propext,
 Classical.choice,
 Quot.sound]
info: IUTThreeClosures/AxiomAudit.lean:483:0: 'IUTThreeClosures.adjacentHypergeometricLinearTerm_den' depends on axioms: [propext, Classical.choice, Quot.sound]
info: IUTThreeClosures/AxiomAudit.lean:484:0: 'IUTThreeClosures.periodRadical_budget_conservation' depends on axioms: [propext, Classical.choice, Quot.sound]
info: IUTThreeClosures/AxiomAudit.lean:485:0: 'IUTThreeClosures.height_le_of_periodRadical_and_sublinearKernel' depends on axioms: [propext,
 Classical.choice,
 Quot.sound]
info: IUTThreeClosures/AxiomAudit.lean:486:0: 'IUTThreeClosures.cycleLaplacianEigenvalue_eq_four_sin_sq' depends on axioms: [propext, Classical.choice, Quot.sound]
info: IUTThreeClosures/AxiomAudit.lean:487:0: 'IUTThreeClosures.freyCycle_antipodalResistance' depends on axioms: [propext, Classical.choice, Quot.sound]
info: IUTThreeClosures/AxiomAudit.lean:488:0: 'IUTThreeClosures.metricCircleGreen_eq_discreteCycleGreen_add_constant' depends on axioms: [propext,
 Classical.choice,
 Quot.sound]
info: IUTThreeClosures/AxiomAudit.lean:490:0: 'IUTThreeClosures.freyDiscreteCycleGreen_zero' depends on axioms: [propext, Classical.choice, Quot.sound]
info: IUTThreeClosures/AxiomAudit.lean:491:0: 'IUTThreeClosures.freyMetricCircleGreen_twoTorsion_conservation' depends on axioms: [propext,
 Classical.choice,
 Quot.sound]
info: IUTThreeClosures/AxiomAudit.lean:492:0: 'IUTThreeClosures.threeFixedPairEnergy_selection' depends on axioms: [propext, Classical.choice, Quot.sound]
info: IUTThreeClosures/AxiomAudit.lean:493:0: 'IUTThreeClosures.no_cycleExponentExcess_bound_from_reducedProfile' depends on axioms: [propext,
 Classical.choice,
 Quot.sound]
info: IUTThreeClosures/AxiomAudit.lean:495:0: 'IUTThreeClosures.positiveGraphEnergy_forces_exact_negativeComplement' depends on axioms: [propext,
 Classical.choice,
 Quot.sound]
info: IUTThreeClosures/AxiomAudit.lean:496:0: 'IUTThreeClosures.spectralSelector_to_exponentMassBudget' depends on axioms: [propext, Classical.choice, Quot.sound]
info: IUTThreeClosures/AxiomAudit.lean:497:0: 'IUTThreeClosures.oneEightNineABCPoint_three_weightedExcess_pos' depends on axioms: [propext,
 Classical.choice,
 Quot.sound]
info: IUTThreeClosures/AxiomAudit.lean:498:0: 'IUTThreeClosures.mem_squareResidues16_iff' depends on axioms: [propext, Classical.choice, Quot.sound]
info: IUTThreeClosures/AxiomAudit.lean:499:0: 'IUTThreeClosures.endpointDescentSurvivor_representatives' depends on axioms: [propext, Classical.choice, Quot.sound]
info: IUTThreeClosures/AxiomAudit.lean:500:0: 'IUTThreeClosures.endpointDescent_localTable' depends on axioms: [propext, Classical.choice, Quot.sound]
info: IUTThreeClosures/AxiomAudit.lean:501:0: 'IUTThreeClosures.tateKummerDoubleShift_flipsBernoulliSign' depends on axioms: [propext, Classical.choice, Quot.sound]
info: IUTThreeClosures/AxiomAudit.lean:502:0: 'IUTThreeClosures.one_of_three_labels_carries_one_third' depends on axioms: [propext, Classical.choice, Quot.sound]
info: IUTThreeClosures/AxiomAudit.lean:503:0: 'IUTThreeClosures.no_weighted_nonTorsion_selector_of_all_torsion' depends on axioms: [propext,
 Classical.choice,
 Quot.sound]
info: IUTThreeClosures/AxiomAudit.lean:505:0: 'IUTThreeClosures.powerfulProduct_dvd_arithmeticWronskian' depends on axioms: [propext, Classical.choice, Quot.sound]
info: IUTThreeClosures/AxiomAudit.lean:506:0: 'IUTThreeClosures.log_c_le_log_radical_add_log_normalizedDerivative' depends on axioms: [propext,
 Classical.choice,
 Quot.sound]
info: IUTThreeClosures/AxiomAudit.lean:507:0: 'IUTThreeClosures.weightedArithmeticDerivative_mul' depends on axioms: [propext, Classical.choice, Quot.sound]
info: IUTThreeClosures/AxiomAudit.lean:508:0: 'IUTThreeClosures.abcPowerfulPart_dvd_weightedArithmeticDerivative' depends on axioms: [propext,
 Classical.choice,
 Quot.sound]
info: IUTThreeClosures/AxiomAudit.lean:509:0: 'IUTThreeClosures.weightedArithmeticDerivative_abc_bound' depends on axioms: [propext, Classical.choice, Quot.sound]
info: IUTThreeClosures/AxiomAudit.lean:510:0: 'IUTThreeClosures.siegel_nondegenerate_kernel_lower_bound' depends on axioms: [propext, Classical.choice, Quot.sound]
info: IUTThreeClosures/AxiomAudit.lean:511:0: 'IUTThreeClosures.twoCoordinateKernelWitness' depends on axioms: [propext, Quot.sound]
info: IUTThreeClosures/AxiomAudit.lean:512:0: 'IUTThreeClosures.powerfulLatticeC_dvd_wronskianQuotient' depends on axioms: [propext, Classical.choice, Quot.sound]
info: IUTThreeClosures/AxiomAudit.lean:513:0: 'IUTThreeClosures.normalizedPowerfulLatticeHeightRadicalLowerBound' depends on axioms: [propext,
 Classical.choice,
 Quot.sound]
info: IUTThreeClosures/AxiomAudit.lean:514:0: 'IUTThreeClosures.weightedArithmeticDerivative_two_pow' depends on axioms: [propext, Classical.choice, Quot.sound]
info: IUTThreeClosures/AxiomAudit.lean:515:0: 'IUTThreeClosures.mersenneCompatibleNormalizedDerivative_gt_half' depends on axioms: [propext,
 Classical.choice,
 Quot.sound]
info: IUTThreeClosures/AxiomAudit.lean:516:0: 'IUTThreeClosures.powerfulProduct_dvd_arithmeticWronskian_of_modCompatibility' depends on axioms: [propext,
 Classical.choice,
 Quot.sound]
info: IUTThreeClosures/AxiomAudit.lean:518:0: 'IUTThreeClosures.weightedArithmeticDerivative_abc_bound_of_modCompatibility' depends on axioms: [propext,
 Classical.choice,
 Quot.sound]
info: IUTThreeClosures/AxiomAudit.lean:520:0: 'IUTThreeClosures.powerfulProduct_dvd_derivativeValueExterior' depends on axioms: [propext,
 Classical.choice,
 Quot.sound]
info: IUTThreeClosures/AxiomAudit.lean:521:0: 'IUTThreeClosures.derivativeValueExterior_wronskianIdentity' depends on axioms: [propext, Quot.sound]
info: IUTThreeClosures/AxiomAudit.lean:522:0: 'IUTThreeClosures.compatiblePairWronskians_rankOne' depends on axioms: [propext]
info: IUTThreeClosures/AxiomAudit.lean:523:0: 'IUTThreeClosures.threeValueDeterminant_eq_zero_of_compatible' depends on axioms: [propext, Quot.sound]
info: IUTThreeClosures/AxiomAudit.lean:524:0: 'IUTThreeClosures.weightedArithmeticEnergy_self_nonneg' depends on axioms: [propext, Classical.choice, Quot.sound]
info: IUTThreeClosures/AxiomAudit.lean:525:0: 'IUTThreeClosures.abcPowerfulPart_sq_dvd_weightedArithmeticEnergy' depends on axioms: [propext,
 Classical.choice,
 Quot.sound]
info: IUTThreeClosures/AxiomAudit.lean:526:0: 'IUTThreeClosures.abcPowerfulPart_fourth_dvd_weightedArithmeticEnergyExterior' depends on axioms: [propext,
 Classical.choice,
 Quot.sound]
info: IUTThreeClosures/AxiomAudit.lean:528:0: 'IUTThreeClosures.secondJetWronskianIdentity' depends on axioms: [propext, Quot.sound]
info: IUTThreeClosures/AxiomAudit.lean:529:0: 'IUTThreeClosures.compatibleLongitudinalVariance' depends on axioms: [propext, Classical.choice, Quot.sound]
info: IUTThreeClosures/AxiomAudit.lean:530:0: 'IUTThreeClosures.secondHessianCompatibility_iff_energyBalance' depends on axioms: [propext,
 Classical.choice,
 Quot.sound]
info: IUTThreeClosures/AxiomAudit.lean:531:0: 'IUTThreeClosures.secondJetDefectIdentity' depends on axioms: [propext, Quot.sound]
info: IUTThreeClosures/AxiomAudit.lean:532:0: 'IUTThreeClosures.finiteWeightedMomentCauchy' depends on axioms: [propext, Classical.choice, Quot.sound]
info: IUTThreeClosures/AxiomAudit.lean:533:0: 'IUTThreeClosures.twoBlockMomentEnergyGap_nonneg' depends on axioms: [propext, Classical.choice, Quot.sound]
info: IUTThreeClosures/AxiomAudit.lean:534:0: 'IUTThreeClosures.normalizedPowerfulGapSquare_le_momentEnergy' depends on axioms: [propext,
 Classical.choice,
 Quot.sound]
info: IUTThreeClosures/AxiomAudit.lean:535:0: 'IUTThreeClosures.threeCoordinateInternalGramDeterminant' depends on axioms: [propext, Classical.choice, Quot.sound]
info: IUTThreeClosures/AxiomAudit.lean:536:0: 'IUTThreeClosures.squareScaledFiveForm_zero_energy_lowerBound' depends on axioms: [propext]
info: IUTThreeClosures/AxiomAudit.lean:537:0: 'IUTThreeClosures.squareScaledFiveForm_determinantRadical' depends on axioms: [propext, Classical.choice, Quot.sound]
info: IUTThreeClosures/AxiomAudit.lean:538:0: 'IUTThreeClosures.twoPow_cardFactors_le' depends on axioms: [propext, Classical.choice, Quot.sound]
info: IUTThreeClosures/AxiomAudit.lean:539:0: 'IUTThreeClosures.cardFactors_twoPow_sub_one_le' depends on axioms: [propext, Classical.choice, Quot.sound]
info: IUTThreeClosures/AxiomAudit.lean:540:0: 'IUTThreeClosures.mersenne_growth' depends on axioms: [propext, Classical.choice, Quot.sound]
info: IUTThreeClosures/AxiomAudit.lean:541:0: 'IUTThreeClosures.endpointSinglePrime_energyEquation' depends on axioms: [propext, Classical.choice, Quot.sound]
info: IUTThreeClosures/AxiomAudit.lean:542:0: 'IUTThreeClosures.endpointSinglePrime_onlyZeroMoments' depends on axioms: [propext, Classical.choice, Quot.sound]
info: IUTThreeClosures/AxiomAudit.lean:543:0: 'IUTThreeClosures.mersenne_strictMomentRatio' depends on axioms: [propext, Classical.choice, Quot.sound]
info: IUTThreeClosures/AxiomAudit.lean:544:0: 'IUTThreeClosures.mersenneStraightSecondJet_onlyZeroMoments' depends on axioms: [propext, Classical.choice, Quot.sound]
info: IUTThreeClosures/AxiomAudit.lean:545:0: 'IUTThreeClosures.mersenneStraightSecondJet_allWeightsZero' depends on axioms: [propext, Classical.choice, Quot.sound]
info: IUTThreeClosures/AxiomAudit.lean:546:0: 'IUTThreeClosures.mersenneRadical_mul_powerLoss' depends on axioms: [propext, Classical.choice, Quot.sound]
info: IUTThreeClosures/AxiomAudit.lean:547:0: 'IUTThreeClosures.mersennePowerLoss_le_iff' depends on axioms: [propext, Classical.choice, Quot.sound]
info: IUTThreeClosures/AxiomAudit.lean:548:0: 'IUTThreeClosures.padicValNat_two_pow_mul_sub_one' depends on axioms: [propext, Classical.choice, Quot.sound]
info: IUTThreeClosures/AxiomAudit.lean:549:0: 'IUTThreeClosures.factorization_two_pow_mul_sub_one_of_not_dvd' depends on axioms: [propext,
 Classical.choice,
 Quot.sound]
info: IUTThreeClosures/AxiomAudit.lean:550:0: 'IUTThreeClosures.prime_sq_dvd_two_pow_mul_sub_one_iff' depends on axioms: [propext, Classical.choice, Quot.sound]
info: IUTThreeClosures/AxiomAudit.lean:551:0: 'IUTThreeClosures.prime_1093' depends on axioms: [propext, Classical.choice, Quot.sound]
info: IUTThreeClosures/AxiomAudit.lean:552:0: 'IUTThreeClosures.wieferich_1093_sq_dvd_two_pow_364_sub_one' depends on axioms: [propext]
info: IUTThreeClosures/AxiomAudit.lean:553:0: 'IUTThreeClosures.wieferich_1093_cube_not_dvd_two_pow_364_sub_one' depends on axioms: [propext, Quot.sound]
info: IUTThreeClosures/AxiomAudit.lean:554:0: 'IUTThreeClosures.wieferich_1093_order_checks' depends on axioms: [propext]
info: IUTThreeClosures/AxiomAudit.lean:555:0: 'IUTThreeClosures.prime_pow_dvd_two_pow_mul_sub_one_iff' depends on axioms: [propext, Classical.choice, Quot.sound]
info: IUTThreeClosures/AxiomAudit.lean:556:0: 'IUTThreeClosures.primePower_le_twoPow_sub_one_of_dvd' depends on axioms: [propext, Classical.choice, Quot.sound]
info: IUTThreeClosures/AxiomAudit.lean:557:0: 'IUTThreeClosures.orderLowerBound_pow_le_twoPow_sub_one' depends on axioms: [propext, Classical.choice, Quot.sound]
info: IUTThreeClosures/AxiomAudit.lean:558:0: 'IUTThreeClosures.wieferich_1093_simpleRoot_squareLift' depends on axioms: [propext, Classical.choice, Quot.sound]
info: IUTThreeClosures/AxiomAudit.lean:559:0: 'IUTThreeClosures.twoAdicDivisor_dvd' depends on axioms: [propext, Classical.choice, Quot.sound]
info: IUTThreeClosures/AxiomAudit.lean:560:0: 'IUTThreeClosures.twoAdicDivisor_mono_of_dvd' depends on axioms: [propext, Classical.choice, Quot.sound]
info: IUTThreeClosures/AxiomAudit.lean:561:0: 'IUTThreeClosures.twoAdicDivisor_twoPow' depends on axioms: [propext, Classical.choice, Quot.sound]
info: IUTThreeClosures/AxiomAudit.lean:562:0: 'IUTThreeClosures.twoAdicDivisor_twoPow_mul_odd' depends on axioms: [propext, Classical.choice, Quot.sound]
info: IUTThreeClosures/AxiomAudit.lean:563:0: 'IUTThreeClosures.divisibilitySpike_mono_of_dvd' depends on axioms: [propext]
info: IUTThreeClosures/AxiomAudit.lean:564:0: 'IUTThreeClosures.orderBlockMassSum_le_epsilon_mul' depends on axioms: [propext, Classical.choice, Quot.sound]
info: IUTThreeClosures/AxiomAudit.lean:565:0: 'IUTThreeClosures.primeSquare_dvd_powerLift_taylorRemainder' depends on axioms: [propext, Classical.choice, Quot.sound]
info: IUTThreeClosures/AxiomAudit.lean:566:0: 'IUTThreeClosures.exists_powerLift_affineExpansion' depends on axioms: [propext, Classical.choice, Quot.sound]
info: IUTThreeClosures/AxiomAudit.lean:567:0: 'IUTThreeClosures.primeSquare_dvd_powerLift_iff_affine' depends on axioms: [propext, Classical.choice, Quot.sound]
info: IUTThreeClosures/AxiomAudit.lean:568:0: 'IUTThreeClosures.exists_affineDivisor_unique_mod' depends on axioms: [propext, Classical.choice, Quot.sound]
info: IUTThreeClosures/AxiomAudit.lean:569:0: 'IUTThreeClosures.exists_powerLiftCorrection_unique_mod' depends on axioms: [propext, Classical.choice, Quot.sound]
info: IUTThreeClosures/AxiomAudit.lean:570:0: 'IUTThreeClosures.baseTwoFermatLiftCoefficient_isCoprime' depends on axioms: [propext, Classical.choice, Quot.sound]
info: IUTThreeClosures/AxiomAudit.lean:571:0: 'IUTThreeClosures.exists_baseTwoFermatLiftCorrection_unique_mod' depends on axioms: [propext,
 Classical.choice,
 Quot.sound]
info: IUTThreeClosures/AxiomAudit.lean:572:0: 'IUTThreeClosures.exists_baseTwoFermatLiftCorrection_unique_mod_of_prime' depends on axioms: [propext,
 Classical.choice,
 Quot.sound]
info: IUTThreeClosures/AxiomAudit.lean:574:0: 'IUTThreeClosures.primeStepGeomFactor_mul_sub_one' depends on axioms: [propext, Classical.choice, Quot.sound]
info: IUTThreeClosures/AxiomAudit.lean:575:0: 'IUTThreeClosures.emultiplicity_primeStepGeomFactor_eq_one' depends on axioms: [propext, Classical.choice, Quot.sound]
info: IUTThreeClosures/AxiomAudit.lean:576:0: 'IUTThreeClosures.prime_dvd_primeStepGeomFactor_and_square_not_dvd' depends on axioms: [propext,
 Classical.choice,
 Quot.sound]
info: IUTThreeClosures/AxiomAudit.lean:578:0: 'IUTThreeClosures.mersennePrimeStepFactor_mul_lower' depends on axioms: [propext, Classical.choice, Quot.sound]
info: IUTThreeClosures/AxiomAudit.lean:579:0: 'IUTThreeClosures.mersennePrimeStepFactor_exact_primeMultiplicity' depends on axioms: [propext,
 Classical.choice,
 Quot.sound]
info: IUTThreeClosures/AxiomAudit.lean:581:0: 'IUTThreeClosures.discr_kummerIntegralPolynomial' depends on axioms: [propext, Classical.choice, Quot.sound]
info: IUTThreeClosures/AxiomAudit.lean:582:0: 'IUTThreeClosures.natAbs_discr_kummerIntegralPolynomial' depends on axioms: [propext, Classical.choice, Quot.sound]
info: IUTThreeClosures/AxiomAudit.lean:583:0: 'IUTThreeClosures.prime_dvd_rescaledKummerPolynomialDiscriminantAbs' depends on axioms: [propext,
 Classical.choice,
 Quot.sound]
info: IUTThreeClosures/AxiomAudit.lean:584:0: 'IUTThreeClosures.kummerTameGlobalBudget_eq_primeLogMass' depends on axioms: [propext, Classical.choice, Quot.sound]
info: IUTThreeClosures/AxiomAudit.lean:585:0: 'IUTThreeClosures.tame_budget_forces_coefficient_one' depends on axioms: [propext, Classical.choice, Quot.sound]
info: IUTThreeClosures/AxiomAudit.lean:586:0: 'IUTThreeClosures.abstract_tame_boundary_add_different' depends on axioms: [propext, Classical.choice, Quot.sound]
info: IUTThreeClosures/AxiomAudit.lean:587:0: 'IUTThreeClosures.weighted_average_tame_budget_eq_one' depends on axioms: [propext, Classical.choice, Quot.sound]
info: IUTThreeClosures/AxiomAudit.lean:588:0: 'IUTThreeClosures.cover_degree_dilution_rearrangement' depends on axioms: [propext, Classical.choice, Quot.sound]
info: IUTThreeClosures/AxiomAudit.lean:589:0: 'IUTThreeClosures.no_correlated_product_bound_above_two' depends on axioms: [propext, Classical.choice, Quot.sound]
info: IUTThreeClosures/AxiomAudit.lean:590:0: 'IUTThreeClosures.three_totally_ramified_fibres_force_degree_one' depends on axioms: [propext, Quot.sound]
info: IUTThreeClosures/AxiomAudit.lean:591:0: 'IUTThreeClosures.tripod_correspondence_net_gain_le_one' depends on axioms: [propext, Quot.sound]
info: IUTThreeClosures/AxiomAudit.lean:592:0: 'IUTThreeClosures.reduced_tripod_support_net_gain_le_one' depends on axioms: [propext, Quot.sound]
info: IUTThreeClosures/AxiomAudit.lean:593:0: 'IUTThreeClosures.positive_reduced_tripod_support_gain_is_extremal' depends on axioms: [propext, Quot.sound]
info: IUTThreeClosures/AxiomAudit.lean:595:0: 'IUTThreeClosures.rational_shear_height_bounds' depends on axioms: [propext, Classical.choice, Quot.sound]
info: IUTThreeClosures/AxiomAudit.lean:596:0: 'IUTThreeClosures.finite_candidate_escape' depends on axioms: [propext, Classical.choice, Quot.sound]
info: IUTThreeClosures/AxiomAudit.lean:597:0: 'IUTThreeClosures.sheared_surface_smt_rearrangement' depends on axioms: [propext, Classical.choice, Quot.sound]
info: IUTThreeClosures/AxiomAudit.lean:598:0: 'IUTThreeClosures.two_place_log_product_not_linearly_absorbable' depends on axioms: [propext,
 Classical.choice,
 Quot.sound]
info: IUTThreeClosures/AxiomAudit.lean:599:0: 'IUTThreeClosures.commonDivisor_two_shears_dvd_resultant' depends on axioms: [propext, Quot.sound]
info: IUTThreeClosures/AxiomAudit.lean:600:0: 'IUTThreeClosures.isCoprime_adjacent_shears' depends on axioms: [propext, Quot.sound]
info: IUTThreeClosures/AxiomAudit.lean:601:0: 'IUTThreeClosures.adjacent_shear_quadratic_identity' depends on axioms: [propext, Quot.sound]
info: IUTThreeClosures/AxiomAudit.lean:602:0: 'IUTThreeClosures.fixedShearPowerPoint_shear_radical' depends on axioms: [propext, Classical.choice, Quot.sound]
info: IUTThreeClosures/AxiomAudit.lean:603:0: 'IUTThreeClosures.adjacentShearPowerPoint_two_constant_radicals' depends on axioms: [propext,
 Classical.choice,
 Quot.sound]
info: IUTThreeClosures/AxiomAudit.lean:605:0: 'IUTThreeClosures.squareShear_progression_identity' depends on axioms: [propext]
info: IUTThreeClosures/AxiomAudit.lean:606:0: 'IUTThreeClosures.threeSquareShearPoint_radical_bounds' depends on axioms: [propext, Classical.choice, Quot.sound]
info: IUTThreeClosures/AxiomAudit.lean:607:0: 'IUTThreeClosures.threeSquareShearPoint_simultaneous_two_thirds_counterexample' depends on axioms: [propext,
 Classical.choice,
 Quot.sound]
info: IUTThreeClosures/AxiomAudit.lean:609:0: 'IUTThreeClosures.four_form_threshold_rearrangement' depends on axioms: [propext, Classical.choice, Quot.sound]
info: IUTThreeClosures/AxiomAudit.lean:610:0: 'IUTThreeClosures.powerfulProduct_dvd_sourceArithmeticWronskian' depends on axioms: [propext,
 Classical.choice,
 Quot.sound]
info: IUTThreeClosures/AxiomAudit.lean:612:0: 'IUTThreeClosures.polyrelationalPowerfulLCM_dvd_sourceWronskian_natAbs' depends on axioms: [propext,
 Classical.choice,
 Quot.sound]
info: IUTThreeClosures/AxiomAudit.lean:614:0: 'IUTThreeClosures.compatibleShearPairWronskian_rankOne' depends on axioms: [propext, Classical.choice, Quot.sound]
info: IUTThreeClosures/AxiomAudit.lean:615:0: 'IUTThreeClosures.weightedPolyrelationalPowerfulLCM_dvd_sourceWronskian_natAbs' depends on axioms: [propext,
 Classical.choice,
 Quot.sound]
info: IUTThreeClosures/AxiomAudit.lean:617:0: 'IUTThreeClosures.adjacentTwoThreeShears_force_sourceWronskian_zero' depends on axioms: [propext,
 Classical.choice,
 Quot.sound]
info: IUTThreeClosures/AxiomAudit.lean:619:0: 'IUTThreeClosures.fixedMason_radical_natDegree' depends on axioms: [propext, Classical.choice, Quot.sound]
info: IUTThreeClosures/AxiomAudit.lean:620:0: 'IUTThreeClosures.fixedMason_clear_denominator' depends on axioms: [propext, Classical.choice, Quot.sound]
info: IUTThreeClosures/AxiomAudit.lean:621:0: 'IUTThreeClosures.translatedMason_resultant' depends on axioms: [propext, Classical.choice, Quot.sound]
info: IUTThreeClosures/AxiomAudit.lean:622:0: 'IUTThreeClosures.no_uniform_bound_from_degree_and_resultant' depends on axioms: [propext, Classical.choice, Quot.sound]
info: IUTThreeClosures/AxiomAudit.lean:623:0: 'IUTThreeClosures.truncatedNatPolynomialEval_le' depends on axioms: [propext, Classical.choice, Quot.sound]
info: IUTThreeClosures/AxiomAudit.lean:624:0: 'IUTThreeClosures.tripodSpecializationBound_iff_abc' depends on axioms: [propext, Classical.choice, Quot.sound]
info: IUTThreeClosures/AxiomAudit.lean:625:0: 'IUTThreeClosures.uniformCriticalPeriodBudget_of_uniformABCBudget' depends on axioms: [propext,
 Classical.choice,
 Quot.sound]
info: IUTThreeClosures/AxiomAudit.lean:627:0: 'IUTThreeClosures.uniformABCBudget_of_uniformCriticalPeriodBudget' depends on axioms: [propext,
 Classical.choice,
 Quot.sound]
info: IUTThreeClosures/AxiomAudit.lean:629:0: 'IUTThreeClosures.uniformCriticalPeriodBudget_iff_uniformABCBudget' depends on axioms: [propext,
 Classical.choice,
 Quot.sound]
info: IUTThreeClosures/AxiomAudit.lean:631:0: 'IUTThreeClosures.heightOnlyPeriod_coefficient_oneHalf_sharp' depends on axioms: [propext, Classical.choice, Quot.sound]
info: IUTThreeClosures/AxiomAudit.lean:632:0: 'IUTThreeClosures.prime_not_dvd_padeClearedNumerator' depends on axioms: [propext]
info: IUTThreeClosures/AxiomAudit.lean:633:0: 'IUTThreeClosures.padeDenominatorCarrier_factorization' depends on axioms: [propext, Classical.choice, Quot.sound]
info: IUTThreeClosures/AxiomAudit.lean:634:0: 'IUTThreeClosures.padeDenominatorCarrier_depth_unbounded' depends on axioms: [propext, Classical.choice, Quot.sound]
info: IUTThreeClosures/AxiomAudit.lean:635:0: 'IUTThreeClosures.affineCandidate_collision_unique' depends on axioms: [propext, Classical.choice, Quot.sound]
info: IUTThreeClosures/AxiomAudit.lean:636:0: 'IUTThreeClosures.sum_ownerBadMass_le_total' depends on axioms: [propext, Classical.choice, Quot.sound]
info: IUTThreeClosures/AxiomAudit.lean:637:0: 'IUTThreeClosures.exists_survivor_ownerBadMass_le_fraction' depends on axioms: [propext, Classical.choice, Quot.sound]
info: IUTThreeClosures/AxiomAudit.lean:638:0: 'IUTThreeClosures.quadraticSelector_separatedBadMass' depends on axioms: [propext, Classical.choice, Quot.sound]
info: IUTThreeClosures/AxiomAudit.lean:639:0: 'IUTThreeClosures.quadraticSelector_localHeightLedger_lower' depends on axioms: [propext, Classical.choice, Quot.sound]
info: IUTThreeClosures/AxiomAudit.lean:640:0: 'IUTThreeClosures.normalizedLocalDegree_identityComponent' depends on axioms: [propext, Classical.choice, Quot.sound]
info: IUTThreeClosures/AxiomAudit.lean:641:0: 'IUTThreeClosures.quadraticCharacter_pairing_eq_zero' depends on axioms: [propext, Classical.choice, Quot.sound]
info: IUTThreeClosures/AxiomAudit.lean:642:0: 'IUTThreeClosures.quadraticSelector_smallBudget_to_massBound' depends on axioms: [propext, Classical.choice, Quot.sound]
info: IUTThreeClosures/AxiomAudit.lean:643:0: 'IUTThreeClosures.freyDuplication_crossIdentity' depends on axioms: [propext, Classical.choice, Quot.sound]
info: IUTThreeClosures/AxiomAudit.lean:644:0: 'IUTThreeClosures.freyBoundedAbscissa_twistPoint' depends on axioms: [propext, Classical.choice, Quot.sound]
info: IUTThreeClosures/AxiomAudit.lean:645:0: 'IUTThreeClosures.fixedAbscissa_heightCoefficientLedger' depends on axioms: [propext, Classical.choice, Quot.sound]
info: IUTThreeClosures/AxiomAudit.lean:646:0: 'IUTThreeClosures.fixedAbscissa_archimedeanErrorLedger' depends on axioms: [propext, Classical.choice, Quot.sound]
info: IUTThreeClosures/AxiomAudit.lean:647:0: 'IUTThreeClosures.allFixedCandidates_quarterSlope_strict' depends on axioms: [propext, Classical.choice, Quot.sound]
info: IUTThreeClosures/AxiomAudit.lean:648:0: 'IUTThreeClosures.adaptiveA_pairSquare_identity' depends on axioms: [propext, Quot.sound]
info: IUTThreeClosures/AxiomAudit.lean:649:0: 'IUTThreeClosures.adaptiveB_pairSquare_identity' depends on axioms: [propext, Quot.sound]
info: IUTThreeClosures/AxiomAudit.lean:650:0: 'IUTThreeClosures.adaptiveC_pairSquare_identity' depends on axioms: [propext, Quot.sound]
info: IUTThreeClosures/AxiomAudit.lean:651:0: 'IUTThreeClosures.adaptivePairSquare_survivor_badMass' depends on axioms: [propext, Classical.choice, Quot.sound]
info: IUTThreeClosures/AxiomAudit.lean:652:0: 'IUTThreeClosures.adaptivePairSquare_localHeight_lower' depends on axioms: [propext, Classical.choice, Quot.sound]
info: IUTThreeClosures/AxiomAudit.lean:653:0: 'IUTThreeClosures.adaptiveA_carrier_le' depends on axioms: [propext]
info: IUTThreeClosures/AxiomAudit.lean:654:0: 'IUTThreeClosures.freyHalfPoint_curveIdentity' depends on axioms: [propext, Classical.choice, Quot.sound]
info: IUTThreeClosures/AxiomAudit.lean:655:0: 'IUTThreeClosures.freyHalfPoint_doubleAbscissa' depends on axioms: [propext, Classical.choice, Quot.sound]
info: IUTThreeClosures/AxiomAudit.lean:656:0: 'IUTThreeClosures.twentyFiveSixteen_halfPoint_curveIdentity' depends on axioms: [propext, Classical.choice, Quot.sound]
info: IUTThreeClosures/AxiomAudit.lean:657:0: 'IUTThreeClosures.growingSquarePair_section_doubleAbscissa' depends on axioms: [propext, Classical.choice, Quot.sound]
info: IUTThreeClosures/AxiomAudit.lean:658:0: 'IUTThreeClosures.freyDivisionBernoulliTwo_divisionDistribution' depends on axioms: [propext,
 Classical.choice,
 Quot.sound]
info: IUTThreeClosures/AxiomAudit.lean:659:0: 'IUTThreeClosures.tateDivisionBranches_totalComponentTerm' depends on axioms: [propext, Classical.choice, Quot.sound]
info: IUTThreeClosures/AxiomAudit.lean:660:0: 'IUTThreeClosures.freyHalfBranches_componentLedger' depends on axioms: [propext, Classical.choice, Quot.sound]
info: IUTThreeClosures/AxiomAudit.lean:661:0: 'IUTThreeClosures.divisionScaling_preservesLinearBudget' depends on axioms: [propext, Classical.choice, Quot.sound]
info: IUTThreeClosures/AxiomAudit.lean:662:0: 'IUTThreeClosures.packetCoset_bernoulliSum' depends on axioms: [propext, Classical.choice, Quot.sound]
info: IUTThreeClosures/AxiomAudit.lean:663:0: 'IUTThreeClosures.identityPacket_degreeNormalizedAverage' depends on axioms: [propext, Classical.choice, Quot.sound]
info: IUTThreeClosures/AxiomAudit.lean:664:0: 'IUTThreeClosures.asymmetricPacket_exactGain' depends on axioms: [propext, Classical.choice, Quot.sound]
info: IUTThreeClosures/AxiomAudit.lean:665:0: 'IUTThreeClosures.singleIdentityPacket_noComponentDecay' depends on axioms: [propext, Classical.choice, Quot.sound]
info: IUTThreeClosures/AxiomAudit.lean:666:0: 'IUTThreeClosures.halfTranslationSums_recoverPairProducts' depends on axioms: [propext, Classical.choice, Quot.sound]
info: IUTThreeClosures/AxiomAudit.lean:667:0: 'IUTThreeClosures.alignedHalf_retainedDivisor_quadraticCost' depends on axioms: [propext, Classical.choice, Quot.sound]
info: IUTThreeClosures/AxiomAudit.lean:668:0: 'IUTThreeClosures.freyLineA_iff' depends on axioms: [propext]
info: IUTThreeClosures/AxiomAudit.lean:669:0: 'IUTThreeClosures.freyLineB_iff' depends on axioms: [propext]
info: IUTThreeClosures/AxiomAudit.lean:670:0: 'IUTThreeClosures.freyLineC_iff' depends on axioms: [propext]
info: IUTThreeClosures/AxiomAudit.lean:671:0: 'IUTThreeClosures.freyLocalPacketCount_eq_one_iff' depends on axioms: [propext, Classical.choice, Quot.sound]
info: IUTThreeClosures/AxiomAudit.lean:672:0: 'IUTThreeClosures.twoCollisionTypesAB_forceTrivial' depends on axioms: [propext, Classical.choice, Quot.sound]
info: IUTThreeClosures/AxiomAudit.lean:673:0: 'IUTThreeClosures.freyPacketTable_Tb' depends on axioms: [propext, Classical.choice, Quot.sound]
info: IUTThreeClosures/AxiomAudit.lean:674:0: 'IUTThreeClosures.freyPacketTable_full' depends on axioms: [propext, Classical.choice, Quot.sound]
info: IUTThreeClosures/AxiomAudit.lean:675:0: 'IUTThreeClosures.kummerCounterfamily_point' depends on axioms: [propext]
info: IUTThreeClosures/AxiomAudit.lean:676:0: 'IUTThreeClosures.kummerCounterfamily_doubleAbscissa' depends on axioms: [propext, Quot.sound]
info: IUTThreeClosures/AxiomAudit.lean:677:0: 'IUTThreeClosures.adelicCompensationBernoulliTwo_lower' depends on axioms: [propext, Classical.choice, Quot.sound]
info: IUTThreeClosures/AxiomAudit.lean:678:0: 'IUTThreeClosures.freyAdelic_localLower_withTheta' depends on axioms: [propext, Classical.choice, Quot.sound]
info: IUTThreeClosures/AxiomAudit.lean:679:0: 'IUTThreeClosures.freyAdelic_finiteLower' depends on axioms: [propext, Classical.choice, Quot.sound]
info: IUTThreeClosures/AxiomAudit.lean:680:0: 'IUTThreeClosures.freyAdelic_complement_exact' depends on axioms: [propext, Classical.choice, Quot.sound]
info: IUTThreeClosures/AxiomAudit.lean:681:0: 'IUTThreeClosures.pellAdelic_originalPointRadicand' depends on axioms: [propext]
info: IUTThreeClosures/AxiomAudit.lean:682:0: 'IUTThreeClosures.pellAdelic_doubleParametrization' depends on axioms: [propext, Quot.sound]
info: IUTThreeClosures/AxiomAudit.lean:683:0: 'IUTThreeClosures.pellAdelic_archimedeanSlope' depends on axioms: [propext, Classical.choice, Quot.sound]
info: IUTThreeClosures/AxiomAudit.lean:684:0: 'IUTThreeClosures.pellAdelic_criticalCoefficientEquiv' depends on axioms: [propext, Classical.choice, Quot.sound]
info: IUTThreeClosures/AxiomAudit.lean:685:0: 'IUTThreeClosures.fixedDiscriminantCost_absorbed' depends on axioms: [propext, Classical.choice, Quot.sound]
info: IUTThreeClosures/AxiomAudit.lean:686:0: 'IUTThreeClosures.freyRankTwo_firstRadicand' depends on axioms: [propext, Classical.choice, Quot.sound]
info: IUTThreeClosures/AxiomAudit.lean:687:0: 'IUTThreeClosures.freyRankTwo_secondRadicand' depends on axioms: [propext, Classical.choice, Quot.sound]
info: IUTThreeClosures/AxiomAudit.lean:688:0: 'IUTThreeClosures.rubinSilverberg_freyCarrier' depends on axioms: [propext, Classical.choice, Quot.sound]
info: IUTThreeClosures/AxiomAudit.lean:689:0: 'IUTThreeClosures.freyRankTwoCarrier_clearDenominator' depends on axioms: [propext, Classical.choice, Quot.sound]
info: IUTThreeClosures/AxiomAudit.lean:690:0: 'IUTThreeClosures.pellFrey_firstTwistPoint' depends on axioms: [propext, Quot.sound]
info: IUTThreeClosures/AxiomAudit.lean:691:0: 'IUTThreeClosures.pellFrey_secondTwistPoint' depends on axioms: [propext, Classical.choice, Quot.sound]
info: IUTThreeClosures/AxiomAudit.lean:692:0: 'IUTThreeClosures.pellFrey_doubleParametrization' depends on axioms: [propext, Quot.sound]
info: IUTThreeClosures/AxiomAudit.lean:693:0: 'IUTThreeClosures.integerCombination_mem_addSubgroup' depends on axioms: [propext]
info: IUTThreeClosures/AxiomAudit.lean:694:0: 'IUTThreeClosures.orthogonalGram_noCancellation' depends on axioms: [propext, Classical.choice, Quot.sound]
info: IUTThreeClosures/AxiomAudit.lean:695:0: 'IUTThreeClosures.shearedGram_nonzeroIntegralValues_eq' depends on axioms: [propext, Classical.choice, Quot.sound]
info: IUTThreeClosures/AxiomAudit.lean:696:0: 'IUTThreeClosures.shearedGram_determinantInvariant' depends on axioms: [propext, Classical.choice, Quot.sound]
info: IUTThreeClosures/AxiomAudit.lean:697:0: 'IUTThreeClosures.orthogonalShear_relationRayleigh' depends on axioms: [propext, Classical.choice, Quot.sound]
info: IUTThreeClosures/AxiomAudit.lean:698:0: 'IUTThreeClosures.orthogonalShear_noIntegralCancellation' depends on axioms: [propext, Classical.choice, Quot.sound]
info: IUTThreeClosures/AxiomAudit.lean:699:0: 'IUTThreeClosures.doubledOrbit_gramDeterminant' depends on axioms: [propext, Classical.choice, Quot.sound]
info: IUTThreeClosures/AxiomAudit.lean:700:0: 'IUTThreeClosures.commonBaseChangeScale_cancels' depends on axioms: [propext, Classical.choice, Quot.sound]
info: IUTThreeClosures/AxiomAudit.lean:701:0: 'IUTThreeClosures.shioda_targetDegree_lower' depends on axioms: [propext, Classical.choice, Quot.sound]
info: IUTThreeClosures/AxiomAudit.lean:702:0: 'IUTThreeClosures.pellDouble_norm' depends on axioms: [propext, Quot.sound]
info: IUTThreeClosures/AxiomAudit.lean:703:0: 'IUTThreeClosures.pellRadicalC_eq_B_add_one' depends on axioms: [propext]
info: IUTThreeClosures/AxiomAudit.lean:704:0: 'IUTThreeClosures.pellRadicalB_recurrence' depends on axioms: [propext, Quot.sound]
info: IUTThreeClosures/AxiomAudit.lean:705:0: 'IUTThreeClosures.pellRadicalC_recurrence' depends on axioms: [propext, Quot.sound]
info: IUTThreeClosures/AxiomAudit.lean:706:0: 'IUTThreeClosures.pellRadical_characteristicPolynomial' depends on axioms: [propext, Quot.sound]
info: IUTThreeClosures/AxiomAudit.lean:707:0: 'IUTThreeClosures.pellToric_bezout' depends on axioms: [propext, Quot.sound]
info: IUTThreeClosures/AxiomAudit.lean:708:0: 'IUTThreeClosures.pellToricB_discriminant_certificate' depends on axioms: [propext, Quot.sound]
info: IUTThreeClosures/AxiomAudit.lean:709:0: 'IUTThreeClosures.pellToricC_discriminant_certificate' depends on axioms: [propext, Quot.sound]
info: IUTThreeClosures/AxiomAudit.lean:710:0: 'IUTThreeClosures.pellToric_common_root_forces_four' depends on axioms: [propext, Quot.sound]
info: IUTThreeClosures/AxiomAudit.lean:711:0: 'IUTThreeClosures.inverseRoot_traceNorm_identity' depends on axioms: [propext, Classical.choice, Quot.sound]
info: IUTThreeClosures/AxiomAudit.lean:712:0: 'IUTThreeClosures.onePrime_radical_fraction' depends on axioms: [propext, Classical.choice, Quot.sound]
info: IUTThreeClosures/AxiomAudit.lean:713:0: 'IUTThreeClosures.double_mem_threeDualImages' does not depend on any axioms
info: IUTThreeClosures/AxiomAudit.lean:714:0: 'IUTThreeClosures.shortPoint_in_threeDualImages' depends on axioms: [propext, Classical.choice, Quot.sound]
info: IUTThreeClosures/AxiomAudit.lean:715:0: 'IUTThreeClosures.rationalHalf_has_onePacket_at_allTypes' depends on axioms: [propext, Classical.choice, Quot.sound]
info: IUTThreeClosures/AxiomAudit.lean:716:0: 'IUTThreeClosures.onePacket_without_identity_or_positiveBernoulli' depends on axioms: [propext,
 Classical.choice,
 Quot.sound]
info: IUTThreeClosures/AxiomAudit.lean:717:0: 'IUTThreeClosures.no_heaviestDualImage_shortPoint_of_all_torsion' depends on axioms: [propext,
 Classical.choice,
 Quot.sound]
info: IUTThreeClosures/AxiomAudit.lean:718:0: 'IUTThreeClosures.pellMultibranch_translateMinusBX' depends on axioms: [propext, Classical.choice, Quot.sound]
info: IUTThreeClosures/AxiomAudit.lean:719:0: 'IUTThreeClosures.pellMultibranch_completeLedger' depends on axioms: [propext, Classical.choice, Quot.sound]
info: IUTThreeClosures/AxiomAudit.lean:720:0: 'IUTThreeClosures.pellMultibranch_deficitMatrix' depends on axioms: [propext, Classical.choice, Quot.sound]
info: IUTThreeClosures/AxiomAudit.lean:721:0: 'IUTThreeClosures.pellMultibranch_archDeficitCancellation' depends on axioms: [propext, Classical.choice, Quot.sound]
info: IUTThreeClosures/AxiomAudit.lean:722:0: 'IUTThreeClosures.pellMultibranch_noStrictGain' depends on axioms: [propext, Classical.choice, Quot.sound]
info: IUTThreeClosures/AxiomAudit.lean:723:0: 'IUTThreeClosures.pellMultibranch_criticalEquality' depends on axioms: [propext, Classical.choice, Quot.sound]
info: IUTThreeClosures/AxiomAudit.lean:724:0: 'IUTThreeClosures.freyTwoAdic_multiplicativeWorst' depends on axioms: [propext, Classical.choice, Quot.sound]
info: IUTThreeClosures/AxiomAudit.lean:725:0: 'IUTThreeClosures.freyTwoAdic_starWorst' depends on axioms: [propext, Classical.choice, Quot.sound]
info: IUTThreeClosures/AxiomAudit.lean:726:0: 'IUTThreeClosures.freyTwoAdic_starFourAverage' depends on axioms: [propext, Classical.choice, Quot.sound]
info: IUTThreeClosures/AxiomAudit.lean:727:0: 'IUTThreeClosures.freyTwoAdic_packetScaledLower' depends on axioms: [propext, Classical.choice, Quot.sound]
info: IUTThreeClosures/AxiomAudit.lean:728:0: 'IUTThreeClosures.freyTwoAdic_packetLower_withTheta' depends on axioms: [propext, Classical.choice, Quot.sound]
info: IUTThreeClosures/AxiomAudit.lean:729:0: 'IUTThreeClosures.freyTwoAdic_worstMagnitude_unbounded' depends on axioms: [propext, Classical.choice, Quot.sound]
info: IUTThreeClosures/AxiomAudit.lean:730:0: 'IUTThreeClosures.cyclicIsogeny_threeIdentityValues_conserve' depends on axioms: [propext, Classical.choice, Quot.sound]
info: IUTThreeClosures/AxiomAudit.lean:731:0: 'IUTThreeClosures.pellCyclicQuotient_minusBImageX' depends on axioms: [propext, Classical.choice, Quot.sound]
info: IUTThreeClosures/AxiomAudit.lean:732:0: 'IUTThreeClosures.pellCyclicQuotient_completeLedger' depends on axioms: [propext, Classical.choice, Quot.sound]
info: IUTThreeClosures/AxiomAudit.lean:733:0: 'IUTThreeClosures.pellCyclicQuotient_deficitRigidity' depends on axioms: [propext, Classical.choice, Quot.sound]
info: IUTThreeClosures/AxiomAudit.lean:734:0: 'IUTThreeClosures.pellCyclicQuotient_bad_le_fiveSixths_height' depends on axioms: [propext,
 Classical.choice,
 Quot.sound]
info: IUTThreeClosures/AxiomAudit.lean:735:0: 'IUTThreeClosures.pellCyclicQuotient_strictNoGain' depends on axioms: [propext, Classical.choice, Quot.sound]
info: IUTThreeClosures/AxiomAudit.lean:736:0: 'IUTThreeClosures.pellCyclicQuotient_exactArchCancellation' depends on axioms: [propext, Classical.choice, Quot.sound]
info: IUTThreeClosures/AxiomAudit.lean:737:0: 'IUTThreeClosures.freyCorrespondence_laplacianMatrixIdentity' depends on axioms: [propext, Classical.choice, Quot.sound]
info: IUTThreeClosures/AxiomAudit.lean:738:0: 'IUTThreeClosures.freyCorrespondence_laplacian_onSumZero' depends on axioms: [propext, Classical.choice, Quot.sound]
info: IUTThreeClosures/AxiomAudit.lean:739:0: 'IUTThreeClosures.freyCorrespondence_interpolation_nonnegative' depends on axioms: [propext,
 Classical.choice,
 Quot.sound]
info: IUTThreeClosures/AxiomAudit.lean:740:0: 'IUTThreeClosures.freyCorrespondence_cleared_normalizes' depends on axioms: [propext, Classical.choice, Quot.sound]
info: IUTThreeClosures/AxiomAudit.lean:741:0: 'IUTThreeClosures.freyTransportedPointGram_differenceKernel' depends on axioms: [propext, Classical.choice, Quot.sound]
info: IUTThreeClosures/AxiomAudit.lean:742:0: 'IUTThreeClosures.freyPrimitiveCross_unitAxes_indefinite' depends on axioms: [propext, Classical.choice, Quot.sound]
info: IUTThreeClosures/AxiomAudit.lean:743:0: 'IUTThreeClosures.freyNonDiagonalNatural_completeLedger' depends on axioms: [propext, Classical.choice, Quot.sound]
info: IUTThreeClosures/AxiomAudit.lean:744:0: 'IUTThreeClosures.freyNonDiagonalNatural_twoThirdsBoundary' depends on axioms: [propext, Classical.choice, Quot.sound]
info: IUTThreeClosures/AxiomAudit.lean:745:0: 'IUTThreeClosures.freyNonDiagonal_retainedBad_requiresNegativeCompensation' depends on axioms: [propext,
 Classical.choice,
 Quot.sound]
info: IUTThreeClosures/AxiomAudit.lean:747:0: 'IUTThreeClosures.freyNonDiagonal_nonnegativeCompensation_noGain' depends on axioms: [propext,
 Classical.choice,
 Quot.sound]
info: IUTThreeClosures/AxiomAudit.lean:748:0: 'IUTThreeClosures.pellGlobal_criticalRadical_iff_excess' depends on axioms: [propext, Classical.choice, Quot.sound]
info: IUTThreeClosures/AxiomAudit.lean:749:0: 'IUTThreeClosures.pellGlobal_sublinearScale_forces_twoHeightRadical' depends on axioms: [propext,
 Classical.choice,
 Quot.sound]
info: IUTThreeClosures/AxiomAudit.lean:750:0: 'IUTThreeClosures.pellGlobal_fourTargetCoefficient' depends on axioms: [propext, Classical.choice, Quot.sound]
info: IUTThreeClosures/AxiomAudit.lean:751:0: 'IUTThreeClosures.pellGlobal_fourTargetFullDegree' depends on axioms: [propext, Classical.choice, Quot.sound]
info: IUTThreeClosures/AxiomAudit.lean:752:0: 'IUTThreeClosures.pellGlobal_finiteMovingPrime_sum_le' depends on axioms: [propext, Classical.choice, Quot.sound]
info: IUTThreeClosures/AxiomAudit.lean:753:0: 'IUTThreeClosures.pellGlobal_yuChebyshevBelowSqrt_scalar' depends on axioms: [propext, Classical.choice, Quot.sound]
info: IUTThreeClosures/AxiomAudit.lean:754:0: 'IUTThreeClosures.pellLargePrime_bhgCutoffConstant' depends on axioms: [propext, Classical.choice, Quot.sound]
info: IUTThreeClosures/AxiomAudit.lean:755:0: 'IUTThreeClosures.pellLargePrime_savedExponent_negative' depends on axioms: [propext, Classical.choice, Quot.sound]
info: IUTThreeClosures/AxiomAudit.lean:756:0: 'IUTThreeClosures.pellLargePrime_twoRangeCutoff_scalar' depends on axioms: [propext, Classical.choice, Quot.sound]
info: IUTThreeClosures/AxiomAudit.lean:757:0: 'IUTThreeClosures.pellLargePrime_balancedCubePair_excess' depends on axioms: [propext, Classical.choice, Quot.sound]
info: IUTThreeClosures/AxiomAudit.lean:758:0: 'IUTThreeClosures.pellLargePrime_balancedCubePair_breaksCriticalCoefficient' depends on axioms: [propext,
 Classical.choice,
 Quot.sound]
info: IUTThreeClosures/AxiomAudit.lean:760:0: 'IUTThreeClosures.pellLargePrime_balancedPowerPair_excess' depends on axioms: [propext, Classical.choice, Quot.sound]
info: IUTThreeClosures/AxiomAudit.lean:761:0: 'IUTThreeClosures.pellRadicalJoint_characteristicPolynomial' depends on axioms: [propext, Quot.sound]
info: IUTThreeClosures/AxiomAudit.lean:762:0: 'IUTThreeClosures.pellRadicalJoint_recurrence' depends on axioms: [propext, Quot.sound]
info: IUTThreeClosures/AxiomAudit.lean:763:0: 'IUTThreeClosures.pellRadicalB_not_divisibilityWitness' depends on axioms: [propext, Quot.sound]
info: IUTThreeClosures/AxiomAudit.lean:764:0: 'IUTThreeClosures.pellRadicalC_not_divisibilityWitness' depends on axioms: [propext, Quot.sound]
info: IUTThreeClosures/AxiomAudit.lean:765:0: 'IUTThreeClosures.pellDouble_addition' depends on axioms: [propext]
info: IUTThreeClosures/AxiomAudit.lean:766:0: 'IUTThreeClosures.pellRadicalB_difference_homogeneousCarrier' depends on axioms: [propext, Classical.choice, Quot.sound]
info: IUTThreeClosures/AxiomAudit.lean:767:0: 'IUTThreeClosures.pellRadicalC_difference_homogeneousCarrier' depends on axioms: [propext, Classical.choice, Quot.sound]
info: IUTThreeClosures/AxiomAudit.lean:768:0: 'IUTThreeClosures.primitiveDivisorOutputModel_recurrence' depends on axioms: [propext, Quot.sound]
info: IUTThreeClosures/AxiomAudit.lean:769:0: 'IUTThreeClosures.primitiveDivisorOutputModel_characteristicPolynomial' depends on axioms: [propext, Quot.sound]
info: IUTThreeClosures/AxiomAudit.lean:770:0: 'IUTThreeClosures.pellSquarefull_subcriticalKnownMass_leavesTooMuchExcess' depends on axioms: [propext,
 Classical.choice,
 Quot.sound]
info: IUTThreeClosures/AxiomAudit.lean:772:0: 'IUTThreeClosures.pellSquarefull_strictSubcriticalKnownMass_exceedsAllowance' depends on axioms: [propext,
 Classical.choice,
 Quot.sound]
info: IUTThreeClosures/AxiomAudit.lean:774:0: 'IUTThreeClosures.pellOrder_exponentLayer_identity' depends on axioms: [propext, Classical.choice, Quot.sound]
info: IUTThreeClosures/AxiomAudit.lean:775:0: 'IUTThreeClosures.pellOrder_finiteProfile_exponentLayer_identity' depends on axioms: [propext,
 Classical.choice,
 Quot.sound]
info: IUTThreeClosures/AxiomAudit.lean:776:0: 'IUTThreeClosures.pellOrder_criticalExcess_iff_superSquareBalance' depends on axioms: [propext,
 Classical.choice,
 Quot.sound]
info: IUTThreeClosures/AxiomAudit.lean:777:0: 'IUTThreeClosures.pellOrder_squareLayer_isCriticalNeutral' depends on axioms: [propext, Classical.choice, Quot.sound]
info: IUTThreeClosures/AxiomAudit.lean:778:0: 'IUTThreeClosures.pellOrder_twoComponentCube_excess' depends on axioms: [propext, Classical.choice, Quot.sound]
info: IUTThreeClosures/AxiomAudit.lean:779:0: 'IUTThreeClosures.pellOrder_twoComponentCube_breaksCriticalCoefficient' depends on axioms: [propext,
 Classical.choice,
 Quot.sound]
info: IUTThreeClosures/AxiomAudit.lean:781:0: 'IUTThreeClosures.pellOrder_oneLayerSplit_scalar' depends on axioms: [propext, Classical.choice, Quot.sound]
info: IUTThreeClosures/AxiomAudit.lean:782:0: 'IUTThreeClosures.pellOrder_smallOrderTailAbsorption_scalar' depends on axioms: [propext, Classical.choice, Quot.sound]
info: IUTThreeClosures/AxiomAudit.lean:783:0: 'IUTThreeClosures.pellFirstHit_fixedPowerIdentities' depends on axioms: [propext, Classical.choice, Quot.sound]
info: IUTThreeClosures/AxiomAudit.lean:784:0: 'IUTThreeClosures.pellFirstHit_orderSqueeze_modTwentyFourOne' depends on axioms: [propext, Quot.sound]
info: IUTThreeClosures/AxiomAudit.lean:785:0: 'IUTThreeClosures.pellFirstHit_orderSqueeze_modTwentyFourTwentyThree' depends on axioms: [propext, Quot.sound]
info: IUTThreeClosures/AxiomAudit.lean:786:0: 'IUTThreeClosures.pellFirstHit_truncatedDepth_sync_iff' depends on axioms: [propext, Classical.choice, Quot.sound]
info: IUTThreeClosures/AxiomAudit.lean:787:0: 'IUTThreeClosures.pellFirstHit_truncatedDepth_sync' depends on axioms: [propext, Quot.sound]
info: IUTThreeClosures/AxiomAudit.lean:788:0: 'IUTThreeClosures.pellFirstHit_superSquare_split' depends on axioms: [propext, Quot.sound]
info: IUTThreeClosures/AxiomAudit.lean:789:0: 'IUTThreeClosures.pellFirstHit_collision_forces_equalDepths' depends on axioms: [propext, Classical.choice, Quot.sound]
info: IUTThreeClosures/AxiomAudit.lean:790:0: 'IUTThreeClosures.pellFirstHit_cubeClass_smallRepresentative' depends on axioms: [propext, Classical.choice, Quot.sound]
info: IUTThreeClosures/AxiomAudit.lean:791:0: 'IUTThreeClosures.pellFirstHit_endpointClass_unique' depends on axioms: [propext, Classical.choice, Quot.sound]
info: IUTThreeClosures/AxiomAudit.lean:792:0: 'IUTThreeClosures.pellFirstHit_endpointRemainder_half' depends on axioms: [propext, Classical.choice, Quot.sound]
info: IUTThreeClosures/AxiomAudit.lean:793:0: 'IUTThreeClosures.pellFirstHit_finiteEndpointRemainder_half' depends on axioms: [propext, Classical.choice, Quot.sound]
info: IUTThreeClosures/AxiomAudit.lean:794:0: 'IUTThreeClosures.pellFirstHit_fixedPell_23_trace_mod_cube' depends on axioms: [propext,
 Quot.sound,
 IUTThreeClosures.pellFirstHit_fixedPell_23_trace_mod_cube._native.native_decide.ax_1_1]
info: IUTThreeClosures/AxiomAudit.lean:795:0: 'IUTThreeClosures.pellFirstHit_fixedPell_23_trace_mod_fourth' depends on axioms: [propext,
 Quot.sound,
 IUTThreeClosures.pellFirstHit_fixedPell_23_trace_mod_fourth._native.native_decide.ax_1_1]
info: IUTThreeClosures/AxiomAudit.lean:796:0: 'IUTThreeClosures.pellFirstHit_fixedPell_23_cube_at_1552' depends on axioms: [propext,
 Quot.sound,
 IUTThreeClosures.pellFirstHit_fixedPell_23_trace_mod_cube._native.native_decide.ax_1_1]
info: IUTThreeClosures/AxiomAudit.lean:797:0: 'IUTThreeClosures.pellFirstHit_fixedPell_23_not_fourthPower_at_1552' depends on axioms: [propext,
 Quot.sound,
 IUTThreeClosures.pellFirstHit_fixedPell_23_trace_mod_fourth._native.native_decide.ax_1_1]
info: IUTThreeClosures/AxiomAudit.lean:798:0: 'IUTThreeClosures.pellFirstHit_fixedPell_23_exactDepthResidue' depends on axioms: [propext,
 Quot.sound,
 IUTThreeClosures.pellFirstHit_fixedPell_23_trace_mod_fourth._native.native_decide.ax_1_1]
info: IUTThreeClosures/AxiomAudit.lean:799:0: 'IUTThreeClosures.pellFirstHit_fixedPell_23_diagnostic_isNotFirstHit' depends on axioms: [propext,
 Classical.choice,
 Quot.sound]
info: IUTThreeClosures/AxiomAudit.lean:800:0: 'IUTThreeClosures.pellFirstHit_fixedPell_23_lambdaOrder' depends on axioms: [propext,
 Classical.choice,
 Quot.sound,
 IUTThreeClosures.pellFirstHit_fixedPell_23_lambdaOrder._native.native_decide.ax_1_1]
info: IUTThreeClosures/AxiomAudit.lean:801:0: 'IUTThreeClosures.pellRepeated_layer_decomposition' depends on axioms: [propext, Classical.choice, Quot.sound]
info: IUTThreeClosures/AxiomAudit.lean:802:0: 'IUTThreeClosures.pellRepeated_firstLiftCopy_le_one' depends on axioms: [propext, Quot.sound]
info: IUTThreeClosures/AxiomAudit.lean:803:0: 'IUTThreeClosures.pellRepeated_base_transition_firstDepth_decomposition' depends on axioms: [propext,
 Classical.choice,
 Quot.sound]
info: IUTThreeClosures/AxiomAudit.lean:805:0: 'IUTThreeClosures.pellRepeated_transitionCopies_le_one' depends on axioms: [propext, Quot.sound]
info: IUTThreeClosures/AxiomAudit.lean:806:0: 'IUTThreeClosures.pellRepeated_finiteProfile_layer_decomposition' depends on axioms: [propext,
 Classical.choice,
 Quot.sound]
info: IUTThreeClosures/AxiomAudit.lean:807:0: 'IUTThreeClosures.pellRepeated_transitionMass_le_supportMass' depends on axioms: [propext, Classical.choice, Quot.sound]
info: IUTThreeClosures/AxiomAudit.lean:808:0: 'IUTThreeClosures.pellRepeated_transitionMass_absorption' depends on axioms: [propext, Classical.choice, Quot.sound]
info: IUTThreeClosures/AxiomAudit.lean:809:0: 'IUTThreeClosures.pellRepeated_transition_cutoff' depends on axioms: [propext, Classical.choice, Quot.sound]
info: IUTThreeClosures/AxiomAudit.lean:810:0: 'IUTThreeClosures.pellRepeated_exceptionalMirror_indexProfile' depends on axioms: [propext, Quot.sound]
info: IUTThreeClosures/AxiomAudit.lean:811:0: 'IUTThreeClosures.pellRepeated_baseMirror_indexProfile' depends on axioms: [propext, Quot.sound]
info: IUTThreeClosures/AxiomAudit.lean:812:0: 'IUTThreeClosures.pellRepeated_exceptionalCube_componentHeights' depends on axioms: [propext,
 Classical.choice,
 Quot.sound]
info: IUTThreeClosures/AxiomAudit.lean:813:0: 'IUTThreeClosures.pellRepeated_twoExceptionalCubes_superSquare' depends on axioms: [propext,
 Classical.choice,
 Quot.sound]
info: IUTThreeClosures/AxiomAudit.lean:814:0: 'IUTThreeClosures.pellRepeated_twoExceptionalCubes_breakBalance' depends on axioms: [propext,
 Classical.choice,
 Quot.sound]
info: IUTThreeClosures/AxiomAudit.lean:815:0: 'IUTThreeClosures.pellRepeated_baseCube_previousComponentHeight' depends on axioms: [propext,
 Classical.choice,
 Quot.sound]
info: IUTThreeClosures/AxiomAudit.lean:816:0: 'IUTThreeClosures.pellRepeated_twoBaseCubes_breakBalance' depends on axioms: [propext, Classical.choice, Quot.sound]
info: IUTThreeClosures/AxiomAudit.lean:817:0: 'IUTThreeClosures.pellFourPoint_consecutiveBlock' depends on axioms: [propext, Classical.choice, Quot.sound]
info: IUTThreeClosures/AxiomAudit.lean:818:0: 'IUTThreeClosures.pellFourPoint_squareBranchProduct' depends on axioms: [propext]
info: IUTThreeClosures/AxiomAudit.lean:819:0: 'IUTThreeClosures.pellFourPoint_generalCoefficientBridge' depends on axioms: [propext, Classical.choice, Quot.sound]
info: IUTThreeClosures/AxiomAudit.lean:820:0: 'IUTThreeClosures.pellFourPoint_coefficientTwoBridge' depends on axioms: [propext, Classical.choice, Quot.sound]
info: IUTThreeClosures/AxiomAudit.lean:821:0: 'IUTThreeClosures.pellFourPoint_radicalToSuperSquareBalance' depends on axioms: [propext, Classical.choice, Quot.sound]
info: IUTThreeClosures/AxiomAudit.lean:822:0: 'IUTThreeClosures.pellFourPoint_twoIndexAggregate_notPointwise' depends on axioms: [propext,
 Classical.choice,
 Quot.sound]
info: IUTThreeClosures/AxiomAudit.lean:823:0: 'IUTThreeClosures.pellSquarefree_threeConsecutive' depends on axioms: [propext, Classical.choice, Quot.sound]
info: IUTThreeClosures/AxiomAudit.lean:824:0: 'IUTThreeClosures.pellSquarefree_normOneIdentity' depends on axioms: [propext]
info: IUTThreeClosures/AxiomAudit.lean:825:0: 'IUTThreeClosures.pellSquarefree_bennettWalshEquation' depends on axioms: [propext, Classical.choice, Quot.sound]
info: IUTThreeClosures/AxiomAudit.lean:826:0: 'IUTThreeClosures.pellRadicalC_squarefree_normOne' depends on axioms: [propext]
info: IUTThreeClosures/AxiomAudit.lean:827:0: 'IUTThreeClosures.pellRadicalC_bennettWalshEquation' depends on axioms: [propext, Classical.choice, Quot.sound]
info: IUTThreeClosures/AxiomAudit.lean:828:0: 'IUTThreeClosures.pellSquarefree_chebyshev_zero_mod_three_forces_base' depends on axioms: [propext,
 Classical.choice,
 Quot.sound]
info: IUTThreeClosures/AxiomAudit.lean:830:0: 'IUTThreeClosures.pellSquarefree_parameter_injective' does not depend on any axioms
info: IUTThreeClosures/AxiomAudit.lean:831:0: 'IUTThreeClosures.pellNonmaximalOrder_discriminant' depends on axioms: [propext]
info: IUTThreeClosures/AxiomAudit.lean:832:0: 'IUTThreeClosures.pellNonmaximalOrder_unitRayCongruence' depends on axioms: [propext]
info: IUTThreeClosures/AxiomAudit.lean:833:0: 'IUTThreeClosures.pellNonmaximalOrder_ringClassFormula_cancel' depends on axioms: [propext,
 Classical.choice,
 Quot.sound]
info: IUTThreeClosures/AxiomAudit.lean:834:0: 'IUTThreeClosures.pellNonmaximalOrder_conductorDeficit_bounds' depends on axioms: [propext,
 Classical.choice,
 Quot.sound]
info: IUTThreeClosures/AxiomAudit.lean:835:0: 'IUTThreeClosures.pellNonmaximalOrder_smallConductor_implies_radicalCoefficient' depends on axioms: [propext,
 Classical.choice,
 Quot.sound]
info: IUTThreeClosures/AxiomAudit.lean:837:0: 'IUTThreeClosures.pellNonmaximalOrder_radicalCoefficient_implies_smallConductor' depends on axioms: [propext,
 Classical.choice,
 Quot.sound]
info: IUTThreeClosures/AxiomAudit.lean:839:0: 'IUTThreeClosures.pellNonmaximalOrder_radical_twentyThree_pow_succ' depends on axioms: [propext,
 Classical.choice,
 Quot.sound]
info: IUTThreeClosures/AxiomAudit.lean:840:0: 'IUTThreeClosures.pellNonmaximalOrder_multiplier_unbounded_at_fixedRadical' depends on axioms: [propext,
 Classical.choice,
 Quot.sound]
info: IUTThreeClosures/AxiomAudit.lean:842:0: 'IUTThreeClosures.pellNonmaximalOrder_fastPair_eq' depends on axioms: [propext]
info: IUTThreeClosures/AxiomAudit.lean:843:0: 'IUTThreeClosures.pellNonmaximalOrder_actualOverlap_residue' depends on axioms: [propext,
 IUTThreeClosures.pellNonmaximalOrder_fastOverlap_residue._native.native_decide.ax_1_1✝]
info: IUTThreeClosures/AxiomAudit.lean:844:0: 'IUTThreeClosures.pellNonmaximalOrder_actualOverlap_exactDepth' depends on axioms: [propext,
 IUTThreeClosures.pellNonmaximalOrder_fastOverlap_exactDepth._native.native_decide.ax_1_1✝]
info: IUTThreeClosures/AxiomAudit.lean:845:0: 'IUTThreeClosures.pellSquareclassSpectralModel_recurrence' depends on axioms: [propext]
info: IUTThreeClosures/AxiomAudit.lean:846:0: 'IUTThreeClosures.normTwo47Step_preserves' depends on axioms: [propext, Quot.sound]
info: IUTThreeClosures/AxiomAudit.lean:847:0: 'IUTThreeClosures.squareclassCoefficientOne_iff_squareBaseSmall' depends on axioms: [propext,
 Classical.choice,
 Quot.sound]
info: IUTThreeClosures/AxiomAudit.lean:849:0: 'IUTThreeClosures.pellTatuzawa_exceptionalIndex_unique' does not depend on any axioms
info: IUTThreeClosures/AxiomAudit.lean:850:0: 'IUTThreeClosures.pellClassNumber_normTwoCoordinates' depends on axioms: [propext, Classical.choice, Quot.sound]
info: IUTThreeClosures/AxiomAudit.lean:851:0: 'IUTThreeClosures.pellYokoi_trace_decomposition' depends on axioms: [propext]
info: IUTThreeClosures/AxiomAudit.lean:852:0: 'IUTThreeClosures.pellClassNumber_upperL_controls_regulator' depends on axioms: [propext, Classical.choice, Quot.sound]
info: IUTThreeClosures/AxiomAudit.lean:853:0: 'IUTThreeClosures.pellClassNumber_subcriticalScalarProfile' depends on axioms: [propext, Classical.choice, Quot.sound]
info: IUTThreeClosures/AxiomAudit.lean:854:0: 'IUTThreeClosures.squarebase_pointwise_targets_equiv' depends on axioms: [propext, Classical.choice, Quot.sound]
info: IUTThreeClosures/AxiomAudit.lean:855:0: 'IUTThreeClosures.squarebase_of_coefficientOne_radical' depends on axioms: [propext, Classical.choice, Quot.sound]
info: IUTThreeClosures/AxiomAudit.lean:856:0: 'IUTThreeClosures.squarebase_halfRadical_zeroCore_profile' depends on axioms: [propext, Classical.choice, Quot.sound]
info: IUTThreeClosures/AxiomAudit.lean:857:0: 'IUTThreeClosures.squarebase_pointwise_of_prefix_bound' depends on axioms: [propext, Classical.choice, Quot.sound]
info: IUTThreeClosures/AxiomAudit.lean:858:0: 'IUTThreeClosures.pellSquarebase_congruent_factors' depends on axioms: [propext, Classical.choice, Quot.sound]
info: IUTThreeClosures/AxiomAudit.lean:859:0: 'IUTThreeClosures.pellSquarebase_on_congruentCurve' depends on axioms: [propext, Classical.choice, Quot.sound]
info: IUTThreeClosures/AxiomAudit.lean:860:0: 'IUTThreeClosures.congruent_x_ratio' depends on axioms: [propext, Classical.choice, Quot.sound]
info: IUTThreeClosures/AxiomAudit.lean:861:0: 'IUTThreeClosures.pellSquarebase_core_injective' depends on axioms: [propext]
info: IUTThreeClosures/AxiomAudit.lean:862:0: 'IUTThreeClosures.pellIndexTransfer_adjacentBezout' depends on axioms: [propext, Quot.sound]
info: IUTThreeClosures/AxiomAudit.lean:863:0: 'IUTThreeClosures.pellIndexTransfer_commonDivisor_dvd_240' depends on axioms: [propext, Quot.sound]
info: IUTThreeClosures/AxiomAudit.lean:864:0: 'IUTThreeClosures.pellIndexTransfer_adjacent_coprime_divisorCriterion' depends on axioms: [propext, Quot.sound]
info: IUTThreeClosures/AxiomAudit.lean:865:0: 'IUTThreeClosures.pellIndexTransfer_pointwiseEnvelope' depends on axioms: [propext, Classical.choice, Quot.sound]
info: IUTThreeClosures/AxiomAudit.lean:866:0: 'IUTThreeClosures.pellIndexTransfer_polynomialProfile' depends on axioms: [propext, Classical.choice, Quot.sound]
info: IUTThreeClosures/AxiomAudit.lean:867:0: 'IUTThreeClosures.fourConsecutive_product_add_one' depends on axioms: [propext]
info: IUTThreeClosures/AxiomAudit.lean:868:0: 'IUTThreeClosures.fourConsecutive_coordinate_add_five' depends on axioms: [propext]
info: IUTThreeClosures/AxiomAudit.lean:869:0: 'IUTThreeClosures.pellFourConsecutive_productNormOne' depends on axioms: [propext, Classical.choice, Quot.sound]
info: IUTThreeClosures/AxiomAudit.lean:870:0: 'IUTThreeClosures.pellFourConsecutive_decomposedNormOne' depends on axioms: [propext, Classical.choice, Quot.sound]
info: IUTThreeClosures/AxiomAudit.lean:871:0: 'IUTThreeClosures.pellFourConsecutive_adjacentSystem' depends on axioms: [propext, Classical.choice, Quot.sound]
info: IUTThreeClosures/AxiomAudit.lean:872:0: 'IUTThreeClosures.pellFourConsecutive_coordinateNeighbors' depends on axioms: [propext]
info: IUTThreeClosures/AxiomAudit.lean:873:0: 'IUTThreeClosures.pellFourConsecutive_bennettWalshShape' depends on axioms: [propext]
info: IUTThreeClosures/AxiomAudit.lean:874:0: 'IUTThreeClosures.pellFourConsecutive_radicalLedger' depends on axioms: [propext, Classical.choice, Quot.sound]
info: IUTThreeClosures/AxiomAudit.lean:875:0: 'IUTThreeClosures.pellFourConsecutive_baseRadicalBridge' depends on axioms: [propext, Classical.choice, Quot.sound]
info: IUTThreeClosures/AxiomAudit.lean:876:0: 'IUTThreeClosures.pellFourConsecutive_twoCubeProfile' depends on axioms: [propext, Classical.choice, Quot.sound]
info: IUTThreeClosures/AxiomAudit.lean:877:0: 'IUTThreeClosures.indexThree_to_216a1' depends on axioms: [propext, Classical.choice, Quot.sound]
info: IUTThreeClosures/AxiomAudit.lean:878:0: 'IUTThreeClosures.magma216a1_positive_fourMultiple_filter' depends on axioms: [propext, Quot.sound]
info: IUTThreeClosures/AxiomAudit.lean:879:0: 'IUTThreeClosures.three_not_dvd_chebyshev_shiftSquare_index' depends on axioms: [propext, Classical.choice, Quot.sound]
info: IUTThreeClosures/AxiomAudit.lean:881:0: 'IUTThreeClosures.indexFive_to_magma_model' depends on axioms: [propext, Quot.sound]
info: IUTThreeClosures/AxiomAudit.lean:882:0: 'IUTThreeClosures.indexFive_base_eq_one_or_neg_one_of_external_certificate' depends on axioms: [propext, Quot.sound]
info: IUTThreeClosures/AxiomAudit.lean:884:0: 'IUTThreeClosures.no_indexFive_polynomial_of_external_certificate' depends on axioms: [propext, Quot.sound]
info: IUTThreeClosures/AxiomAudit.lean:886:0: 'IUTThreeClosures.no_indexFive_chebyshev_shiftSquare_of_external_certificate' depends on axioms: [propext,
 Classical.choice,
 Quot.sound]
info: IUTThreeClosures/AxiomAudit.lean:888:0: 'IUTThreeClosures.pellChebyshev_seven' depends on axioms: [propext, Classical.choice, Quot.sound]
info: IUTThreeClosures/AxiomAudit.lean:889:0: 'IUTThreeClosures.indexSeven_rational_points_of_external_certificate' depends on axioms: [propext,
 Classical.choice,
 Quot.sound]
info: IUTThreeClosures/AxiomAudit.lean:891:0: 'IUTThreeClosures.indexSeven_genusThree_model' depends on axioms: [propext, Classical.choice, Quot.sound]
info: IUTThreeClosures/AxiomAudit.lean:892:0: 'IUTThreeClosures.indexSeven_base_eq_neg_one_or_one_of_external_certificate' depends on axioms: [propext,
 Classical.choice,
 Quot.sound]
info: IUTThreeClosures/AxiomAudit.lean:894:0: 'IUTThreeClosures.no_indexSeven_polynomial_of_external_certificate' depends on axioms: [propext,
 Classical.choice,
 Quot.sound]
info: IUTThreeClosures/AxiomAudit.lean:896:0: 'IUTThreeClosures.no_indexSeven_chebyshev_shiftSquare_of_external_certificate' depends on axioms: [propext,
 Classical.choice,
 Quot.sound]
info: IUTThreeClosures/AxiomAudit.lean:898:0: 'IUTThreeClosures.pellChebyshev_eleven' depends on axioms: [propext, Classical.choice, Quot.sound]
info: IUTThreeClosures/AxiomAudit.lean:899:0: 'IUTThreeClosures.indexEleven_rational_points_of_external_certificate' depends on axioms: [propext,
 Classical.choice,
 Quot.sound]
info: IUTThreeClosures/AxiomAudit.lean:901:0: 'IUTThreeClosures.indexEleven_genusFive_model' depends on axioms: [propext, Classical.choice, Quot.sound]
info: IUTThreeClosures/AxiomAudit.lean:902:0: 'IUTThreeClosures.indexEleven_base_eq_neg_one_or_one_of_external_certificate' depends on axioms: [propext,
 Classical.choice,
 Quot.sound]
info: IUTThreeClosures/AxiomAudit.lean:904:0: 'IUTThreeClosures.no_indexEleven_polynomial_of_external_certificate' depends on axioms: [propext,
 Classical.choice,
 Quot.sound]
info: IUTThreeClosures/AxiomAudit.lean:906:0: 'IUTThreeClosures.no_indexEleven_chebyshev_shiftSquare_of_external_certificate' depends on axioms: [propext,
 Classical.choice,
 Quot.sound]
info: IUTThreeClosures/AxiomAudit.lean:908:0: 'IUTThreeClosures.pellChebyshev_thirteen' depends on axioms: [propext, Classical.choice, Quot.sound]
info: IUTThreeClosures/AxiomAudit.lean:909:0: 'IUTThreeClosures.indexThirteen_rational_points_of_external_certificate' depends on axioms: [propext,
 Classical.choice,
 Quot.sound]
info: IUTThreeClosures/AxiomAudit.lean:911:0: 'IUTThreeClosures.indexThirteen_genusSix_model' depends on axioms: [propext, Classical.choice, Quot.sound]
info: IUTThreeClosures/AxiomAudit.lean:912:0: 'IUTThreeClosures.indexThirteen_base_eq_neg_one_or_one_of_external_certificate' depends on axioms: [propext,
 Classical.choice,
 Quot.sound]
info: IUTThreeClosures/AxiomAudit.lean:914:0: 'IUTThreeClosures.no_indexThirteen_polynomial_of_external_certificate' depends on axioms: [propext,
 Classical.choice,
 Quot.sound]
info: IUTThreeClosures/AxiomAudit.lean:916:0: 'IUTThreeClosures.no_indexThirteen_chebyshev_shiftSquare_of_external_certificate' depends on axioms: [propext,
 Classical.choice,
 Quot.sound]
info: IUTThreeClosures/AxiomAudit.lean:918:0: 'IUTThreeClosures.pellPrimeUniform_betaSquareCoordinates' depends on axioms: [propext]
info: IUTThreeClosures/AxiomAudit.lean:919:0: 'IUTThreeClosures.pellPrimeUniform_gammaSquareCoordinates' depends on axioms: [propext]
info: IUTThreeClosures/AxiomAudit.lean:920:0: 'IUTThreeClosures.pellPrimeUniform_threeSubfieldNormCoordinates' depends on axioms: [propext,
 Classical.choice,
 Quot.sound]
info: IUTThreeClosures/AxiomAudit.lean:921:0: 'IUTThreeClosures.pellPrimeUniform_sUnitExponentEquation' depends on axioms: [propext, Classical.choice, Quot.sound]
info: IUTThreeClosures/AxiomAudit.lean:922:0: 'IUTThreeClosures.pellPrimeUniform_sUnitAbsoluteNorm' depends on axioms: [propext, Classical.choice, Quot.sound]
info: IUTThreeClosures/AxiomAudit.lean:923:0: 'IUTThreeClosures.pellPrimeUniform_degreeEightFactorization' depends on axioms: [propext]
info: IUTThreeClosures/AxiomAudit.lean:924:0: 'IUTThreeClosures.pellPrimeUniform_bhvDiagnostic_normOne' depends on axioms: [propext]
info: IUTThreeClosures/AxiomAudit.lean:925:0: 'IUTThreeClosures.pellPrimeUniform_bhvDiagnostic_chebyshevFactorization' does not depend on any axioms
info: IUTThreeClosures/AxiomAudit.lean:927:0: 'IUTThreeClosures.pellPrimeUniform_bhvDiagnostic_residues' does not depend on any axioms
info: IUTThreeClosures/AxiomAudit.lean:928:0: 'IUTThreeClosures.pellPrimeUniform_bhvDiagnostic_shiftResidue' does not depend on any axioms
info: IUTThreeClosures/AxiomAudit.lean:929:0: 'IUTThreeClosures.pellPrimeLocal_halfAngleReconstruction' depends on axioms: [propext, Classical.choice, Quot.sound]
info: IUTThreeClosures/AxiomAudit.lean:930:0: 'IUTThreeClosures.pellPrimeLocal_blockOne' depends on axioms: [propext]
info: IUTThreeClosures/AxiomAudit.lean:931:0: 'IUTThreeClosures.pellPrimeLocal_derivativeFactor_ne_zero' depends on axioms: [propext, Classical.choice, Quot.sound]
info: IUTThreeClosures/AxiomAudit.lean:932:0: 'IUTThreeClosures.pellPrimeLocal_smallPrimeBranch' depends on axioms: [propext, Quot.sound]
info: IUTThreeClosures/AxiomAudit.lean:933:0: 'IUTThreeClosures.pellPrimeLocal_minusOne_oddPow' depends on axioms: [propext]
info: IUTThreeClosures/AxiomAudit.lean:934:0: 'IUTThreeClosures.pellPrimeLocal_elevenThreshold' depends on axioms: [propext, Quot.sound]
info: IUTThreeClosures/AxiomAudit.lean:935:0: 'IUTThreeClosures.pellPrimeLocal_fourElevenParityThreshold' depends on axioms: [propext, Quot.sound]
info: IUTThreeClosures/AxiomAudit.lean:936:0: 'IUTThreeClosures.pellPrimeLocal_strictParityBound_excludes' depends on axioms: [propext]
info: IUTThreeClosures/AxiomAudit.lean:937:0: 'IUTThreeClosures.pellPrimeLocal_powerThreshold' depends on axioms: [propext, Quot.sound]
info: IUTThreeClosures/AxiomAudit.lean:938:0: 'IUTThreeClosures.pellPrimeLocal_thirtyOneThreshold' depends on axioms: [propext, Quot.sound]
info: IUTThreeClosures/AxiomAudit.lean:939:0: 'IUTThreeClosures.pellPrimeLocal_fourThirtyOneParityThreshold' depends on axioms: [propext, Quot.sound]
info: IUTThreeClosures/AxiomAudit.lean:940:0: 'IUTThreeClosures.pellPrimeLocal_strictParityBoundThirtyOne_excludes' depends on axioms: [propext]
info: IUTThreeClosures/AxiomAudit.lean:941:0: 'IUTThreeClosures.pellPrimeLocal_activeKernelProductFloor' depends on axioms: [propext, Quot.sound]
info: IUTThreeClosures/AxiomAudit.lean:942:0: 'IUTThreeClosures.pellPrimeLocal_activeHeightFloor' depends on axioms: [propext, Classical.choice, Quot.sound]
info: IUTThreeClosures/AxiomAudit.lean:943:0: 'IUTThreeClosures.pellPrimeLocal_thirtySevenThreshold' depends on axioms: [propext, Quot.sound]
info: IUTThreeClosures/AxiomAudit.lean:944:0: 'IUTThreeClosures.pellPrimeLocal_fourThirtySevenParityThreshold' depends on axioms: [propext, Quot.sound]
info: IUTThreeClosures/AxiomAudit.lean:945:0: 'IUTThreeClosures.pellPrimeLocal_strictParityBoundThirtySeven_excludes' depends on axioms: [propext]
info: IUTThreeClosures/AxiomAudit.lean:947:0: 'IUTThreeClosures.pellPrimeLocal_activeHeightFloorAfterThirtyOne' depends on axioms: [propext,
 Classical.choice,
 Quot.sound]
info: IUTThreeClosures/AxiomAudit.lean:948:0: 'IUTThreeClosures.PellChebyshevLocalSimpleRoot.t_sq_sub_one' depends on axioms: [propext, Classical.choice, Quot.sound]
info: IUTThreeClosures/AxiomAudit.lean:950:0: 'IUTThreeClosures.PellChebyshevLocalSimpleRoot.derivative_t_eval' depends on axioms: [propext,
 Classical.choice,
 Quot.sound]
info: IUTThreeClosures/AxiomAudit.lean:952:0: 'IUTThreeClosures.PellChebyshevLocalSimpleRoot.targetFive_nondegenerate' depends on axioms: [propext,
 Classical.choice,
 Quot.sound]
info: IUTThreeClosures/AxiomAudit.lean:954:0: 'IUTThreeClosures.PellChebyshevLocalSimpleRoot.targetFive_derivative_isUnit' depends on axioms: [propext,
 Classical.choice,
 Quot.sound]
info: IUTThreeClosures/AxiomAudit.lean:956:0: 'IUTThreeClosures.PellChebyshevLocalSimpleRoot.existsUnique_curveAbscissa_of_bijective' depends on axioms: [propext,
 Classical.choice,
 Quot.sound]
info: IUTThreeClosures/AxiomAudit.lean:958:0: 'IUTThreeClosures.PellChebyshevLocalSimpleRoot.zmod_targetFive_simple' depends on axioms: [propext,
 Classical.choice,
 Quot.sound]
info: IUTThreeClosures/AxiomAudit.lean:960:0: 'IUTThreeClosures.PellChebyshevLocalSimpleRoot.zmod_existsUnique_targetFive_simple_of_bijective' depends on axioms: [propext,
 Classical.choice,
 Quot.sound]
info: IUTThreeClosures/AxiomAudit.lean:962:0: 'IUTThreeClosures.PellChebyshevLocalSimpleRoot.crt_pair' depends on axioms: [propext, Classical.choice, Quot.sound]
info: IUTThreeClosures/AxiomAudit.lean:963:0: 'IUTThreeClosures.pellPrimeFiveSplit_normComposition' depends on axioms: [propext, Quot.sound]
info: IUTThreeClosures/AxiomAudit.lean:964:0: 'IUTThreeClosures.pellPrimeFiveSplit_normComposition_of_norms' depends on axioms: [propext, Quot.sound]
info: IUTThreeClosures/AxiomAudit.lean:965:0: 'IUTThreeClosures.pellPrimeFiveSplit_reconstruct_shiftSquare' depends on axioms: [propext, Classical.choice, Quot.sound]
info: IUTThreeClosures/AxiomAudit.lean:966:0: 'IUTThreeClosures.pellPrimeFiveSplit_shiftSquare_iff_productCoefficient' depends on axioms: [propext,
 Classical.choice,
 Quot.sound]
info: IUTThreeClosures/AxiomAudit.lean:967:0: 'IUTThreeClosures.pellPrimeFiveSplit_natSquare_add_one_ne_square' depends on axioms: [propext,
 Classical.choice,
 Quot.sound]
info: IUTThreeClosures/AxiomAudit.lean:968:0: 'IUTThreeClosures.pellPrimeFiveSplit_neighborSquare_excludes' depends on axioms: [propext, Classical.choice, Quot.sound]
info: IUTThreeClosures/AxiomAudit.lean:969:0: 'IUTThreeClosures.pellPrimeFiveSplit_factor_sees_five_as_square' depends on axioms: [propext,
 Classical.choice,
 Quot.sound]
info: IUTThreeClosures/AxiomAudit.lean:970:0: 'IUTThreeClosures.pellPrimeFiveSplit_modFive_sameSign' depends on axioms: [propext, Classical.choice, Quot.sound]
info: IUTThreeClosures/AxiomAudit.lean:971:0: 'IUTThreeClosures.pellPrimeFiveSplit_crt_nonFive' depends on axioms: [propext, Quot.sound]
info: IUTThreeClosures/AxiomAudit.lean:972:0: 'IUTThreeClosures.pellPrimeFiveSplit_crt_five_positive' depends on axioms: [propext, Quot.sound]
info: IUTThreeClosures/AxiomAudit.lean:973:0: 'IUTThreeClosures.pellPrimeFiveSplit_crt_five_negative' depends on axioms: [propext, Quot.sound]
info: IUTThreeClosures/AxiomAudit.lean:974:0: 'IUTThreeClosures.pellPrimeFiveSplit_crt_primeClassLookup' depends on axioms: [propext, Quot.sound]
info: IUTThreeClosures/AxiomAudit.lean:975:0: 'IUTThreeClosures.pellPrimeFiveSplit_firstFourPBoundaries_incompatible' depends on axioms: [propext, Quot.sound]
info: IUTThreeClosures/AxiomAudit.lean:976:0: 'IUTThreeClosures.pellFixedFiveResidual_scaledElimination' depends on axioms: [propext, Quot.sound]
info: IUTThreeClosures/AxiomAudit.lean:977:0: 'IUTThreeClosures.pellFixedFiveResidual_mixedCoordinateIdentities' depends on axioms: [propext,
 Classical.choice,
 Quot.sound]
info: IUTThreeClosures/AxiomAudit.lean:978:0: 'IUTThreeClosures.pellFixedFiveResidual_mixedCoordinate_su' depends on axioms: [propext, Classical.choice, Quot.sound]
info: IUTThreeClosures/AxiomAudit.lean:979:0: 'IUTThreeClosures.pellFixedFiveResidual_mixedCoordinate_rv' depends on axioms: [propext, Classical.choice, Quot.sound]
info: IUTThreeClosures/AxiomAudit.lean:980:0: 'IUTThreeClosures.pellFixedFiveResidual_X_mul_v_sq_mod_s' depends on axioms: [propext, Classical.choice, Quot.sound]
info: IUTThreeClosures/AxiomAudit.lean:981:0: 'IUTThreeClosures.pellFixedFiveResidual_H_mul_s_sq_mod_v' depends on axioms: [propext, Classical.choice, Quot.sound]
info: IUTThreeClosures/AxiomAudit.lean:982:0: 'IUTThreeClosures.pellFixedFiveResidual_isCoprime_s_X' depends on axioms: [propext, Classical.choice, Quot.sound]
info: IUTThreeClosures/AxiomAudit.lean:983:0: 'IUTThreeClosures.pellFixedFiveResidual_isCoprime_v_H' depends on axioms: [propext, Classical.choice, Quot.sound]
info: IUTThreeClosures/AxiomAudit.lean:984:0: 'IUTThreeClosures.pellFixedFiveResidual_isCoprime_of_cross_and_parity' depends on axioms: [propext,
 Classical.choice,
 Quot.sound]
info: IUTThreeClosures/AxiomAudit.lean:985:0: 'IUTThreeClosures.pellFixedFiveResidual_isCoprime_s_v' depends on axioms: [propext, Classical.choice, Quot.sound]
info: IUTThreeClosures/AxiomAudit.lean:986:0: 'IUTThreeClosures.pellFixedFiveResidual_isCoprime_r_u' depends on axioms: [propext, Classical.choice, Quot.sound]
info: IUTThreeClosures/AxiomAudit.lean:987:0: 'IUTThreeClosures.pellFixedFiveResidual_sameFactorGcds_dvd_two' depends on axioms: [propext,
 Classical.choice,
 Quot.sound]
info: IUTThreeClosures/AxiomAudit.lean:988:0: 'IUTThreeClosures.pellFixedFiveResidual_sameFactorGcds_le_two' depends on axioms: [propext,
 Classical.choice,
 Quot.sound]
info: IUTThreeClosures/AxiomAudit.lean:989:0: 'IUTThreeClosures.pellFixedFiveResidual_pointwise_r_lt_two_mul_X' depends on axioms: [propext,
 Classical.choice,
 Quot.sound]
info: IUTThreeClosures/AxiomAudit.lean:990:0: 'IUTThreeClosures.pellFixedFiveResidual_pointwiseFloorSandwich' depends on axioms: [propext,
 Classical.choice,
 Quot.sound]
info: IUTThreeClosures/AxiomAudit.lean:991:0: 'IUTThreeClosures.pellFixedFiveResidual_pointwiseSqrtInterval' depends on axioms: [propext,
 Classical.choice,
 Quot.sound]
info: IUTThreeClosures/AxiomAudit.lean:992:0: 'IUTThreeClosures.pellFixedFiveResidual_pointwiseNatFloor' depends on axioms: [propext, Classical.choice, Quot.sound]
info: IUTThreeClosures/AxiomAudit.lean:993:0: 'IUTThreeClosures.pellChebyshev_add_four' depends on axioms: [propext, Classical.choice, Quot.sound]
info: IUTThreeClosures/AxiomAudit.lean:994:0: 'IUTThreeClosures.pellChebyshev_odd_eq_mul_quotient' depends on axioms: [propext, Classical.choice, Quot.sound]
info: IUTThreeClosures/AxiomAudit.lean:995:0: 'IUTThreeClosures.pellOddChebyshevQuotient_mod_sq' depends on axioms: [propext, Classical.choice, Quot.sound]
info: IUTThreeClosures/AxiomAudit.lean:996:0: 'IUTThreeClosures.pellOddChebyshevQuotient_mod_base' depends on axioms: [propext, Classical.choice, Quot.sound]
info: IUTThreeClosures/AxiomAudit.lean:997:0: 'IUTThreeClosures.gcd_pellOddChebyshevQuotient' depends on axioms: [propext, Classical.choice, Quot.sound]
info: IUTThreeClosures/AxiomAudit.lean:998:0: 'IUTThreeClosures.pellOddChebyshevQuotient_mod_sq_sub_one' depends on axioms: [propext, Classical.choice, Quot.sound]
info: IUTThreeClosures/AxiomAudit.lean:999:0: 'IUTThreeClosures.eight_dvd_sq_sub_one_of_odd' depends on axioms: [propext, Classical.choice, Quot.sound]
info: IUTThreeClosures/AxiomAudit.lean:1000:0: 'IUTThreeClosures.pellOddChebyshevQuotient_mod_eight_of_odd' depends on axioms: [propext, Classical.choice, Quot.sound]
info: IUTThreeClosures/AxiomAudit.lean:1001:0: 'IUTThreeClosures.intSquare_emod_five' depends on axioms: [propext, Classical.choice, Quot.sound]
info: IUTThreeClosures/AxiomAudit.lean:1002:0: 'IUTThreeClosures.ramifiedFive_secondDigit_of_modSq' depends on axioms: [propext, Classical.choice, Quot.sound]
info: IUTThreeClosures/AxiomAudit.lean:1003:0: 'IUTThreeClosures.pellOddChebyshevQuotient_ramifiedFive_secondDigit' depends on axioms: [propext,
 Classical.choice,
 Quot.sound]
info: IUTThreeClosures/AxiomAudit.lean:1004:0: 'IUTThreeClosures.pellFixedFiveMixedPolynomial_mod_sq' depends on axioms: [propext, Classical.choice, Quot.sound]
info: IUTThreeClosures/AxiomAudit.lean:1005:0: 'IUTThreeClosures.pellOddChebyshevQuotient_pointwiseFloor_mod_sq' depends on axioms: [propext,
 Classical.choice,
 Quot.sound]
info: IUTThreeClosures/AxiomAudit.lean:1006:0: 'IUTThreeClosures.pellFixedFive_commonDivisor_r_X_dvd_five' depends on axioms: [propext, Classical.choice, Quot.sound]
info: IUTThreeClosures/AxiomAudit.lean:1007:0: 'IUTThreeClosures.pellFixedFive_gcd_r_X_dvd_five' depends on axioms: [propext, Classical.choice, Quot.sound]
info: IUTThreeClosures/AxiomAudit.lean:1008:0: 'IUTThreeClosures.pellFixedFive_isCoprime_r_X_of_five_not_dvd' depends on axioms: [propext,
 Classical.choice,
 Quot.sound]
info: IUTThreeClosures/AxiomAudit.lean:1009:0: 'IUTThreeClosures.pellFixedFiveMixedPolynomial_mod_sq_unique' depends on axioms: [propext, Classical.choice, Quot.sound]
info: IUTThreeClosures/AxiomAudit.lean:1010:0: 'IUTThreeClosures.pellFixedFiveMixedPolynomial_mod_sq_unique_of_five_not_dvd' depends on axioms: [propext,
 Classical.choice,
 Quot.sound]
info: IUTThreeClosures/AxiomAudit.lean:1012:0: 'IUTThreeClosures.ramifiedFive_secondDigit_not_shiftSquare_restatement' depends on axioms: [propext,
 Classical.choice,
 Quot.sound]
info: IUTThreeClosures/AxiomAudit.lean:1013:0: 'IUTThreeClosures.pellOddChebyshevQuadraticCoefficient_closed' depends on axioms: [propext, Quot.sound]
info: IUTThreeClosures/AxiomAudit.lean:1014:0: 'IUTThreeClosures.pellOddChebyshevQuotient_mod_fourth' depends on axioms: [propext, Classical.choice, Quot.sound]
info: IUTThreeClosures/AxiomAudit.lean:1015:0: 'IUTThreeClosures.ramifiedFive_fourthDigit_of_modFourth' depends on axioms: [propext, Classical.choice, Quot.sound]
info: IUTThreeClosures/AxiomAudit.lean:1016:0: 'IUTThreeClosures.ramifiedFive_thirdDigit_of_modFourth' depends on axioms: [propext, Classical.choice, Quot.sound]
info: IUTThreeClosures/AxiomAudit.lean:1017:0: 'IUTThreeClosures.ramifiedFive_thirdDigit_of_five_dvd_coefficient' depends on axioms: [propext,
 Classical.choice,
 Quot.sound]
info: IUTThreeClosures/AxiomAudit.lean:1018:0: 'IUTThreeClosures.pellOddChebyshevQuotient_ramifiedFive_fourthDigit' depends on axioms: [propext,
 Classical.choice,
 Quot.sound]
info: IUTThreeClosures/AxiomAudit.lean:1019:0: 'IUTThreeClosures.pellOddChebyshevQuotient_ramifiedFive_thirdDigit_of_five_dvd' depends on axioms: [propext,
 Classical.choice,
 Quot.sound]
info: IUTThreeClosures/AxiomAudit.lean:1021:0: 'IUTThreeClosures.pellOddChebyshevQuadraticCoefficient_fifteen' depends on axioms: [propext, Quot.sound]
info: IUTThreeClosures/AxiomAudit.lean:1022:0: 'IUTThreeClosures.pellOddChebyshevQuadraticCoefficient_twenty' depends on axioms: [propext, Quot.sound]
info: IUTThreeClosures/AxiomAudit.lean:1023:0: 'IUTThreeClosures.pellOddChebyshevQuotient_p31_base_mod625' depends on axioms: [propext, Classical.choice, Quot.sound]
info: IUTThreeClosures/AxiomAudit.lean:1024:0: 'IUTThreeClosures.pellOddChebyshevQuotient_p41_base_mod625' depends on axioms: [propext, Classical.choice, Quot.sound]
info: IUTThreeClosures/AxiomAudit.lean:1025:0: 'IUTThreeClosures.pellOddChebyshevQuotient_p31_singular_base_mod3125' depends on axioms: [propext,
 Classical.choice,
 Quot.sound]
info: IUTThreeClosures/AxiomAudit.lean:1026:0: 'IUTThreeClosures.pellOddChebyshevQuotient_p41_singular_base_mod3125' depends on axioms: [propext,
 Classical.choice,
 Quot.sound]
info: IUTThreeClosures/AxiomAudit.lean:1027:0: 'IUTThreeClosures.ramifiedFive_thirdDigit_not_modSq_restatement' depends on axioms: [propext,
 Classical.choice,
 Quot.sound]
info: IUTThreeClosures/AxiomAudit.lean:1028:0: 'IUTThreeClosures.ramifiedFive_fourthDigit_not_thirdDigit_restatement' depends on axioms: [propext,
 Classical.choice,
 Quot.sound]
info: IUTThreeClosures/AxiomAudit.lean:1029:0: 'IUTThreeClosures.pellOddChebyshevQuotient_map_modEq' depends on axioms: [propext, Classical.choice, Quot.sound]
info: IUTThreeClosures/AxiomAudit.lean:1030:0: 'IUTThreeClosures.pellOddChebyshevQuotient_five_mul_mod_five' depends on axioms: [propext, Classical.choice, Quot.sound]
info: IUTThreeClosures/AxiomAudit.lean:1031:0: 'IUTThreeClosures.pellOddChebyshevFiveAdicEquation_mod_five' depends on axioms: [propext, Classical.choice, Quot.sound]
info: IUTThreeClosures/AxiomAudit.lean:1032:0: 'IUTThreeClosures.pellOddChebyshevFiveAdicSlope_not_dvd_five' depends on axioms: [propext, Classical.choice, Quot.sound]
info: IUTThreeClosures/AxiomAudit.lean:1033:0: 'IUTThreeClosures.pellOddChebyshevFiveAdicEquation_lift_digit' depends on axioms: [propext,
 Classical.choice,
 Quot.sound]
info: IUTThreeClosures/AxiomAudit.lean:1034:0: 'IUTThreeClosures.exists_ramifiedCRT_lift_of_five_power' depends on axioms: [propext, Classical.choice, Quot.sound]
info: IUTThreeClosures/AxiomAudit.lean:1035:0: 'IUTThreeClosures.five_mul_ramifiedClass_iff' depends on axioms: [propext]
info: IUTThreeClosures/AxiomAudit.lean:1036:0: 'IUTThreeClosures.pellOddChebyshevQuotient_neg_one' depends on axioms: [propext, Quot.sound]
info: IUTThreeClosures/AxiomAudit.lean:1037:0: 'IUTThreeClosures.pellOddChebyshevFiveAdicEquation_mod_twentyfour' depends on axioms: [propext,
 Classical.choice,
 Quot.sound]
info: IUTThreeClosures/AxiomAudit.lean:1038:0: 'IUTThreeClosures.exists_mod_twentyfour_one_lift_of_five_power' depends on axioms: [propext,
 Classical.choice,
 Quot.sound]
info: IUTThreeClosures/AxiomAudit.lean:1039:0: 'IUTThreeClosures.MovingPrimitiveNoGo.granville_lucasRatio_no_coprime' depends on axioms: [propext,
 Classical.choice,
 Quot.sound]
info: IUTThreeClosures/AxiomAudit.lean:1040:0: 'IUTThreeClosures.MovingPrimitiveNoGo.granville_lehmerRatio_no_coprime' depends on axioms: [propext,
 Classical.choice,
 Quot.sound]
info: IUTThreeClosures/AxiomAudit.lean:1041:0: 'IUTThreeClosures.MovingPrimitiveNoGo.primitivePellTemplate_identities' depends on axioms: [propext, Quot.sound]
info: IUTThreeClosures/AxiomAudit.lean:1042:0: 'IUTThreeClosures.MovingPrimitiveNoGo.primitivePellTemplate_residues' depends on axioms: [propext,
 Classical.choice,
 Quot.sound]
info: IUTThreeClosures/AxiomAudit.lean:1043:0: 'IUTThreeClosures.MovingPrimitiveNoGo.primitivePellTemplateX_map_modEq' depends on axioms: [propext,
 Classical.choice,
 Quot.sound]
info: IUTThreeClosures/AxiomAudit.lean:1044:0: 'IUTThreeClosures.MovingPrimitiveNoGo.pellOddChebyshevQuotient_mod_twentyFour_of_negOne' depends on axioms: [propext,
 Classical.choice,
 Quot.sound]
info: IUTThreeClosures/AxiomAudit.lean:1046:0: 'IUTThreeClosures.MovingPrimitiveNoGo.primeSquareShape_forces_index_mod_twentyFour' depends on axioms: [propext,
 Classical.choice,
 Quot.sound]
info: IUTThreeClosures/AxiomAudit.lean:1048:0: 'IUTThreeClosures.MovingPrimitiveNoGo.primeSquareShape_active_crt' depends on axioms: [propext, Quot.sound]
info: IUTThreeClosures/AxiomAudit.lean:1049:0: 'IUTThreeClosures.MovingPrimitiveNoGo.p41ExampleQ_prime' depends on axioms: [propext, Classical.choice, Quot.sound]
info: IUTThreeClosures/AxiomAudit.lean:1050:0: 'IUTThreeClosures.MovingPrimitiveNoGo.p41Example_factorizations' depends on axioms: [propext]
info: IUTThreeClosures/AxiomAudit.lean:1051:0: 'IUTThreeClosures.MovingPrimitiveNoGo.p41Example_pellData' depends on axioms: [propext]
info: IUTThreeClosures/AxiomAudit.lean:1052:0: 'IUTThreeClosures.MovingPrimitiveNoGo.p41Example_baseResidues' depends on axioms: [propext,
 Classical.choice,
 Quot.sound]
info: IUTThreeClosures/AxiomAudit.lean:1053:0: 'IUTThreeClosures.MovingPrimitiveNoGo.p41Example_lambdaPowerCertificate' depends on axioms: [propext, Quot.sound]
info: IUTThreeClosures/AxiomAudit.lean:1054:0: 'IUTThreeClosures.MovingPrimitiveNoGo.p41Example_traceAndPellModQ' depends on axioms: [propext,
 Classical.choice,
 Quot.sound]
info: IUTThreeClosures/AxiomAudit.lean:1055:0: 'IUTThreeClosures.MovingPrimitiveNoGo.p41Example_q_splits_five_norm' depends on axioms: [propext]
info: IUTThreeClosures/AxiomAudit.lean:1056:0: 'IUTThreeClosures.MovingPrimitiveNoGo.p41Example_five_is_fourthPower_modQ' depends on axioms: [propext, Quot.sound]
info: IUTThreeClosures/AxiomAudit.lean:1057:0: 'IUTThreeClosures.MovingPrimitiveNoGo.p41Example_quotient_q_exactlyOnce' depends on axioms: [propext,
 Classical.choice,
 Quot.sound]
info: IUTThreeClosures/AxiomAudit.lean:1058:0: 'IUTThreeClosures.MovingPrimitiveNoGo.p41Example_quotient_mod_q_sq' depends on axioms: [propext,
 Classical.choice,
 Quot.sound]
info: IUTThreeClosures/AxiomAudit.lean:1059:0: 'IUTThreeClosures.MovingPrimitiveNoGo.p41Example_target_mod_3125' depends on axioms: [propext,
 Classical.choice,
 Quot.sound]
info: IUTThreeClosures/AxiomAudit.lean:1060:0: 'IUTThreeClosures.MovingPrimitiveNoGo.p41Example_no_global_shiftedSquare' depends on axioms: [propext,
 Classical.choice,
 Quot.sound]
info: IUTThreeClosures/AxiomAudit.lean:1061:0: 'IUTThreeClosures.BennettWalshOddValuation.lemmaFiveOne_coprime_of_occurrence' depends on axioms: [propext,
 Classical.choice,
 Quot.sound]
info: IUTThreeClosures/AxiomAudit.lean:1063:0: 'IUTThreeClosures.BennettWalshOddValuation.pellTraceQuotient_not_square' depends on axioms: [propext, Quot.sound]
info: IUTThreeClosures/AxiomAudit.lean:1064:0: 'IUTThreeClosures.BennettWalshOddValuation.pellTraceQuotient_not_prime_mul_square' depends on axioms: [propext,
 Classical.choice,
 Quot.sound]
info: IUTThreeClosures/AxiomAudit.lean:1066:0: 'IUTThreeClosures.BennettWalshOddValuation.pellTraceQuotient_not_square_or_prime_mul_square' depends on axioms: [propext,
 Classical.choice,
 Quot.sound]
info: IUTThreeClosures/AxiomAudit.lean:1068:0: 'IUTThreeClosures.BennettWalshOddValuation.pellOddChebyshevQuotientNat_not_square_or_prime_mul_square' depends on axioms: [propext,
 Classical.choice,
 Quot.sound]
warning: IUTThreeClosures/AxiomAudit.lean:1069:100: This line exceeds the 100 character limit, please shorten it!

Note: This linter can be disabled with `set_option linter.style.longLine false`
info: IUTThreeClosures/AxiomAudit.lean:1070:0: 'IUTThreeClosures.BennettWalshOddValuation.granville_oddMultiplicityPrimitive_of_no_shapes' depends on axioms: [propext,
 Classical.choice,
 Quot.sound]
info: IUTThreeClosures/AxiomAudit.lean:1072:0: 'IUTThreeClosures.BennettWalshOddValuation.pellOddChebyshevQuotientNat_has_oddMultiplicityPrimitive' depends on axioms: [propext,
 Classical.choice,
 Quot.sound]
info: IUTThreeClosures/AxiomAudit.lean:1074:0: 'IUTThreeClosures.pellChebyshevReducedEleven_halfFactors' depends on axioms: [propext, Quot.sound]
info: IUTThreeClosures/AxiomAudit.lean:1075:0: 'IUTThreeClosures.pellChebyshevReducedThirteen_halfFactors' depends on axioms: [propext, Quot.sound]
info: IUTThreeClosures/AxiomAudit.lean:1076:0: 'IUTThreeClosures.pellChebyshevReducedSeventeen_halfFactors' depends on axioms: [propext, Quot.sound]
info: IUTThreeClosures/AxiomAudit.lean:1077:0: 'IUTThreeClosures.pellChebyshevSelmer_le_two_iff_residual_kernels_vanish' depends on axioms: [propext,
 Classical.choice,
 Quot.sound]
info: IUTThreeClosures/AxiomAudit.lean:1079:0: 'IUTThreeClosures.pellChebyshevSelmer_eq_two_iff_residual_kernels_vanish' depends on axioms: [propext,
 Classical.choice,
 Quot.sound]
info: IUTThreeClosures/AxiomAudit.lean:1081:0: 'IUTThreeClosures.pellChebyshevClassRank_zero_of_bspt_lower_and_selmer_upper' depends on axioms: [propext, Quot.sound]
info: IUTThreeClosures/AxiomAudit.lean:1083:0: 'IUTThreeClosures.pellChebyshevLagrangian_dimension_data_do_not_choose_intersection' depends on axioms: [propext,
 Classical.choice,
 Quot.sound]
info: IUTThreeClosures/AxiomAudit.lean:1085:0: 'IUTThreeClosures.pellChebyshevSeventeen_frobenius67_reciprocityLedger' depends on axioms: [propext]
info: IUTThreeClosures/AxiomAudit.lean:1087:0: 'IUTThreeClosures.pellChebyshevSeventeen_frobenius67_middleMod' depends on axioms: [propext,
 Classical.choice,
 Quot.sound]
info: IUTThreeClosures/AxiomAudit.lean:1088:0: 'IUTThreeClosures.pellChebyshevSeventeen_halfFactors' depends on axioms: [propext, Quot.sound]
info: IUTThreeClosures/AxiomAudit.lean:1089:0: 'IUTThreeClosures.pellChebyshev_seventeen' depends on axioms: [propext, Classical.choice, Quot.sound]
info: IUTThreeClosures/AxiomAudit.lean:1090:0: 'IUTThreeClosures.pellChebyshevSeventeen_horizontal256Identity' depends on axioms: [propext, Quot.sound]
info: IUTThreeClosures/AxiomAudit.lean:1091:0: 'IUTThreeClosures.pellChebyshevSeventeen_dyadicScalarLedger' depends on axioms: [propext, Classical.choice, Quot.sound]
info: IUTThreeClosures/AxiomAudit.lean:1092:0: 'IUTThreeClosures.pellChebyshevSeventeen_colemanReductionLedger' depends on axioms: [propext,
 Classical.choice,
 Quot.sound]
info: IUTThreeClosures/AxiomAudit.lean:1093:0: 'IUTThreeClosures.indexSeventeen_rational_points_of_external_certificate' depends on axioms: [propext,
 Classical.choice,
 Quot.sound]
info: IUTThreeClosures/AxiomAudit.lean:1095:0: 'IUTThreeClosures.indexSeventeen_genusEight_model' depends on axioms: [propext, Classical.choice, Quot.sound]
info: IUTThreeClosures/AxiomAudit.lean:1096:0: 'IUTThreeClosures.no_indexSeventeen_chebyshev_shiftSquare_of_external_certificate' depends on axioms: [propext,
 Classical.choice,
 Quot.sound]
info: IUTThreeClosures/AxiomAudit.lean:1098:0: 'IUTThreeClosures.pellChebyshevNineteen_pureFieldDiscriminant' depends on axioms: [propext, Quot.sound]
info: IUTThreeClosures/AxiomAudit.lean:1099:0: 'IUTThreeClosures.pellChebyshevReducedNineteen_halfFactors' depends on axioms: [propext, Quot.sound]
info: IUTThreeClosures/AxiomAudit.lean:1100:0: 'IUTThreeClosures.pellChebyshev_oddPlaceFullRank_dimension' depends on axioms: [propext, Quot.sound]
info: IUTThreeClosures/AxiomAudit.lean:1101:0: 'IUTThreeClosures.pellChebyshevNineteen_oddPlaceLedger' depends on axioms: [propext]
info: IUTThreeClosures/AxiomAudit.lean:1102:0: 'IUTThreeClosures.pellChebyshevTwentyThree_oddPlaceLedger' depends on axioms: [propext]
info: IUTThreeClosures/AxiomAudit.lean:1103:0: 'IUTThreeClosures.pellChebyshev_dyadicRank_of_kernelTwo' depends on axioms: [propext, Quot.sound]
info: IUTThreeClosures/AxiomAudit.lean:1104:0: 'IUTThreeClosures.pellChebyshevNineteenTwentyThree_requiredDyadicRanks' depends on axioms: [propext]
info: IUTThreeClosures/AxiomAudit.lean:1106:0: 'IUTThreeClosures.pellChebyshevNineteen_monicHorizontalIdentities' depends on axioms: [propext, Quot.sound]
info: IUTThreeClosures/AxiomAudit.lean:1107:0: 'IUTThreeClosures.pellChebyshevNineteen_dyadicDimensionLedger' depends on axioms: [propext]
info: IUTThreeClosures/AxiomAudit.lean:1108:0: 'IUTThreeClosures.pellChebyshevNineteen_rankSix_not_rankSeven' depends on axioms: [propext]
info: IUTThreeClosures/AxiomAudit.lean:1109:0: 'IUTThreeClosures.pellChebyshevNineteen_extraCoefficientLedger' depends on axioms: [propext,
 Classical.choice,
 Quot.sound]
info: IUTThreeClosures/AxiomAudit.lean:1110:0: 'IUTThreeClosures.pellChebyshevNineteen_rankDichotomy' depends on axioms: [propext, Quot.sound]
info: IUTThreeClosures/AxiomAudit.lean:1111:0: 'IUTThreeClosures.pellChebyshevNineteen_chabautyDimensionLedger' depends on axioms: [propext,
 Classical.choice,
 Quot.sound]
info: IUTThreeClosures/AxiomAudit.lean:1112:0: 'IUTThreeClosures.pellChebyshevNineteen_stollColemanMonicModelBridge' depends on axioms: [propext, Quot.sound]
info: IUTThreeClosures/AxiomAudit.lean:1113:0: 'IUTThreeClosures.pellChebyshevNineteen_stollColemanEndpointScaleLedger' depends on axioms: [propext]
info: IUTThreeClosures/AxiomAudit.lean:1114:0: 'IUTThreeClosures.pellChebyshevNineteen_stollGammaShellMaxLedger' depends on axioms: [propext]
info: IUTThreeClosures/AxiomAudit.lean:1115:0: 'IUTThreeClosures.pellChebyshevNineteen_stollGammaLocalConstancyLedger' depends on axioms: [propext]
info: IUTThreeClosures/AxiomAudit.lean:1116:0: 'IUTThreeClosures.pellChebyshevNineteen_stollGammaRepresentativeCountLedger' depends on axioms: [propext]
info: IUTThreeClosures/AxiomAudit.lean:1117:0: 'IUTThreeClosures.pellChebyshevNineteen_stollGammaTailLedger' depends on axioms: [propext, Classical.choice, Quot.sound]
info: IUTThreeClosures/AxiomAudit.lean:1118:0: 'IUTThreeClosures.pellChebyshevNineteen_stollGammaClosureDimensionLedger' depends on axioms: [propext,
 Classical.choice,
 Quot.sound]
info: IUTThreeClosures/AxiomAudit.lean:1119:0: 'IUTThreeClosures.pellChebyshevNineteen_negativeBranchCorrectionLedger' depends on axioms: [propext, Quot.sound]
info: IUTThreeClosures/AxiomAudit.lean:1120:0: 'IUTThreeClosures.pellChebyshevNineteen_negativeBranchModTwoLedger' depends on axioms: [propext, Quot.sound]
info: IUTThreeClosures/AxiomAudit.lean:1121:0: 'IUTThreeClosures.pellChebyshevNineteen_saturatedIntegralZeroLedger' depends on axioms: [propext,
 Classical.choice,
 Quot.sound]
info: IUTThreeClosures/AxiomAudit.lean:1122:0: 'IUTThreeClosures.pellChebyshevNineteen_stollGammaColemanDiskLedger' depends on axioms: [propext]
info: IUTThreeClosures/AxiomAudit.lean:1123:0: 'IUTThreeClosures.pellChebyshevNineteen_stollGammaColemanUnitMinorLedger' depends on axioms: [propext]
info: IUTThreeClosures/AxiomAudit.lean:1124:0: 'IUTThreeClosures.pellChebyshevNineteen_stollGammaColemanUnitValuesLedger' depends on axioms: [propext]
info: IUTThreeClosures/AxiomAudit.lean:1125:0: 'IUTThreeClosures.pellChebyshev_nineteen' depends on axioms: [propext, Classical.choice, Quot.sound]
info: IUTThreeClosures/AxiomAudit.lean:1126:0: 'IUTThreeClosures.indexNineteen_genusNine_model' depends on axioms: [propext, Classical.choice, Quot.sound]
info: IUTThreeClosures/AxiomAudit.lean:1127:0: 'IUTThreeClosures.no_indexNineteen_chebyshev_shiftSquare_in_targetDisk_of_external_certificate' depends on axioms: [propext,
 Classical.choice,
 Quot.sound]
info: IUTThreeClosures/AxiomAudit.lean:1129:0: 'IUTThreeClosures.no_indexNineteen_chebyshev_shiftSquare_in_pellResidue_of_external_certificate' depends on axioms: [propext,
 Classical.choice,
 Quot.sound]
info: IUTThreeClosures/AxiomAudit.lean:1131:0: 'IUTThreeClosures.pellChebyshev_twentyThree' depends on axioms: [propext, Classical.choice, Quot.sound]
info: IUTThreeClosures/AxiomAudit.lean:1132:0: 'IUTThreeClosures.pellChebyshevTwentyThree_stollColemanMonicModelBridge' depends on axioms: [propext]
info: IUTThreeClosures/AxiomAudit.lean:1134:0: 'IUTThreeClosures.pellChebyshevTwentyThree_stollColemanEndpointScaleLedger' depends on axioms: [propext]
info: IUTThreeClosures/AxiomAudit.lean:1136:0: 'IUTThreeClosures.pellChebyshevTwentyThree_globalDyadicDimensionLedger' depends on axioms: [propext,
 Classical.choice,
 Quot.sound]
info: IUTThreeClosures/AxiomAudit.lean:1138:0: 'IUTThreeClosures.pellChebyshevTwentyThree_cl2ExplicitScalarLedger' depends on axioms: [propext]
info: IUTThreeClosures/AxiomAudit.lean:1140:0: 'IUTThreeClosures.pellChebyshevTwentyThree_stollGammaShellMaxLedger' depends on axioms: [propext]
info: IUTThreeClosures/AxiomAudit.lean:1142:0: 'IUTThreeClosures.pellChebyshevTwentyThree_stollGammaLocalConstancyLedger' depends on axioms: [propext]
info: IUTThreeClosures/AxiomAudit.lean:1144:0: 'IUTThreeClosures.pellChebyshevTwentyThree_stollGammaRepresentativeCountLedger' depends on axioms: [propext]
info: IUTThreeClosures/AxiomAudit.lean:1146:0: 'IUTThreeClosures.pellChebyshevTwentyThree_stollGammaTailLedger' depends on axioms: [propext,
 Classical.choice,
 Quot.sound]
info: IUTThreeClosures/AxiomAudit.lean:1148:0: 'IUTThreeClosures.pellChebyshevTwentyThree_stollGammaClosureDimensionLedger' depends on axioms: [propext,
 Classical.choice,
 Quot.sound]
info: IUTThreeClosures/AxiomAudit.lean:1150:0: 'IUTThreeClosures.pellChebyshevTwentyThree_negativeBranchCorrectionLedger' depends on axioms: [propext, Quot.sound]
info: IUTThreeClosures/AxiomAudit.lean:1152:0: 'IUTThreeClosures.pellChebyshevTwentyThree_negativeBranchModTwoLedger' depends on axioms: [propext, Quot.sound]
info: IUTThreeClosures/AxiomAudit.lean:1154:0: 'IUTThreeClosures.pellChebyshevTwentyThree_stollGammaColemanDiskLedger' depends on axioms: [propext]
info: IUTThreeClosures/AxiomAudit.lean:1156:0: 'IUTThreeClosures.pellChebyshevTwentyThree_stollGammaColemanUnitMinorLedger' depends on axioms: [propext]
info: IUTThreeClosures/AxiomAudit.lean:1158:0: 'IUTThreeClosures.pellChebyshevTwentyThree_stollGammaColemanUnitValuesLedger' depends on axioms: [propext]
info: IUTThreeClosures/AxiomAudit.lean:1160:0: 'IUTThreeClosures.indexTwentyThree_genusEleven_model' depends on axioms: [propext, Classical.choice, Quot.sound]
info: IUTThreeClosures/AxiomAudit.lean:1161:0: 'IUTThreeClosures.no_indexTwentyThree_chebyshev_shiftSquare_in_targetDisk_of_external_certificate' depends on axioms: [propext,
 Classical.choice,
 Quot.sound]
info: IUTThreeClosures/AxiomAudit.lean:1163:0: 'IUTThreeClosures.no_indexTwentyThree_chebyshev_shiftSquare_in_pellResidue_of_external_certificate' depends on axioms: [propext,
 Classical.choice,
 Quot.sound]
info: IUTThreeClosures/AxiomAudit.lean:1165:0: 'IUTThreeClosures.pellChebyshev_modEq' depends on axioms: [propext, Classical.choice, Quot.sound]
info: IUTThreeClosures/AxiomAudit.lean:1166:0: 'IUTThreeClosures.pellChebyshev_negOne_of_odd' depends on axioms: [propext, Classical.choice, Quot.sound]
info: IUTThreeClosures/AxiomAudit.lean:1167:0: 'IUTThreeClosures.pellChebyshev_pellResidue_of_odd' depends on axioms: [propext, Classical.choice, Quot.sound]
info: IUTThreeClosures/AxiomAudit.lean:1168:0: 'IUTThreeClosures.p29_two_pow_twentyEight' depends on axioms: [propext, Quot.sound]
info: IUTThreeClosures/AxiomAudit.lean:1169:0: 'IUTThreeClosures.p29_two_pow_fourteen_ne_one' depends on axioms: [propext, Quot.sound]
info: IUTThreeClosures/AxiomAudit.lean:1170:0: 'IUTThreeClosures.p29_two_pow_four_ne_one' depends on axioms: [propext, Quot.sound]
info: IUTThreeClosures/AxiomAudit.lean:1171:0: 'IUTThreeClosures.p29_orderOf_two' depends on axioms: [propext, Classical.choice, Quot.sound]
info: IUTThreeClosures/AxiomAudit.lean:1172:0: 'IUTThreeClosures.doubling_surjective_of_closure_eq_top' depends on axioms: [propext, Classical.choice, Quot.sound]
info: IUTThreeClosures/AxiomAudit.lean:1173:0: 'IUTThreeClosures.two_torsion_eq_zero_of_generators_are_doubles' depends on axioms: [propext,
 Classical.choice,
 Quot.sound]
info: IUTThreeClosures/AxiomAudit.lean:1174:0: 'IUTThreeClosures.subsingleton_of_closure_eq_top_of_generators_eq_zero' depends on axioms: [propext,
 Classical.choice,
 Quot.sound]
info: IUTThreeClosures/AxiomAudit.lean:1175:0: 'IUTThreeClosures.eq_zero_of_closure_eq_top_of_generators_eq_zero' depends on axioms: [propext,
 Classical.choice,
 Quot.sound]
info: IUTThreeClosures/AxiomAudit.lean:1176:0: 'IUTThreeClosures.linearMap_domRestrict_injective_of_le' depends on axioms: [propext, Quot.sound]
info: IUTThreeClosures/AxiomAudit.lean:1177:0: 'IUTThreeClosures.linearMap_domRestrict_ker_eq_bot_of_le' depends on axioms: [propext, Classical.choice, Quot.sound]
info: IUTThreeClosures/AxiomAudit.lean:1178:0: 'IUTThreeClosures.p29_selmer_localization_injective' depends on axioms: [propext, Classical.choice, Quot.sound]
info: IUTThreeClosures/AxiomAudit.lean:1179:0: 'IUTThreeClosures.p29_selmer_localization_ker_eq_bot' depends on axioms: [propext, Classical.choice, Quot.sound]
info: IUTThreeClosures/AxiomAudit.lean:1180:0: 'IUTThreeClosures.pellChebyshevTwentyNine_globalDyadicDimensionLedger' depends on axioms: [propext,
 Classical.choice,
 Quot.sound]
info: IUTThreeClosures/AxiomAudit.lean:1181:0: 'IUTThreeClosures.pellChebyshev_twentyNine' depends on axioms: [propext, Classical.choice, Quot.sound]
info: IUTThreeClosures/AxiomAudit.lean:1182:0: 'IUTThreeClosures.pellChebyshevTwentyNine_stollColemanMonicModelBridge' depends on axioms: [propext, Quot.sound]
info: IUTThreeClosures/AxiomAudit.lean:1184:0: 'IUTThreeClosures.pellChebyshevTwentyNine_stollColemanEndpointScaleLedger' depends on axioms: [propext]
info: IUTThreeClosures/AxiomAudit.lean:1186:0: 'IUTThreeClosures.pellChebyshevTwentyNine_classNumberOneScalarLedger' depends on axioms: [propext]
info: IUTThreeClosures/AxiomAudit.lean:1188:0: 'IUTThreeClosures.pellChebyshevTwentyNine_stollGammaShellMaxLedger' depends on axioms: [propext]
info: IUTThreeClosures/AxiomAudit.lean:1189:0: 'IUTThreeClosures.pellChebyshevTwentyNine_stollGammaLocalConstancyLedger' depends on axioms: [propext]
info: IUTThreeClosures/AxiomAudit.lean:1191:0: 'IUTThreeClosures.pellChebyshevTwentyNine_stollGammaRepresentativeCountLedger' depends on axioms: [propext]
info: IUTThreeClosures/AxiomAudit.lean:1193:0: 'IUTThreeClosures.pellChebyshevTwentyNine_stollGammaTailLedger' depends on axioms: [propext,
 Classical.choice,
 Quot.sound]
info: IUTThreeClosures/AxiomAudit.lean:1194:0: 'IUTThreeClosures.pellChebyshevTwentyNine_stollGammaClosureDimensionLedger' depends on axioms: [propext,
 Classical.choice,
 Quot.sound]
info: IUTThreeClosures/AxiomAudit.lean:1196:0: 'IUTThreeClosures.pellChebyshevTwentyNine_negativeBranchCorrectionLedger' depends on axioms: [propext, Quot.sound]
info: IUTThreeClosures/AxiomAudit.lean:1197:0: 'IUTThreeClosures.pellChebyshevTwentyNine_negativeBranchModTwoLedger' depends on axioms: [propext, Quot.sound]
info: IUTThreeClosures/AxiomAudit.lean:1198:0: 'IUTThreeClosures.pellChebyshevTwentyNine_saturatedIntegralZeroLedger' depends on axioms: [propext,
 Classical.choice,
 Quot.sound]
info: IUTThreeClosures/AxiomAudit.lean:1199:0: 'IUTThreeClosures.pellChebyshevTwentyNine_stollGammaColemanDiskLedger' depends on axioms: [propext]
info: IUTThreeClosures/AxiomAudit.lean:1200:0: 'IUTThreeClosures.pellChebyshevTwentyNine_stollGammaColemanUnitMinorLedger' depends on axioms: [propext,
 Classical.choice,
 Quot.sound]
info: IUTThreeClosures/AxiomAudit.lean:1201:0: 'IUTThreeClosures.pellChebyshevTwentyNine_stollGammaColemanUnitValuesLedger' depends on axioms: [propext]
info: IUTThreeClosures/AxiomAudit.lean:1203:0: 'IUTThreeClosures.indexTwentyNine_genusFourteen_model' depends on axioms: [propext, Classical.choice, Quot.sound]
info: IUTThreeClosures/AxiomAudit.lean:1204:0: 'IUTThreeClosures.no_indexTwentyNine_chebyshev_shiftSquare_in_targetDisk_of_external_certificate' depends on axioms: [propext,
 Classical.choice,
 Quot.sound]
info: IUTThreeClosures/AxiomAudit.lean:1206:0: 'IUTThreeClosures.no_indexTwentyNine_chebyshev_shiftSquare_in_pellResidue_of_external_certificate' depends on axioms: [propext,
 Classical.choice,
 Quot.sound]
info: IUTThreeClosures/AxiomAudit.lean:1208:0: 'IUTThreeClosures.pellChebyshev_thirtyOne' depends on axioms: [propext, Classical.choice, Quot.sound]
info: IUTThreeClosures/AxiomAudit.lean:1209:0: 'IUTThreeClosures.pellChebyshevThirtyOne_stollColemanMonicModelBridge' depends on axioms: [propext,
 Classical.choice,
 Quot.sound]
info: IUTThreeClosures/AxiomAudit.lean:1211:0: 'IUTThreeClosures.pellChebyshevThirtyOne_stollColemanEndpointScaleLedger' depends on axioms: [propext]
info: IUTThreeClosures/AxiomAudit.lean:1213:0: 'IUTThreeClosures.pellChebyshevThirtyOne_classNumberOneScalarLedger' depends on axioms: [propext]
info: IUTThreeClosures/AxiomAudit.lean:1215:0: 'IUTThreeClosures.pellChebyshevThirtyOne_globalDyadicDimensionLedger' depends on axioms: [propext,
 Classical.choice,
 Quot.sound]
info: IUTThreeClosures/AxiomAudit.lean:1217:0: 'IUTThreeClosures.pellChebyshevThirtyOne_stollGammaShellMaxLedger' depends on axioms: [propext]
info: IUTThreeClosures/AxiomAudit.lean:1218:0: 'IUTThreeClosures.pellChebyshevThirtyOne_stollGammaValuationMarginLedger' depends on axioms: [propext,
 Classical.choice,
 Quot.sound]
info: IUTThreeClosures/AxiomAudit.lean:1220:0: 'IUTThreeClosures.pellChebyshevThirtyOne_stollGammaLocalConstancyLedger' depends on axioms: [propext]
info: IUTThreeClosures/AxiomAudit.lean:1222:0: 'IUTThreeClosures.pellChebyshevThirtyOne_stollGammaRepresentativeCountLedger' depends on axioms: [propext]
info: IUTThreeClosures/AxiomAudit.lean:1224:0: 'IUTThreeClosures.pellChebyshevThirtyOne_stollGammaTailLedger' depends on axioms: [propext,
 Classical.choice,
 Quot.sound]
info: IUTThreeClosures/AxiomAudit.lean:1225:0: 'IUTThreeClosures.pellChebyshevThirtyOne_stollGammaClosureDimensionLedger' depends on axioms: [propext,
 Classical.choice,
 Quot.sound]
info: IUTThreeClosures/AxiomAudit.lean:1227:0: 'IUTThreeClosures.pellChebyshevThirtyOne_negativeBranchCorrectionLedger' depends on axioms: [propext, Quot.sound]
info: IUTThreeClosures/AxiomAudit.lean:1229:0: 'IUTThreeClosures.pellChebyshevThirtyOne_negativeBranchModTwoLedger' depends on axioms: [propext, Quot.sound]
info: IUTThreeClosures/AxiomAudit.lean:1231:0: 'IUTThreeClosures.pellChebyshevThirtyOne_saturatedIntegralZeroLedger' depends on axioms: [propext,
 Classical.choice,
 Quot.sound]
info: IUTThreeClosures/AxiomAudit.lean:1233:0: 'IUTThreeClosures.pellChebyshevThirtyOne_stollGammaColemanDiskLedger' depends on axioms: [propext]
info: IUTThreeClosures/AxiomAudit.lean:1234:0: 'IUTThreeClosures.pellChebyshevThirtyOne_stollGammaColemanUnitMinorLedger' depends on axioms: [propext,
 Classical.choice,
 Quot.sound]
info: IUTThreeClosures/AxiomAudit.lean:1236:0: 'IUTThreeClosures.pellChebyshevThirtyOne_stollGammaColemanUnitValuesLedger' depends on axioms: [propext]
info: IUTThreeClosures/AxiomAudit.lean:1238:0: 'IUTThreeClosures.indexThirtyOne_genusFifteen_model' depends on axioms: [propext, Classical.choice, Quot.sound]
info: IUTThreeClosures/AxiomAudit.lean:1239:0: 'IUTThreeClosures.no_indexThirtyOne_chebyshev_shiftSquare_in_targetDisk_of_external_certificate' depends on axioms: [propext,
 Classical.choice,
 Quot.sound]
info: IUTThreeClosures/AxiomAudit.lean:1241:0: 'IUTThreeClosures.no_indexThirtyOne_chebyshev_shiftSquare_in_pellResidue_of_external_certificate' depends on axioms: [propext,
 Classical.choice,
 Quot.sound]
info: IUTThreeClosures/AxiomAudit.lean:1243:0: 'IUTThreeClosures.odd_prime_lt_twentyNine_cases' depends on axioms: [propext, Classical.choice, Quot.sound]
info: IUTThreeClosures/AxiomAudit.lean:1244:0: 'IUTThreeClosures.oddPrimeShiftSquareExclusionBelowTwentyNine_of_external_certificates' depends on axioms: [propext,
 Classical.choice,
 Quot.sound]
info: IUTThreeClosures/AxiomAudit.lean:1246:0: 'IUTThreeClosures.oddChebyshevIndex_primeDivisor_reduction' depends on axioms: [propext, Classical.choice, Quot.sound]
info: IUTThreeClosures/AxiomAudit.lean:1247:0: 'IUTThreeClosures.no_oddChebyshevIndex_shiftSquare_of_primeRanges' depends on axioms: [propext,
 Classical.choice,
 Quot.sound]
info: IUTThreeClosures/AxiomAudit.lean:1248:0: 'IUTThreeClosures.oddChebyshevIndex_primeDivisor_reduction_atLeastThirtyOne' depends on axioms: [propext,
 Classical.choice,
 Quot.sound]
info: IUTThreeClosures/AxiomAudit.lean:1250:0: 'IUTThreeClosures.no_oddChebyshevIndex_shiftSquare_of_primeRanges_afterTwentyNine' depends on axioms: [propext,
 Classical.choice,
 Quot.sound]
info: IUTThreeClosures/AxiomAudit.lean:1252:0: 'IUTThreeClosures.prime_eq_thirtyOne_of_ge_thirtyOne_lt_thirtySeven' depends on axioms: [propext,
 Classical.choice,
 Quot.sound]
info: IUTThreeClosures/AxiomAudit.lean:1254:0: 'IUTThreeClosures.oddChebyshevIndex_primeDivisor_reduction_atLeastThirtySeven' depends on axioms: [propext,
 Classical.choice,
 Quot.sound]
info: IUTThreeClosures/AxiomAudit.lean:1256:0: 'IUTThreeClosures.no_oddChebyshevIndex_shiftSquare_of_primeRanges_afterThirtyOne' depends on axioms: [propext,
 Classical.choice,
 Quot.sound]
info: IUTThreeClosures/AxiomAudit.lean:1258:0: 'IUTThreeClosures.pellChebyshev_fixedElliptic_unscaled' depends on axioms: [propext, Classical.choice, Quot.sound]
info: IUTThreeClosures/AxiomAudit.lean:1259:0: 'IUTThreeClosures.pellChebyshev_fixedElliptic_involution' depends on axioms: [propext, Classical.choice, Quot.sound]
info: IUTThreeClosures/AxiomAudit.lean:1260:0: 'IUTThreeClosures.pellChebyshev_fixedElliptic_Q_sub_x' depends on axioms: [propext, Classical.choice, Quot.sound]
info: IUTThreeClosures/AxiomAudit.lean:1261:0: 'IUTThreeClosures.pellChebyshev_fixedElliptic_halfQ' depends on axioms: [propext, Classical.choice, Quot.sound]
info: IUTThreeClosures/AxiomAudit.lean:1262:0: 'IUTThreeClosures.pellChebyshev_fixedElliptic_translate_x' depends on axioms: [propext, Classical.choice, Quot.sound]
info: IUTThreeClosures/AxiomAudit.lean:1263:0: 'IUTThreeClosures.pellChebyshev_fixedElliptic_translated_cubic' depends on axioms: [propext,
 Classical.choice,
 Quot.sound]
info: IUTThreeClosures/AxiomAudit.lean:1264:0: 'IUTThreeClosures.pellChebyshev_fourConsecutive_twist_square' depends on axioms: [propext, Classical.choice, Quot.sound]
info: IUTThreeClosures/AxiomAudit.lean:1265:0: 'IUTThreeClosures.abcConjecture_iff_uniformLogTwoFiniteTripodSelectorBound' depends on axioms: [propext,
 Classical.choice,
 Quot.sound]
info: IUTThreeClosures/AxiomAudit.lean:1266:0: 'IUTThreeClosures.abcConjecture_iff_uniformFreyJRadicalBound' depends on axioms: [propext, Classical.choice, Quot.sound]
info: IUTThreeClosures/AxiomAudit.lean:1267:0: 'IUTThreeClosures.squarebase_pell_scalar_identity' depends on axioms: [propext, Classical.choice, Quot.sound]
info: IUTThreeClosures/AxiomAudit.lean:1268:0: 'IUTThreeClosures.squarebase_split_AC_one_scalar_identity' depends on axioms: [propext, Classical.choice, Quot.sound]
info: IUTThreeClosures/AxiomAudit.lean:1269:0: 'IUTThreeClosures.pythagoreanMap_identity' depends on axioms: [propext, Quot.sound]
info: IUTThreeClosures/AxiomAudit.lean:1270:0: 'IUTThreeClosures.pythagoreanOddOddNormalized_identity' depends on axioms: [propext, Quot.sound]
info: IUTThreeClosures/AxiomAudit.lean:1271:0: 'IUTThreeClosures.pythagoreanCritical_scalar_transfer' depends on axioms: [propext, Classical.choice, Quot.sound]
info: IUTThreeClosures/AxiomAudit.lean:1272:0: 'IUTThreeClosures.pythagorean_eta_rescaling' depends on axioms: [propext, Classical.choice, Quot.sound]
info: IUTThreeClosures/AxiomAudit.lean:1273:0: 'IUTThreeClosures.movingDPythagorean_identity' depends on axioms: [propext, Quot.sound]
info: IUTThreeClosures/AxiomAudit.lean:1274:0: 'IUTThreeClosures.movingDPythagorean_scaled_identity' depends on axioms: [propext, Classical.choice, Quot.sound]
info: IUTThreeClosures/AxiomAudit.lean:1275:0: 'IUTThreeClosures.generalizedPythagorean_target_pairwise' depends on axioms: [propext, Quot.sound]
info: IUTThreeClosures/AxiomAudit.lean:1276:0: 'IUTThreeClosures.squarebaseSupportFactor_dvd_product' depends on axioms: [propext]
info: IUTThreeClosures/AxiomAudit.lean:1277:0: 'IUTThreeClosures.divisorOfDifference_coprime_supportFactor' depends on axioms: [propext, Quot.sound]
info: IUTThreeClosures/AxiomAudit.lean:1278:0: 'IUTThreeClosures.movingDPythagorean_oddOdd_primitive' depends on axioms: [propext, Quot.sound]
info: IUTThreeClosures/AxiomAudit.lean:1279:0: 'IUTThreeClosures.movingDPythagorean_oppositeParity_primitive' depends on axioms: [propext, Quot.sound]
info: IUTThreeClosures/AxiomAudit.lean:1280:0: 'IUTThreeClosures.weakCoordinatePrimitive_not_sufficient_without_squarefree' depends on axioms: [propext, Quot.sound]
info: IUTThreeClosures/AxiomAudit.lean:1281:0: 'IUTThreeClosures.generalizedPythagoreanCritical_scalar_transfer' depends on axioms: [propext,
 Classical.choice,
 Quot.sound]
info: IUTThreeClosures/AxiomAudit.lean:1282:0: 'IUTThreeClosures.generalizedPythagorean_eta_rescaling' depends on axioms: [propext, Classical.choice, Quot.sound]
info: IUTThreeClosures/AxiomAudit.lean:1283:0: 'IUTThreeClosures.unboundedEnvelope_compatibleWithInfiniteExceptionalCount' does not depend on any axioms
info: IUTThreeClosures/AxiomAudit.lean:1285:0: 'IUTThreeClosures.lacunaryBadAt_hasInfiniteBadHeightWitness' depends on axioms: [propext, Classical.choice, Quot.sound]
info: IUTThreeClosures/AxiomAudit.lean:1286:0: 'IUTThreeClosures.currentExceptionalExponent_above_fixedPythagoreanCapacity' depends on axioms: [propext,
 Classical.choice,
 Quot.sound]
info: IUTThreeClosures/AxiomAudit.lean:1288:0: 'IUTThreeClosures.fixedPythagorean_quarticHeightExponent_mismatch' depends on axioms: [propext,
 Classical.choice,
 Quot.sound]
info: IUTThreeClosures/AxiomAudit.lean:1290:0: 'IUTThreeClosures.movingD_affineExponent_exactLoss' depends on axioms: [propext, Classical.choice, Quot.sound]
info: IUTThreeClosures/AxiomAudit.lean:1294:0: 'IUTThreeClosures.factor_dvd_orderOf_of_pow_eq_one' depends on axioms: [propext, Classical.choice, Quot.sound]
info: IUTThreeClosures/AxiomAudit.lean:1295:0: 'IUTThreeClosures.pocklington_primality' depends on axioms: [propext, Classical.choice, Quot.sound]
info: IUTThreeClosures/AxiomAudit.lean:1297:0: 'IUTThreeClosures.pellChebyshev_modFive_eq_self_of_prime_gt_five' depends on axioms: [propext,
 Classical.choice,
 Quot.sound]
info: IUTThreeClosures/AxiomAudit.lean:1298:0: 'IUTThreeClosures.pellChebyshev_shiftSquare_base_modFive' depends on axioms: [propext, Classical.choice, Quot.sound]
info: IUTThreeClosures/AxiomAudit.lean:1299:0: 'IUTThreeClosures.pellChebyshev_ramifiedFive_signedIndex_mul_cofactor_modFive' depends on axioms: [propext,
 Classical.choice,
 Quot.sound]
info: IUTThreeClosures/AxiomAudit.lean:1301:0: 'IUTThreeClosures.pellChebyshev_ramifiedFive_exact_base_divisibility' depends on axioms: [propext,
 Classical.choice,
 Quot.sound]
info: IUTThreeClosures/AxiomAudit.lean:1303:0: 'IUTThreeClosures.pellChebyshev_prime_shiftSquare_ramifiedFive_conditions' depends on axioms: [propext,
 Classical.choice,
 Quot.sound]
info: IUTThreeClosures/AxiomAudit.lean:1305:0: 'IUTThreeClosures.pellChebyshev_ramifiedFive_jacobiSym_five_index_eq_one' depends on axioms: [propext,
 Classical.choice,
 Quot.sound]
info: IUTThreeClosures/AxiomAudit.lean:1307:0: 'IUTThreeClosures.no_pellChebyshev_prime_shiftSquare_of_five_dvd_base_of_jacobi_neg_one' depends on axioms: [propext,
 Classical.choice,
 Quot.sound]
info: IUTThreeClosures/AxiomAudit.lean:1310:0: 'IUTThreeClosures.lucas_primality_of_factorList' depends on axioms: [propext, Classical.choice, Quot.sound]
info: IUTThreeClosures/AxiomAudit.lean:1311:0: 'IUTThreeClosures.prescribedFrobeniusCounterexamplePrime_prime_of_frozen_certificate' depends on axioms: [propext]
info: IUTThreeClosures/AxiomAudit.lean:1313:0: 'IUTThreeClosures.pellChebyshev_fortyThree_fortySeven_factorization' depends on axioms: [propext,
 Classical.choice,
 Quot.sound]
info: IUTThreeClosures/AxiomAudit.lean:1314:0: 'IUTThreeClosures.pellOddChebyshevQuotient_twentyOne_fortySeven' depends on axioms: [propext]
info: IUTThreeClosures/AxiomAudit.lean:1315:0: 'IUTThreeClosures.prime_dvd_prescribedFrobeniusCounterexamplePrime_eq_of_frozen_certificate' depends on axioms: [propext]
info: IUTThreeClosures/AxiomAudit.lean:1317:0: 'IUTThreeClosures.no_inert_prime_dvd_prescribedFrobeniusCounterexamplePrime_of_frozen_certificate' depends on axioms: [propext,
 Quot.sound]
info: IUTThreeClosures/AxiomAudit.lean:1319:0: 'IUTThreeClosures.not_prescribedInertPrimitiveDivisorTarget_of_frozen_certificate' depends on axioms: [propext,
 Classical.choice,
 Quot.sound]
info: IUTThreeClosures/AxiomAudit.lean:1321:0: 'IUTThreeClosures.prescribedFrobeniusCounterexample_shiftedSquareRhs_mod_seven' depends on axioms: [propext,
 Classical.choice,
 Quot.sound]
info: IUTThreeClosures/AxiomAudit.lean:1323:0: 'IUTThreeClosures.prescribedFrobeniusCounterexample_not_shiftedSquare' depends on axioms: [propext,
 Classical.choice,
 Quot.sound]
info: IUTThreeClosures/AxiomAudit.lean:1325:0: 'IUTThreeClosures.pellOddChebyshevQuotient_eighteen_twoThirtyNine_factorization' depends on axioms: [propext]
info: IUTThreeClosures/AxiomAudit.lean:1327:0: 'IUTThreeClosures.survivingFiveSieveFactors_exactlyOnce' depends on axioms: [propext, Classical.choice, Quot.sound]
info: IUTThreeClosures/AxiomAudit.lean:1328:0: 'IUTThreeClosures.prime_dvd_survivingFiveSieveQuotient_cases_of_frozen_certificate' depends on axioms: [propext,
 Classical.choice,
 Quot.sound]
info: IUTThreeClosures/AxiomAudit.lean:1330:0: 'IUTThreeClosures.no_inert_prime_dvd_survivingFiveSieveQuotient_of_frozen_certificate' depends on axioms: [propext,
 Classical.choice,
 Quot.sound]
info: IUTThreeClosures/AxiomAudit.lean:1332:0: 'IUTThreeClosures.not_prescribedInertPrimitiveDivisorSurvivingFiveSieveTarget_of_frozen_certificate' depends on axioms: [propext,
 Classical.choice,
 Quot.sound]
info: IUTThreeClosures/AxiomAudit.lean:1334:0: 'IUTThreeClosures.survivingFiveSieve_shiftedSquareRhs_mod_thirteen' depends on axioms: [propext,
 Classical.choice,
 Quot.sound]
info: IUTThreeClosures/AxiomAudit.lean:1335:0: 'IUTThreeClosures.survivingFiveSieve_no_global_shiftedSquare' depends on axioms: [propext, Classical.choice, Quot.sound]
info: IUTThreeClosures/AxiomAudit.lean:1337:0: 'IUTThreeClosures.uniform_freyModifiedSzpiro_of_eventual' depends on axioms: [propext, Classical.choice, Quot.sound]
info: IUTThreeClosures/AxiomAudit.lean:1338:0: 'IUTThreeClosures.abc_of_eventual_freyModifiedSzpiro' depends on axioms: [propext, Classical.choice, Quot.sound]
info: IUTThreeClosures/AxiomAudit.lean:1340:0: 'IUTThreeClosures.adjacentABC_log_product_le_two_height' depends on axioms: [propext, Classical.choice, Quot.sound]
info: IUTThreeClosures/AxiomAudit.lean:1341:0: 'IUTThreeClosures.one_adjacent_pairwiseCoprimeABC' depends on axioms: [propext, Quot.sound]
info: IUTThreeClosures/AxiomAudit.lean:1342:0: 'IUTThreeClosures.not_abcConjecture_of_adjacent_excessMass' depends on axioms: [propext, Classical.choice, Quot.sound]
ℹ [9197/9224] Replayed IUTThreeClosures.CommonKPowerCoreGapNoGoAxiomAudit
info: IUTThreeClosures/CommonKPowerCoreGapNoGoAxiomAudit.lean:5:0: 'IUTThreeClosures.CommonKPowerCoreGapNoGo.commonCore_power_gap_lower' depends on axioms: [propext]
info: IUTThreeClosures/CommonKPowerCoreGapNoGoAxiomAudit.lean:7:0: 'IUTThreeClosures.CommonKPowerCoreGapNoGo.commonCore_scaled_power_identity' depends on axioms: [propext, Quot.sound]
info: IUTThreeClosures/CommonKPowerCoreGapNoGoAxiomAudit.lean:9:0: 'IUTThreeClosures.CommonKPowerCoreGapNoGo.commonCore_gap_pow_lower' depends on axioms: [propext, Quot.sound]
info: IUTThreeClosures/CommonKPowerCoreGapNoGoAxiomAudit.lean:11:0: 'IUTThreeClosures.CommonKPowerCoreGapNoGo.no_subcritical_commonCore_gap' depends on axioms: [propext, Quot.sound]
info: IUTThreeClosures/CommonKPowerCoreGapNoGoAxiomAudit.lean:13:0: 'IUTThreeClosures.CommonKPowerCoreGapNoGo.no_common_cube_core_subcritical_gap' depends on axioms: [propext,
 Classical.choice,
 Quot.sound]
info: IUTThreeClosures/CommonKPowerCoreGapNoGoAxiomAudit.lean:15:0: 'IUTThreeClosures.CommonKPowerCoreGapNoGo.no_common_fourthPower_core_subcritical_gap' depends on axioms: [propext,
 Classical.choice,
 Quot.sound]
ℹ [9198/9224] Replayed IUTThreeClosures.DanilovGlobalIndexSieve20260831Audit
info: IUTThreeClosures/DanilovGlobalIndexSieve20260831Audit.lean:11:0: IUTThreeClosures.DanilovGlobalIndexSieve20260831.one_hundred_twenty_five_dvd_L (t : ℕ) : 125 ∣ L t
info: IUTThreeClosures/DanilovGlobalIndexSieve20260831Audit.lean:12:0: IUTThreeClosures.DanilovGlobalIndexSieve20260831.prime_sq_dvd_L_of_K_twoFull {p t : ℕ} (hp : Nat.Prime p)
  (hp_fixed : ¬p ∣ 3375) (hK : KFullRadicalCompression.IsKFull 2 (K t)) (hpL : p ∣ L t) : p ^ 2 ∣ L t
info: IUTThreeClosures/DanilovGlobalIndexSieve20260831Audit.lean:13:0: IUTThreeClosures.DanilovGlobalIndexSieve20260831.L_cast_121 (t : ℕ) : ↑(L t) = 11 * (↑t + 4)
info: IUTThreeClosures/DanilovGlobalIndexSieve20260831Audit.lean:14:0: IUTThreeClosures.DanilovGlobalIndexSieve20260831.index_mod_eleven_of_K_twoFull {t : ℕ}
  (hK : KFullRadicalCompression.IsKFull 2 (K t)) : t ≡ 7 [MOD 11]
info: IUTThreeClosures/DanilovGlobalIndexSieve20260831Audit.lean:15:0: IUTThreeClosures.DanilovGlobalIndexSieve20260831.L_cast_7921_seven_add_eleven_mul (s : ℕ) :
  ↑(L (7 + 11 * s)) = 89 * (1 + 46 * ↑s)
info: IUTThreeClosures/DanilovGlobalIndexSieve20260831Audit.lean:16:0: IUTThreeClosures.DanilovGlobalIndexSieve20260831.secondary_index_mod_eighty_nine_of_K_twoFull {s : ℕ}
  (hK : KFullRadicalCompression.IsKFull 2 (K (7 + 11 * s))) : s ≡ 29 [MOD 89]
info: IUTThreeClosures/DanilovGlobalIndexSieve20260831Audit.lean:17:0: IUTThreeClosures.DanilovGlobalIndexSieve20260831.index_shape_326_add_979_mul_of_K_twoFull {t : ℕ}
  (hK : KFullRadicalCompression.IsKFull 2 (K t)) : ∃ r, t = 326 + 979 * r
info: IUTThreeClosures/DanilovGlobalIndexSieve20260831Audit.lean:18:0: IUTThreeClosures.DanilovGlobalIndexSieve20260831.LiftCertificate.L_cast (C : LiftCertificate) (r : ℕ) :
  ↑(L (326 + 979 * r)) = ↑C.p * (↑C.c + ↑C.a * ↑r)
info: IUTThreeClosures/DanilovGlobalIndexSieve20260831Audit.lean:19:0: IUTThreeClosures.DanilovGlobalIndexSieve20260831.LiftCertificate.parameter_mod_prime_of_K_twoFull (C : LiftCertificate)
  {r : ℕ} (hK : KFullRadicalCompression.IsKFull 2 (K (326 + 979 * r))) : r ≡ C.rho [MOD C.p]
info: IUTThreeClosures/DanilovGlobalIndexSieve20260831Audit.lean:20:0: IUTThreeClosures.DanilovGlobalIndexSieve20260831.ten_prime_residues_of_K_twoFull {t : ℕ}
  (hK : KFullRadicalCompression.IsKFull 2 (K t)) : ∃ r, t = 326 + 979 * r ∧ TenPrimeResidues r
info: IUTThreeClosures/DanilovGlobalIndexSieve20260831Audit.lean:21:0: IUTThreeClosures.DanilovGlobalIndexSieve20260831.TenPrimeResidues.modEq_forcedR {r : ℕ} (h : TenPrimeResidues r) :
  r ≡ forcedR [MOD forcedRModulus]
info: IUTThreeClosures/DanilovGlobalIndexSieve20260831Audit.lean:22:0: IUTThreeClosures.DanilovGlobalIndexSieve20260831.global_index_shape_of_K_twoFull {t : ℕ}
  (hK : KFullRadicalCompression.IsKFull 2 (K t)) : ∃ q, t = forcedT + forcedTModulus * q
info: IUTThreeClosures/DanilovGlobalIndexSieve20260831Audit.lean:23:0: IUTThreeClosures.DanilovGlobalIndexSieve20260831.global_index_modEq_of_K_twoFull {t : ℕ}
  (hK : KFullRadicalCompression.IsKFull 2 (K t)) : t ≡ forcedT [MOD forcedTModulus]
info: IUTThreeClosures/DanilovGlobalIndexSieve20260831Audit.lean:24:0: IUTThreeClosures.DanilovGlobalIndexSieve20260831.forcedT_le_of_K_twoFull {t : ℕ}
  (hK : KFullRadicalCompression.IsKFull 2 (K t)) : forcedT ≤ t
info: IUTThreeClosures/DanilovGlobalIndexSieve20260831Audit.lean:25:0: IUTThreeClosures.DanilovGlobalIndexSieve20260831.not_K_twoFull_below_forcedT {t : ℕ} (ht : t < forcedT) :
  ¬KFullRadicalCompression.IsKFull 2 (K t)
info: IUTThreeClosures/DanilovGlobalIndexSieve20260831Audit.lean:27:0: 'IUTThreeClosures.DanilovGlobalIndexSieve20260831.one_hundred_twenty_five_dvd_L' depends on axioms: [propext,
 Classical.choice,
 Quot.sound]
info: IUTThreeClosures/DanilovGlobalIndexSieve20260831Audit.lean:28:0: 'IUTThreeClosures.DanilovGlobalIndexSieve20260831.prime_sq_dvd_L_of_K_twoFull' depends on axioms: [propext,
 Classical.choice,
 Quot.sound]
info: IUTThreeClosures/DanilovGlobalIndexSieve20260831Audit.lean:29:0: 'IUTThreeClosures.DanilovGlobalIndexSieve20260831.index_mod_eleven_of_K_twoFull' depends on axioms: [propext,
 Classical.choice,
 Quot.sound]
info: IUTThreeClosures/DanilovGlobalIndexSieve20260831Audit.lean:30:0: 'IUTThreeClosures.DanilovGlobalIndexSieve20260831.secondary_index_mod_eighty_nine_of_K_twoFull' depends on axioms: [propext,
 Classical.choice,
 Quot.sound]
info: IUTThreeClosures/DanilovGlobalIndexSieve20260831Audit.lean:31:0: 'IUTThreeClosures.DanilovGlobalIndexSieve20260831.LiftCertificate.parameter_mod_prime_of_K_twoFull' depends on axioms: [propext,
 Classical.choice,
 Quot.sound]
info: IUTThreeClosures/DanilovGlobalIndexSieve20260831Audit.lean:32:0: 'IUTThreeClosures.DanilovGlobalIndexSieve20260831.TenPrimeResidues.modEq_forcedR' depends on axioms: [propext,
 Classical.choice,
 Quot.sound]
info: IUTThreeClosures/DanilovGlobalIndexSieve20260831Audit.lean:33:0: 'IUTThreeClosures.DanilovGlobalIndexSieve20260831.global_index_shape_of_K_twoFull' depends on axioms: [propext,
 Classical.choice,
 Quot.sound]
info: IUTThreeClosures/DanilovGlobalIndexSieve20260831Audit.lean:34:0: 'IUTThreeClosures.DanilovGlobalIndexSieve20260831.global_index_modEq_of_K_twoFull' depends on axioms: [propext,
 Classical.choice,
 Quot.sound]
info: IUTThreeClosures/DanilovGlobalIndexSieve20260831Audit.lean:35:0: 'IUTThreeClosures.DanilovGlobalIndexSieve20260831.forcedT_le_of_K_twoFull' depends on axioms: [propext,
 Classical.choice,
 Quot.sound]
info: IUTThreeClosures/DanilovGlobalIndexSieve20260831Audit.lean:36:0: 'IUTThreeClosures.DanilovGlobalIndexSieve20260831.not_K_twoFull_below_forcedT' depends on axioms: [propext,
 Classical.choice,
 Quot.sound]
⚠ [9199/9224] Replayed IUTThreeClosures.SparseExceptionalTransfer
warning: IUTThreeClosures/SparseExceptionalTransfer.lean:30:0: `exists_center_outside_exceptional` does not use the following hypothesis in its type:
  • [DecidableEq α] (#2)

Consider removing this hypothesis and using `classical` in the proof instead. For terms, consider using `open scoped Classical in` at the term level (not the command level).

Note: This linter can be disabled with `set_option linter.unusedDecidableInType false`
warning: IUTThreeClosures/SparseExceptionalTransfer.lean:75:0: `sparse_centers_can_be_entirely_exceptional` does not use the following hypothesis in its type:
  • [DecidableEq α] (#2)

Consider removing this hypothesis and using `classical` in the proof instead. For terms, consider using `open scoped Classical in` at the term level (not the command level).

Note: This linter can be disabled with `set_option linter.unusedDecidableInType false`
info: IUTThreeClosures/SparseExceptionalTransfer.lean:103:0: 'IUTThreeClosures.SparseExceptionalTransfer.exists_center_outside_exceptional' depends on axioms: [propext, Quot.sound]
info: IUTThreeClosures/SparseExceptionalTransfer.lean:104:0: 'IUTThreeClosures.SparseExceptionalTransfer.exists_center_outside_exceptional_of_inter_card_lt' depends on axioms: [propext,
 Quot.sound]
info: IUTThreeClosures/SparseExceptionalTransfer.lean:105:0: 'IUTThreeClosures.SparseExceptionalTransfer.exists_good_center_of_exceptional_cover' depends on axioms: [propext,
 Classical.choice,
 Quot.sound]
info: IUTThreeClosures/SparseExceptionalTransfer.lean:106:0: 'IUTThreeClosures.SparseExceptionalTransfer.sparse_centers_can_be_entirely_exceptional' depends on axioms: [propext,
 Quot.sound]
info: IUTThreeClosures/SparseExceptionalTransfer.lean:107:0: 'IUTThreeClosures.SparseExceptionalTransfer.exists_good_image_of_exceptional_fiber_bound' depends on axioms: [propext,
 Classical.choice,
 Quot.sound]
⚠ [9200/9224] Replayed IUTThreeClosures.FreySparseExceptionalAmplification
warning: IUTThreeClosures/FreySparseExceptionalAmplification.lean:85:0: `ambient_exceptional_saving_can_miss_entire_frey_family` does not use the following hypothesis in its type:
  • [DecidableEq Target] (#2)

Consider removing this hypothesis and using `classical` in the proof instead. For terms, consider using `open scoped Classical in` at the term level (not the command level).

Note: This linter can be disabled with `set_option linter.unusedDecidableInType false`
info: IUTThreeClosures/FreySparseExceptionalAmplification.lean:99:0: 'IUTThreeClosures.FreySparseExceptionalAmplification.FreyAmplificationData.sourceClaim_of_relative_exceptional_fiber_bound' depends on axioms: [propext,
 Classical.choice,
 Quot.sound]
info: IUTThreeClosures/FreySparseExceptionalAmplification.lean:100:0: 'IUTThreeClosures.FreySparseExceptionalAmplification.FreyAmplificationData.uniform_sourceClaim_of_relative_exceptional_fiber_bounds' depends on axioms: [propext,
 Classical.choice,
 Quot.sound]
info: IUTThreeClosures/FreySparseExceptionalAmplification.lean:101:0: 'IUTThreeClosures.FreySparseExceptionalAmplification.FreyAmplificationData.uniform_sourceClaim_of_exceptional_count_bound' depends on axioms: [propext,
 Classical.choice,
 Quot.sound]
info: IUTThreeClosures/FreySparseExceptionalAmplification.lean:102:0: 'IUTThreeClosures.FreySparseExceptionalAmplification.ambient_exceptional_saving_can_miss_entire_frey_family' depends on axioms: [propext,
 Quot.sound]
ℹ [9201/9224] Replayed IUTThreeClosures.KFullRadicalCompressionAxiomAudit
info: IUTThreeClosures/KFullRadicalCompressionAxiomAudit.lean:5:0: 'IUTThreeClosures.KFullRadicalCompression.IsKFull.iff_prime_pow_dvd' depends on axioms: [propext,
 Classical.choice,
 Quot.sound]
info: IUTThreeClosures/KFullRadicalCompressionAxiomAudit.lean:7:0: 'IUTThreeClosures.KFullRadicalCompression.IsKFull.radical_pow_dvd' depends on axioms: [propext,
 Classical.choice,
 Quot.sound]
info: IUTThreeClosures/KFullRadicalCompressionAxiomAudit.lean:9:0: 'IUTThreeClosures.KFullRadicalCompression.IsKFull.radical_pow_le' depends on axioms: [propext,
 Classical.choice,
 Quot.sound]
info: IUTThreeClosures/KFullRadicalCompressionAxiomAudit.lean:11:0: 'IUTThreeClosures.KFullRadicalCompression.IsKFull.log_radical_le_div_log' depends on axioms: [propext,
 Classical.choice,
 Quot.sound]
info: IUTThreeClosures/KFullRadicalCompressionAxiomAudit.lean:13:0: 'IUTThreeClosures.KFullRadicalCompression.endpoint_radical_power_product_le' depends on axioms: [propext,
 Classical.choice,
 Quot.sound]
info: IUTThreeClosures/KFullRadicalCompressionAxiomAudit.lean:15:0: 'IUTThreeClosures.KFullRadicalCompression.log_endpoint_radicals_le' depends on axioms: [propext,
 Classical.choice,
 Quot.sound]
info: IUTThreeClosures/KFullRadicalCompressionAxiomAudit.lean:17:0: 'IUTThreeClosures.KFullRadicalCompression.square_square_endpoint_exponent' depends on axioms: [propext,
 Classical.choice,
 Quot.sound]
info: IUTThreeClosures/KFullRadicalCompressionAxiomAudit.lean:19:0: 'IUTThreeClosures.KFullRadicalCompression.square_cube_endpoint_exponent' depends on axioms: [propext,
 Classical.choice,
 Quot.sound]
info: IUTThreeClosures/KFullRadicalCompressionAxiomAudit.lean:21:0: 'IUTThreeClosures.KFullRadicalCompression.cube_cube_endpoint_exponent' depends on axioms: [propext,
 Classical.choice,
 Quot.sound]
ℹ [9202/9224] Replayed IUTThreeClosures.LowRadicalNeighbourTransferAxiomAudit
info: IUTThreeClosures/LowRadicalNeighbourTransferAxiomAudit.lean:5:0: 'IUTThreeClosures.CoprimeNeighbourData.point' depends on axioms: [propext, Quot.sound]
info: IUTThreeClosures/LowRadicalNeighbourTransferAxiomAudit.lean:6:0: 'IUTThreeClosures.abcRadical_pow' depends on axioms: [propext, Classical.choice, Quot.sound]
info: IUTThreeClosures/LowRadicalNeighbourTransferAxiomAudit.lean:7:0: 'IUTThreeClosures.LowRadicalNeighbourBudget.point_radical_le' depends on axioms: [propext, Classical.choice, Quot.sound]
info: IUTThreeClosures/LowRadicalNeighbourTransferAxiomAudit.lean:8:0: 'IUTThreeClosures.LowRadicalNeighbourBudget.point_conductor_le' depends on axioms: [propext,
 Classical.choice,
 Quot.sound]
info: IUTThreeClosures/LowRadicalNeighbourTransferAxiomAudit.lean:9:0: 'IUTThreeClosures.not_abc_of_unbounded_lowRadicalNeighbours' depends on axioms: [propext, Classical.choice, Quot.sound]
info: IUTThreeClosures/LowRadicalNeighbourTransferAxiomAudit.lean:10:0: 'IUTThreeClosures.PerfectPowerNeighbourData.radical_center' depends on axioms: [propext, Classical.choice, Quot.sound]
info: IUTThreeClosures/LowRadicalNeighbourTransferAxiomAudit.lean:11:0: 'IUTThreeClosures.PerfectPowerNeighbourBudget.point_radical_le' depends on axioms: [propext,
 Classical.choice,
 Quot.sound]
⚠ [9203/9224] Replayed IUTThreeClosures.MersenneWronskianRealizationNoGo
warning: IUTThreeClosures/MersenneWronskianRealizationNoGo.lean:100:13: Variable name `hm` is not explicitly referenced.

The binding can be removed (if unused) or named `_` (if used implicitly).

Note: This linter can be disabled with `set_option linter.unusedVariables false`
ℹ [9204/9224] Replayed IUTThreeClosures.MersenneWronskianRealizationNoGoAxiomAudit
info: IUTThreeClosures/MersenneWronskianRealizationNoGoAxiomAudit.lean:5:0: 'IUTThreeClosures.weightedArithmeticDerivative_singlePrimeWeight' depends on axioms: [propext,
 Classical.choice,
 Quot.sound]
info: IUTThreeClosures/MersenneWronskianRealizationNoGoAxiomAudit.lean:6:0: 'IUTThreeClosures.mersenneIntersectionWeight_compatible_nondegenerate' depends on axioms: [propext,
 Classical.choice,
 Quot.sound]
info: IUTThreeClosures/MersenneWronskianRealizationNoGoAxiomAudit.lean:7:0: 'IUTThreeClosures.exists_mersenne_actualWeight_normalized_gt_half' depends on axioms: [propext,
 Classical.choice,
 Quot.sound]
info: IUTThreeClosures/MersenneWronskianRealizationNoGoAxiomAudit.lean:8:0: 'IUTThreeClosures.mersenne_actualWeight_normalized_unbounded' depends on axioms: [propext, Classical.choice, Quot.sound]
info: IUTThreeClosures/MersenneWronskianRealizationNoGoAxiomAudit.lean:9:0: 'IUTThreeClosures.no_uniform_constant_mersenne_actualWeights' depends on axioms: [propext, Classical.choice, Quot.sound]
ℹ [9205/9224] Replayed IUTThreeClosures.PrimePowerSmoothNeighbourAxiomAudit
info: IUTThreeClosures/PrimePowerSmoothNeighbourAxiomAudit.lean:8:0: 'IUTThreeClosures.PrimePowerNeighbourData.point' depends on axioms: [propext, Classical.choice, Quot.sound]
info: IUTThreeClosures/PrimePowerSmoothNeighbourAxiomAudit.lean:9:0: 'IUTThreeClosures.abcRadical_mul_le_mul' depends on axioms: [propext, Classical.choice, Quot.sound]
info: IUTThreeClosures/PrimePowerSmoothNeighbourAxiomAudit.lean:10:0: 'IUTThreeClosures.abcRadical_prime_pow' depends on axioms: [propext, Classical.choice, Quot.sound]
info: IUTThreeClosures/PrimePowerSmoothNeighbourAxiomAudit.lean:11:0: 'IUTThreeClosures.PrimePowerNeighbourBudget.point_radical_le' depends on axioms: [propext, Classical.choice, Quot.sound]
info: IUTThreeClosures/PrimePowerSmoothNeighbourAxiomAudit.lean:12:0: 'IUTThreeClosures.PrimePowerNeighbourBudget.point_conductor_le' depends on axioms: [propext,
 Classical.choice,
 Quot.sound]
info: IUTThreeClosures/PrimePowerSmoothNeighbourAxiomAudit.lean:13:0: 'IUTThreeClosures.LogRadicalGapCertificate.violates_at' depends on axioms: [propext, Classical.choice, Quot.sound]
info: IUTThreeClosures/PrimePowerSmoothNeighbourAxiomAudit.lean:14:0: 'IUTThreeClosures.not_abc_of_unbounded_logRadicalGaps' depends on axioms: [propext, Classical.choice, Quot.sound]
info: IUTThreeClosures/PrimePowerSmoothNeighbourAxiomAudit.lean:15:0: 'IUTThreeClosures.not_abc_of_unbounded_primePowerNeighbours' depends on axioms: [propext, Classical.choice, Quot.sound]
⚠ [9206/9224] Replayed IUTThreeClosures.RepeatedLabelProcessionOvercountAxiomAudit
info: IUTThreeClosures/RepeatedLabelProcessionOvercountAxiomAudit.lean:3:0: 'IUTThreeClosures.product_weight_additive_marginal' depends on axioms: [propext, Classical.choice, Quot.sound]
info: IUTThreeClosures/RepeatedLabelProcessionOvercountAxiomAudit.lean:4:0: 'IUTThreeClosures.product_weight_separable_additive_marginal' depends on axioms: [propext, Classical.choice, Quot.sound]
info: IUTThreeClosures/RepeatedLabelProcessionOvercountAxiomAudit.lean:5:0: 'Iut.PrimePowerQPilotRegion.packetVol_additiveLabelOrders' depends on axioms: [propext, Classical.choice, Quot.sound]
info: IUTThreeClosures/RepeatedLabelProcessionOvercountAxiomAudit.lean:6:0: 'Iut.PrimePowerQPilotRegion.packetVol_scaledLabelOrders' depends on axioms: [propext, Classical.choice, Quot.sound]
info: IUTThreeClosures/RepeatedLabelProcessionOvercountAxiomAudit.lean:7:0: 'IUTThreeClosures.RepeatedLabelProcessionOvercount.repeatedLabelSquareMass_formula' depends on axioms: [propext,
 Classical.choice,
 Quot.sound]
info: IUTThreeClosures/RepeatedLabelProcessionOvercountAxiomAudit.lean:9:0: 'IUTThreeClosures.RepeatedLabelProcessionOvercount.distinguishedIncrementSquareMass_eq_terminalCapsuleSquareMass' depends on axioms: [propext,
 Classical.choice,
 Quot.sound]
warning: IUTThreeClosures/RepeatedLabelProcessionOvercountAxiomAudit.lean:10:100: This line exceeds the 100 character limit, please shorten it!

Note: This linter can be disabled with `set_option linter.style.longLine false`
info: IUTThreeClosures/RepeatedLabelProcessionOvercountAxiomAudit.lean:11:0: 'IUTThreeClosures.RepeatedLabelProcessionOvercount.repeatedLabelAverageCoefficient_sub_distinguished' depends on axioms: [propext,
 Classical.choice,
 Quot.sound]
warning: IUTThreeClosures/RepeatedLabelProcessionOvercountAxiomAudit.lean:12:100: This line exceeds the 100 character limit, please shorten it!

Note: This linter can be disabled with `set_option linter.style.longLine false`
info: IUTThreeClosures/RepeatedLabelProcessionOvercountAxiomAudit.lean:13:0: 'IUTThreeClosures.RepeatedLabelProcessionOvercount.repeatedLabelProcessionAverage_eq_processionAverage_iff' depends on axioms: [propext,
 Classical.choice,
 Quot.sound]
warning: IUTThreeClosures/RepeatedLabelProcessionOvercountAxiomAudit.lean:14:100: This line exceeds the 100 character limit, please shorten it!

Note: This linter can be disabled with `set_option linter.style.longLine false`
info: IUTThreeClosures/RepeatedLabelProcessionOvercountAxiomAudit.lean:15:0: 'IUTThreeClosures.RepeatedLabelProcessionOvercount.repeatedLabelProcessionAverage_lt_processionAverage' depends on axioms: [propext,
 Classical.choice,
 Quot.sound]
warning: IUTThreeClosures/RepeatedLabelProcessionOvercountAxiomAudit.lean:16:100: This line exceeds the 100 character limit, please shorten it!

Note: This linter can be disabled with `set_option linter.style.longLine false`
ℹ [9207/9224] Replayed IUTThreeClosures.ResearchBalancedPersistence20260831Audit
info: IUTThreeClosures/ResearchBalancedPersistence20260831Audit.lean:16:0: def IUTThreeClosures.ABCConjecture : Prop :=
∀ (ε : ℝ),
  0 < ε →
    ∃ C,
      ∀ (a b c : ℕ),
        0 < a →
          0 < b →
            0 < c →
              a + b = c →
                IUTThreeClosures.PairwiseCoprimeABC a b c →
                  Real.log ↑(max a (max b c)) ≤ (1 + ε) * Real.log ↑(IUTThreeClosures.abcRadical (a * b * c)) + C
info: IUTThreeClosures/ResearchBalancedPersistence20260831Audit.lean:19:0: IUTThreeClosures.PellAdjacentFactorCounterexample20260831.exists_pell_half_factors {x y : ℕ} (hy : 0 < y)
  (heq : 1 + 8 * y ^ 2 = x ^ 2) :
  ∃ r s, x = 2 * r + 1 ∧ s = r + 1 ∧ r * s = 2 * y ^ 2 ∧ 0 < r ∧ 0 < s ∧ r.Coprime s ∧ y < s
info: IUTThreeClosures/ResearchBalancedPersistence20260831Audit.lean:20:0: 'IUTThreeClosures.PellAdjacentFactorCounterexample20260831.exists_pell_half_factors' depends on axioms: [propext,
 Classical.choice,
 Quot.sound]
info: IUTThreeClosures/ResearchBalancedPersistence20260831Audit.lean:21:0: IUTThreeClosures.PellAdjacentFactorCounterexample20260831.pell_half_factor_unique {x r r' : ℕ} (hr : x = 2 * r + 1)
  (hr' : x = 2 * r' + 1) : r = r'
info: IUTThreeClosures/ResearchBalancedPersistence20260831Audit.lean:22:0: 'IUTThreeClosures.PellAdjacentFactorCounterexample20260831.pell_half_factor_unique' depends on axioms: [propext,
 Quot.sound]
info: IUTThreeClosures/ResearchBalancedPersistence20260831Audit.lean:23:0: IUTThreeClosures.PellAdjacentFactorCounterexample20260831.Datum : Type
info: IUTThreeClosures/ResearchBalancedPersistence20260831Audit.lean:24:0: 'IUTThreeClosures.PellAdjacentFactorCounterexample20260831.Datum' depends on axioms: [propext,
 Classical.choice,
 Quot.sound]
info: IUTThreeClosures/ResearchBalancedPersistence20260831Audit.lean:25:0: IUTThreeClosures.PellAdjacentFactorCounterexample20260831.exists_datum_of_pellDatum
  (D : IUTThreeClosures.PellCampanaCounterexample20260831.Datum) : ∃ A, A.x = D.x ∧ A.y = D.y
info: IUTThreeClosures/ResearchBalancedPersistence20260831Audit.lean:26:0: 'IUTThreeClosures.PellAdjacentFactorCounterexample20260831.exists_datum_of_pellDatum' depends on axioms: [propext,
 Classical.choice,
 Quot.sound]
info: IUTThreeClosures/ResearchBalancedPersistence20260831Audit.lean:27:0: IUTThreeClosures.PellAdjacentFactorCounterexample20260831.Datum.point
  (D : IUTThreeClosures.PellAdjacentFactorCounterexample20260831.Datum) : IUTThreeClosures.ABCPoint
info: IUTThreeClosures/ResearchBalancedPersistence20260831Audit.lean:28:0: 'IUTThreeClosures.PellAdjacentFactorCounterexample20260831.Datum.point' depends on axioms: [propext,
 Classical.choice,
 Quot.sound]
info: IUTThreeClosures/ResearchBalancedPersistence20260831Audit.lean:29:0: IUTThreeClosures.PellAdjacentFactorCounterexample20260831.Datum.point_a
  (D : IUTThreeClosures.PellAdjacentFactorCounterexample20260831.Datum) : D.point.a = D.r
info: IUTThreeClosures/ResearchBalancedPersistence20260831Audit.lean:30:0: 'IUTThreeClosures.PellAdjacentFactorCounterexample20260831.Datum.point_a' depends on axioms: [propext,
 Classical.choice,
 Quot.sound]
info: IUTThreeClosures/ResearchBalancedPersistence20260831Audit.lean:31:0: IUTThreeClosures.PellAdjacentFactorCounterexample20260831.Datum.point_b
  (D : IUTThreeClosures.PellAdjacentFactorCounterexample20260831.Datum) : D.point.b = 1
info: IUTThreeClosures/ResearchBalancedPersistence20260831Audit.lean:32:0: 'IUTThreeClosures.PellAdjacentFactorCounterexample20260831.Datum.point_b' depends on axioms: [propext,
 Classical.choice,
 Quot.sound]
info: IUTThreeClosures/ResearchBalancedPersistence20260831Audit.lean:33:0: IUTThreeClosures.PellAdjacentFactorCounterexample20260831.Datum.point_c
  (D : IUTThreeClosures.PellAdjacentFactorCounterexample20260831.Datum) : D.point.c = D.s
info: IUTThreeClosures/ResearchBalancedPersistence20260831Audit.lean:34:0: 'IUTThreeClosures.PellAdjacentFactorCounterexample20260831.Datum.point_c' depends on axioms: [propext,
 Classical.choice,
 Quot.sound]
info: IUTThreeClosures/ResearchBalancedPersistence20260831Audit.lean:35:0: IUTThreeClosures.PellAdjacentFactorCounterexample20260831.Datum.point_height
  (D : IUTThreeClosures.PellAdjacentFactorCounterexample20260831.Datum) : D.point.height = Real.log ↑D.s
info: IUTThreeClosures/ResearchBalancedPersistence20260831Audit.lean:36:0: 'IUTThreeClosures.PellAdjacentFactorCounterexample20260831.Datum.point_height' depends on axioms: [propext,
 Classical.choice,
 Quot.sound]
info: IUTThreeClosures/ResearchBalancedPersistence20260831Audit.lean:37:0: IUTThreeClosures.PellAdjacentFactorCounterexample20260831.Datum.point_radical_sq_le_four_mul_c
  (D : IUTThreeClosures.PellAdjacentFactorCounterexample20260831.Datum) :
  IUTThreeClosures.abcRadical (D.point.a * D.point.b * D.point.c) ^ 2 ≤ 4 * D.point.c
info: IUTThreeClosures/ResearchBalancedPersistence20260831Audit.lean:38:0: 'IUTThreeClosures.PellAdjacentFactorCounterexample20260831.Datum.point_radical_sq_le_four_mul_c' depends on axioms: [propext,
 Classical.choice,
 Quot.sound]
info: IUTThreeClosures/ResearchBalancedPersistence20260831Audit.lean:39:0: IUTThreeClosures.PellAdjacentFactorCounterexample20260831.Datum.point_conductor_le_half_height_add_log_two
  (D : IUTThreeClosures.PellAdjacentFactorCounterexample20260831.Datum) :
  D.point.conductor ≤ 1 / 2 * D.point.height + Real.log 2
info: IUTThreeClosures/ResearchBalancedPersistence20260831Audit.lean:40:0: 'IUTThreeClosures.PellAdjacentFactorCounterexample20260831.Datum.point_conductor_le_half_height_add_log_two' depends on axioms: [propext,
 Classical.choice,
 Quot.sound]
info: IUTThreeClosures/ResearchBalancedPersistence20260831Audit.lean:41:0: IUTThreeClosures.PellAdjacentFactorCounterexample20260831.left_factor_isFourFull_of_even_twoFull {y r s : ℕ}
  (hy : IUTThreeClosures.KFullRadicalCompression.IsKFull 2 y) (hyeven : Even y) (hrpos : 0 < r)
  (hproduct : r * s = 2 * y ^ 2) (hcoprime : r.Coprime s) : IUTThreeClosures.KFullRadicalCompression.IsKFull 4 r
info: IUTThreeClosures/ResearchBalancedPersistence20260831Audit.lean:42:0: 'IUTThreeClosures.PellAdjacentFactorCounterexample20260831.left_factor_isFourFull_of_even_twoFull' depends on axioms: [propext,
 Classical.choice,
 Quot.sound]
info: IUTThreeClosures/ResearchBalancedPersistence20260831Audit.lean:43:0: IUTThreeClosures.PellAdjacentFactorCounterexample20260831.Datum.r_fourFull_of_even
  (D : IUTThreeClosures.PellAdjacentFactorCounterexample20260831.Datum) (hyeven : Even D.y) :
  IUTThreeClosures.KFullRadicalCompression.IsKFull 4 D.r
info: IUTThreeClosures/ResearchBalancedPersistence20260831Audit.lean:44:0: 'IUTThreeClosures.PellAdjacentFactorCounterexample20260831.Datum.r_fourFull_of_even' depends on axioms: [propext,
 Classical.choice,
 Quot.sound]
info: IUTThreeClosures/ResearchBalancedPersistence20260831Audit.lean:45:0: IUTThreeClosures.PellAdjacentFactorCounterexample20260831.Datum.s_fourFull_of_even
  (D : IUTThreeClosures.PellAdjacentFactorCounterexample20260831.Datum) (hyeven : Even D.y) :
  IUTThreeClosures.KFullRadicalCompression.IsKFull 4 D.s
info: IUTThreeClosures/ResearchBalancedPersistence20260831Audit.lean:46:0: 'IUTThreeClosures.PellAdjacentFactorCounterexample20260831.Datum.s_fourFull_of_even' depends on axioms: [propext,
 Classical.choice,
 Quot.sound]
info: IUTThreeClosures/ResearchBalancedPersistence20260831Audit.lean:47:0: IUTThreeClosures.PellAdjacentFactorCounterexample20260831.not_abcConjecture_of_unbounded_adjacentPell_family
  (D : ℕ → IUTThreeClosures.PellAdjacentFactorCounterexample20260831.Datum)
  (hunbounded : ∀ (B : ℝ), ∃ n, B < (D n).point.height) : ¬IUTThreeClosures.ABCConjecture
info: IUTThreeClosures/ResearchBalancedPersistence20260831Audit.lean:48:0: 'IUTThreeClosures.PellAdjacentFactorCounterexample20260831.not_abcConjecture_of_unbounded_adjacentPell_family' depends on axioms: [propext,
 Classical.choice,
 Quot.sound]
info: IUTThreeClosures/ResearchBalancedPersistence20260831Audit.lean:51:0: IUTThreeClosures.PellSquareRootDescent20260831.sqrtTwoOrbit : ℕ → ℕ × ℕ
info: IUTThreeClosures/ResearchBalancedPersistence20260831Audit.lean:52:0: 'IUTThreeClosures.PellSquareRootDescent20260831.sqrtTwoOrbit' does not depend on any axioms
info: IUTThreeClosures/ResearchBalancedPersistence20260831Audit.lean:53:0: IUTThreeClosures.PellSquareRootDescent20260831.sqrtTwoOrbit_zero :
  IUTThreeClosures.PellSquareRootDescent20260831.sqrtTwoOrbit 0 = (1, 0)
info: IUTThreeClosures/ResearchBalancedPersistence20260831Audit.lean:54:0: 'IUTThreeClosures.PellSquareRootDescent20260831.sqrtTwoOrbit_zero' does not depend on any axioms
info: IUTThreeClosures/ResearchBalancedPersistence20260831Audit.lean:55:0: IUTThreeClosures.PellSquareRootDescent20260831.sqrtTwoOrbit_succ (n : ℕ) :
  IUTThreeClosures.PellSquareRootDescent20260831.sqrtTwoOrbit (n + 1) =
    ((IUTThreeClosures.PellSquareRootDescent20260831.sqrtTwoOrbit n).1 +
        2 * (IUTThreeClosures.PellSquareRootDescent20260831.sqrtTwoOrbit n).2,
      (IUTThreeClosures.PellSquareRootDescent20260831.sqrtTwoOrbit n).1 +
        (IUTThreeClosures.PellSquareRootDescent20260831.sqrtTwoOrbit n).2)
info: IUTThreeClosures/ResearchBalancedPersistence20260831Audit.lean:56:0: 'IUTThreeClosures.PellSquareRootDescent20260831.sqrtTwoOrbit_succ' does not depend on any axioms
info: IUTThreeClosures/ResearchBalancedPersistence20260831Audit.lean:57:0: IUTThreeClosures.PellSquareRootDescent20260831.sqrtTwoOrbit_fst_pos (n : ℕ) :
  0 < (IUTThreeClosures.PellSquareRootDescent20260831.sqrtTwoOrbit n).1
info: IUTThreeClosures/ResearchBalancedPersistence20260831Audit.lean:58:0: 'IUTThreeClosures.PellSquareRootDescent20260831.sqrtTwoOrbit_fst_pos' depends on axioms: [propext,
 Classical.choice,
 Quot.sound]
info: IUTThreeClosures/ResearchBalancedPersistence20260831Audit.lean:59:0: IUTThreeClosures.PellSquareRootDescent20260831.sqrtTwoOrbit_snd_pos_succ (n : ℕ) :
  0 < (IUTThreeClosures.PellSquareRootDescent20260831.sqrtTwoOrbit (n + 1)).2
info: IUTThreeClosures/ResearchBalancedPersistence20260831Audit.lean:60:0: 'IUTThreeClosures.PellSquareRootDescent20260831.sqrtTwoOrbit_snd_pos_succ' depends on axioms: [propext,
 Classical.choice,
 Quot.sound]
info: IUTThreeClosures/ResearchBalancedPersistence20260831Audit.lean:61:0: IUTThreeClosures.PellSquareRootDescent20260831.sqrtTwoOrbit_coprime (n : ℕ) :
  (IUTThreeClosures.PellSquareRootDescent20260831.sqrtTwoOrbit n).1.Coprime
    (IUTThreeClosures.PellSquareRootDescent20260831.sqrtTwoOrbit n).2
info: IUTThreeClosures/ResearchBalancedPersistence20260831Audit.lean:62:0: 'IUTThreeClosures.PellSquareRootDescent20260831.sqrtTwoOrbit_coprime' depends on axioms: [propext, Quot.sound]
info: IUTThreeClosures/ResearchBalancedPersistence20260831Audit.lean:63:0: IUTThreeClosures.PellSquareRootDescent20260831.sqrtTwoOrbit_norm (n : ℕ) :
  ↑(IUTThreeClosures.PellSquareRootDescent20260831.sqrtTwoOrbit n).1 ^ 2 -
      2 * ↑(IUTThreeClosures.PellSquareRootDescent20260831.sqrtTwoOrbit n).2 ^ 2 =
    (-1) ^ n
info: IUTThreeClosures/ResearchBalancedPersistence20260831Audit.lean:64:0: 'IUTThreeClosures.PellSquareRootDescent20260831.sqrtTwoOrbit_norm' depends on axioms: [propext, Quot.sound]
info: IUTThreeClosures/ResearchBalancedPersistence20260831Audit.lean:65:0: IUTThreeClosures.PellSquareRootDescent20260831.sqrtTwoOrbit_norm_even (n : ℕ) :
  (IUTThreeClosures.PellSquareRootDescent20260831.sqrtTwoOrbit (2 * n)).1 ^ 2 =
    1 + 2 * (IUTThreeClosures.PellSquareRootDescent20260831.sqrtTwoOrbit (2 * n)).2 ^ 2
info: IUTThreeClosures/ResearchBalancedPersistence20260831Audit.lean:66:0: 'IUTThreeClosures.PellSquareRootDescent20260831.sqrtTwoOrbit_norm_even' depends on axioms: [propext,
 Classical.choice,
 Quot.sound]
info: IUTThreeClosures/ResearchBalancedPersistence20260831Audit.lean:67:0: IUTThreeClosures.PellSquareRootDescent20260831.sqrtTwoOrbit_norm_odd (n : ℕ) :
  1 + (IUTThreeClosures.PellSquareRootDescent20260831.sqrtTwoOrbit (2 * n + 1)).1 ^ 2 =
    2 * (IUTThreeClosures.PellSquareRootDescent20260831.sqrtTwoOrbit (2 * n + 1)).2 ^ 2
info: IUTThreeClosures/ResearchBalancedPersistence20260831Audit.lean:68:0: 'IUTThreeClosures.PellSquareRootDescent20260831.sqrtTwoOrbit_norm_odd' depends on axioms: [propext,
 Classical.choice,
 Quot.sound]
info: IUTThreeClosures/ResearchBalancedPersistence20260831Audit.lean:69:0: IUTThreeClosures.PellSquareRootDescent20260831.pellOrbit_eq_sqrtTwo_square (n : ℕ) :
  IUTThreeClosures.PellCampanaCounterexample20260831.pellOrbit n =
    ((IUTThreeClosures.PellSquareRootDescent20260831.sqrtTwoOrbit n).1 ^ 2 +
        2 * (IUTThreeClosures.PellSquareRootDescent20260831.sqrtTwoOrbit n).2 ^ 2,
      (IUTThreeClosures.PellSquareRootDescent20260831.sqrtTwoOrbit n).1 *
        (IUTThreeClosures.PellSquareRootDescent20260831.sqrtTwoOrbit n).2)
info: IUTThreeClosures/ResearchBalancedPersistence20260831Audit.lean:70:0: 'IUTThreeClosures.PellSquareRootDescent20260831.pellOrbit_eq_sqrtTwo_square' depends on axioms: [propext]
info: IUTThreeClosures/ResearchBalancedPersistence20260831Audit.lean:71:0: IUTThreeClosures.PellSquareRootDescent20260831.even_adjacent_square_shapes (n : ℕ) :
  have A := (IUTThreeClosures.PellSquareRootDescent20260831.sqrtTwoOrbit (2 * n)).1;
  have B := (IUTThreeClosures.PellSquareRootDescent20260831.sqrtTwoOrbit (2 * n)).2;
  (IUTThreeClosures.PellCampanaCounterexample20260831.pellOrbit (2 * n)).1 = 2 * (2 * B ^ 2) + 1 ∧ A ^ 2 = 2 * B ^ 2 + 1
info: IUTThreeClosures/ResearchBalancedPersistence20260831Audit.lean:72:0: 'IUTThreeClosures.PellSquareRootDescent20260831.even_adjacent_square_shapes' depends on axioms: [propext,
 Classical.choice,
 Quot.sound]
info: IUTThreeClosures/ResearchBalancedPersistence20260831Audit.lean:73:0: IUTThreeClosures.PellSquareRootDescent20260831.odd_adjacent_square_shapes (n : ℕ) :
  have A := (IUTThreeClosures.PellSquareRootDescent20260831.sqrtTwoOrbit (2 * n + 1)).1;
  have B := (IUTThreeClosures.PellSquareRootDescent20260831.sqrtTwoOrbit (2 * n + 1)).2;
  (IUTThreeClosures.PellCampanaCounterexample20260831.pellOrbit (2 * n + 1)).1 = 2 * A ^ 2 + 1 ∧ 2 * B ^ 2 = A ^ 2 + 1
info: IUTThreeClosures/ResearchBalancedPersistence20260831Audit.lean:74:0: 'IUTThreeClosures.PellSquareRootDescent20260831.odd_adjacent_square_shapes' depends on axioms: [propext,
 Classical.choice,
 Quot.sound]
info: IUTThreeClosures/ResearchBalancedPersistence20260831Audit.lean:75:0: IUTThreeClosures.PellSquareRootDescent20260831.isKFull_mul {k a b : ℕ}
  (ha : IUTThreeClosures.KFullRadicalCompression.IsKFull k a)
  (hb : IUTThreeClosures.KFullRadicalCompression.IsKFull k b) :
  IUTThreeClosures.KFullRadicalCompression.IsKFull k (a * b)
info: IUTThreeClosures/ResearchBalancedPersistence20260831Audit.lean:76:0: 'IUTThreeClosures.PellSquareRootDescent20260831.isKFull_mul' depends on axioms: [propext, Classical.choice, Quot.sound]
info: IUTThreeClosures/ResearchBalancedPersistence20260831Audit.lean:77:0: IUTThreeClosures.PellSquareRootDescent20260831.isKFull_factors_of_coprime_product {k a b : ℕ} (ha : a ≠ 0) (hb : b ≠ 0)
  (hcoprime : a.Coprime b) (hab : IUTThreeClosures.KFullRadicalCompression.IsKFull k (a * b)) :
  IUTThreeClosures.KFullRadicalCompression.IsKFull k a ∧ IUTThreeClosures.KFullRadicalCompression.IsKFull k b
info: IUTThreeClosures/ResearchBalancedPersistence20260831Audit.lean:78:0: 'IUTThreeClosures.PellSquareRootDescent20260831.isKFull_factors_of_coprime_product' depends on axioms: [propext,
 Classical.choice,
 Quot.sound]
info: IUTThreeClosures/ResearchBalancedPersistence20260831Audit.lean:79:0: IUTThreeClosures.PellSquareRootDescent20260831.pellOrbit_snd_twoFull_iff (n : ℕ) :
  IUTThreeClosures.KFullRadicalCompression.IsKFull 2
      (IUTThreeClosures.PellCampanaCounterexample20260831.pellOrbit (n + 1)).2 ↔
    IUTThreeClosures.KFullRadicalCompression.IsKFull 2
        (IUTThreeClosures.PellSquareRootDescent20260831.sqrtTwoOrbit (n + 1)).1 ∧
      IUTThreeClosures.KFullRadicalCompression.IsKFull 2
        (IUTThreeClosures.PellSquareRootDescent20260831.sqrtTwoOrbit (n + 1)).2
info: IUTThreeClosures/ResearchBalancedPersistence20260831Audit.lean:80:0: 'IUTThreeClosures.PellSquareRootDescent20260831.pellOrbit_snd_twoFull_iff' depends on axioms: [propext,
 Classical.choice,
 Quot.sound]
info: IUTThreeClosures/ResearchBalancedPersistence20260831Audit.lean:83:0: IUTThreeClosures.HallSquarefullCounterexample20260831.Datum : Type
info: IUTThreeClosures/ResearchBalancedPersistence20260831Audit.lean:84:0: 'IUTThreeClosures.HallSquarefullCounterexample20260831.Datum' depends on axioms: [propext, Classical.choice, Quot.sound]
info: IUTThreeClosures/ResearchBalancedPersistence20260831Audit.lean:85:0: IUTThreeClosures.HallSquarefullCounterexample20260831.Datum.point
  (D : IUTThreeClosures.HallSquarefullCounterexample20260831.Datum) : IUTThreeClosures.ABCPoint
info: IUTThreeClosures/ResearchBalancedPersistence20260831Audit.lean:86:0: 'IUTThreeClosures.HallSquarefullCounterexample20260831.Datum.point' depends on axioms: [propext,
 Classical.choice,
 Quot.sound]
info: IUTThreeClosures/ResearchBalancedPersistence20260831Audit.lean:87:0: IUTThreeClosures.HallSquarefullCounterexample20260831.Datum.point_a
  (D : IUTThreeClosures.HallSquarefullCounterexample20260831.Datum) : D.point.a = D.X ^ 3
info: IUTThreeClosures/ResearchBalancedPersistence20260831Audit.lean:88:0: 'IUTThreeClosures.HallSquarefullCounterexample20260831.Datum.point_a' depends on axioms: [propext,
 Classical.choice,
 Quot.sound]
info: IUTThreeClosures/ResearchBalancedPersistence20260831Audit.lean:89:0: IUTThreeClosures.HallSquarefullCounterexample20260831.Datum.point_b
  (D : IUTThreeClosures.HallSquarefullCounterexample20260831.Datum) : D.point.b = D.K
info: IUTThreeClosures/ResearchBalancedPersistence20260831Audit.lean:90:0: 'IUTThreeClosures.HallSquarefullCounterexample20260831.Datum.point_b' depends on axioms: [propext,
 Classical.choice,
 Quot.sound]
info: IUTThreeClosures/ResearchBalancedPersistence20260831Audit.lean:91:0: IUTThreeClosures.HallSquarefullCounterexample20260831.Datum.point_c
  (D : IUTThreeClosures.HallSquarefullCounterexample20260831.Datum) : D.point.c = D.Y ^ 2
info: IUTThreeClosures/ResearchBalancedPersistence20260831Audit.lean:92:0: 'IUTThreeClosures.HallSquarefullCounterexample20260831.Datum.point_c' depends on axioms: [propext,
 Classical.choice,
 Quot.sound]
info: IUTThreeClosures/ResearchBalancedPersistence20260831Audit.lean:93:0: IUTThreeClosures.HallSquarefullCounterexample20260831.Datum.point_radical_le
  (D : IUTThreeClosures.HallSquarefullCounterexample20260831.Datum) :
  IUTThreeClosures.abcRadical (D.point.a * D.point.b * D.point.c) ≤ D.X * IUTThreeClosures.abcRadical D.K * D.Y
info: IUTThreeClosures/ResearchBalancedPersistence20260831Audit.lean:94:0: 'IUTThreeClosures.HallSquarefullCounterexample20260831.Datum.point_radical_le' depends on axioms: [propext,
 Classical.choice,
 Quot.sound]
info: IUTThreeClosures/ResearchBalancedPersistence20260831Audit.lean:95:0: IUTThreeClosures.HallSquarefullCounterexample20260831.Datum.point_radical_pow_twelve_lt_height_pow_eleven
  (D : IUTThreeClosures.HallSquarefullCounterexample20260831.Datum) :
  IUTThreeClosures.abcRadical (D.point.a * D.point.b * D.point.c) ^ 12 < D.point.c ^ 11
info: IUTThreeClosures/ResearchBalancedPersistence20260831Audit.lean:96:0: 'IUTThreeClosures.HallSquarefullCounterexample20260831.Datum.point_radical_pow_twelve_lt_height_pow_eleven' depends on axioms: [propext,
 Classical.choice,
 Quot.sound]
info: IUTThreeClosures/ResearchBalancedPersistence20260831Audit.lean:97:0: IUTThreeClosures.HallSquarefullCounterexample20260831.Datum.point_conductor_lt_eleven_twelfths_height
  (D : IUTThreeClosures.HallSquarefullCounterexample20260831.Datum) : D.point.conductor < 11 / 12 * D.point.height
info: IUTThreeClosures/ResearchBalancedPersistence20260831Audit.lean:98:0: 'IUTThreeClosures.HallSquarefullCounterexample20260831.Datum.point_conductor_lt_eleven_twelfths_height' depends on axioms: [propext,
 Classical.choice,
 Quot.sound]
info: IUTThreeClosures/ResearchBalancedPersistence20260831Audit.lean:99:0: IUTThreeClosures.HallSquarefullCounterexample20260831.not_abcConjecture_of_unbounded_Hall_squarefull_family
  (D : ℕ → IUTThreeClosures.HallSquarefullCounterexample20260831.Datum)
  (hunbounded : ∀ (B : ℝ), ∃ n, B < (D n).point.height) : ¬IUTThreeClosures.ABCConjecture
info: IUTThreeClosures/ResearchBalancedPersistence20260831Audit.lean:100:0: 'IUTThreeClosures.HallSquarefullCounterexample20260831.not_abcConjecture_of_unbounded_Hall_squarefull_family' depends on axioms: [propext,
 Classical.choice,
 Quot.sound]
info: IUTThreeClosures/ResearchBalancedPersistence20260831Audit.lean:103:0: IUTThreeClosures.AffineShearAmplification20260831.Seed : Type
info: IUTThreeClosures/ResearchBalancedPersistence20260831Audit.lean:104:0: 'IUTThreeClosures.AffineShearAmplification20260831.Seed' does not depend on any axioms
info: IUTThreeClosures/ResearchBalancedPersistence20260831Audit.lean:105:0: IUTThreeClosures.AffineShearAmplification20260831.Seed.P (S : IUTThreeClosures.AffineShearAmplification20260831.Seed) :
  ℕ
info: IUTThreeClosures/ResearchBalancedPersistence20260831Audit.lean:106:0: 'IUTThreeClosures.AffineShearAmplification20260831.Seed.P' does not depend on any axioms
info: IUTThreeClosures/ResearchBalancedPersistence20260831Audit.lean:107:0: IUTThreeClosures.AffineShearAmplification20260831.Seed.U (S : IUTThreeClosures.AffineShearAmplification20260831.Seed)
  (h : ℕ) : ℕ
info: IUTThreeClosures/ResearchBalancedPersistence20260831Audit.lean:108:0: 'IUTThreeClosures.AffineShearAmplification20260831.Seed.U' does not depend on any axioms
info: IUTThreeClosures/ResearchBalancedPersistence20260831Audit.lean:109:0: IUTThreeClosures.AffineShearAmplification20260831.Seed.V (S : IUTThreeClosures.AffineShearAmplification20260831.Seed)
  (h k : ℕ) : ℕ
info: IUTThreeClosures/ResearchBalancedPersistence20260831Audit.lean:110:0: 'IUTThreeClosures.AffineShearAmplification20260831.Seed.V' does not depend on any axioms
info: IUTThreeClosures/ResearchBalancedPersistence20260831Audit.lean:111:0: IUTThreeClosures.AffineShearAmplification20260831.Seed.W (S : IUTThreeClosures.AffineShearAmplification20260831.Seed)
  (h k : ℕ) : ℕ
info: IUTThreeClosures/ResearchBalancedPersistence20260831Audit.lean:112:0: 'IUTThreeClosures.AffineShearAmplification20260831.Seed.W' does not depend on any axioms
info: IUTThreeClosures/ResearchBalancedPersistence20260831Audit.lean:113:0: IUTThreeClosures.AffineShearAmplification20260831.Seed.P_pos
  (S : IUTThreeClosures.AffineShearAmplification20260831.Seed) : 0 < S.P
info: IUTThreeClosures/ResearchBalancedPersistence20260831Audit.lean:114:0: 'IUTThreeClosures.AffineShearAmplification20260831.Seed.P_pos' depends on axioms: [propext]
info: IUTThreeClosures/ResearchBalancedPersistence20260831Audit.lean:115:0: IUTThreeClosures.AffineShearAmplification20260831.Seed.a_dvd_P
  (S : IUTThreeClosures.AffineShearAmplification20260831.Seed) : S.a ∣ S.P
info: IUTThreeClosures/ResearchBalancedPersistence20260831Audit.lean:116:0: 'IUTThreeClosures.AffineShearAmplification20260831.Seed.a_dvd_P' depends on axioms: [propext]
info: IUTThreeClosures/ResearchBalancedPersistence20260831Audit.lean:117:0: IUTThreeClosures.AffineShearAmplification20260831.Seed.b_dvd_P
  (S : IUTThreeClosures.AffineShearAmplification20260831.Seed) : S.b ∣ S.P
info: IUTThreeClosures/ResearchBalancedPersistence20260831Audit.lean:118:0: 'IUTThreeClosures.AffineShearAmplification20260831.Seed.b_dvd_P' depends on axioms: [propext]
info: IUTThreeClosures/ResearchBalancedPersistence20260831Audit.lean:119:0: IUTThreeClosures.AffineShearAmplification20260831.Seed.c_dvd_P
  (S : IUTThreeClosures.AffineShearAmplification20260831.Seed) : S.c ∣ S.P
info: IUTThreeClosures/ResearchBalancedPersistence20260831Audit.lean:120:0: 'IUTThreeClosures.AffineShearAmplification20260831.Seed.c_dvd_P' depends on axioms: [propext]
info: IUTThreeClosures/ResearchBalancedPersistence20260831Audit.lean:121:0: IUTThreeClosures.AffineShearAmplification20260831.Seed.one_add_P_mul_coprime_P
  (S : IUTThreeClosures.AffineShearAmplification20260831.Seed) (q : ℕ) : (1 + S.P * q).Coprime S.P
info: IUTThreeClosures/ResearchBalancedPersistence20260831Audit.lean:122:0: 'IUTThreeClosures.AffineShearAmplification20260831.Seed.one_add_P_mul_coprime_P' depends on axioms: [propext,
 Quot.sound]
info: IUTThreeClosures/ResearchBalancedPersistence20260831Audit.lean:123:0: IUTThreeClosures.AffineShearAmplification20260831.Seed.U_coprime_P
  (S : IUTThreeClosures.AffineShearAmplification20260831.Seed) (h : ℕ) : (S.U h).Coprime S.P
info: IUTThreeClosures/ResearchBalancedPersistence20260831Audit.lean:124:0: 'IUTThreeClosures.AffineShearAmplification20260831.Seed.U_coprime_P' depends on axioms: [propext, Quot.sound]
info: IUTThreeClosures/ResearchBalancedPersistence20260831Audit.lean:125:0: IUTThreeClosures.AffineShearAmplification20260831.Seed.V_coprime_P
  (S : IUTThreeClosures.AffineShearAmplification20260831.Seed) (h k : ℕ) : (S.V h k).Coprime S.P
info: IUTThreeClosures/ResearchBalancedPersistence20260831Audit.lean:126:0: 'IUTThreeClosures.AffineShearAmplification20260831.Seed.V_coprime_P' depends on axioms: [propext, Quot.sound]
info: IUTThreeClosures/ResearchBalancedPersistence20260831Audit.lean:127:0: IUTThreeClosures.AffineShearAmplification20260831.Seed.W_coprime_P
  (S : IUTThreeClosures.AffineShearAmplification20260831.Seed) (h k : ℕ) : (S.W h k).Coprime S.P
info: IUTThreeClosures/ResearchBalancedPersistence20260831Audit.lean:128:0: 'IUTThreeClosures.AffineShearAmplification20260831.Seed.W_coprime_P' depends on axioms: [propext, Quot.sound]
info: IUTThreeClosures/ResearchBalancedPersistence20260831Audit.lean:129:0: IUTThreeClosures.AffineShearAmplification20260831.Seed.V_eq_U_add
  (S : IUTThreeClosures.AffineShearAmplification20260831.Seed) (h k : ℕ) : S.V h k = S.U h + S.P * S.c * k
info: IUTThreeClosures/ResearchBalancedPersistence20260831Audit.lean:130:0: 'IUTThreeClosures.AffineShearAmplification20260831.Seed.V_eq_U_add' depends on axioms: [propext]
info: IUTThreeClosures/ResearchBalancedPersistence20260831Audit.lean:131:0: IUTThreeClosures.AffineShearAmplification20260831.Seed.W_eq_U_add
  (S : IUTThreeClosures.AffineShearAmplification20260831.Seed) (h k : ℕ) : S.W h k = S.U h + S.P * S.b * k
info: IUTThreeClosures/ResearchBalancedPersistence20260831Audit.lean:132:0: 'IUTThreeClosures.AffineShearAmplification20260831.Seed.W_eq_U_add' depends on axioms: [propext]
info: IUTThreeClosures/ResearchBalancedPersistence20260831Audit.lean:133:0: IUTThreeClosures.AffineShearAmplification20260831.Seed.V_eq_W_add
  (S : IUTThreeClosures.AffineShearAmplification20260831.Seed) (h k : ℕ) : S.V h k = S.W h k + S.P * S.a * k
info: IUTThreeClosures/ResearchBalancedPersistence20260831Audit.lean:134:0: 'IUTThreeClosures.AffineShearAmplification20260831.Seed.V_eq_W_add' depends on axioms: [propext]
info: IUTThreeClosures/ResearchBalancedPersistence20260831Audit.lean:135:0: IUTThreeClosures.AffineShearAmplification20260831.Seed.shear_equation
  (S : IUTThreeClosures.AffineShearAmplification20260831.Seed) (h k : ℕ) : S.a * S.U h + S.b * S.V h k = S.c * S.W h k
info: IUTThreeClosures/ResearchBalancedPersistence20260831Audit.lean:136:0: 'IUTThreeClosures.AffineShearAmplification20260831.Seed.shear_equation' depends on axioms: [propext]
info: IUTThreeClosures/ResearchBalancedPersistence20260831Audit.lean:137:0: IUTThreeClosures.AffineShearAmplification20260831.Seed.Parameter
  (S : IUTThreeClosures.AffineShearAmplification20260831.Seed) : Type
info: IUTThreeClosures/ResearchBalancedPersistence20260831Audit.lean:138:0: 'IUTThreeClosures.AffineShearAmplification20260831.Seed.Parameter' does not depend on any axioms
info: IUTThreeClosures/ResearchBalancedPersistence20260831Audit.lean:139:0: IUTThreeClosures.AffineShearAmplification20260831.Seed.Parameter.V_coprime_k
  {S : IUTThreeClosures.AffineShearAmplification20260831.Seed} (q : S.Parameter) : (S.V q.h q.k).Coprime q.k
info: IUTThreeClosures/ResearchBalancedPersistence20260831Audit.lean:140:0: 'IUTThreeClosures.AffineShearAmplification20260831.Seed.Parameter.V_coprime_k' depends on axioms: [propext, Quot.sound]
info: IUTThreeClosures/ResearchBalancedPersistence20260831Audit.lean:141:0: IUTThreeClosures.AffineShearAmplification20260831.Seed.Parameter.W_coprime_k
  {S : IUTThreeClosures.AffineShearAmplification20260831.Seed} (q : S.Parameter) : (S.W q.h q.k).Coprime q.k
info: IUTThreeClosures/ResearchBalancedPersistence20260831Audit.lean:142:0: 'IUTThreeClosures.AffineShearAmplification20260831.Seed.Parameter.W_coprime_k' depends on axioms: [propext, Quot.sound]
info: IUTThreeClosures/ResearchBalancedPersistence20260831Audit.lean:143:0: IUTThreeClosures.AffineShearAmplification20260831.Seed.Parameter.U_coprime_V
  {S : IUTThreeClosures.AffineShearAmplification20260831.Seed} (q : S.Parameter) : (S.U q.h).Coprime (S.V q.h q.k)
info: IUTThreeClosures/ResearchBalancedPersistence20260831Audit.lean:144:0: 'IUTThreeClosures.AffineShearAmplification20260831.Seed.Parameter.U_coprime_V' depends on axioms: [propext, Quot.sound]
info: IUTThreeClosures/ResearchBalancedPersistence20260831Audit.lean:145:0: IUTThreeClosures.AffineShearAmplification20260831.Seed.Parameter.U_coprime_W
  {S : IUTThreeClosures.AffineShearAmplification20260831.Seed} (q : S.Parameter) : (S.U q.h).Coprime (S.W q.h q.k)
info: IUTThreeClosures/ResearchBalancedPersistence20260831Audit.lean:146:0: 'IUTThreeClosures.AffineShearAmplification20260831.Seed.Parameter.U_coprime_W' depends on axioms: [propext, Quot.sound]
info: IUTThreeClosures/ResearchBalancedPersistence20260831Audit.lean:147:0: IUTThreeClosures.AffineShearAmplification20260831.Seed.Parameter.V_coprime_W
  {S : IUTThreeClosures.AffineShearAmplification20260831.Seed} (q : S.Parameter) : (S.V q.h q.k).Coprime (S.W q.h q.k)
info: IUTThreeClosures/ResearchBalancedPersistence20260831Audit.lean:148:0: 'IUTThreeClosures.AffineShearAmplification20260831.Seed.Parameter.V_coprime_W' depends on axioms: [propext, Quot.sound]
info: IUTThreeClosures/ResearchBalancedPersistence20260831Audit.lean:149:0: IUTThreeClosures.AffineShearAmplification20260831.Seed.Parameter.A
  {S : IUTThreeClosures.AffineShearAmplification20260831.Seed} (q : S.Parameter) : ℕ
info: IUTThreeClosures/ResearchBalancedPersistence20260831Audit.lean:150:0: 'IUTThreeClosures.AffineShearAmplification20260831.Seed.Parameter.A' does not depend on any axioms
info: IUTThreeClosures/ResearchBalancedPersistence20260831Audit.lean:151:0: IUTThreeClosures.AffineShearAmplification20260831.Seed.Parameter.B
  {S : IUTThreeClosures.AffineShearAmplification20260831.Seed} (q : S.Parameter) : ℕ
info: IUTThreeClosures/ResearchBalancedPersistence20260831Audit.lean:152:0: 'IUTThreeClosures.AffineShearAmplification20260831.Seed.Parameter.B' does not depend on any axioms
info: IUTThreeClosures/ResearchBalancedPersistence20260831Audit.lean:153:0: IUTThreeClosures.AffineShearAmplification20260831.Seed.Parameter.C
  {S : IUTThreeClosures.AffineShearAmplification20260831.Seed} (q : S.Parameter) : ℕ
info: IUTThreeClosures/ResearchBalancedPersistence20260831Audit.lean:154:0: 'IUTThreeClosures.AffineShearAmplification20260831.Seed.Parameter.C' does not depend on any axioms
info: IUTThreeClosures/ResearchBalancedPersistence20260831Audit.lean:155:0: IUTThreeClosures.AffineShearAmplification20260831.Seed.Parameter.A_pos
  {S : IUTThreeClosures.AffineShearAmplification20260831.Seed} (q : S.Parameter) : 0 < q.A
info: IUTThreeClosures/ResearchBalancedPersistence20260831Audit.lean:156:0: 'IUTThreeClosures.AffineShearAmplification20260831.Seed.Parameter.A_pos' depends on axioms: [propext,
 Classical.choice,
 Quot.sound]
info: IUTThreeClosures/ResearchBalancedPersistence20260831Audit.lean:157:0: IUTThreeClosures.AffineShearAmplification20260831.Seed.Parameter.B_pos
  {S : IUTThreeClosures.AffineShearAmplification20260831.Seed} (q : S.Parameter) : 0 < q.B
info: IUTThreeClosures/ResearchBalancedPersistence20260831Audit.lean:158:0: 'IUTThreeClosures.AffineShearAmplification20260831.Seed.Parameter.B_pos' depends on axioms: [propext,
 Classical.choice,
 Quot.sound]
info: IUTThreeClosures/ResearchBalancedPersistence20260831Audit.lean:159:0: IUTThreeClosures.AffineShearAmplification20260831.Seed.Parameter.C_pos
  {S : IUTThreeClosures.AffineShearAmplification20260831.Seed} (q : S.Parameter) : 0 < q.C
info: IUTThreeClosures/ResearchBalancedPersistence20260831Audit.lean:160:0: 'IUTThreeClosures.AffineShearAmplification20260831.Seed.Parameter.C_pos' depends on axioms: [propext,
 Classical.choice,
 Quot.sound]
info: IUTThreeClosures/ResearchBalancedPersistence20260831Audit.lean:161:0: IUTThreeClosures.AffineShearAmplification20260831.Seed.Parameter.A_add_B_eq_C
  {S : IUTThreeClosures.AffineShearAmplification20260831.Seed} (q : S.Parameter) : q.A + q.B = q.C
info: IUTThreeClosures/ResearchBalancedPersistence20260831Audit.lean:162:0: 'IUTThreeClosures.AffineShearAmplification20260831.Seed.Parameter.A_add_B_eq_C' depends on axioms: [propext]
info: IUTThreeClosures/ResearchBalancedPersistence20260831Audit.lean:163:0: IUTThreeClosures.AffineShearAmplification20260831.Seed.Parameter.A_coprime_B
  {S : IUTThreeClosures.AffineShearAmplification20260831.Seed} (q : S.Parameter) : q.A.Coprime q.B
info: IUTThreeClosures/ResearchBalancedPersistence20260831Audit.lean:164:0: 'IUTThreeClosures.AffineShearAmplification20260831.Seed.Parameter.A_coprime_B' depends on axioms: [propext, Quot.sound]
info: IUTThreeClosures/ResearchBalancedPersistence20260831Audit.lean:165:0: IUTThreeClosures.AffineShearAmplification20260831.Seed.Parameter.B_coprime_C
  {S : IUTThreeClosures.AffineShearAmplification20260831.Seed} (q : S.Parameter) : q.B.Coprime q.C
info: IUTThreeClosures/ResearchBalancedPersistence20260831Audit.lean:166:0: 'IUTThreeClosures.AffineShearAmplification20260831.Seed.Parameter.B_coprime_C' depends on axioms: [propext, Quot.sound]
info: IUTThreeClosures/ResearchBalancedPersistence20260831Audit.lean:167:0: IUTThreeClosures.AffineShearAmplification20260831.Seed.Parameter.C_coprime_A
  {S : IUTThreeClosures.AffineShearAmplification20260831.Seed} (q : S.Parameter) : q.C.Coprime q.A
info: IUTThreeClosures/ResearchBalancedPersistence20260831Audit.lean:168:0: 'IUTThreeClosures.AffineShearAmplification20260831.Seed.Parameter.C_coprime_A' depends on axioms: [propext, Quot.sound]
info: IUTThreeClosures/ResearchBalancedPersistence20260831Audit.lean:169:0: IUTThreeClosures.AffineShearAmplification20260831.Seed.Parameter.point
  {S : IUTThreeClosures.AffineShearAmplification20260831.Seed} (q : S.Parameter) : IUTThreeClosures.ABCPoint
info: IUTThreeClosures/ResearchBalancedPersistence20260831Audit.lean:170:0: 'IUTThreeClosures.AffineShearAmplification20260831.Seed.Parameter.point' depends on axioms: [propext,
 Classical.choice,
 Quot.sound]
info: IUTThreeClosures/ResearchBalancedPersistence20260831Audit.lean:171:0: IUTThreeClosures.AffineShearAmplification20260831.Seed.Parameter.point_a
  {S : IUTThreeClosures.AffineShearAmplification20260831.Seed} (q : S.Parameter) : q.point.a = q.A
info: IUTThreeClosures/ResearchBalancedPersistence20260831Audit.lean:172:0: 'IUTThreeClosures.AffineShearAmplification20260831.Seed.Parameter.point_a' depends on axioms: [propext,
 Classical.choice,
 Quot.sound]
info: IUTThreeClosures/ResearchBalancedPersistence20260831Audit.lean:173:0: IUTThreeClosures.AffineShearAmplification20260831.Seed.Parameter.point_b
  {S : IUTThreeClosures.AffineShearAmplification20260831.Seed} (q : S.Parameter) : q.point.b = q.B
info: IUTThreeClosures/ResearchBalancedPersistence20260831Audit.lean:174:0: 'IUTThreeClosures.AffineShearAmplification20260831.Seed.Parameter.point_b' depends on axioms: [propext,
 Classical.choice,
 Quot.sound]
info: IUTThreeClosures/ResearchBalancedPersistence20260831Audit.lean:175:0: IUTThreeClosures.AffineShearAmplification20260831.Seed.Parameter.point_c
  {S : IUTThreeClosures.AffineShearAmplification20260831.Seed} (q : S.Parameter) : q.point.c = q.C
info: IUTThreeClosures/ResearchBalancedPersistence20260831Audit.lean:176:0: 'IUTThreeClosures.AffineShearAmplification20260831.Seed.Parameter.point_c' depends on axioms: [propext,
 Classical.choice,
 Quot.sound]
info: IUTThreeClosures/ResearchBalancedPersistence20260831Audit.lean:177:0: IUTThreeClosures.AffineShearAmplification20260831.Seed.shear_parameter_injective
  (S : IUTThreeClosures.AffineShearAmplification20260831.Seed) :
  Function.Injective fun hk ↦ (S.a * S.U hk.1, S.b * S.V hk.1 hk.2)
info: IUTThreeClosures/ResearchBalancedPersistence20260831Audit.lean:178:0: 'IUTThreeClosures.AffineShearAmplification20260831.Seed.shear_parameter_injective' depends on axioms: [propext,
 Classical.choice,
 Quot.sound]
ℹ [9208/9224] Replayed IUTThreeClosures.ResearchContinuation20260830Audit
info: IUTThreeClosures/ResearchContinuation20260830Audit.lean:30:0: def IUTThreeClosures.ABCConjecture : Prop :=
∀ (ε : ℝ),
  0 < ε →
    ∃ C,
      ∀ (a b c : ℕ),
        0 < a →
          0 < b →
            0 < c →
              a + b = c →
                PairwiseCoprimeABC a b c →
                  Real.log ↑(max a (max b c)) ≤ (1 + ε) * Real.log ↑(abcRadical (a * b * c)) + C
info: IUTThreeClosures/ResearchContinuation20260830Audit.lean:32:0: @inherited_radical_bound : ∀ {U V W u v w : ℕ},
  0 < u →
    0 < v →
      0 < w →
        UniqueFactorizationMonoid.radical (U * u * (V * v) * (W * w)) ≤
          UniqueFactorizationMonoid.radical (U * V * W) * u * v * w
info: IUTThreeClosures/ResearchContinuation20260830Audit.lean:33:0: 'IUTThreeClosures.AnalyticAmplificationContinuation20260830.inherited_radical_bound' depends on axioms: [propext,
 Classical.choice,
 Quot.sound]
info: IUTThreeClosures/ResearchContinuation20260830Audit.lean:34:0: @inherited_cofactor_certificate_budget : ∀ {U V W u v w : ℕ},
  0 < w →
    UniqueFactorizationMonoid.radical (U * V * W) * u * v * w ≤ W * w →
      UniqueFactorizationMonoid.radical (U * V * W) * (U * u) * (V * v) ≤ U * V * W
info: IUTThreeClosures/ResearchContinuation20260830Audit.lean:35:0: 'IUTThreeClosures.AnalyticAmplificationContinuation20260830.inherited_cofactor_certificate_budget' depends on axioms: [propext,
 Classical.choice,
 Quot.sound]
info: IUTThreeClosures/ResearchContinuation20260830Audit.lean:36:0: @crt_certificate_unique_in_strip : ∀ {U V W L : ℕ} {p q : ℕ × ℕ},
  U.Coprime V →
    U.Coprime W →
      V.Coprime W →
        IsCRTCertificate U V W p →
          IsCRTCertificate U V W q → 2 ≤ U * V * W → L ≤ p.1 → p.1 < 2 * L → L ≤ q.1 → q.1 < 2 * L → p = q
info: IUTThreeClosures/ResearchContinuation20260830Audit.lean:37:0: 'IUTThreeClosures.AnalyticAmplificationContinuation20260830.crt_certificate_unique_in_strip' depends on axioms: [propext,
 Classical.choice,
 Quot.sound]
info: IUTThreeClosures/ResearchContinuation20260830Audit.lean:38:0: @crtCertifiedUpTo_card_le : ∀ {U V W T : ℕ},
  U.Coprime V → U.Coprime W → V.Coprime W → (crtCertifiedUpTo U V W T).card ≤ Nat.log 2 T + 1
info: IUTThreeClosures/ResearchContinuation20260830Audit.lean:39:0: 'IUTThreeClosures.AnalyticAmplificationContinuation20260830.crtCertifiedUpTo_card_le' depends on axioms: [propext,
 Classical.choice,
 Quot.sound]
info: IUTThreeClosures/ResearchContinuation20260830Audit.lean:40:0: @inherited_template_union_card_le : ∀ {a b c T : ℕ},
  a.Coprime b →
    a.Coprime c →
      b.Coprime c →
        (((a.divisors ×ˢ b.divisors) ×ˢ c.divisors).biUnion fun d ↦ crtCertifiedUpTo d.1.1 d.1.2 d.2 T).card ≤
          a.divisors.card * b.divisors.card * c.divisors.card * (Nat.log 2 T + 1)
info: IUTThreeClosures/ResearchContinuation20260830Audit.lean:41:0: 'IUTThreeClosures.AnalyticAmplificationContinuation20260830.inherited_template_union_card_le' depends on axioms: [propext,
 Classical.choice,
 Quot.sound]
info: IUTThreeClosures/ResearchContinuation20260830Audit.lean:42:0: @square_completion_radical_bound : ∀ {a b c x y z : ℕ},
  0 < x →
    0 < y →
      0 < z →
        UniqueFactorizationMonoid.radical (a * x ^ 2 * (b * y ^ 2) * (c * z ^ 2)) ≤
          UniqueFactorizationMonoid.radical (a * b * c) * x * y * z
info: IUTThreeClosures/ResearchContinuation20260830Audit.lean:43:0: 'IUTThreeClosures.AnalyticAmplificationContinuation20260830.square_completion_radical_bound' depends on axioms: [propext,
 Classical.choice,
 Quot.sound]
info: IUTThreeClosures/ResearchContinuation20260830Audit.lean:44:0: square_completion_parameter_identity : ∀ (a b m n : ℤ),
  a * (a * n ^ 2 + b * m ^ 2 - 2 * n * (a * n + b * m)) ^ 2 +
      b * (a * n ^ 2 + b * m ^ 2 - 2 * m * (a * n + b * m)) ^ 2 =
    (a + b) * (a * n ^ 2 + b * m ^ 2) ^ 2
info: IUTThreeClosures/ResearchContinuation20260830Audit.lean:45:0: 'IUTThreeClosures.AnalyticAmplificationContinuation20260830.square_completion_parameter_identity' depends on axioms: [propext,
 Quot.sound]
info: IUTThreeClosures/ResearchContinuation20260830Audit.lean:46:0: @square_completion_certificate_height : ∀ {a b c x y z R : ℕ} {μ : ℝ},
  0 < a →
    0 < b →
      0 < x →
        0 < y →
          a + b = c →
            a * x ^ 2 + b * y ^ 2 = c * z ^ 2 →
              ↑(R * x * y * z) ≤ ↑(c * z ^ 2) ^ μ → ↑R * ↑(c * z ^ 2) ≤ ↑c * ↑(c * z ^ 2) ^ μ
info: IUTThreeClosures/ResearchContinuation20260830Audit.lean:47:0: 'IUTThreeClosures.AnalyticAmplificationContinuation20260830.square_completion_certificate_height' depends on axioms: [propext,
 Classical.choice,
 Quot.sound]
info: IUTThreeClosures/ResearchContinuation20260830Audit.lean:48:0: @seed_radical_product_ge_sq : ∀ {a b c : ℕ},
  0 < a → 0 < b → a + b = c → c ^ 2 ≤ UniqueFactorizationMonoid.radical (a * b * c) * (a * b * c)
info: IUTThreeClosures/ResearchContinuation20260830Audit.lean:49:0: 'IUTThreeClosures.AnalyticAmplificationContinuation20260830.seed_radical_product_ge_sq' depends on axioms: [propext,
 Classical.choice,
 Quot.sound]
info: IUTThreeClosures/ResearchContinuation20260830Audit.lean:50:0: @half_lt_bblt_exponent : ∀ {μ : ℝ}, 0 < μ → μ < 1 → μ / 2 < min (2 * μ / 3) (min ((23 * μ + 3) / 40) (3 / 5))
info: IUTThreeClosures/ResearchContinuation20260830Audit.lean:51:0: 'IUTThreeClosures.AnalyticAmplificationContinuation20260830.half_lt_bblt_exponent' depends on axioms: [propext,
 Classical.choice,
 Quot.sound]
info: IUTThreeClosures/ResearchContinuation20260830Audit.lean:53:0: @mem_range_of_det_dvd_cramer : ∀ {R : Type u_1} [inst : CommRing R] [IsDomain R] {n : Type u_2} [inst_2 : Fintype n]
  [inst_3 : DecidableEq n] (A : Matrix n n R),
  A.det ≠ 0 → ∀ (s : n → R), (∀ (j : n), A.det ∣ (A.updateCol j s).det) → s ∈ A.mulVecLin.range
info: IUTThreeClosures/ResearchContinuation20260830Audit.lean:54:0: 'IUTThreeClosures.DVRReachableHaar20260830.mem_range_of_det_dvd_cramer' depends on axioms: [propext,
 Classical.choice,
 Quot.sound]
info: IUTThreeClosures/ResearchContinuation20260830Audit.lean:55:0: @exists_reachable_min_det_span : ∀ {R : Type u_1} [inst : CommRing R] [inst_1 : IsDomain R]
  [inst_2 : IsDiscreteValuationRing R] {n : Type u_2} [inst_3 : Fintype n] [inst_4 : DecidableEq n] (S : Set (n → R)),
  (∃ A, (∀ (j : n), A.col j ∈ S) ∧ A.det ≠ 0) →
    ∃ d A,
      (∀ (j : n), A.col j ∈ S) ∧
        A.det ≠ 0 ∧
          (IsDiscreteValuationRing.addVal R) A.det = ↑d ∧
            (∀ (B : Matrix n n R), (∀ (j : n), B.col j ∈ S) → A.det ∣ B.det) ∧ Submodule.span R S = A.mulVecLin.range
info: IUTThreeClosures/ResearchContinuation20260830Audit.lean:56:0: 'IUTThreeClosures.DVRReachableHaar20260830.exists_reachable_min_det_span' depends on axioms: [propext,
 Classical.choice,
 Quot.sound]
info: IUTThreeClosures/ResearchContinuation20260830Audit.lean:57:0: @cardQuot_matrix_range : ∀ {R : Type u_1} [inst : CommRing R] [inst_1 : IsDomain R] [inst_2 : IsDiscreteValuationRing R]
  {n : Type u_2} [inst_3 : Fintype n] [inst_4 : DecidableEq n] (A : Matrix n n R),
  A.det ≠ 0 → A.mulVecLin.range.cardQuot = residueCard R ^ ((IsDiscreteValuationRing.addVal R) A.det).toNat
info: IUTThreeClosures/ResearchContinuation20260830Audit.lean:58:0: 'IUTThreeClosures.DVRReachableHaar20260830.cardQuot_matrix_range' depends on axioms: [propext,
 Classical.choice,
 Quot.sound]
info: IUTThreeClosures/ResearchContinuation20260830Audit.lean:59:0: @matrix_range_isClosed : ∀ {R : Type u_1} [inst : CommRing R] {n : Type u_2} [inst_1 : Fintype n]
  [inst_2 : TopologicalSpace R] [IsTopologicalRing R] [CompactSpace R] [T2Space R] (A : Matrix n n R),
  IsClosed ↑A.mulVecLin.range
info: IUTThreeClosures/ResearchContinuation20260830Audit.lean:60:0: 'IUTThreeClosures.DVRReachableHaar20260830.matrix_range_isClosed' depends on axioms: [propext,
 Classical.choice,
 Quot.sound]
info: IUTThreeClosures/ResearchContinuation20260830Audit.lean:61:0: @measure_matrix_range : ∀ {R : Type u_1} [inst : CommRing R] [inst_1 : IsDomain R] [inst_2 : IsDiscreteValuationRing R]
  {n : Type u_2} [inst_3 : Fintype n] [inst_4 : DecidableEq n] [inst_5 : TopologicalSpace R] [IsTopologicalRing R]
  [CompactSpace R] [T2Space R] [inst_9 : MeasurableSpace (n → R)] [BorelSpace (n → R)] [MeasurableAdd (n → R)]
  [Finite (IsLocalRing.ResidueField R)] (μ : MeasureTheory.Measure (n → R)) [μ.IsAddLeftInvariant],
  μ Set.univ = 1 →
    ∀ (A : Matrix n n R),
      A.det ≠ 0 → μ ↑A.mulVecLin.range = (↑(residueCard R) ^ ((IsDiscreteValuationRing.addVal R) A.det).toNat)⁻¹
info: IUTThreeClosures/ResearchContinuation20260830Audit.lean:62:0: 'IUTThreeClosures.DVRReachableHaar20260830.measure_matrix_range' depends on axioms: [propext,
 Classical.choice,
 Quot.sound]
info: IUTThreeClosures/ResearchContinuation20260830Audit.lean:63:0: @log_measure_matrix_range : ∀ {R : Type u_1} [inst : CommRing R] [inst_1 : IsDomain R]
  [inst_2 : IsDiscreteValuationRing R] {n : Type u_2} [inst_3 : Fintype n] [inst_4 : DecidableEq n]
  [inst_5 : TopologicalSpace R] [IsTopologicalRing R] [CompactSpace R] [T2Space R] [inst_9 : MeasurableSpace (n → R)]
  [BorelSpace (n → R)] [MeasurableAdd (n → R)] [Finite (IsLocalRing.ResidueField R)] (μ : MeasureTheory.Measure (n → R))
  [μ.IsAddLeftInvariant],
  μ Set.univ = 1 →
    ∀ (A : Matrix n n R),
      A.det ≠ 0 →
        Real.log (μ ↑A.mulVecLin.range).toReal =
          -↑((IsDiscreteValuationRing.addVal R) A.det).toNat * Real.log ↑(residueCard R)
info: IUTThreeClosures/ResearchContinuation20260830Audit.lean:64:0: 'IUTThreeClosures.DVRReachableHaar20260830.log_measure_matrix_range' depends on axioms: [propext,
 Classical.choice,
 Quot.sound]
info: IUTThreeClosures/ResearchContinuation20260830Audit.lean:65:0: @exists_reachable_closed_span_volume : ∀ {R : Type u_1} [inst : CommRing R] [inst_1 : IsDomain R]
  [inst_2 : IsDiscreteValuationRing R] {n : Type u_2} [inst_3 : Fintype n] [inst_4 : DecidableEq n]
  [inst_5 : TopologicalSpace R] [IsTopologicalRing R] [CompactSpace R] [T2Space R] [inst_9 : MeasurableSpace (n → R)]
  [BorelSpace (n → R)] [MeasurableAdd (n → R)] [Finite (IsLocalRing.ResidueField R)] (μ : MeasureTheory.Measure (n → R))
  [μ.IsAddLeftInvariant],
  μ Set.univ = 1 →
    ∀ (S : Set (n → R)),
      (∃ A, (∀ (j : n), A.col j ∈ S) ∧ A.det ≠ 0) →
        ∃ d A,
          (∀ (j : n), A.col j ∈ S) ∧
            A.det ≠ 0 ∧
              (IsDiscreteValuationRing.addVal R) A.det = ↑d ∧
                (∀ (B : Matrix n n R), (∀ (j : n), B.col j ∈ S) → A.det ∣ B.det) ∧
                  Submodule.span R S = A.mulVecLin.range ∧
                    IsClosed ↑(Submodule.span R S) ∧
                      μ (closure ↑(Submodule.span R S)) = (↑(residueCard R) ^ d)⁻¹ ∧
                        Real.log (μ (closure ↑(Submodule.span R S))).toReal = -↑d * Real.log ↑(residueCard R)
info: IUTThreeClosures/ResearchContinuation20260830Audit.lean:66:0: 'IUTThreeClosures.DVRReachableHaar20260830.exists_reachable_closed_span_volume' depends on axioms: [propext,
 Classical.choice,
 Quot.sound]
info: IUTThreeClosures/ResearchContinuation20260830Audit.lean:68:0: geometry_logAbsorption : ∀ (X M : ℝ), 0 < X → 0 < M → X ≤ M * Real.log (3 * X) → X ≤ 2 * M * Real.log (3 * M)
info: IUTThreeClosures/ResearchContinuation20260830Audit.lean:69:0: 'IUTThreeClosures.geometry_logAbsorption' depends on axioms: [propext, Classical.choice, Quot.sound]
info: IUTThreeClosures/ResearchContinuation20260830Audit.lean:70:0: geometry_jointSixthLogCorridor : ∀ (H A B D KA KB L : ℝ),
  D = 3 * A * B → H ^ 2 ≤ KA * A * L ^ 4 → H ^ 2 ≤ KB * B * L ^ 2 → 3 * H ^ 4 ≤ KA * KB * D * L ^ 6
info: IUTThreeClosures/ResearchContinuation20260830Audit.lean:71:0: 'IUTThreeClosures.geometry_jointSixthLogCorridor' depends on axioms: [propext, Classical.choice, Quot.sound]
info: IUTThreeClosures/ResearchContinuation20260830Audit.lean:72:0: geometry_normThreeRatioBounds : ∀ (b u r s : ℝ),
  0 < b →
    0 ≤ u →
      0 ≤ r →
        0 ≤ s →
          u ^ 2 = b →
            r ^ 2 = b + 2 →
              s ^ 2 = b + 3 → 0 < (s + u) / (s + r) ∧ (s + u) / (s + r) < 1 ∧ 2 * b * (1 - (s + u) / (s + r)) < 1
info: IUTThreeClosures/ResearchContinuation20260830Audit.lean:73:0: 'IUTThreeClosures.geometry_normThreeRatioBounds' depends on axioms: [propext, Classical.choice, Quot.sound]
info: IUTThreeClosures/ResearchContinuation20260830Audit.lean:74:0: geometry_indexTwoRatioBound : ∀ (b γ : ℝ),
  0 < b → 0 < γ → γ < 1 → 2 * b * (1 - γ) < 1 → ∀ (N : ℕ), 1 ≤ N → N ≤ 2 → 0 < γ ^ N ∧ γ ^ N < 1 ∧ b * (1 - γ ^ N) < 1
info: IUTThreeClosures/ResearchContinuation20260830Audit.lean:75:0: 'IUTThreeClosures.geometry_indexTwoRatioBound' depends on axioms: [propext, Classical.choice, Quot.sound]
info: IUTThreeClosures/ResearchContinuation20260830Audit.lean:76:0: ABCPoint.geometryFrey_invariantNormalization : ∀ (P : ABCPoint),
  (abcFreyCurveZ P).c₄ = 4 ^ 2 * ↑P.legendreCore ∧ (abcFreyCurveZ P).c₆ = 4 ^ 3 * P.geometryFreyY
info: IUTThreeClosures/ResearchContinuation20260830Audit.lean:77:0: 'IUTThreeClosures.ABCPoint.geometryFrey_invariantNormalization' depends on axioms: [propext,
 Classical.choice,
 Quot.sound]
info: IUTThreeClosures/ResearchContinuation20260830Audit.lean:78:0: ABCPoint.geometryFrey_normalizedMordellPoint : ∀ (P : ABCPoint),
  P.geometryFreyY ^ 2 = ↑P.legendreCore ^ 3 - 27 * ↑P.geometryFreyHalfProduct ^ 2
info: IUTThreeClosures/ResearchContinuation20260830Audit.lean:79:0: 'IUTThreeClosures.ABCPoint.geometryFrey_normalizedMordellPoint' depends on axioms: [propext,
 Classical.choice,
 Quot.sound]
info: IUTThreeClosures/ResearchContinuation20260830Audit.lean:80:0: ABCPoint.geometryFrey_weightedPrimitive : ∀ (P : ABCPoint) (z : ℕ),
  0 < z → z ^ 2 ∣ P.legendreCore → ↑z ^ 3 ∣ P.geometryFreyY → z = 1
info: IUTThreeClosures/ResearchContinuation20260830Audit.lean:81:0: 'IUTThreeClosures.ABCPoint.geometryFrey_weightedPrimitive' depends on axioms: [propext, Classical.choice, Quot.sound]
info: IUTThreeClosures/ResearchContinuation20260830Audit.lean:82:0: ABCPoint.geometryFrey_normalizedCubicSplit : ∀ (P : ABCPoint) (U V : ℤ),
  U ^ 3 - 3 * ↑P.legendreCore * U * V ^ 2 + 2 * P.geometryFreyY * V ^ 3 =
    (U - (↑P.a - ↑P.b) * V) * (U - (↑P.a + 2 * ↑P.b) * V) * (U + (2 * ↑P.a + ↑P.b) * V)
info: IUTThreeClosures/ResearchContinuation20260830Audit.lean:83:0: 'IUTThreeClosures.ABCPoint.geometryFrey_normalizedCubicSplit' depends on axioms: [propext, Classical.choice, Quot.sound]
info: IUTThreeClosures/ResearchContinuation20260830Audit.lean:85:0: @principalHull_le : ∀ {T : Type u_1} [inst : CommRing T] (O : Subring T) (H : Submodule (↥O) T) {t : T},
  t ∈ H → ↥O ∙ t ≤ H
info: IUTThreeClosures/ResearchContinuation20260830Audit.lean:86:0: 'IUTThreeClosures.IUTReachabilityContinuation20260830.principalHull_le' depends on axioms: [propext, Quot.sound]
info: IUTThreeClosures/ResearchContinuation20260830Audit.lean:87:0: @isUnit_tmul : ∀ {K : Type u_1} {A : Type u_2} {B : Type u_3} [inst : CommRing K] [inst_1 : CommRing A]
  [inst_2 : CommRing B] [inst_3 : Algebra K A] [inst_4 : Algebra K B] {a : A} {b : B},
  IsUnit a → IsUnit b → IsUnit (a ⊗ₜ[K] b)
info: IUTThreeClosures/ResearchContinuation20260830Audit.lean:88:0: 'IUTThreeClosures.IUTReachabilityContinuation20260830.isUnit_tmul' depends on axioms: [propext, Quot.sound]
info: IUTThreeClosures/ResearchContinuation20260830Audit.lean:89:0: @linearIndependent_tmul_mul : ∀ {K : Type u_1} {A : Type u_2} {B : Type u_3} [inst : CommRing K] [inst_1 : CommRing A]
  [inst_2 : CommRing B] [inst_3 : Algebra K A] [inst_4 : Algebra K B] {ι : Type u_4} (v : ι → TensorProduct K A B),
  LinearIndependent K v → ∀ {a : A} {b : B}, IsUnit a → IsUnit b → LinearIndependent K fun i ↦ a ⊗ₜ[K] b * v i
info: IUTThreeClosures/ResearchContinuation20260830Audit.lean:90:0: 'IUTThreeClosures.IUTReachabilityContinuation20260830.linearIndependent_tmul_mul' depends on axioms: [propext,
 Classical.choice,
 Quot.sound]
info: IUTThreeClosures/ResearchContinuation20260830Audit.lean:91:0: @scaledIntegralTensorSpan_le_hull : ∀ {K : Type u_1} {A : Type u_2} {B : Type u_3} [inst : CommRing K]
  [inst_1 : CommRing A] [inst_2 : CommRing B] [inst_3 : Algebra K A] [inst_4 : Algebra K B] (OA : Subring A)
  (OB : Subring B) (O : Subring (TensorProduct K A B)) (H : Submodule (↥O) (TensorProduct K A B)),
  (∀ (x : ↥OA), ↑x ⊗ₜ[K] 1 ∈ O) →
    (∀ (y : ↥OB), 1 ⊗ₜ[K] ↑y ∈ O) →
      ∀ {a : A} {b : B}, a ⊗ₜ[K] b ∈ H → scaledIntegralTensorSpan OA OB a b ≤ Submodule.restrictScalars ℤ H
info: IUTThreeClosures/ResearchContinuation20260830Audit.lean:92:0: 'IUTThreeClosures.IUTReachabilityContinuation20260830.scaledIntegralTensorSpan_le_hull' depends on axioms: [propext,
 Quot.sound]
info: IUTThreeClosures/ResearchContinuation20260830Audit.lean:94:0: pellMatveevRoot_sq : ∀ (t : ℝ), 1 < t → pellMatveevRoot t ^ 2 = pellMatveevRoot (2 * t ^ 2 - 1)
info: IUTThreeClosures/ResearchContinuation20260830Audit.lean:95:0: 'IUTThreeClosures.pellMatveevRoot_sq' depends on axioms: [propext, Classical.choice, Quot.sound]
info: IUTThreeClosures/ResearchContinuation20260830Audit.lean:96:0: pellMatveevEta_of_packet : ∀ (b r s : ℝ),
  0 ≤ r → 0 ≤ s → b + 2 = 3 * r ^ 2 → b + 3 = s ^ 2 → pellMatveevEta b = s + r * √3
info: IUTThreeClosures/ResearchContinuation20260830Audit.lean:97:0: 'IUTThreeClosures.pellMatveevEta_of_packet' depends on axioms: [propext, Classical.choice, Quot.sound]
info: IUTThreeClosures/ResearchContinuation20260830Audit.lean:98:0: pellMatveevEta_fourth : ∀ (b : ℝ), 0 < b → pellMatveevEta b ^ 4 = pellMatveevRoot (8 * b ^ 2 + 40 * b + 49)
info: IUTThreeClosures/ResearchContinuation20260830Audit.lean:99:0: 'IUTThreeClosures.pellMatveevEta_fourth' depends on axioms: [propext, Classical.choice, Quot.sound]
info: IUTThreeClosures/ResearchContinuation20260830Audit.lean:100:0: pellMatveev_actualApproximation : ∀ (b : ℝ),
  22 ≤ b →
    1 < pellMatveevEta b ^ 4 / (8 * pellMatveevW b) ∧
      pellMatveevEta b ^ 4 / (8 * pellMatveevW b) < 1 + 2 / b ∧ pellMatveevEta b ^ 2 < pellMatveevW b
info: IUTThreeClosures/ResearchContinuation20260830Audit.lean:101:0: 'IUTThreeClosures.pellMatveev_actualApproximation' depends on axioms: [propext, Classical.choice, Quot.sound]
info: IUTThreeClosures/ResearchContinuation20260830Audit.lean:102:0: pellMatveev_actualLogLower : ∀ (b : ℝ),
  22 ≤ b →
    have Λ := Real.log (pellMatveevEta b ^ 4 / (8 * pellMatveevW b));
    0 < Λ ∧ Λ < 2 / b ∧ Real.log (b + 2) / 2 < -Real.log Λ
info: IUTThreeClosures/ResearchContinuation20260830Audit.lean:103:0: 'IUTThreeClosures.pellMatveev_actualLogLower' depends on axioms: [propext, Classical.choice, Quot.sound]
info: IUTThreeClosures/ResearchContinuation20260830Audit.lean:104:0: pellMatveev_actualLogHeight : ∀ (b : ℝ), 22 ≤ b → Real.log (pellMatveevW b) < 3 * Real.log (b + 2)
info: IUTThreeClosures/ResearchContinuation20260830Audit.lean:105:0: 'IUTThreeClosures.pellMatveev_actualLogHeight' depends on axioms: [propext, Classical.choice, Quot.sound]
info: IUTThreeClosures/ResearchContinuation20260830Audit.lean:106:0: pellMatveev_normalizedExponentBound : ∀ (m p leps ldelta leta lW : ℝ),
  2 ≤ p →
    0 < ldelta →
      m * leps = leta →
        p * ldelta = lW →
          2 * leta < lW →
            6 * Real.log 2 < 4 * ldelta →
              max 1 (max (4 * m * (2 * leps) / (2 * ldelta)) (max (3 * (4 * Real.log 2) / (2 * ldelta)) p)) ≤ 2 * p
info: IUTThreeClosures/ResearchContinuation20260830Audit.lean:107:0: 'IUTThreeClosures.pellMatveev_normalizedExponentBound' depends on axioms: [propext, Classical.choice, Quot.sound]
info: IUTThreeClosures/ResearchContinuation20260830Audit.lean:108:0: pellMatveev_indexAbsorption : ∀ (p : ℝ), 0 < p → p < 2 ^ 52 * Real.log (2 * Real.exp 1 * p) → p < 2 ^ 59
info: IUTThreeClosures/ResearchContinuation20260830Audit.lean:109:0: 'IUTThreeClosures.pellMatveev_indexAbsorption' depends on axioms: [propext, Classical.choice, Quot.sound]
info: IUTThreeClosures/ResearchContinuation20260830Audit.lean:110:0: pellMatveev_explicitEstimate_indexBound : ∀ (H p ell : ℝ),
  0 < H → 0 < p → H / 2 < ell → ell < 2 ^ 38 * 16 * 3 * 96 * (H / p) * Real.log (2 * Real.exp 1 * p) → p < 2 ^ 59
info: IUTThreeClosures/ResearchContinuation20260830Audit.lean:111:0: 'IUTThreeClosures.pellMatveev_explicitEstimate_indexBound' depends on axioms: [propext, Classical.choice, Quot.sound]
info: IUTThreeClosures/ResearchContinuation20260830Audit.lean:112:0: pellMatveev_effectiveHeightCap : ∀ (H p : ℝ),
  0 < p → p < 2 ^ 59 → H ≤ Real.exp (4300 * p ^ 5) → H < Real.exp (4300 * 2 ^ 295)
info: IUTThreeClosures/ResearchContinuation20260830Audit.lean:113:0: 'IUTThreeClosures.pellMatveev_effectiveHeightCap' depends on axioms: [propext, Classical.choice, Quot.sound]
info: IUTThreeClosures/ResearchContinuation20260830Audit.lean:114:0: pellMatveev_effectiveCoordinateCap : ∀ (b p : ℝ),
  0 < b + 2 →
    0 < p → p < 2 ^ 59 → Real.log (b + 2) ≤ Real.exp (4300 * p ^ 5) → b + 2 < Real.exp (Real.exp (4300 * 2 ^ 295))
info: IUTThreeClosures/ResearchContinuation20260830Audit.lean:115:0: 'IUTThreeClosures.pellMatveev_effectiveCoordinateCap' depends on axioms: [propext, Classical.choice, Quot.sound]
info: IUTThreeClosures/ResearchContinuation20260830Audit.lean:117:0: @image_coherentCollation : ∀ {R : Type u_1} [inst : Semiring R] {Y : Type u_2} {M : Y → Type u_3}
  [inst_1 : (y : Y) → AddCommMonoid (M y)] [inst_2 : (y : Y) → Module R (M y)] {G : Type u_4} {A : Type u_5}
  {U : Type u_6} [inst_3 : AddCommMonoid U] [inst_4 : Module R U] {V : Type u_7} [inst_5 : AddCommMonoid V]
  [inst_6 : Module R V] (label : G → A → Y) (classes : (g : G) → (a : A) → M (label g a)) (c : U ≃ₗ[R] V),
  (fun v a ↦ c (v a)) '' coherentCollation label classes U = coherentCollation label classes V
info: IUTThreeClosures/ResearchContinuation20260830Audit.lean:118:0: 'IUTThreeClosures.IUTTargetReset20260830.image_coherentCollation' depends on axioms: [propext, Quot.sound]
info: IUTThreeClosures/ResearchContinuation20260830Audit.lean:119:0: @map_span_coherentCollation : ∀ {R : Type u_1} [inst : Semiring R] {Y : Type u_2} {M : Y → Type u_3}
  [inst_1 : (y : Y) → AddCommMonoid (M y)] [inst_2 : (y : Y) → Module R (M y)] {G : Type u_4} {A : Type u_5}
  {U : Type u_6} [inst_3 : AddCommMonoid U] [inst_4 : Module R U] {V : Type u_7} [inst_5 : AddCommMonoid V]
  [inst_6 : Module R V] (label : G → A → Y) (classes : (g : G) → (a : A) → M (label g a)) (c : U ≃ₗ[R] V),
  Submodule.map (↑(LinearEquiv.piCongrRight fun x ↦ c)) (Submodule.span R (coherentCollation label classes U)) =
    Submodule.span R (coherentCollation label classes V)
info: IUTThreeClosures/ResearchContinuation20260830Audit.lean:120:0: 'IUTThreeClosures.IUTTargetReset20260830.map_span_coherentCollation' depends on axioms: [propext,
 Classical.choice,
 Quot.sound]
info: IUTThreeClosures/ResearchContinuation20260830Audit.lean:121:0: @coherentCollation_reindex : ∀ {R : Type u_1} [inst : Semiring R] {Y : Type u_2} {M : Y → Type u_3}
  [inst_1 : (y : Y) → AddCommMonoid (M y)] [inst_2 : (y : Y) → Module R (M y)] {G : Type u_4} {A : Type u_5}
  {U : Type u_6} [inst_3 : AddCommMonoid U] [inst_4 : Module R U] {G' : Type u_7} (e : G' ≃ G) (label : G → A → Y)
  (classes : (g : G) → (a : A) → M (label g a)),
  coherentCollation (fun g' a ↦ label (e g') a) (fun g' a ↦ classes (e g') a) U = coherentCollation label classes U
info: IUTThreeClosures/ResearchContinuation20260830Audit.lean:122:0: 'IUTThreeClosures.IUTTargetReset20260830.coherentCollation_reindex' depends on axioms: [propext, Quot.sound]
ℹ [9209/9224] Replayed IUTThreeClosures.ResearchDualRouteContinuation20260831Audit
info: IUTThreeClosures/ResearchDualRouteContinuation20260831Audit.lean:18:0: def IUTThreeClosures.ABCConjecture : Prop :=
∀ (ε : ℝ),
  0 < ε →
    ∃ C,
      ∀ (a b c : ℕ),
        0 < a →
          0 < b →
            0 < c →
              a + b = c →
                IUTThreeClosures.PairwiseCoprimeABC a b c →
                  Real.log ↑(max a (max b c)) ≤ (1 + ε) * Real.log ↑(IUTThreeClosures.abcRadical (a * b * c)) + C
info: IUTThreeClosures/ResearchDualRouteContinuation20260831Audit.lean:21:0: IUTThreeClosures.ABCMixedFullCampana20260831.mixedFullSlope_nonneg (p q r : ℕ) :
  0 ≤ IUTThreeClosures.ABCMixedFullCampana20260831.mixedFullSlope p q r
info: IUTThreeClosures/ResearchDualRouteContinuation20260831Audit.lean:22:0: 'IUTThreeClosures.ABCMixedFullCampana20260831.mixedFullSlope_nonneg' depends on axioms: [propext,
 Classical.choice,
 Quot.sound]
info: IUTThreeClosures/ResearchDualRouteContinuation20260831Audit.lean:23:0: IUTThreeClosures.ABCMixedFullCampana20260831.mixedFullSlope_eq_pairSum_div_product {p q r : ℕ} (hp : 0 < p) (hq : 0 < q)
  (hr : 0 < r) :
  IUTThreeClosures.ABCMixedFullCampana20260831.mixedFullSlope p q r = ↑(q * r + p * r + p * q) / ↑(p * q * r)
info: IUTThreeClosures/ResearchDualRouteContinuation20260831Audit.lean:24:0: 'IUTThreeClosures.ABCMixedFullCampana20260831.mixedFullSlope_eq_pairSum_div_product' depends on axioms: [propext,
 Classical.choice,
 Quot.sound]
info: IUTThreeClosures/ResearchDualRouteContinuation20260831Audit.lean:25:0: IUTThreeClosures.ABCMixedFullCampana20260831.mixedFullSlope_lt_one_iff_pairSum_lt_product {p q r : ℕ} (hp : 0 < p)
  (hq : 0 < q) (hr : 0 < r) :
  IUTThreeClosures.ABCMixedFullCampana20260831.mixedFullSlope p q r < 1 ↔ q * r + p * r + p * q < p * q * r
info: IUTThreeClosures/ResearchDualRouteContinuation20260831Audit.lean:26:0: 'IUTThreeClosures.ABCMixedFullCampana20260831.mixedFullSlope_lt_one_iff_pairSum_lt_product' depends on axioms: [propext,
 Classical.choice,
 Quot.sound]
info: IUTThreeClosures/ResearchDualRouteContinuation20260831Audit.lean:27:0: IUTThreeClosures.ABCMixedFullCampana20260831.radical_pow_pqr_le_c_pow_pairSum (P : IUTThreeClosures.ABCPoint)
  {p q r : ℕ} (hfull : IUTThreeClosures.ABCMixedFullCampana20260831.MixedFull P p q r) :
  IUTThreeClosures.abcRadical (P.a * P.b * P.c) ^ (p * q * r) ≤ P.c ^ (q * r + p * r + p * q)
info: IUTThreeClosures/ResearchDualRouteContinuation20260831Audit.lean:28:0: 'IUTThreeClosures.ABCMixedFullCampana20260831.radical_pow_pqr_le_c_pow_pairSum' depends on axioms: [propext,
 Classical.choice,
 Quot.sound]
info: IUTThreeClosures/ResearchDualRouteContinuation20260831Audit.lean:29:0: IUTThreeClosures.ABCMixedFullCampana20260831.conductor_le_mixedFullSlope_mul_height (P : IUTThreeClosures.ABCPoint)
  {p q r : ℕ} (hp : 0 < p) (hq : 0 < q) (hr : 0 < r)
  (hfull : IUTThreeClosures.ABCMixedFullCampana20260831.MixedFull P p q r) :
  P.conductor ≤ IUTThreeClosures.ABCMixedFullCampana20260831.mixedFullSlope p q r * P.height
info: IUTThreeClosures/ResearchDualRouteContinuation20260831Audit.lean:30:0: 'IUTThreeClosures.ABCMixedFullCampana20260831.conductor_le_mixedFullSlope_mul_height' depends on axioms: [propext,
 Classical.choice,
 Quot.sound]
info: IUTThreeClosures/ResearchDualRouteContinuation20260831Audit.lean:31:0: IUTThreeClosures.ABCMixedFullCampana20260831.exists_positive_epsilon_of_mixedFullSlope_lt_one {p q r : ℕ}
  (hsubunit : IUTThreeClosures.ABCMixedFullCampana20260831.mixedFullSlope p q r < 1) :
  ∃ ε, 0 < ε ∧ (1 + ε) * IUTThreeClosures.ABCMixedFullCampana20260831.mixedFullSlope p q r < 1
info: IUTThreeClosures/ResearchDualRouteContinuation20260831Audit.lean:32:0: 'IUTThreeClosures.ABCMixedFullCampana20260831.exists_positive_epsilon_of_mixedFullSlope_lt_one' depends on axioms: [propext,
 Classical.choice,
 Quot.sound]
info: IUTThreeClosures/ResearchDualRouteContinuation20260831Audit.lean:33:0: IUTThreeClosures.ABCMixedFullCampana20260831.abcConjecture_implies_mixedFull_height_bound
  (habc : IUTThreeClosures.ABCConjecture) {p q r : ℕ} (hp : 0 < p) (hq : 0 < q) (hr : 0 < r)
  (hsubunit : IUTThreeClosures.ABCMixedFullCampana20260831.mixedFullSlope p q r < 1) :
  ∃ H, ∀ (P : IUTThreeClosures.ABCPoint), IUTThreeClosures.ABCMixedFullCampana20260831.MixedFull P p q r → P.height ≤ H
info: IUTThreeClosures/ResearchDualRouteContinuation20260831Audit.lean:34:0: 'IUTThreeClosures.ABCMixedFullCampana20260831.abcConjecture_implies_mixedFull_height_bound' depends on axioms: [propext,
 Classical.choice,
 Quot.sound]
info: IUTThreeClosures/ResearchDualRouteContinuation20260831Audit.lean:35:0: IUTThreeClosures.ABCMixedFullCampana20260831.not_abcConjecture_of_unbounded_mixedFull_family
  (P : ℕ → IUTThreeClosures.ABCPoint) {p q r : ℕ} (hp : 0 < p) (hq : 0 < q) (hr : 0 < r)
  (hsubunit : IUTThreeClosures.ABCMixedFullCampana20260831.mixedFullSlope p q r < 1)
  (hfull : ∀ (n : ℕ), IUTThreeClosures.ABCMixedFullCampana20260831.MixedFull (P n) p q r)
  (hunbounded : ∀ (B : ℝ), ∃ n, B < (P n).height) : ¬IUTThreeClosures.ABCConjecture
info: IUTThreeClosures/ResearchDualRouteContinuation20260831Audit.lean:36:0: 'IUTThreeClosures.ABCMixedFullCampana20260831.not_abcConjecture_of_unbounded_mixedFull_family' depends on axioms: [propext,
 Classical.choice,
 Quot.sound]
info: IUTThreeClosures/ResearchDualRouteContinuation20260831Audit.lean:37:0: IUTThreeClosures.ABCMixedFullCampana20260831.mixedFullSlope (p q r : ℕ) : ℝ
info: IUTThreeClosures/ResearchDualRouteContinuation20260831Audit.lean:38:0: 'IUTThreeClosures.ABCMixedFullCampana20260831.mixedFullSlope' depends on axioms: [propext, Classical.choice, Quot.sound]
info: IUTThreeClosures/ResearchDualRouteContinuation20260831Audit.lean:39:0: IUTThreeClosures.ABCMixedFullCampana20260831.MixedFull (P : IUTThreeClosures.ABCPoint) (p q r : ℕ) : Prop
info: IUTThreeClosures/ResearchDualRouteContinuation20260831Audit.lean:40:0: 'IUTThreeClosures.ABCMixedFullCampana20260831.MixedFull' depends on axioms: [propext, Classical.choice, Quot.sound]
info: IUTThreeClosures/ResearchDualRouteContinuation20260831Audit.lean:43:0: IUTThreeClosures.FreyIsogenyConductorSharpness20260831.endpointC_eq_two_halfEndpointNat (n : ℕ) :
  IUTThreeClosures.FreyEntireIsogenyArithmetic20260831.endpointC n =
    2 * IUTThreeClosures.FreyIsogenyConductorSharpness20260831.halfEndpointNat n
info: IUTThreeClosures/ResearchDualRouteContinuation20260831Audit.lean:44:0: 'IUTThreeClosures.FreyIsogenyConductorSharpness20260831.endpointC_eq_two_halfEndpointNat' depends on axioms: [propext,
 Quot.sound]
info: IUTThreeClosures/ResearchDualRouteContinuation20260831Audit.lean:45:0: IUTThreeClosures.FreyIsogenyConductorSharpness20260831.oddEndpoint_eq_two_half_sub_one (n : ℕ) :
  IUTThreeClosures.FreyIsogenyConductorSharpness20260831.oddEndpoint n =
    2 * IUTThreeClosures.FreyIsogenyConductorSharpness20260831.halfEndpointNat n - 1
info: IUTThreeClosures/ResearchDualRouteContinuation20260831Audit.lean:46:0: 'IUTThreeClosures.FreyIsogenyConductorSharpness20260831.oddEndpoint_eq_two_half_sub_one' depends on axioms: [propext,
 Quot.sound]
info: IUTThreeClosures/ResearchDualRouteContinuation20260831Audit.lean:47:0: IUTThreeClosures.FreyIsogenyConductorSharpness20260831.endpointC_sub_one_eq_oddEndpoint (n : ℕ) :
  IUTThreeClosures.FreyEntireIsogenyArithmetic20260831.endpointC n - 1 =
    IUTThreeClosures.FreyIsogenyConductorSharpness20260831.oddEndpoint n
info: IUTThreeClosures/ResearchDualRouteContinuation20260831Audit.lean:48:0: 'IUTThreeClosures.FreyIsogenyConductorSharpness20260831.endpointC_sub_one_eq_oddEndpoint' depends on axioms: [propext]
info: IUTThreeClosures/ResearchDualRouteContinuation20260831Audit.lean:49:0: IUTThreeClosures.FreyIsogenyConductorSharpness20260831.halfEndpointNat_pos (n : ℕ) :
  0 < IUTThreeClosures.FreyIsogenyConductorSharpness20260831.halfEndpointNat n
info: IUTThreeClosures/ResearchDualRouteContinuation20260831Audit.lean:50:0: 'IUTThreeClosures.FreyIsogenyConductorSharpness20260831.halfEndpointNat_pos' depends on axioms: [propext,
 Classical.choice,
 Quot.sound]
info: IUTThreeClosures/ResearchDualRouteContinuation20260831Audit.lean:51:0: IUTThreeClosures.FreyIsogenyConductorSharpness20260831.oddEndpoint_pos (n : ℕ) :
  0 < IUTThreeClosures.FreyIsogenyConductorSharpness20260831.oddEndpoint n
info: IUTThreeClosures/ResearchDualRouteContinuation20260831Audit.lean:52:0: 'IUTThreeClosures.FreyIsogenyConductorSharpness20260831.oddEndpoint_pos' depends on axioms: [propext,
 Classical.choice,
 Quot.sound]
info: IUTThreeClosures/ResearchDualRouteContinuation20260831Audit.lean:53:0: IUTThreeClosures.FreyIsogenyConductorSharpness20260831.two_coprime_halfEndpointNat (n : ℕ) :
  Nat.Coprime 2 (IUTThreeClosures.FreyIsogenyConductorSharpness20260831.halfEndpointNat n)
info: IUTThreeClosures/ResearchDualRouteContinuation20260831Audit.lean:54:0: 'IUTThreeClosures.FreyIsogenyConductorSharpness20260831.two_coprime_halfEndpointNat' depends on axioms: [propext,
 Classical.choice,
 Quot.sound]
info: IUTThreeClosures/ResearchDualRouteContinuation20260831Audit.lean:55:0: IUTThreeClosures.FreyIsogenyConductorSharpness20260831.two_half_coprime_oddEndpoint (n : ℕ) :
  (2 * IUTThreeClosures.FreyIsogenyConductorSharpness20260831.halfEndpointNat n).Coprime
    (IUTThreeClosures.FreyIsogenyConductorSharpness20260831.oddEndpoint n)
info: IUTThreeClosures/ResearchDualRouteContinuation20260831Audit.lean:56:0: 'IUTThreeClosures.FreyIsogenyConductorSharpness20260831.two_half_coprime_oddEndpoint' depends on axioms: [propext,
 Classical.choice,
 Quot.sound]
info: IUTThreeClosures/ResearchDualRouteContinuation20260831Audit.lean:57:0: IUTThreeClosures.FreyIsogenyConductorSharpness20260831.half_coprime_oddEndpoint (n : ℕ) :
  (IUTThreeClosures.FreyIsogenyConductorSharpness20260831.halfEndpointNat n).Coprime
    (IUTThreeClosures.FreyIsogenyConductorSharpness20260831.oddEndpoint n)
info: IUTThreeClosures/ResearchDualRouteContinuation20260831Audit.lean:58:0: 'IUTThreeClosures.FreyIsogenyConductorSharpness20260831.half_coprime_oddEndpoint' depends on axioms: [propext,
 Classical.choice,
 Quot.sound]
info: IUTThreeClosures/ResearchDualRouteContinuation20260831Audit.lean:59:0: IUTThreeClosures.FreyIsogenyConductorSharpness20260831.oddEndpoint_coprime_half (n : ℕ) :
  (IUTThreeClosures.FreyIsogenyConductorSharpness20260831.oddEndpoint n).Coprime
    (IUTThreeClosures.FreyIsogenyConductorSharpness20260831.halfEndpointNat n)
info: IUTThreeClosures/ResearchDualRouteContinuation20260831Audit.lean:60:0: 'IUTThreeClosures.FreyIsogenyConductorSharpness20260831.oddEndpoint_coprime_half' depends on axioms: [propext,
 Classical.choice,
 Quot.sound]
info: IUTThreeClosures/ResearchDualRouteContinuation20260831Audit.lean:61:0: IUTThreeClosures.FreyIsogenyConductorSharpness20260831.radical_two : UniqueFactorizationMonoid.radical 2 = 2
info: IUTThreeClosures/ResearchDualRouteContinuation20260831Audit.lean:62:0: 'IUTThreeClosures.FreyIsogenyConductorSharpness20260831.radical_two' depends on axioms: [propext,
 Classical.choice,
 Quot.sound]
info: IUTThreeClosures/ResearchDualRouteContinuation20260831Audit.lean:63:0: IUTThreeClosures.FreyIsogenyConductorSharpness20260831.minimumJDenominator_radical (n : ℕ) :
  UniqueFactorizationMonoid.radical (IUTThreeClosures.FreyIsogenyConductorSharpness20260831.minimumJDenominator n) =
    UniqueFactorizationMonoid.radical (IUTThreeClosures.FreyIsogenyConductorSharpness20260831.oddEndpoint n) *
      UniqueFactorizationMonoid.radical (IUTThreeClosures.FreyIsogenyConductorSharpness20260831.halfEndpointNat n)
info: IUTThreeClosures/ResearchDualRouteContinuation20260831Audit.lean:64:0: 'IUTThreeClosures.FreyIsogenyConductorSharpness20260831.minimumJDenominator_radical' depends on axioms: [propext,
 Classical.choice,
 Quot.sound]
info: IUTThreeClosures/ResearchDualRouteContinuation20260831Audit.lean:65:0: IUTThreeClosures.FreyIsogenyConductorSharpness20260831.endpoint_radical_eq_two_minimum_denominator_radical (n : ℕ) :
  UniqueFactorizationMonoid.radical
      (IUTThreeClosures.FreyEntireIsogenyArithmetic20260831.endpointC n *
        IUTThreeClosures.FreyIsogenyConductorSharpness20260831.oddEndpoint n) =
    2 * UniqueFactorizationMonoid.radical (IUTThreeClosures.FreyIsogenyConductorSharpness20260831.minimumJDenominator n)
info: IUTThreeClosures/ResearchDualRouteContinuation20260831Audit.lean:66:0: 'IUTThreeClosures.FreyIsogenyConductorSharpness20260831.endpoint_radical_eq_two_minimum_denominator_radical' depends on axioms: [propext,
 Classical.choice,
 Quot.sound]
info: IUTThreeClosures/ResearchDualRouteContinuation20260831Audit.lean:67:0: IUTThreeClosures.FreyIsogenyConductorSharpness20260831.reducedDenominator_zeroKernel_eq_minimumJDenominator (n : ℕ) :
  IUTThreeClosures.FreyIsogenyWeilHeight20260831.reducedDenominator n
      IUTThreeClosures.FreyEntireIsogenyArithmetic20260831.ModelLabel.zeroKernel =
    ↑(IUTThreeClosures.FreyIsogenyConductorSharpness20260831.minimumJDenominator n)
info: IUTThreeClosures/ResearchDualRouteContinuation20260831Audit.lean:68:0: 'IUTThreeClosures.FreyIsogenyConductorSharpness20260831.reducedDenominator_zeroKernel_eq_minimumJDenominator' depends on axioms: [propext]
info: IUTThreeClosures/ResearchDualRouteContinuation20260831Audit.lean:69:0: IUTThreeClosures.FreyIsogenyConductorSharpness20260831.familyCurve_zeroKernel_den (n : ℕ) :
  (IUTThreeClosures.FreyEntireIsogenyArithmetic20260831.familyCurve n
          IUTThreeClosures.FreyEntireIsogenyArithmetic20260831.ModelLabel.zeroKernel).j.den =
    IUTThreeClosures.FreyIsogenyConductorSharpness20260831.minimumJDenominator n
info: IUTThreeClosures/ResearchDualRouteContinuation20260831Audit.lean:70:0: 'IUTThreeClosures.FreyIsogenyConductorSharpness20260831.familyCurve_zeroKernel_den' depends on axioms: [propext,
 Classical.choice,
 Quot.sound]
info: IUTThreeClosures/ResearchDualRouteContinuation20260831Audit.lean:71:0: IUTThreeClosures.FreyIsogenyConductorSharpness20260831.endpoint_radical_eq_two_actual_j_den_radical (n : ℕ) :
  UniqueFactorizationMonoid.radical
      (IUTThreeClosures.FreyEntireIsogenyArithmetic20260831.endpointC n *
        IUTThreeClosures.FreyIsogenyConductorSharpness20260831.oddEndpoint n) =
    2 *
      UniqueFactorizationMonoid.radical
        (IUTThreeClosures.FreyEntireIsogenyArithmetic20260831.familyCurve n
              IUTThreeClosures.FreyEntireIsogenyArithmetic20260831.ModelLabel.zeroKernel).j.den
info: IUTThreeClosures/ResearchDualRouteContinuation20260831Audit.lean:72:0: 'IUTThreeClosures.FreyIsogenyConductorSharpness20260831.endpoint_radical_eq_two_actual_j_den_radical' depends on axioms: [propext,
 Classical.choice,
 Quot.sound]
info: IUTThreeClosures/ResearchDualRouteContinuation20260831Audit.lean:73:0: IUTThreeClosures.FreyIsogenyConductorSharpness20260831.powerIndex_mul_896 (k : ℕ) :
  IUTThreeClosures.FreyIsogenyConductorSharpness20260831.powerIndex k * 896 = 897 ^ k - 1
info: IUTThreeClosures/ResearchDualRouteContinuation20260831Audit.lean:74:0: 'IUTThreeClosures.FreyIsogenyConductorSharpness20260831.powerIndex_mul_896' depends on axioms: [propext,
 Classical.choice,
 Quot.sound]
info: IUTThreeClosures/ResearchDualRouteContinuation20260831Audit.lean:75:0: IUTThreeClosures.FreyIsogenyConductorSharpness20260831.endpointC_powerIndex (k : ℕ) :
  IUTThreeClosures.FreyEntireIsogenyArithmetic20260831.endpointC
      (IUTThreeClosures.FreyIsogenyConductorSharpness20260831.powerIndex k) =
    2 * 897 ^ k
info: IUTThreeClosures/ResearchDualRouteContinuation20260831Audit.lean:76:0: 'IUTThreeClosures.FreyIsogenyConductorSharpness20260831.endpointC_powerIndex' depends on axioms: [propext,
 Classical.choice,
 Quot.sound]
info: IUTThreeClosures/ResearchDualRouteContinuation20260831Audit.lean:77:0: IUTThreeClosures.FreyIsogenyConductorSharpness20260831.powerIndex_pos {k : ℕ} (hk : 1 ≤ k) :
  0 < IUTThreeClosures.FreyIsogenyConductorSharpness20260831.powerIndex k
info: IUTThreeClosures/ResearchDualRouteContinuation20260831Audit.lean:78:0: 'IUTThreeClosures.FreyIsogenyConductorSharpness20260831.powerIndex_pos' depends on axioms: [propext,
 Classical.choice,
 Quot.sound]
info: IUTThreeClosures/ResearchDualRouteContinuation20260831Audit.lean:79:0: IUTThreeClosures.FreyIsogenyConductorSharpness20260831.radical_897 : UniqueFactorizationMonoid.radical 897 = 897
info: IUTThreeClosures/ResearchDualRouteContinuation20260831Audit.lean:80:0: 'IUTThreeClosures.FreyIsogenyConductorSharpness20260831.radical_897' depends on axioms: [propext,
 Classical.choice,
 Quot.sound]
info: IUTThreeClosures/ResearchDualRouteContinuation20260831Audit.lean:81:0: IUTThreeClosures.FreyIsogenyConductorSharpness20260831.radical_897_pow {k : ℕ} (hk : k ≠ 0) :
  UniqueFactorizationMonoid.radical (897 ^ k) = 897
info: IUTThreeClosures/ResearchDualRouteContinuation20260831Audit.lean:82:0: 'IUTThreeClosures.FreyIsogenyConductorSharpness20260831.radical_897_pow' depends on axioms: [propext,
 Classical.choice,
 Quot.sound]
info: IUTThreeClosures/ResearchDualRouteContinuation20260831Audit.lean:83:0: IUTThreeClosures.FreyIsogenyConductorSharpness20260831.powerEndpoint_coprime_odd (k : ℕ) :
  (2 * 897 ^ k).Coprime (2 * 897 ^ k - 1)
info: IUTThreeClosures/ResearchDualRouteContinuation20260831Audit.lean:84:0: 'IUTThreeClosures.FreyIsogenyConductorSharpness20260831.powerEndpoint_coprime_odd' depends on axioms: [propext,
 Classical.choice,
 Quot.sound]
info: IUTThreeClosures/ResearchDualRouteContinuation20260831Audit.lean:85:0: IUTThreeClosures.FreyIsogenyConductorSharpness20260831.two_coprime_897_pow (k : ℕ) : Nat.Coprime 2 (897 ^ k)
info: IUTThreeClosures/ResearchDualRouteContinuation20260831Audit.lean:86:0: 'IUTThreeClosures.FreyIsogenyConductorSharpness20260831.two_coprime_897_pow' depends on axioms: [propext,
 Classical.choice,
 Quot.sound]
info: IUTThreeClosures/ResearchDualRouteContinuation20260831Audit.lean:87:0: IUTThreeClosures.FreyIsogenyConductorSharpness20260831.powerEndpoint_radical {k : ℕ} (hk : k ≠ 0) :
  UniqueFactorizationMonoid.radical
      (IUTThreeClosures.FreyEntireIsogenyArithmetic20260831.endpointC
          (IUTThreeClosures.FreyIsogenyConductorSharpness20260831.powerIndex k) *
        IUTThreeClosures.FreyIsogenyConductorSharpness20260831.oddEndpoint
          (IUTThreeClosures.FreyIsogenyConductorSharpness20260831.powerIndex k)) =
    1794 *
      UniqueFactorizationMonoid.radical
        (IUTThreeClosures.FreyEntireIsogenyArithmetic20260831.endpointC
            (IUTThreeClosures.FreyIsogenyConductorSharpness20260831.powerIndex k) -
          1)
info: IUTThreeClosures/ResearchDualRouteContinuation20260831Audit.lean:88:0: 'IUTThreeClosures.FreyIsogenyConductorSharpness20260831.powerEndpoint_radical' depends on axioms: [propext,
 Classical.choice,
 Quot.sound]
info: IUTThreeClosures/ResearchDualRouteContinuation20260831Audit.lean:89:0: IUTThreeClosures.FreyIsogenyConductorSharpness20260831.power_conductorProxy {k : ℕ} (hk : k ≠ 0) :
  IUTThreeClosures.FreyIsogenyConductorSharpness20260831.conductorProxy
      (IUTThreeClosures.FreyIsogenyConductorSharpness20260831.powerIndex k) =
    28704 *
      UniqueFactorizationMonoid.radical
        (IUTThreeClosures.FreyEntireIsogenyArithmetic20260831.endpointC
            (IUTThreeClosures.FreyIsogenyConductorSharpness20260831.powerIndex k) -
          1)
info: IUTThreeClosures/ResearchDualRouteContinuation20260831Audit.lean:90:0: 'IUTThreeClosures.FreyIsogenyConductorSharpness20260831.power_conductorProxy' depends on axioms: [propext,
 Classical.choice,
 Quot.sound]
info: IUTThreeClosures/ResearchDualRouteContinuation20260831Audit.lean:91:0: IUTThreeClosures.FreyIsogenyConductorSharpness20260831.power_conductorProxy_lt {k : ℕ} (hk : k ≠ 0) :
  IUTThreeClosures.FreyIsogenyConductorSharpness20260831.conductorProxy
      (IUTThreeClosures.FreyIsogenyConductorSharpness20260831.powerIndex k) <
    28704 *
      IUTThreeClosures.FreyEntireIsogenyArithmetic20260831.endpointC
        (IUTThreeClosures.FreyIsogenyConductorSharpness20260831.powerIndex k)
info: IUTThreeClosures/ResearchDualRouteContinuation20260831Audit.lean:92:0: 'IUTThreeClosures.FreyIsogenyConductorSharpness20260831.power_conductorProxy_lt' depends on axioms: [propext,
 Classical.choice,
 Quot.sound]
info: IUTThreeClosures/ResearchDualRouteContinuation20260831Audit.lean:93:0: IUTThreeClosures.FreyIsogenyConductorSharpness20260831.powerEndpoint_log (k : ℕ) :
  Real.log
      ↑(IUTThreeClosures.FreyEntireIsogenyArithmetic20260831.endpointC
          (IUTThreeClosures.FreyIsogenyConductorSharpness20260831.powerIndex k)) =
    Real.log 2 + ↑k * Real.log 897
info: IUTThreeClosures/ResearchDualRouteContinuation20260831Audit.lean:94:0: 'IUTThreeClosures.FreyIsogenyConductorSharpness20260831.powerEndpoint_log' depends on axioms: [propext,
 Classical.choice,
 Quot.sound]
info: IUTThreeClosures/ResearchDualRouteContinuation20260831Audit.lean:95:0: IUTThreeClosures.FreyIsogenyConductorSharpness20260831.powerFamily_subcritical_gap {k : ℕ} (hk : 1 ≤ k) {θ : ℝ}
  (hθ0 : 0 ≤ θ) (i : IUTThreeClosures.FreyEntireIsogenyArithmetic20260831.ModelLabel) :
  (6 - θ) *
          Real.log
            ↑(IUTThreeClosures.FreyEntireIsogenyArithmetic20260831.endpointC
                (IUTThreeClosures.FreyIsogenyConductorSharpness20260831.powerIndex k)) -
        3 * Real.log 2 -
      θ * Real.log 28704 <
    Height.logHeight₁
        (IUTThreeClosures.FreyEntireIsogenyArithmetic20260831.familyCurve
            (IUTThreeClosures.FreyIsogenyConductorSharpness20260831.powerIndex k) i).j -
      θ *
        Real.log
          ↑(IUTThreeClosures.FreyIsogenyConductorSharpness20260831.conductorProxy
              (IUTThreeClosures.FreyIsogenyConductorSharpness20260831.powerIndex k))
info: IUTThreeClosures/ResearchDualRouteContinuation20260831Audit.lean:96:0: 'IUTThreeClosures.FreyIsogenyConductorSharpness20260831.powerFamily_subcritical_gap' depends on axioms: [propext,
 Classical.choice,
 Quot.sound]
info: IUTThreeClosures/ResearchDualRouteContinuation20260831Audit.lean:97:0: IUTThreeClosures.FreyIsogenyConductorSharpness20260831.exists_powerFamily_gap_gt {θ C : ℝ} (hθ0 : 0 ≤ θ) (hθ6 : θ < 6) :
  ∃ k,
    1 ≤ k ∧
      ∀ (i : IUTThreeClosures.FreyEntireIsogenyArithmetic20260831.ModelLabel),
        C <
          Height.logHeight₁
              (IUTThreeClosures.FreyEntireIsogenyArithmetic20260831.familyCurve
                  (IUTThreeClosures.FreyIsogenyConductorSharpness20260831.powerIndex k) i).j -
            θ *
              Real.log
                ↑(IUTThreeClosures.FreyIsogenyConductorSharpness20260831.conductorProxy
                    (IUTThreeClosures.FreyIsogenyConductorSharpness20260831.powerIndex k))
info: IUTThreeClosures/ResearchDualRouteContinuation20260831Audit.lean:98:0: 'IUTThreeClosures.FreyIsogenyConductorSharpness20260831.exists_powerFamily_gap_gt' depends on axioms: [propext,
 Classical.choice,
 Quot.sound]
info: IUTThreeClosures/ResearchDualRouteContinuation20260831Audit.lean:99:0: IUTThreeClosures.FreyIsogenyConductorSharpness20260831.halfEndpointNat (n : ℕ) : ℕ
info: IUTThreeClosures/ResearchDualRouteContinuation20260831Audit.lean:100:0: 'IUTThreeClosures.FreyIsogenyConductorSharpness20260831.halfEndpointNat' does not depend on any axioms
info: IUTThreeClosures/ResearchDualRouteContinuation20260831Audit.lean:101:0: IUTThreeClosures.FreyIsogenyConductorSharpness20260831.oddEndpoint (n : ℕ) : ℕ
info: IUTThreeClosures/ResearchDualRouteContinuation20260831Audit.lean:102:0: 'IUTThreeClosures.FreyIsogenyConductorSharpness20260831.oddEndpoint' does not depend on any axioms
info: IUTThreeClosures/ResearchDualRouteContinuation20260831Audit.lean:103:0: IUTThreeClosures.FreyIsogenyConductorSharpness20260831.minimumJDenominator (n : ℕ) : ℕ
info: IUTThreeClosures/ResearchDualRouteContinuation20260831Audit.lean:104:0: 'IUTThreeClosures.FreyIsogenyConductorSharpness20260831.minimumJDenominator' depends on axioms: [propext]
info: IUTThreeClosures/ResearchDualRouteContinuation20260831Audit.lean:105:0: IUTThreeClosures.FreyIsogenyConductorSharpness20260831.conductorProxy (n : ℕ) : ℕ
info: IUTThreeClosures/ResearchDualRouteContinuation20260831Audit.lean:106:0: 'IUTThreeClosures.FreyIsogenyConductorSharpness20260831.conductorProxy' depends on axioms: [propext,
 Classical.choice,
 Quot.sound]
info: IUTThreeClosures/ResearchDualRouteContinuation20260831Audit.lean:107:0: IUTThreeClosures.FreyIsogenyConductorSharpness20260831.powerIndex (k : ℕ) : ℕ
info: IUTThreeClosures/ResearchDualRouteContinuation20260831Audit.lean:108:0: 'IUTThreeClosures.FreyIsogenyConductorSharpness20260831.powerIndex' depends on axioms: [propext,
 Classical.choice,
 Quot.sound]
info: IUTThreeClosures/ResearchDualRouteContinuation20260831Audit.lean:111:0: IUTThreeClosures.IUTFiniteProductProjectionSpan20260831.mem_coordinateSpan_of_mem_productSpan.{u_1, u_2} {ι : Type u_1}
  {R : ι → Type u_2} [(i : ι) → CommRing (R i)] {S : Set ((i : ι) → R i)} {x : (i : ι) → R i}
  (hx : x ∈ Submodule.span ((i : ι) → R i) S) (i : ι) :
  x i ∈ IUTThreeClosures.IUTFiniteProductProjectionSpan20260831.coordinateSpan S i
info: IUTThreeClosures/ResearchDualRouteContinuation20260831Audit.lean:112:0: 'IUTThreeClosures.IUTFiniteProductProjectionSpan20260831.mem_coordinateSpan_of_mem_productSpan' depends on axioms: [propext,
 Quot.sound]
info: IUTThreeClosures/ResearchDualRouteContinuation20260831Audit.lean:113:0: IUTThreeClosures.IUTFiniteProductProjectionSpan20260831.mem_productSpan_of_forall_mem_coordinateSpan.{u_1, u_2}
  {ι : Type u_1} {R : ι → Type u_2} [(i : ι) → CommRing (R i)] [Finite ι] {S : Set ((i : ι) → R i)} {x : (i : ι) → R i}
  (hx : ∀ (i : ι), x i ∈ IUTThreeClosures.IUTFiniteProductProjectionSpan20260831.coordinateSpan S i) :
  x ∈ Submodule.span ((i : ι) → R i) S
info: IUTThreeClosures/ResearchDualRouteContinuation20260831Audit.lean:114:0: 'IUTThreeClosures.IUTFiniteProductProjectionSpan20260831.mem_productSpan_of_forall_mem_coordinateSpan' depends on axioms: [propext,
 Classical.choice,
 Quot.sound]
info: IUTThreeClosures/ResearchDualRouteContinuation20260831Audit.lean:115:0: IUTThreeClosures.IUTFiniteProductProjectionSpan20260831.mem_productSpan_iff.{u_1, u_2} {ι : Type u_1} {R : ι → Type u_2}
  [(i : ι) → CommRing (R i)] [Finite ι] {S : Set ((i : ι) → R i)} {x : (i : ι) → R i} :
  x ∈ Submodule.span ((i : ι) → R i) S ↔
    ∀ (i : ι), x i ∈ IUTThreeClosures.IUTFiniteProductProjectionSpan20260831.coordinateSpan S i
info: IUTThreeClosures/ResearchDualRouteContinuation20260831Audit.lean:116:0: 'IUTThreeClosures.IUTFiniteProductProjectionSpan20260831.mem_productSpan_iff' depends on axioms: [propext,
 Classical.choice,
 Quot.sound]
info: IUTThreeClosures/ResearchDualRouteContinuation20260831Audit.lean:117:0: IUTThreeClosures.IUTFiniteProductProjectionSpan20260831.mem_productSpan_of_mem_coordinateProduct.{u_1, u_2}
  {ι : Type u_1} {R : ι → Type u_2} [(i : ι) → CommRing (R i)] [Finite ι] (S : Set ((i : ι) → R i))
  (P : (i : ι) → Submodule (R i) (R i))
  (hP : ∀ (i : ι), P i ≤ IUTThreeClosures.IUTFiniteProductProjectionSpan20260831.coordinateSpan S i) {x : (i : ι) → R i}
  (hx : ∀ (i : ι), x i ∈ P i) : x ∈ Submodule.span ((i : ι) → R i) S
info: IUTThreeClosures/ResearchDualRouteContinuation20260831Audit.lean:118:0: 'IUTThreeClosures.IUTFiniteProductProjectionSpan20260831.mem_productSpan_of_mem_coordinateProduct' depends on axioms: [propext,
 Classical.choice,
 Quot.sound]
info: IUTThreeClosures/ResearchDualRouteContinuation20260831Audit.lean:119:0: IUTThreeClosures.IUTFiniteProductProjectionSpan20260831.finite_weighted_sum_mono.{u_3, u_4} {κ : Type u_3}
  {K : Type u_4} [Fintype κ] [Ring K] [LinearOrder K] [IsStrictOrderedRing K] (weight lower upper : κ → K)
  (hweight : ∀ (k : κ), 0 ≤ weight k) (hlocal : ∀ (k : κ), lower k ≤ upper k) :
  ∑ k, weight k * lower k ≤ ∑ k, weight k * upper k
info: IUTThreeClosures/ResearchDualRouteContinuation20260831Audit.lean:120:0: 'IUTThreeClosures.IUTFiniteProductProjectionSpan20260831.finite_weighted_sum_mono' depends on axioms: [propext,
 Classical.choice,
 Quot.sound]
info: IUTThreeClosures/ResearchDualRouteContinuation20260831Audit.lean:121:0: IUTThreeClosures.IUTFiniteProductProjectionSpan20260831.coordinateSpan.{u_1, u_2} {ι : Type u_1} {R : ι → Type u_2}
  [(i : ι) → CommRing (R i)] (S : Set ((i : ι) → R i)) (i : ι) : Submodule (R i) (R i)
info: IUTThreeClosures/ResearchDualRouteContinuation20260831Audit.lean:122:0: 'IUTThreeClosures.IUTFiniteProductProjectionSpan20260831.coordinateSpan' depends on axioms: [propext, Quot.sound]
info: IUTThreeClosures/ResearchDualRouteContinuation20260831Audit.lean:125:0: IUTThreeClosures.ABCThreePrimeSignatures20260831.left_eq_one_of_mul_eq_prime_sq_of_lt {x y p : ℕ} (hp : Nat.Prime p)
  (hxy : x < y) (hmul : x * y = p ^ 2) : x = 1
info: IUTThreeClosures/ResearchDualRouteContinuation20260831Audit.lean:126:0: 'IUTThreeClosures.ABCThreePrimeSignatures20260831.left_eq_one_of_mul_eq_prime_sq_of_lt' depends on axioms: [propext,
 Classical.choice,
 Quot.sound]
info: IUTThreeClosures/ResearchDualRouteContinuation20260831Audit.lean:127:0: IUTThreeClosures.ABCThreePrimeSignatures20260831.factors_eq_of_mul_eq_prime_sq {x y p : ℕ} (hp : Nat.Prime p)
  (hx : 1 < x) (hy : 1 < y) (hmul : x * y = p ^ 2) : x = y
info: IUTThreeClosures/ResearchDualRouteContinuation20260831Audit.lean:128:0: 'IUTThreeClosures.ABCThreePrimeSignatures20260831.factors_eq_of_mul_eq_prime_sq' depends on axioms: [propext,
 Classical.choice,
 Quot.sound]
info: IUTThreeClosures/ResearchDualRouteContinuation20260831Audit.lean:129:0: IUTThreeClosures.ABCThreePrimeSignatures20260831.prime_not_square {x p : ℕ} (hp : Nat.Prime p) : x ^ 2 ≠ p
info: IUTThreeClosures/ResearchDualRouteContinuation20260831Audit.lean:130:0: 'IUTThreeClosures.ABCThreePrimeSignatures20260831.prime_not_square' depends on axioms: [propext,
 Classical.choice,
 Quot.sound]
info: IUTThreeClosures/ResearchDualRouteContinuation20260831Audit.lean:131:0: IUTThreeClosures.ABCThreePrimeSignatures20260831.consecutive_primes {q r : ℕ} (hq : Nat.Prime q) (hr : Nat.Prime r)
  (h : q + 1 = r) : q = 2 ∧ r = 3
info: IUTThreeClosures/ResearchDualRouteContinuation20260831Audit.lean:132:0: 'IUTThreeClosures.ABCThreePrimeSignatures20260831.consecutive_primes' depends on axioms: [propext,
 Classical.choice,
 Quot.sound]
info: IUTThreeClosures/ResearchDualRouteContinuation20260831Audit.lean:133:0: IUTThreeClosures.ABCThreePrimeSignatures20260831.prime_sq_eq_prime_add_one {q r : ℕ} (hq : Nat.Prime q)
  (hr : Nat.Prime r) (h : q + 1 = r ^ 2) : q = 3 ∧ r = 2
info: IUTThreeClosures/ResearchDualRouteContinuation20260831Audit.lean:134:0: 'IUTThreeClosures.ABCThreePrimeSignatures20260831.prime_sq_eq_prime_add_one' depends on axioms: [propext,
 Classical.choice,
 Quot.sound]
info: IUTThreeClosures/ResearchDualRouteContinuation20260831Audit.lean:135:0: IUTThreeClosures.ABCThreePrimeSignatures20260831.prime_sq_add_one_eq_prime {q r : ℕ} (hq : Nat.Prime q)
  (hr : Nat.Prime r) (h : q ^ 2 + 1 = r) : q = 2 ∧ r = 5
info: IUTThreeClosures/ResearchDualRouteContinuation20260831Audit.lean:136:0: 'IUTThreeClosures.ABCThreePrimeSignatures20260831.prime_sq_add_one_eq_prime' depends on axioms: [propext,
 Classical.choice,
 Quot.sound]
info: IUTThreeClosures/ResearchDualRouteContinuation20260831Audit.lean:137:0: IUTThreeClosures.ABCThreePrimeSignatures20260831.square_add_cube_ne_cube {P Q R : ℕ} (hP : Nat.Prime P)
  (hQ : Nat.Prime Q) (hR : Nat.Prime R) : P ^ 2 + Q ^ 3 ≠ R ^ 3
info: IUTThreeClosures/ResearchDualRouteContinuation20260831Audit.lean:138:0: 'IUTThreeClosures.ABCThreePrimeSignatures20260831.square_add_cube_ne_cube' depends on axioms: [propext,
 Classical.choice,
 Quot.sound]
info: IUTThreeClosures/ResearchDualRouteContinuation20260831Audit.lean:139:0: IUTThreeClosures.ABCThreePrimeSignatures20260831.cube_add_cube_ne_prime_square_of_gt_one {P Q R : ℕ} (hP : 1 < P)
  (hQ : 1 < Q) (hR : Nat.Prime R) (hPQ : P ≠ Q) : P ^ 3 + Q ^ 3 ≠ R ^ 2
info: IUTThreeClosures/ResearchDualRouteContinuation20260831Audit.lean:140:0: 'IUTThreeClosures.ABCThreePrimeSignatures20260831.cube_add_cube_ne_prime_square_of_gt_one' depends on axioms: [propext,
 Classical.choice,
 Quot.sound]
info: IUTThreeClosures/ResearchDualRouteContinuation20260831Audit.lean:141:0: IUTThreeClosures.ABCThreePrimeSignatures20260831.cube_add_cube_ne_square {P Q R : ℕ} (hP : Nat.Prime P)
  (hQ : Nat.Prime Q) (hR : Nat.Prime R) (hPQ : P ≠ Q) : P ^ 3 + Q ^ 3 ≠ R ^ 2
info: IUTThreeClosures/ResearchDualRouteContinuation20260831Audit.lean:142:0: 'IUTThreeClosures.ABCThreePrimeSignatures20260831.cube_add_cube_ne_square' depends on axioms: [propext,
 Classical.choice,
 Quot.sound]
info: IUTThreeClosures/ResearchDualRouteContinuation20260831Audit.lean:143:0: IUTThreeClosures.ABCThreePrimeSignatures20260831.square_add_cube_ne_sixth {P Q R : ℕ} (hP : Nat.Prime P)
  (hQ : Nat.Prime Q) (hR : Nat.Prime R) : P ^ 2 + Q ^ 3 ≠ R ^ 6
info: IUTThreeClosures/ResearchDualRouteContinuation20260831Audit.lean:144:0: 'IUTThreeClosures.ABCThreePrimeSignatures20260831.square_add_cube_ne_sixth' depends on axioms: [propext,
 Classical.choice,
 Quot.sound]
info: IUTThreeClosures/ResearchDualRouteContinuation20260831Audit.lean:145:0: IUTThreeClosures.ABCThreePrimeSignatures20260831.square_add_sixth_ne_cube {P Q R : ℕ} (hP : Nat.Prime P)
  (hQ : Nat.Prime Q) (hR : Nat.Prime R) : P ^ 2 + Q ^ 6 ≠ R ^ 3
info: IUTThreeClosures/ResearchDualRouteContinuation20260831Audit.lean:146:0: 'IUTThreeClosures.ABCThreePrimeSignatures20260831.square_add_sixth_ne_cube' depends on axioms: [propext,
 Classical.choice,
 Quot.sound]
info: IUTThreeClosures/ResearchDualRouteContinuation20260831Audit.lean:147:0: IUTThreeClosures.ABCThreePrimeSignatures20260831.cube_add_sixth_ne_square {P Q R : ℕ} (hP : Nat.Prime P)
  (hQ : Nat.Prime Q) (hR : Nat.Prime R) : P ^ 3 + Q ^ 6 ≠ R ^ 2
info: IUTThreeClosures/ResearchDualRouteContinuation20260831Audit.lean:148:0: 'IUTThreeClosures.ABCThreePrimeSignatures20260831.cube_add_sixth_ne_square' depends on axioms: [propext,
 Classical.choice,
 Quot.sound]
info: IUTThreeClosures/ResearchDualRouteContinuation20260831Audit.lean:149:0: IUTThreeClosures.ABCThreePrimeSignatures20260831.no_prime_signature_233 {P Q R : ℕ} (hP : Nat.Prime P)
  (hQ : Nat.Prime Q) (hR : Nat.Prime R) (hPQ : P ≠ Q) :
  P ^ 2 + Q ^ 3 ≠ R ^ 3 ∧ P ^ 3 + Q ^ 2 ≠ R ^ 3 ∧ P ^ 3 + Q ^ 3 ≠ R ^ 2
info: IUTThreeClosures/ResearchDualRouteContinuation20260831Audit.lean:150:0: 'IUTThreeClosures.ABCThreePrimeSignatures20260831.no_prime_signature_233' depends on axioms: [propext,
 Classical.choice,
 Quot.sound]
info: IUTThreeClosures/ResearchDualRouteContinuation20260831Audit.lean:151:0: IUTThreeClosures.ABCThreePrimeSignatures20260831.no_prime_signature_236_output_sixth {P Q R : ℕ} (hP : Nat.Prime P)
  (hQ : Nat.Prime Q) (hR : Nat.Prime R) : P ^ 2 + Q ^ 3 ≠ R ^ 6 ∧ P ^ 3 + Q ^ 2 ≠ R ^ 6
info: IUTThreeClosures/ResearchDualRouteContinuation20260831Audit.lean:152:0: 'IUTThreeClosures.ABCThreePrimeSignatures20260831.no_prime_signature_236_output_sixth' depends on axioms: [propext,
 Classical.choice,
 Quot.sound]
info: IUTThreeClosures/ResearchDualRouteContinuation20260831Audit.lean:153:0: IUTThreeClosures.ABCThreePrimeSignatures20260831.no_prime_signature_236_output_cube {P Q R : ℕ} (hP : Nat.Prime P)
  (hQ : Nat.Prime Q) (hR : Nat.Prime R) : P ^ 2 + Q ^ 6 ≠ R ^ 3 ∧ P ^ 6 + Q ^ 2 ≠ R ^ 3
info: IUTThreeClosures/ResearchDualRouteContinuation20260831Audit.lean:154:0: 'IUTThreeClosures.ABCThreePrimeSignatures20260831.no_prime_signature_236_output_cube' depends on axioms: [propext,
 Classical.choice,
 Quot.sound]
info: IUTThreeClosures/ResearchDualRouteContinuation20260831Audit.lean:155:0: IUTThreeClosures.ABCThreePrimeSignatures20260831.no_prime_signature_236_output_square {P Q R : ℕ} (hP : Nat.Prime P)
  (hQ : Nat.Prime Q) (hR : Nat.Prime R) : P ^ 3 + Q ^ 6 ≠ R ^ 2 ∧ P ^ 6 + Q ^ 3 ≠ R ^ 2
info: IUTThreeClosures/ResearchDualRouteContinuation20260831Audit.lean:156:0: 'IUTThreeClosures.ABCThreePrimeSignatures20260831.no_prime_signature_236_output_square' depends on axioms: [propext,
 Classical.choice,
 Quot.sound]
info: IUTThreeClosures/ResearchDualRouteContinuation20260831Audit.lean:159:0: IUTThreeClosures.ABCSubcriticalLocusUniformity20260831.subcriticalLociHaveBoundedHeight_of_abcConjecture
  (habc : IUTThreeClosures.ABCConjecture) :
  IUTThreeClosures.ABCSubcriticalLocusUniformity20260831.SubcriticalLociHaveBoundedHeight
info: IUTThreeClosures/ResearchDualRouteContinuation20260831Audit.lean:160:0: 'IUTThreeClosures.ABCSubcriticalLocusUniformity20260831.subcriticalLociHaveBoundedHeight_of_abcConjecture' depends on axioms: [propext,
 Classical.choice,
 Quot.sound]
info: IUTThreeClosures/ResearchDualRouteContinuation20260831Audit.lean:161:0: IUTThreeClosures.ABCSubcriticalLocusUniformity20260831.abcConjecture_of_subcriticalLociHaveBoundedHeight
  (hsub : IUTThreeClosures.ABCSubcriticalLocusUniformity20260831.SubcriticalLociHaveBoundedHeight) :
  IUTThreeClosures.ABCConjecture
info: IUTThreeClosures/ResearchDualRouteContinuation20260831Audit.lean:162:0: 'IUTThreeClosures.ABCSubcriticalLocusUniformity20260831.abcConjecture_of_subcriticalLociHaveBoundedHeight' depends on axioms: [propext,
 Classical.choice,
 Quot.sound]
info: IUTThreeClosures/ResearchDualRouteContinuation20260831Audit.lean:163:0: IUTThreeClosures.ABCSubcriticalLocusUniformity20260831.abcConjecture_iff_subcriticalLociHaveBoundedHeight :
  IUTThreeClosures.ABCConjecture ↔
    IUTThreeClosures.ABCSubcriticalLocusUniformity20260831.SubcriticalLociHaveBoundedHeight
info: IUTThreeClosures/ResearchDualRouteContinuation20260831Audit.lean:164:0: 'IUTThreeClosures.ABCSubcriticalLocusUniformity20260831.abcConjecture_iff_subcriticalLociHaveBoundedHeight' depends on axioms: [propext,
 Classical.choice,
 Quot.sound]
info: IUTThreeClosures/ResearchDualRouteContinuation20260831Audit.lean:165:0: IUTThreeClosures.ABCSubcriticalLocusUniformity20260831.finset_eq_empty_of_card_cast_lt_one.{u_1} {α : Type u_1}
  (s : Finset α) (hsmall : ↑s.card < 1) : s = ∅
info: IUTThreeClosures/ResearchDualRouteContinuation20260831Audit.lean:166:0: 'IUTThreeClosures.ABCSubcriticalLocusUniformity20260831.finset_eq_empty_of_card_cast_lt_one' depends on axioms: [propext,
 Classical.choice,
 Quot.sound]
info: IUTThreeClosures/ResearchDualRouteContinuation20260831Audit.lean:167:0: IUTThreeClosures.ABCSubcriticalLocusUniformity20260831.pointwise_fiber_card_le_target.{u_1} {α : Type u_1}
  (fiber target : Finset α) (hsubset : fiber ⊆ target) : fiber.card ≤ target.card
info: IUTThreeClosures/ResearchDualRouteContinuation20260831Audit.lean:168:0: 'IUTThreeClosures.ABCSubcriticalLocusUniformity20260831.pointwise_fiber_card_le_target' depends on axioms: [propext,
 Quot.sound]
info: IUTThreeClosures/ResearchDualRouteContinuation20260831Audit.lean:169:0: IUTThreeClosures.ABCSubcriticalLocusUniformity20260831.sources_eq_empty_of_pointwise_oversized_fiber.{u_1, u_2}
  {Source : Type u_1} {Target : Type u_2} (sources : Finset Source) (targets : Finset Target)
  (fiber : Source → Finset Target) (hsubset : ∀ s ∈ sources, fiber s ⊆ targets)
  (hoversized : ∀ s ∈ sources, targets.card < (fiber s).card) : sources = ∅
info: IUTThreeClosures/ResearchDualRouteContinuation20260831Audit.lean:170:0: 'IUTThreeClosures.ABCSubcriticalLocusUniformity20260831.sources_eq_empty_of_pointwise_oversized_fiber' depends on axioms: [propext,
 Classical.choice,
 Quot.sound]
info: IUTThreeClosures/ResearchDualRouteContinuation20260831Audit.lean:171:0: IUTThreeClosures.ABCSubcriticalLocusUniformity20260831.height_le_of_amplification_log_count
  {height logConstant β κ θ : ℝ} (hgap : κ * θ < β) (hcount : β * height ≤ logConstant + κ * θ * height) :
  height ≤ logConstant / (β - κ * θ)
info: IUTThreeClosures/ResearchDualRouteContinuation20260831Audit.lean:172:0: 'IUTThreeClosures.ABCSubcriticalLocusUniformity20260831.height_le_of_amplification_log_count' depends on axioms: [propext,
 Classical.choice,
 Quot.sound]
info: IUTThreeClosures/ResearchDualRouteContinuation20260831Audit.lean:173:0: IUTThreeClosures.ABCSubcriticalLocusUniformity20260831.superSparseHeight_succ (n : ℕ) :
  IUTThreeClosures.ABCSubcriticalLocusUniformity20260831.superSparseHeight (n + 1) =
    IUTThreeClosures.ABCSubcriticalLocusUniformity20260831.superSparseHeight n ^ 2
info: IUTThreeClosures/ResearchDualRouteContinuation20260831Audit.lean:174:0: 'IUTThreeClosures.ABCSubcriticalLocusUniformity20260831.superSparseHeight_succ' depends on axioms: [propext]
info: IUTThreeClosures/ResearchDualRouteContinuation20260831Audit.lean:175:0: IUTThreeClosures.ABCSubcriticalLocusUniformity20260831.superSparseHeight_strictMono :
  StrictMono IUTThreeClosures.ABCSubcriticalLocusUniformity20260831.superSparseHeight
info: IUTThreeClosures/ResearchDualRouteContinuation20260831Audit.lean:176:0: 'IUTThreeClosures.ABCSubcriticalLocusUniformity20260831.superSparseHeight_strictMono' depends on axioms: [propext,
 Classical.choice,
 Quot.sound]
info: IUTThreeClosures/ResearchDualRouteContinuation20260831Audit.lean:177:0: IUTThreeClosures.ABCSubcriticalLocusUniformity20260831.mem_superSparseIndicesUpTo {X n : ℕ} :
  n ∈ IUTThreeClosures.ABCSubcriticalLocusUniformity20260831.superSparseIndicesUpTo X ↔
    IUTThreeClosures.ABCSubcriticalLocusUniformity20260831.superSparseHeight n ≤ X
info: IUTThreeClosures/ResearchDualRouteContinuation20260831Audit.lean:178:0: 'IUTThreeClosures.ABCSubcriticalLocusUniformity20260831.mem_superSparseIndicesUpTo' depends on axioms: [propext,
 Classical.choice,
 Quot.sound]
info: IUTThreeClosures/ResearchDualRouteContinuation20260831Audit.lean:179:0: IUTThreeClosures.ABCSubcriticalLocusUniformity20260831.superSparseIndicesUpTo_card_le_log_log (X : ℕ) :
  (IUTThreeClosures.ABCSubcriticalLocusUniformity20260831.superSparseIndicesUpTo X).card ≤ Nat.log 2 (Nat.log 2 X) + 1
info: IUTThreeClosures/ResearchDualRouteContinuation20260831Audit.lean:180:0: 'IUTThreeClosures.ABCSubcriticalLocusUniformity20260831.superSparseIndicesUpTo_card_le_log_log' depends on axioms: [propext,
 Classical.choice,
 Quot.sound]
info: IUTThreeClosures/ResearchDualRouteContinuation20260831Audit.lean:181:0: IUTThreeClosures.ABCSubcriticalLocusUniformity20260831.index_succ_sq_le_superSparseHeight (N : ℕ) :
  (N + 1) ^ 2 ≤ IUTThreeClosures.ABCSubcriticalLocusUniformity20260831.superSparseHeight N
info: IUTThreeClosures/ResearchDualRouteContinuation20260831Audit.lean:182:0: 'IUTThreeClosures.ABCSubcriticalLocusUniformity20260831.index_succ_sq_le_superSparseHeight' depends on axioms: [propext,
 Classical.choice,
 Quot.sound]
info: IUTThreeClosures/ResearchDualRouteContinuation20260831Audit.lean:183:0: IUTThreeClosures.ABCSubcriticalLocusUniformity20260831.superSparseIndicesUpTo_card_sq_le (X : ℕ) (hX : 2 ≤ X) :
  (IUTThreeClosures.ABCSubcriticalLocusUniformity20260831.superSparseIndicesUpTo X).card ^ 2 ≤ X
info: IUTThreeClosures/ResearchDualRouteContinuation20260831Audit.lean:184:0: 'IUTThreeClosures.ABCSubcriticalLocusUniformity20260831.superSparseIndicesUpTo_card_sq_le' depends on axioms: [propext,
 Classical.choice,
 Quot.sound]
info: IUTThreeClosures/ResearchDualRouteContinuation20260831Audit.lean:185:0: IUTThreeClosures.ABCSubcriticalLocusUniformity20260831.superSparsePrefix_card (N : ℕ) :
  (IUTThreeClosures.ABCSubcriticalLocusUniformity20260831.superSparsePrefix N).card = N + 1
info: IUTThreeClosures/ResearchDualRouteContinuation20260831Audit.lean:186:0: 'IUTThreeClosures.ABCSubcriticalLocusUniformity20260831.superSparsePrefix_card' depends on axioms: [propext,
 Classical.choice,
 Quot.sound]
info: IUTThreeClosures/ResearchDualRouteContinuation20260831Audit.lean:187:0: IUTThreeClosures.ABCSubcriticalLocusUniformity20260831.superSparsePrefix_le_final {N x : ℕ}
  (hx : x ∈ IUTThreeClosures.ABCSubcriticalLocusUniformity20260831.superSparsePrefix N) :
  x ≤ IUTThreeClosures.ABCSubcriticalLocusUniformity20260831.superSparseHeight N
info: IUTThreeClosures/ResearchDualRouteContinuation20260831Audit.lean:188:0: 'IUTThreeClosures.ABCSubcriticalLocusUniformity20260831.superSparsePrefix_le_final' depends on axioms: [propext,
 Classical.choice,
 Quot.sound]
info: IUTThreeClosures/ResearchDualRouteContinuation20260831Audit.lean:189:0: IUTThreeClosures.ABCSubcriticalLocusUniformity20260831.superSparsePrefix_card_unbounded (M : ℕ) :
  ∃ N, M < (IUTThreeClosures.ABCSubcriticalLocusUniformity20260831.superSparsePrefix N).card
info: IUTThreeClosures/ResearchDualRouteContinuation20260831Audit.lean:190:0: 'IUTThreeClosures.ABCSubcriticalLocusUniformity20260831.superSparsePrefix_card_unbounded' depends on axioms: [propext,
 Classical.choice,
 Quot.sound]
info: IUTThreeClosures/ResearchDualRouteContinuation20260831Audit.lean:191:0: IUTThreeClosures.ABCSubcriticalLocusUniformity20260831.SubcriticalLociHaveBoundedHeight : Prop
info: IUTThreeClosures/ResearchDualRouteContinuation20260831Audit.lean:192:0: 'IUTThreeClosures.ABCSubcriticalLocusUniformity20260831.SubcriticalLociHaveBoundedHeight' depends on axioms: [propext,
 Classical.choice,
 Quot.sound]
info: IUTThreeClosures/ResearchDualRouteContinuation20260831Audit.lean:193:0: IUTThreeClosures.ABCSubcriticalLocusUniformity20260831.superSparseHeight (n : ℕ) : ℕ
info: IUTThreeClosures/ResearchDualRouteContinuation20260831Audit.lean:194:0: 'IUTThreeClosures.ABCSubcriticalLocusUniformity20260831.superSparseHeight' depends on axioms: [propext]
info: IUTThreeClosures/ResearchDualRouteContinuation20260831Audit.lean:195:0: IUTThreeClosures.ABCSubcriticalLocusUniformity20260831.superSparseIndicesUpTo (X : ℕ) : Finset ℕ
info: IUTThreeClosures/ResearchDualRouteContinuation20260831Audit.lean:196:0: 'IUTThreeClosures.ABCSubcriticalLocusUniformity20260831.superSparseIndicesUpTo' depends on axioms: [propext,
 Classical.choice,
 Quot.sound]
info: IUTThreeClosures/ResearchDualRouteContinuation20260831Audit.lean:197:0: IUTThreeClosures.ABCSubcriticalLocusUniformity20260831.superSparsePrefix (N : ℕ) : Finset ℕ
info: IUTThreeClosures/ResearchDualRouteContinuation20260831Audit.lean:198:0: 'IUTThreeClosures.ABCSubcriticalLocusUniformity20260831.superSparsePrefix' depends on axioms: [propext,
 Classical.choice,
 Quot.sound]
info: IUTThreeClosures/ResearchDualRouteContinuation20260831Audit.lean:201:0: IUTThreeClosures.PellCampanaCounterexample20260831.pellOrbit_zero :
  IUTThreeClosures.PellCampanaCounterexample20260831.pellOrbit 0 = (1, 0)
info: IUTThreeClosures/ResearchDualRouteContinuation20260831Audit.lean:202:0: 'IUTThreeClosures.PellCampanaCounterexample20260831.pellOrbit_zero' does not depend on any axioms
info: IUTThreeClosures/ResearchDualRouteContinuation20260831Audit.lean:203:0: IUTThreeClosures.PellCampanaCounterexample20260831.pellOrbit_succ (n : ℕ) :
  IUTThreeClosures.PellCampanaCounterexample20260831.pellOrbit (n + 1) =
    (3 * (IUTThreeClosures.PellCampanaCounterexample20260831.pellOrbit n).1 +
        8 * (IUTThreeClosures.PellCampanaCounterexample20260831.pellOrbit n).2,
      (IUTThreeClosures.PellCampanaCounterexample20260831.pellOrbit n).1 +
        3 * (IUTThreeClosures.PellCampanaCounterexample20260831.pellOrbit n).2)
info: IUTThreeClosures/ResearchDualRouteContinuation20260831Audit.lean:204:0: 'IUTThreeClosures.PellCampanaCounterexample20260831.pellOrbit_succ' does not depend on any axioms
info: IUTThreeClosures/ResearchDualRouteContinuation20260831Audit.lean:205:0: IUTThreeClosures.PellCampanaCounterexample20260831.pellOrbit_norm (n : ℕ) :
  1 + 8 * (IUTThreeClosures.PellCampanaCounterexample20260831.pellOrbit n).2 ^ 2 =
    (IUTThreeClosures.PellCampanaCounterexample20260831.pellOrbit n).1 ^ 2
info: IUTThreeClosures/ResearchDualRouteContinuation20260831Audit.lean:206:0: 'IUTThreeClosures.PellCampanaCounterexample20260831.pellOrbit_norm' depends on axioms: [propext,
 Classical.choice,
 Quot.sound]
info: IUTThreeClosures/ResearchDualRouteContinuation20260831Audit.lean:207:0: IUTThreeClosures.PellCampanaCounterexample20260831.pellOrbit_fst_pos (n : ℕ) :
  0 < (IUTThreeClosures.PellCampanaCounterexample20260831.pellOrbit n).1
info: IUTThreeClosures/ResearchDualRouteContinuation20260831Audit.lean:208:0: 'IUTThreeClosures.PellCampanaCounterexample20260831.pellOrbit_fst_pos' depends on axioms: [propext,
 Classical.choice,
 Quot.sound]
info: IUTThreeClosures/ResearchDualRouteContinuation20260831Audit.lean:209:0: IUTThreeClosures.PellCampanaCounterexample20260831.pellOrbit_snd_lt_snd_succ (n : ℕ) :
  (IUTThreeClosures.PellCampanaCounterexample20260831.pellOrbit n).2 <
    (IUTThreeClosures.PellCampanaCounterexample20260831.pellOrbit (n + 1)).2
info: IUTThreeClosures/ResearchDualRouteContinuation20260831Audit.lean:210:0: 'IUTThreeClosures.PellCampanaCounterexample20260831.pellOrbit_snd_lt_snd_succ' depends on axioms: [propext,
 Classical.choice,
 Quot.sound]
info: IUTThreeClosures/ResearchDualRouteContinuation20260831Audit.lean:211:0: IUTThreeClosures.PellCampanaCounterexample20260831.pellOrbit_index_le_snd (n : ℕ) :
  n ≤ (IUTThreeClosures.PellCampanaCounterexample20260831.pellOrbit n).2
info: IUTThreeClosures/ResearchDualRouteContinuation20260831Audit.lean:212:0: 'IUTThreeClosures.PellCampanaCounterexample20260831.pellOrbit_index_le_snd' depends on axioms: [propext,
 Classical.choice,
 Quot.sound]
info: IUTThreeClosures/ResearchDualRouteContinuation20260831Audit.lean:213:0: IUTThreeClosures.PellCampanaCounterexample20260831.pellOrbit_snd_lt_fst_succ (n : ℕ) :
  (IUTThreeClosures.PellCampanaCounterexample20260831.pellOrbit (n + 1)).2 <
    (IUTThreeClosures.PellCampanaCounterexample20260831.pellOrbit (n + 1)).1
info: IUTThreeClosures/ResearchDualRouteContinuation20260831Audit.lean:214:0: 'IUTThreeClosures.PellCampanaCounterexample20260831.pellOrbit_snd_lt_fst_succ' depends on axioms: [propext,
 Classical.choice,
 Quot.sound]
info: IUTThreeClosures/ResearchDualRouteContinuation20260831Audit.lean:215:0: IUTThreeClosures.PellCampanaCounterexample20260831.pellOrbit_fst_unbounded (B : ℕ) :
  ∃ n, B < (IUTThreeClosures.PellCampanaCounterexample20260831.pellOrbit n).1
info: IUTThreeClosures/ResearchDualRouteContinuation20260831Audit.lean:216:0: 'IUTThreeClosures.PellCampanaCounterexample20260831.pellOrbit_fst_unbounded' depends on axioms: [propext,
 Classical.choice,
 Quot.sound]
info: IUTThreeClosures/ResearchDualRouteContinuation20260831Audit.lean:217:0: IUTThreeClosures.PellCampanaCounterexample20260831.one_isKFull (k : ℕ) :
  IUTThreeClosures.KFullRadicalCompression.IsKFull k 1
info: IUTThreeClosures/ResearchDualRouteContinuation20260831Audit.lean:218:0: 'IUTThreeClosures.PellCampanaCounterexample20260831.one_isKFull' depends on axioms: [propext,
 Classical.choice,
 Quot.sound]
info: IUTThreeClosures/ResearchDualRouteContinuation20260831Audit.lean:219:0: IUTThreeClosures.PellCampanaCounterexample20260831.power_isKFull {x k : ℕ} (hx : x ≠ 0) :
  IUTThreeClosures.KFullRadicalCompression.IsKFull k (x ^ k)
info: IUTThreeClosures/ResearchDualRouteContinuation20260831Audit.lean:220:0: 'IUTThreeClosures.PellCampanaCounterexample20260831.power_isKFull' depends on axioms: [propext,
 Classical.choice,
 Quot.sound]
info: IUTThreeClosures/ResearchDualRouteContinuation20260831Audit.lean:221:0: IUTThreeClosures.PellCampanaCounterexample20260831.eight_mul_sq_isTwoFull {y : ℕ} (hy : y ≠ 0) :
  IUTThreeClosures.KFullRadicalCompression.IsKFull 2 (8 * y ^ 2)
info: IUTThreeClosures/ResearchDualRouteContinuation20260831Audit.lean:222:0: 'IUTThreeClosures.PellCampanaCounterexample20260831.eight_mul_sq_isTwoFull' depends on axioms: [propext,
 Classical.choice,
 Quot.sound]
info: IUTThreeClosures/ResearchDualRouteContinuation20260831Audit.lean:223:0: IUTThreeClosures.PellCampanaCounterexample20260831.eight_mul_sq_isThreeFull {y : ℕ}
  (hy : IUTThreeClosures.KFullRadicalCompression.IsKFull 2 y) :
  IUTThreeClosures.KFullRadicalCompression.IsKFull 3 (8 * y ^ 2)
info: IUTThreeClosures/ResearchDualRouteContinuation20260831Audit.lean:224:0: 'IUTThreeClosures.PellCampanaCounterexample20260831.eight_mul_sq_isThreeFull' depends on axioms: [propext,
 Classical.choice,
 Quot.sound]
info: IUTThreeClosures/ResearchDualRouteContinuation20260831Audit.lean:225:0: IUTThreeClosures.PellCampanaCounterexample20260831.Datum.point_a
  (D : IUTThreeClosures.PellCampanaCounterexample20260831.Datum) : D.point.a = 1
info: IUTThreeClosures/ResearchDualRouteContinuation20260831Audit.lean:226:0: 'IUTThreeClosures.PellCampanaCounterexample20260831.Datum.point_a' depends on axioms: [propext,
 Classical.choice,
 Quot.sound]
info: IUTThreeClosures/ResearchDualRouteContinuation20260831Audit.lean:227:0: IUTThreeClosures.PellCampanaCounterexample20260831.Datum.point_b
  (D : IUTThreeClosures.PellCampanaCounterexample20260831.Datum) : D.point.b = 8 * D.y ^ 2
info: IUTThreeClosures/ResearchDualRouteContinuation20260831Audit.lean:228:0: 'IUTThreeClosures.PellCampanaCounterexample20260831.Datum.point_b' depends on axioms: [propext,
 Classical.choice,
 Quot.sound]
info: IUTThreeClosures/ResearchDualRouteContinuation20260831Audit.lean:229:0: IUTThreeClosures.PellCampanaCounterexample20260831.Datum.point_c
  (D : IUTThreeClosures.PellCampanaCounterexample20260831.Datum) : D.point.c = D.x ^ 2
info: IUTThreeClosures/ResearchDualRouteContinuation20260831Audit.lean:230:0: 'IUTThreeClosures.PellCampanaCounterexample20260831.Datum.point_c' depends on axioms: [propext,
 Classical.choice,
 Quot.sound]
info: IUTThreeClosures/ResearchDualRouteContinuation20260831Audit.lean:231:0: IUTThreeClosures.PellCampanaCounterexample20260831.Datum.a_sevenFull
  (D : IUTThreeClosures.PellCampanaCounterexample20260831.Datum) :
  IUTThreeClosures.KFullRadicalCompression.IsKFull 7 D.point.a
info: IUTThreeClosures/ResearchDualRouteContinuation20260831Audit.lean:232:0: 'IUTThreeClosures.PellCampanaCounterexample20260831.Datum.a_sevenFull' depends on axioms: [propext,
 Classical.choice,
 Quot.sound]
info: IUTThreeClosures/ResearchDualRouteContinuation20260831Audit.lean:233:0: IUTThreeClosures.PellCampanaCounterexample20260831.Datum.b_threeFull
  (D : IUTThreeClosures.PellCampanaCounterexample20260831.Datum) :
  IUTThreeClosures.KFullRadicalCompression.IsKFull 3 D.point.b
info: IUTThreeClosures/ResearchDualRouteContinuation20260831Audit.lean:234:0: 'IUTThreeClosures.PellCampanaCounterexample20260831.Datum.b_threeFull' depends on axioms: [propext,
 Classical.choice,
 Quot.sound]
info: IUTThreeClosures/ResearchDualRouteContinuation20260831Audit.lean:235:0: IUTThreeClosures.PellCampanaCounterexample20260831.Datum.c_twoFull
  (D : IUTThreeClosures.PellCampanaCounterexample20260831.Datum) :
  IUTThreeClosures.KFullRadicalCompression.IsKFull 2 D.point.c
info: IUTThreeClosures/ResearchDualRouteContinuation20260831Audit.lean:236:0: 'IUTThreeClosures.PellCampanaCounterexample20260831.Datum.c_twoFull' depends on axioms: [propext,
 Classical.choice,
 Quot.sound]
info: IUTThreeClosures/ResearchDualRouteContinuation20260831Audit.lean:237:0: IUTThreeClosures.PellCampanaCounterexample20260831.Datum.point_mixedFull
  (D : IUTThreeClosures.PellCampanaCounterexample20260831.Datum) :
  IUTThreeClosures.ABCMixedFullCampana20260831.MixedFull D.point 7 3 2
info: IUTThreeClosures/ResearchDualRouteContinuation20260831Audit.lean:238:0: 'IUTThreeClosures.PellCampanaCounterexample20260831.Datum.point_mixedFull' depends on axioms: [propext,
 Classical.choice,
 Quot.sound]
info: IUTThreeClosures/ResearchDualRouteContinuation20260831Audit.lean:239:0: IUTThreeClosures.PellCampanaCounterexample20260831.signature_732_subcritical :
  IUTThreeClosures.ABCMixedFullCampana20260831.mixedFullSlope 7 3 2 < 1
info: IUTThreeClosures/ResearchDualRouteContinuation20260831Audit.lean:240:0: 'IUTThreeClosures.PellCampanaCounterexample20260831.signature_732_subcritical' depends on axioms: [propext,
 Classical.choice,
 Quot.sound]
info: IUTThreeClosures/ResearchDualRouteContinuation20260831Audit.lean:241:0: IUTThreeClosures.PellCampanaCounterexample20260831.not_abcConjecture_of_unbounded_squarefullPell_family
  (D : ℕ → IUTThreeClosures.PellCampanaCounterexample20260831.Datum)
  (hunbounded : ∀ (B : ℝ), ∃ n, B < (D n).point.height) : ¬IUTThreeClosures.ABCConjecture
info: IUTThreeClosures/ResearchDualRouteContinuation20260831Audit.lean:242:0: 'IUTThreeClosures.PellCampanaCounterexample20260831.not_abcConjecture_of_unbounded_squarefullPell_family' depends on axioms: [propext,
 Classical.choice,
 Quot.sound]
info: IUTThreeClosures/ResearchDualRouteContinuation20260831Audit.lean:243:0: IUTThreeClosures.PellCampanaCounterexample20260831.pellOrbit : ℕ → ℕ × ℕ
info: IUTThreeClosures/ResearchDualRouteContinuation20260831Audit.lean:244:0: 'IUTThreeClosures.PellCampanaCounterexample20260831.pellOrbit' does not depend on any axioms
info: IUTThreeClosures/ResearchDualRouteContinuation20260831Audit.lean:245:0: IUTThreeClosures.PellCampanaCounterexample20260831.Datum : Type
info: IUTThreeClosures/ResearchDualRouteContinuation20260831Audit.lean:246:0: 'IUTThreeClosures.PellCampanaCounterexample20260831.Datum' depends on axioms: [propext, Classical.choice, Quot.sound]
info: IUTThreeClosures/ResearchDualRouteContinuation20260831Audit.lean:247:0: IUTThreeClosures.PellCampanaCounterexample20260831.Datum.point
  (D : IUTThreeClosures.PellCampanaCounterexample20260831.Datum) : IUTThreeClosures.ABCPoint
info: IUTThreeClosures/ResearchDualRouteContinuation20260831Audit.lean:248:0: 'IUTThreeClosures.PellCampanaCounterexample20260831.Datum.point' depends on axioms: [propext,
 Classical.choice,
 Quot.sound]
ℹ [9210/9224] Replayed IUTThreeClosures.ResearchGaloisLifts20260830Audit
info: IUTThreeClosures/ResearchGaloisLifts20260830Audit.lean:16:0: def IUTThreeClosures.ABCConjecture : Prop :=
∀ (ε : ℝ),
  0 < ε →
    ∃ C,
      ∀ (a b c : ℕ),
        0 < a →
          0 < b →
            0 < c →
              a + b = c →
                IUTThreeClosures.PairwiseCoprimeABC a b c →
                  Real.log ↑(max a (max b c)) ≤ (1 + ε) * Real.log ↑(IUTThreeClosures.abcRadical (a * b * c)) + C
info: IUTThreeClosures/ResearchGaloisLifts20260830Audit.lean:21:0: IUTThreeClosures.IUTFullGaloisWordLift20260830.forward_a.{u} {G : Type u} [Group G] (q : Frame G) : (forward q).a = q.a
info: IUTThreeClosures/ResearchGaloisLifts20260830Audit.lean:22:0: 'IUTThreeClosures.IUTFullGaloisWordLift20260830.forward_a' depends on axioms: [propext]
info: IUTThreeClosures/ResearchGaloisLifts20260830Audit.lean:23:0: IUTThreeClosures.IUTFullGaloisWordLift20260830.backward_a.{u} {G : Type u} [Group G] (q : Frame G) :
  (backward q).a = q.a
info: IUTThreeClosures/ResearchGaloisLifts20260830Audit.lean:24:0: 'IUTThreeClosures.IUTFullGaloisWordLift20260830.backward_a' depends on axioms: [propext]
info: IUTThreeClosures/ResearchGaloisLifts20260830Audit.lean:25:0: IUTThreeClosures.IUTFullGaloisWordLift20260830.forward_backward.{u} {G : Type u} [Group G] (q : Frame G) :
  forward (backward q) = q
info: IUTThreeClosures/ResearchGaloisLifts20260830Audit.lean:26:0: 'IUTThreeClosures.IUTFullGaloisWordLift20260830.forward_backward' depends on axioms: [propext]
info: IUTThreeClosures/ResearchGaloisLifts20260830Audit.lean:27:0: IUTThreeClosures.IUTFullGaloisWordLift20260830.backward_forward.{u} {G : Type u} [Group G] (q : Frame G) :
  backward (forward q) = q
info: IUTThreeClosures/ResearchGaloisLifts20260830Audit.lean:28:0: 'IUTThreeClosures.IUTFullGaloisWordLift20260830.backward_forward' depends on axioms: [propext]
info: IUTThreeClosures/ResearchGaloisLifts20260830Audit.lean:29:0: IUTThreeClosures.IUTFullGaloisWordLift20260830.forward_boundary.{u} {G : Type u} [Group G] (q : Frame G) :
  boundary (forward q) = boundary q
info: IUTThreeClosures/ResearchGaloisLifts20260830Audit.lean:30:0: 'IUTThreeClosures.IUTFullGaloisWordLift20260830.forward_boundary' depends on axioms: [propext]
info: IUTThreeClosures/ResearchGaloisLifts20260830Audit.lean:31:0: IUTThreeClosures.IUTFullGaloisWordLift20260830.backward_boundary.{u} {G : Type u} [Group G] (q : Frame G) :
  boundary (backward q) = boundary q
info: IUTThreeClosures/ResearchGaloisLifts20260830Audit.lean:32:0: 'IUTThreeClosures.IUTFullGaloisWordLift20260830.backward_boundary' depends on axioms: [propext]
info: IUTThreeClosures/ResearchGaloisLifts20260830Audit.lean:33:0: IUTThreeClosures.IUTFullGaloisWordLift20260830.map_forward.{u, v} {G : Type u} [Group G] {H : Type v} [Group H]
  (φ : G →* H) (q : Frame G) : mapFrame φ (forward q) = forward (mapFrame φ q)
info: IUTThreeClosures/ResearchGaloisLifts20260830Audit.lean:34:0: 'IUTThreeClosures.IUTFullGaloisWordLift20260830.map_forward' depends on axioms: [propext]
info: IUTThreeClosures/ResearchGaloisLifts20260830Audit.lean:35:0: IUTThreeClosures.IUTFullGaloisWordLift20260830.map_backward.{u, v} {G : Type u} [Group G] {H : Type v} [Group H]
  (φ : G →* H) (q : Frame G) : mapFrame φ (backward q) = backward (mapFrame φ q)
info: IUTThreeClosures/ResearchGaloisLifts20260830Audit.lean:36:0: 'IUTThreeClosures.IUTFullGaloisWordLift20260830.map_backward' depends on axioms: [propext]
info: IUTThreeClosures/ResearchGaloisLifts20260830Audit.lean:37:0: IUTThreeClosures.IUTFullGaloisWordLift20260830.map_boundary.{u, v} {G : Type u} [Group G] {H : Type v} [Group H]
  (φ : G →* H) (q : Frame G) : φ (boundary q) = boundary (mapFrame φ q)
info: IUTThreeClosures/ResearchGaloisLifts20260830Audit.lean:38:0: 'IUTThreeClosures.IUTFullGaloisWordLift20260830.map_boundary' depends on axioms: [propext]
info: IUTThreeClosures/ResearchGaloisLifts20260830Audit.lean:39:0: IUTThreeClosures.IUTFullGaloisWordLift20260830.commutative_forward.{v} {A : Type v} [CommGroup A] (q : Frame A) :
  forward q = { a := q.a, b := q.b * q.d, c := q.c * q.a⁻¹, d := q.d }
info: IUTThreeClosures/ResearchGaloisLifts20260830Audit.lean:40:0: 'IUTThreeClosures.IUTFullGaloisWordLift20260830.commutative_forward' depends on axioms: [propext]
info: IUTThreeClosures/ResearchGaloisLifts20260830Audit.lean:41:0: IUTThreeClosures.IUTFullGaloisWordLift20260830.abelian_image.{u, v} {G : Type u} [Group G] {A : Type v} [CommGroup A]
  (φ : G →* A) (q : Frame G) :
  mapFrame φ (forward q) = { a := φ q.a, b := φ q.b * φ q.d, c := φ q.c * (φ q.a)⁻¹, d := φ q.d }
info: IUTThreeClosures/ResearchGaloisLifts20260830Audit.lean:42:0: 'IUTThreeClosures.IUTFullGaloisWordLift20260830.abelian_image' depends on axioms: [propext]
info: IUTThreeClosures/ResearchGaloisLifts20260830Audit.lean:43:0: IUTThreeClosures.IUTFullGaloisWordLift20260830.evaluate_map.{u, v} {G : Type u} [Group G] {H : Type v} [Group H]
  (φ : G →* H) (q : Frame G) (i : Letter) : evaluate (mapFrame φ q) i = φ (evaluate q i)
info: IUTThreeClosures/ResearchGaloisLifts20260830Audit.lean:44:0: 'IUTThreeClosures.IUTFullGaloisWordLift20260830.evaluate_map' does not depend on any axioms
info: IUTThreeClosures/ResearchGaloisLifts20260830Audit.lean:45:0: IUTThreeClosures.IUTFullGaloisWordLift20260830.evaluate_generators (i : Letter) : evaluate generators i = FreeGroup.of i
info: IUTThreeClosures/ResearchGaloisLifts20260830Audit.lean:46:0: 'IUTThreeClosures.IUTFullGaloisWordLift20260830.evaluate_generators' does not depend on any axioms
info: IUTThreeClosures/ResearchGaloisLifts20260830Audit.lean:47:0: IUTThreeClosures.IUTFullGaloisWordLift20260830.forwardHom_generators :
  mapFrame forwardHom generators = forward generators
info: IUTThreeClosures/ResearchGaloisLifts20260830Audit.lean:48:0: 'IUTThreeClosures.IUTFullGaloisWordLift20260830.forwardHom_generators' depends on axioms: [propext, Quot.sound]
info: IUTThreeClosures/ResearchGaloisLifts20260830Audit.lean:49:0: IUTThreeClosures.IUTFullGaloisWordLift20260830.backwardHom_generators :
  mapFrame backwardHom generators = backward generators
info: IUTThreeClosures/ResearchGaloisLifts20260830Audit.lean:50:0: 'IUTThreeClosures.IUTFullGaloisWordLift20260830.backwardHom_generators' depends on axioms: [propext, Quot.sound]
info: IUTThreeClosures/ResearchGaloisLifts20260830Audit.lean:51:0: IUTThreeClosures.IUTFullGaloisWordLift20260830.backwardHom_comp_forwardHom :
  backwardHom.comp forwardHom = MonoidHom.id (FreeGroup Letter)
info: IUTThreeClosures/ResearchGaloisLifts20260830Audit.lean:52:0: 'IUTThreeClosures.IUTFullGaloisWordLift20260830.backwardHom_comp_forwardHom' depends on axioms: [propext, Quot.sound]
info: IUTThreeClosures/ResearchGaloisLifts20260830Audit.lean:53:0: IUTThreeClosures.IUTFullGaloisWordLift20260830.forwardHom_comp_backwardHom :
  forwardHom.comp backwardHom = MonoidHom.id (FreeGroup Letter)
info: IUTThreeClosures/ResearchGaloisLifts20260830Audit.lean:54:0: 'IUTThreeClosures.IUTFullGaloisWordLift20260830.forwardHom_comp_backwardHom' depends on axioms: [propext, Quot.sound]
info: IUTThreeClosures/ResearchGaloisLifts20260830Audit.lean:55:0: IUTThreeClosures.IUTFullGaloisWordLift20260830.crossHandleAut_fixes_first :
  crossHandleAut (FreeGroup.of Letter.a) = FreeGroup.of Letter.a
info: IUTThreeClosures/ResearchGaloisLifts20260830Audit.lean:56:0: 'IUTThreeClosures.IUTFullGaloisWordLift20260830.crossHandleAut_fixes_first' depends on axioms: [propext, Quot.sound]
info: IUTThreeClosures/ResearchGaloisLifts20260830Audit.lean:57:0: IUTThreeClosures.IUTFullGaloisWordLift20260830.crossHandleAut_fixes_boundary :
  crossHandleAut (boundary generators) = boundary generators
info: IUTThreeClosures/ResearchGaloisLifts20260830Audit.lean:58:0: 'IUTThreeClosures.IUTFullGaloisWordLift20260830.crossHandleAut_fixes_boundary' depends on axioms: [propext, Quot.sound]
info: IUTThreeClosures/ResearchGaloisLifts20260830Audit.lean:59:0: IUTThreeClosures.IUTFullGaloisWordLift20260830.crossHandleAut_abelian_image.{v} {A : Type v} [CommGroup A]
  (φ : FreeGroup Letter →* A) :
  mapFrame φ (mapFrame crossHandleAut.toMonoidHom generators) =
    { a := φ (FreeGroup.of Letter.a), b := φ (FreeGroup.of Letter.b) * φ (FreeGroup.of Letter.d),
      c := φ (FreeGroup.of Letter.c) * (φ (FreeGroup.of Letter.a))⁻¹, d := φ (FreeGroup.of Letter.d) }
info: IUTThreeClosures/ResearchGaloisLifts20260830Audit.lean:60:0: 'IUTThreeClosures.IUTFullGaloisWordLift20260830.crossHandleAut_abelian_image' depends on axioms: [propext, Quot.sound]
info: IUTThreeClosures/ResearchGaloisLifts20260830Audit.lean:66:0: IUTThreeClosures.IUTThreeLabelMinimumLayer20260830.cross_comp.{u, v} {R : Type u} [CommRing R] {W : Type v}
  [AddCommGroup W] [Module R W] (ω : LinearMap.BilinForm R W) (w v : W) :
  crossMap ω w ∘ₗ crossMap ω v = centralMap ((ω w) v) ∘ₗ crossMap ω (w + v)
info: IUTThreeClosures/ResearchGaloisLifts20260830Audit.lean:67:0: 'IUTThreeClosures.IUTThreeLabelMinimumLayer20260830.cross_comp' depends on axioms: [propext, Quot.sound]
info: IUTThreeClosures/ResearchGaloisLifts20260830Audit.lean:68:0: IUTThreeClosures.IUTThreeLabelMinimumLayer20260830.central_comp.{u, v} {R : Type u} [CommRing R] {W : Type v}
  [AddCommGroup W] [Module R W] (c d : R) : centralMap c ∘ₗ centralMap d = centralMap (c + d)
info: IUTThreeClosures/ResearchGaloisLifts20260830Audit.lean:69:0: 'IUTThreeClosures.IUTThreeLabelMinimumLayer20260830.central_comp' depends on axioms: [propext, Quot.sound]
info: IUTThreeClosures/ResearchGaloisLifts20260830Audit.lean:70:0: IUTThreeClosures.IUTThreeLabelMinimumLayer20260830.central_cross_comm.{u, v} {R : Type u} [CommRing R] {W : Type v}
  [AddCommGroup W] [Module R W] (ω : LinearMap.BilinForm R W) (c : R) (w : W) :
  centralMap c ∘ₗ crossMap ω w = crossMap ω w ∘ₗ centralMap c
info: IUTThreeClosures/ResearchGaloisLifts20260830Audit.lean:71:0: 'IUTThreeClosures.IUTThreeLabelMinimumLayer20260830.central_cross_comm' depends on axioms: [propext, Quot.sound]
info: IUTThreeClosures/ResearchGaloisLifts20260830Audit.lean:72:0: IUTThreeClosures.IUTThreeLabelMinimumLayer20260830.central_zero.{u, v} {R : Type u} [CommRing R] {W : Type v}
  [AddCommGroup W] [Module R W] : centralMap 0 = LinearMap.id
info: IUTThreeClosures/ResearchGaloisLifts20260830Audit.lean:73:0: 'IUTThreeClosures.IUTThreeLabelMinimumLayer20260830.central_zero' depends on axioms: [propext, Quot.sound]
info: IUTThreeClosures/ResearchGaloisLifts20260830Audit.lean:74:0: IUTThreeClosures.IUTThreeLabelMinimumLayer20260830.cross_zero.{u, v} {R : Type u} [CommRing R] {W : Type v}
  [AddCommGroup W] [Module R W] (ω : LinearMap.BilinForm R W) : crossMap ω 0 = LinearMap.id
info: IUTThreeClosures/ResearchGaloisLifts20260830Audit.lean:75:0: 'IUTThreeClosures.IUTThreeLabelMinimumLayer20260830.cross_zero' depends on axioms: [propext, Quot.sound]
info: IUTThreeClosures/ResearchGaloisLifts20260830Audit.lean:76:0: IUTThreeClosures.IUTThreeLabelMinimumLayer20260830.central_corrected_cross_comp.{u, v} {R : Type u} [CommRing R]
  {W : Type v} [AddCommGroup W] [Module R W] (ω : LinearMap.BilinForm R W) (w v : W) :
  centralMap (-(ω w) v) ∘ₗ crossMap ω w ∘ₗ crossMap ω v = crossMap ω (w + v)
info: IUTThreeClosures/ResearchGaloisLifts20260830Audit.lean:77:0: 'IUTThreeClosures.IUTThreeLabelMinimumLayer20260830.central_corrected_cross_comp' depends on axioms: [propext,
 Quot.sound]
info: IUTThreeClosures/ResearchGaloisLifts20260830Audit.lean:78:0: IUTThreeClosures.IUTThreeLabelMinimumLayer20260830.cross_neg_comp.{u, v} {R : Type u} [CommRing R] {W : Type v}
  [AddCommGroup W] [Module R W] (ω : LinearMap.BilinForm R W) (hω : ω.IsAlt) (w : W) :
  crossMap ω (-w) ∘ₗ crossMap ω w = LinearMap.id
info: IUTThreeClosures/ResearchGaloisLifts20260830Audit.lean:79:0: 'IUTThreeClosures.IUTThreeLabelMinimumLayer20260830.cross_neg_comp' depends on axioms: [propext, Quot.sound]
info: IUTThreeClosures/ResearchGaloisLifts20260830Audit.lean:80:0: IUTThreeClosures.IUTThreeLabelMinimumLayer20260830.cross_comp_neg.{u, v} {R : Type u} [CommRing R] {W : Type v}
  [AddCommGroup W] [Module R W] (ω : LinearMap.BilinForm R W) (hω : ω.IsAlt) (w : W) :
  crossMap ω w ∘ₗ crossMap ω (-w) = LinearMap.id
info: IUTThreeClosures/ResearchGaloisLifts20260830Audit.lean:81:0: 'IUTThreeClosures.IUTThreeLabelMinimumLayer20260830.cross_comp_neg' depends on axioms: [propext, Quot.sound]
info: IUTThreeClosures/ResearchGaloisLifts20260830Audit.lean:82:0: IUTThreeClosures.IUTThreeLabelMinimumLayer20260830.transvectionMap_apply.{u, v} {R : Type u} [CommRing R] {W : Type v}
  [AddCommGroup W] [Module R W] (ω : LinearMap.BilinForm R W) (r x : W) : (transvectionMap ω r) x = x + (ω r) x • r
info: IUTThreeClosures/ResearchGaloisLifts20260830Audit.lean:83:0: 'IUTThreeClosures.IUTThreeLabelMinimumLayer20260830.transvectionMap_apply' depends on axioms: [propext, Quot.sound]
info: IUTThreeClosures/ResearchGaloisLifts20260830Audit.lean:84:0: IUTThreeClosures.IUTThreeLabelMinimumLayer20260830.transvection_preserves.{u, v} {R : Type u} [CommRing R] {W : Type v}
  [AddCommGroup W] [Module R W] (ω : LinearMap.BilinForm R W) (hω : ω.IsAlt) (r x y : W) :
  (ω ((transvectionMap ω r) x)) ((transvectionMap ω r) y) = (ω x) y
info: IUTThreeClosures/ResearchGaloisLifts20260830Audit.lean:85:0: 'IUTThreeClosures.IUTThreeLabelMinimumLayer20260830.transvection_preserves' depends on axioms: [propext, Quot.sound]
info: IUTThreeClosures/ResearchGaloisLifts20260830Audit.lean:86:0: IUTThreeClosures.IUTThreeLabelMinimumLayer20260830.exists_outside_subspaces.{u, v, z} {K : Type u} [Field K] [Fintype K]
  {W : Type v} [AddCommGroup W] [Module K W] {ι : Type z} [Fintype ι] (P : ι → Submodule K W) (hP : ∀ (i : ι), P i ≠ ⊤)
  (hcard : Fintype.card ι < Fintype.card K) : ∃ r, ∀ (i : ι), r ∉ P i
info: IUTThreeClosures/ResearchGaloisLifts20260830Audit.lean:87:0: 'IUTThreeClosures.IUTThreeLabelMinimumLayer20260830.exists_outside_subspaces' depends on axioms: [propext,
 Classical.choice,
 Quot.sound]
info: IUTThreeClosures/ResearchGaloisLifts20260830Audit.lean:88:0: IUTThreeClosures.IUTThreeLabelMinimumLayer20260830.exists_common_nonzero.{u, v, z} {K : Type u} [Field K] [Fintype K]
  {W : Type v} [AddCommGroup W] [Module K W] {ι : Type z} [Fintype ι] (f : ι → W →ₗ[K] K) (hf : ∀ (i : ι), f i ≠ 0)
  (hcard : Fintype.card ι < Fintype.card K) : ∃ r, ∀ (i : ι), (f i) r ≠ 0
info: IUTThreeClosures/ResearchGaloisLifts20260830Audit.lean:89:0: 'IUTThreeClosures.IUTThreeLabelMinimumLayer20260830.exists_common_nonzero' depends on axioms: [propext,
 Classical.choice,
 Quot.sound]
info: IUTThreeClosures/ResearchGaloisLifts20260830Audit.lean:90:0: IUTThreeClosures.IUTThreeLabelMinimumLayer20260830.exists_common_nonzero_with_projection.{u, v, w, z} {K : Type u}
  [Field K] [Fintype K] {W : Type v} [AddCommGroup W] [Module K W] {Q : Type w} [AddCommGroup Q] [Module K Q]
  {ι : Type z} [Fintype ι] (f : ι → W →ₗ[K] K) (hf : ∀ (i : ι), f i ≠ 0) (proj : W →ₗ[K] Q) (hproj : proj ≠ 0)
  (hcard : Fintype.card ι + 1 < Fintype.card K) : ∃ r, proj r ≠ 0 ∧ ∀ (i : ι), (f i) r ≠ 0
info: IUTThreeClosures/ResearchGaloisLifts20260830Audit.lean:91:0: 'IUTThreeClosures.IUTThreeLabelMinimumLayer20260830.exists_common_nonzero_with_projection' depends on axioms: [propext,
 Classical.choice,
 Quot.sound]
info: IUTThreeClosures/ResearchGaloisLifts20260830Audit.lean:92:0: IUTThreeClosures.IUTThreeLabelMinimumLayer20260830.exists_common_transvection_projection.{u, v, w, z} {K : Type u}
  [Field K] [Fintype K] {W : Type v} [AddCommGroup W] [Module K W] {Q : Type w} [AddCommGroup Q] [Module K Q]
  {ι : Type z} [Fintype ι] (ω : LinearMap.BilinForm K W) (hω : ω.IsAlt) (v : ι → W) (hv : ∀ (i : ι), ω.flip (v i) ≠ 0)
  (proj : W →ₗ[K] Q) (hproj : proj ≠ 0) (hzero : ∀ (i : ι), proj (v i) = 0)
  (hcard : Fintype.card ι + 1 < Fintype.card K) :
  ∃ r, proj r ≠ 0 ∧ ∀ (i : ι), proj ((transvectionEquiv ω hω r) (v i)) ≠ 0
info: IUTThreeClosures/ResearchGaloisLifts20260830Audit.lean:93:0: 'IUTThreeClosures.IUTThreeLabelMinimumLayer20260830.exists_common_transvection_projection' depends on axioms: [propext,
 Classical.choice,
 Quot.sound]
info: IUTThreeClosures/ResearchGaloisLifts20260830Audit.lean:94:0: IUTThreeClosures.IUTThreeLabelMinimumLayer20260830.three_labels_common_transvection.{v, w} {W : Type v} [AddCommGroup W]
  [Module (ZMod 139) W] {Q : Type w} [AddCommGroup Q] [Module (ZMod 139) Q] (ω : LinearMap.BilinForm (ZMod 139) W)
  (hω : ω.IsAlt) (v : Fin 3 → W) (hv : ∀ (i : Fin 3), ω.flip (v i) ≠ 0) (proj : W →ₗ[ZMod 139] Q) (hproj : proj ≠ 0)
  (hzero : ∀ (i : Fin 3), proj (v i) = 0) : ∃ r, proj r ≠ 0 ∧ ∀ (i : Fin 3), proj ((transvectionEquiv ω hω r) (v i)) ≠ 0
info: IUTThreeClosures/ResearchGaloisLifts20260830Audit.lean:95:0: 'IUTThreeClosures.IUTThreeLabelMinimumLayer20260830.three_labels_common_transvection' depends on axioms: [propext,
 Classical.choice,
 Quot.sound]
info: IUTThreeClosures/ResearchGaloisLifts20260830Audit.lean:101:0: IUTThreeClosures.Frey139Tate210Realization20260830.freyModel_equation.{u} {R : Type u} [CommRing R] (a b x y : R) :
  (freyModel a b).toAffine.Equation x y ↔ y ^ 2 = x * (x - a) * (x + b)
info: IUTThreeClosures/ResearchGaloisLifts20260830Audit.lean:102:0: 'IUTThreeClosures.Frey139Tate210Realization20260830.freyModel_equation' depends on axioms: [propext,
 Classical.choice,
 Quot.sound]
info: IUTThreeClosures/ResearchGaloisLifts20260830Audit.lean:103:0: IUTThreeClosures.Frey139Tate210Realization20260830.freyModel_discriminant.{u} {R : Type u} [CommRing R] (a b : R) :
  (freyModel a b).Δ = 16 * (a * b * (a + b)) ^ 2
info: IUTThreeClosures/ResearchGaloisLifts20260830Audit.lean:104:0: 'IUTThreeClosures.Frey139Tate210Realization20260830.freyModel_discriminant' depends on axioms: [propext, Quot.sound]
info: IUTThreeClosures/ResearchGaloisLifts20260830Audit.lean:105:0: IUTThreeClosures.Frey139Tate210Realization20260830.freyModel_c4.{u} {R : Type u} [CommRing R] (a b : R) :
  (freyModel a b).c₄ = 16 * (a ^ 2 + a * b + b ^ 2)
info: IUTThreeClosures/ResearchGaloisLifts20260830Audit.lean:106:0: 'IUTThreeClosures.Frey139Tate210Realization20260830.freyModel_c4' depends on axioms: [propext, Quot.sound]
info: IUTThreeClosures/ResearchGaloisLifts20260830Audit.lean:107:0: IUTThreeClosures.Frey139Tate210Realization20260830.firstCurve_discriminant : firstCurve.Δ = 16 * (139 * 279 * 418) ^ 2
info: IUTThreeClosures/ResearchGaloisLifts20260830Audit.lean:108:0: 'IUTThreeClosures.Frey139Tate210Realization20260830.firstCurve_discriminant' depends on axioms: [propext,
 Classical.choice,
 Quot.sound]
info: IUTThreeClosures/ResearchGaloisLifts20260830Audit.lean:109:0: IUTThreeClosures.Frey139Tate210Realization20260830.firstCurve_c4 : firstCurve.c₄ = 16 * 135943
info: IUTThreeClosures/ResearchGaloisLifts20260830Audit.lean:110:0: 'IUTThreeClosures.Frey139Tate210Realization20260830.firstCurve_c4' depends on axioms: [propext,
 Classical.choice,
 Quot.sound]
info: IUTThreeClosures/ResearchGaloisLifts20260830Audit.lean:111:0: IUTThreeClosures.Frey139Tate210Realization20260830.firstCurve_j :
  firstCurve.j = 256 * 135943 ^ 3 / (139 * 279 * 418) ^ 2
info: IUTThreeClosures/ResearchGaloisLifts20260830Audit.lean:112:0: 'IUTThreeClosures.Frey139Tate210Realization20260830.firstCurve_j' depends on axioms: [propext,
 Classical.choice,
 Quot.sound]
info: IUTThreeClosures/ResearchGaloisLifts20260830Audit.lean:113:0: IUTThreeClosures.Frey139Tate210Realization20260830.firstCurve_cubic_mod139 (x : ZMod 139) :
  x * (x - 139) * (x + 279) = x ^ 2 * (x + 1)
info: IUTThreeClosures/ResearchGaloisLifts20260830Audit.lean:114:0: 'IUTThreeClosures.Frey139Tate210Realization20260830.firstCurve_cubic_mod139' depends on axioms: [propext,
 Classical.choice,
 Quot.sound]
info: IUTThreeClosures/ResearchGaloisLifts20260830Audit.lean:115:0: IUTThreeClosures.Frey139Tate210Realization20260830.firstCurve_tangent_cone (x y : ZMod 139) :
  y ^ 2 - x ^ 2 * (x + 1) = (y - x) * (y + x) - x ^ 3
info: IUTThreeClosures/ResearchGaloisLifts20260830Audit.lean:116:0: 'IUTThreeClosures.Frey139Tate210Realization20260830.firstCurve_tangent_cone' depends on axioms: [propext,
 Classical.choice,
 Quot.sound]
info: IUTThreeClosures/ResearchGaloisLifts20260830Audit.lean:117:0: IUTThreeClosures.Frey139Tate210Realization20260830.tangent_slopes_distinct : 1 ≠ -1
info: IUTThreeClosures/ResearchGaloisLifts20260830Audit.lean:118:0: 'IUTThreeClosures.Frey139Tate210Realization20260830.tangent_slopes_distinct' depends on axioms: [propext,
 Classical.choice,
 Quot.sound]
info: IUTThreeClosures/ResearchGaloisLifts20260830Audit.lean:119:0: IUTThreeClosures.Frey139Tate210Realization20260830.firstCurve5_equation (x y : ZMod 5) :
  firstCurve5.toAffine.Equation x y ↔ y ^ 2 = x ^ 3 - x
info: IUTThreeClosures/ResearchGaloisLifts20260830Audit.lean:120:0: 'IUTThreeClosures.Frey139Tate210Realization20260830.firstCurve5_equation' depends on axioms: [propext,
 Classical.choice,
 Quot.sound]
info: IUTThreeClosures/ResearchGaloisLifts20260830Audit.lean:121:0: IUTThreeClosures.Frey139Tate210Realization20260830.firstCurve5_affine_card :
  Fintype.card { xy // xy.2 ^ 2 = xy.1 ^ 3 - xy.1 } = 7
info: IUTThreeClosures/ResearchGaloisLifts20260830Audit.lean:122:0: 'IUTThreeClosures.Frey139Tate210Realization20260830.firstCurve5_affine_card' depends on axioms: [propext,
 Classical.choice,
 Quot.sound]
info: IUTThreeClosures/ResearchGaloisLifts20260830Audit.lean:123:0: IUTThreeClosures.Frey139Tate210Realization20260830.firstCurve5_point_card : Nat.card firstCurve5.toAffine.Point = 8
info: IUTThreeClosures/ResearchGaloisLifts20260830Audit.lean:124:0: 'IUTThreeClosures.Frey139Tate210Realization20260830.firstCurve5_point_card' depends on axioms: [propext,
 Classical.choice,
 Quot.sound]
info: IUTThreeClosures/ResearchGaloisLifts20260830Audit.lean:125:0: IUTThreeClosures.Frey139Tate210Realization20260830.firstCurve5_count_trace :
  5 + 1 - ↑(Nat.card firstCurve5.toAffine.Point) = -2
info: IUTThreeClosures/ResearchGaloisLifts20260830Audit.lean:126:0: 'IUTThreeClosures.Frey139Tate210Realization20260830.firstCurve5_count_trace' depends on axioms: [propext,
 Classical.choice,
 Quot.sound]
info: IUTThreeClosures/ResearchGaloisLifts20260830Audit.lean:127:0: IUTThreeClosures.Frey139Tate210Realization20260830.first_frobenius_polynomial_no_root (z : ZMod 7) :
  z ^ 2 + 2 * z + 5 ≠ 0
info: IUTThreeClosures/ResearchGaloisLifts20260830Audit.lean:128:0: 'IUTThreeClosures.Frey139Tate210Realization20260830.first_frobenius_polynomial_no_root' depends on axioms: [propext,
 Classical.choice,
 Quot.sound]
info: IUTThreeClosures/ResearchGaloisLifts20260830Audit.lean:129:0: IUTThreeClosures.Frey139Tate210Realization20260830.level_degree_bound_prime_to_seven : (2 * 6 * 48 * 480).Coprime 7
info: IUTThreeClosures/ResearchGaloisLifts20260830Audit.lean:130:0: 'IUTThreeClosures.Frey139Tate210Realization20260830.level_degree_bound_prime_to_seven' does not depend on any axioms
info: IUTThreeClosures/ResearchGaloisLifts20260830Audit.lean:131:0: IUTThreeClosures.Frey139Tate210Realization20260830.local_210_numerics :
  139 % 210 ≠ 1 ∧ 139 ^ 2 % 210 = 1 ∧ 105 ≤ 139 - 2 ∧ Nat.Coprime 105 139 ∧ 105 * 2 = 210
info: IUTThreeClosures/ResearchGaloisLifts20260830Audit.lean:132:0: 'IUTThreeClosures.Frey139Tate210Realization20260830.local_210_numerics' depends on axioms: [propext]
info: IUTThreeClosures/ResearchGaloisLifts20260830Audit.lean:133:0: IUTThreeClosures.Frey139Tate210Realization20260830.first_height_integer_certificate :
  3 ^ 25 < 8105229 ^ 2 ∧ 8105229 ^ 2 < 2 ^ 49
info: IUTThreeClosures/ResearchGaloisLifts20260830Audit.lean:134:0: 'IUTThreeClosures.Frey139Tate210Realization20260830.first_height_integer_certificate' depends on axioms: [propext,
 Classical.choice,
 Quot.sound]
info: IUTThreeClosures/ResearchGaloisLifts20260830Audit.lean:135:0: IUTThreeClosures.Frey139Tate210Realization20260830.log_window_of_integer_certificate (N : ℕ) (hN : 0 < N)
  (hlow : 3 ^ 25 < N ^ 2) (hupp : N ^ 2 < 2 ^ 49) : 25 < 2 * Real.log ↑N ∧ 2 * Real.log ↑N < 49
info: IUTThreeClosures/ResearchGaloisLifts20260830Audit.lean:136:0: 'IUTThreeClosures.Frey139Tate210Realization20260830.log_window_of_integer_certificate' depends on axioms: [propext,
 Classical.choice,
 Quot.sound]
info: IUTThreeClosures/ResearchGaloisLifts20260830Audit.lean:137:0: IUTThreeClosures.Frey139Tate210Realization20260830.first_tate_height_window :
  25 < 2 * Real.log 8105229 ∧ 2 * Real.log 8105229 < 49
info: IUTThreeClosures/ResearchGaloisLifts20260830Audit.lean:138:0: 'IUTThreeClosures.Frey139Tate210Realization20260830.first_tate_height_window' depends on axioms: [propext,
 Classical.choice,
 Quot.sound]
info: IUTThreeClosures/ResearchGaloisLifts20260830Audit.lean:139:0: IUTThreeClosures.Frey139Tate210Realization20260830.directCurve_equation (x y : ℚ) :
  directCurve.toAffine.Equation x y ↔ y ^ 2 = x * (x - 1) * (x - -2362)
info: IUTThreeClosures/ResearchGaloisLifts20260830Audit.lean:140:0: 'IUTThreeClosures.Frey139Tate210Realization20260830.directCurve_equation' depends on axioms: [propext,
 Classical.choice,
 Quot.sound]
info: IUTThreeClosures/ResearchGaloisLifts20260830Audit.lean:141:0: IUTThreeClosures.Frey139Tate210Realization20260830.directCurve_discriminant : directCurve.Δ = 16 * 5581406 ^ 2
info: IUTThreeClosures/ResearchGaloisLifts20260830Audit.lean:142:0: 'IUTThreeClosures.Frey139Tate210Realization20260830.directCurve_discriminant' depends on axioms: [propext,
 Classical.choice,
 Quot.sound]
info: IUTThreeClosures/ResearchGaloisLifts20260830Audit.lean:143:0: IUTThreeClosures.Frey139Tate210Realization20260830.directCurve_c4 : directCurve.c₄ = 16 * 5581407
info: IUTThreeClosures/ResearchGaloisLifts20260830Audit.lean:144:0: 'IUTThreeClosures.Frey139Tate210Realization20260830.directCurve_c4' depends on axioms: [propext,
 Classical.choice,
 Quot.sound]
info: IUTThreeClosures/ResearchGaloisLifts20260830Audit.lean:145:0: IUTThreeClosures.Frey139Tate210Realization20260830.directCurve_j : directCurve.j = 256 * 5581407 ^ 3 / 5581406 ^ 2
info: IUTThreeClosures/ResearchGaloisLifts20260830Audit.lean:146:0: 'IUTThreeClosures.Frey139Tate210Realization20260830.directCurve_j' depends on axioms: [propext,
 Classical.choice,
 Quot.sound]
info: IUTThreeClosures/ResearchGaloisLifts20260830Audit.lean:147:0: IUTThreeClosures.Frey139Tate210Realization20260830.directTriple_factorization :
  2362 = 2 * 1181 ∧ 2363 = 17 * 139 ∧ Nat.Prime 1181 ∧ Nat.Prime 17 ∧ Nat.Prime 139
info: IUTThreeClosures/ResearchGaloisLifts20260830Audit.lean:148:0: 'IUTThreeClosures.Frey139Tate210Realization20260830.directTriple_factorization' depends on axioms: [propext,
 Classical.choice,
 Quot.sound]
info: IUTThreeClosures/ResearchGaloisLifts20260830Audit.lean:149:0: IUTThreeClosures.Frey139Tate210Realization20260830.directCurve_cubic_mod139 (x : ZMod 139) :
  x * (x - 1) * (x + 2362) = x * (x - 1) ^ 2
info: IUTThreeClosures/ResearchGaloisLifts20260830Audit.lean:150:0: 'IUTThreeClosures.Frey139Tate210Realization20260830.directCurve_cubic_mod139' depends on axioms: [propext,
 Classical.choice,
 Quot.sound]
info: IUTThreeClosures/ResearchGaloisLifts20260830Audit.lean:151:0: IUTThreeClosures.Frey139Tate210Realization20260830.directCurve_translated_tangent_cone (x y : ZMod 139) :
  y ^ 2 - (x + 1) * x ^ 2 = (y - x) * (y + x) - x ^ 3
info: IUTThreeClosures/ResearchGaloisLifts20260830Audit.lean:152:0: 'IUTThreeClosures.Frey139Tate210Realization20260830.directCurve_translated_tangent_cone' depends on axioms: [propext,
 Classical.choice,
 Quot.sound]
info: IUTThreeClosures/ResearchGaloisLifts20260830Audit.lean:153:0: IUTThreeClosures.Frey139Tate210Realization20260830.directCurve_discriminant_mod7_ne_zero : (freyModel 1 2362).Δ ≠ 0
info: IUTThreeClosures/ResearchGaloisLifts20260830Audit.lean:154:0: 'IUTThreeClosures.Frey139Tate210Realization20260830.directCurve_discriminant_mod7_ne_zero' depends on axioms: [propext,
 Classical.choice,
 Quot.sound]
info: IUTThreeClosures/ResearchGaloisLifts20260830Audit.lean:155:0: IUTThreeClosures.Frey139Tate210Realization20260830.directCurve5_equation (x y : ZMod 5) :
  directCurve5.toAffine.Equation x y ↔ y ^ 2 = x * (x - 1) * (x + 2)
info: IUTThreeClosures/ResearchGaloisLifts20260830Audit.lean:156:0: 'IUTThreeClosures.Frey139Tate210Realization20260830.directCurve5_equation' depends on axioms: [propext,
 Classical.choice,
 Quot.sound]
info: IUTThreeClosures/ResearchGaloisLifts20260830Audit.lean:157:0: IUTThreeClosures.Frey139Tate210Realization20260830.directCurve5_affine_card :
  Fintype.card { xy // xy.2 ^ 2 = xy.1 * (xy.1 - 1) * (xy.1 + 2) } = 3
info: IUTThreeClosures/ResearchGaloisLifts20260830Audit.lean:158:0: 'IUTThreeClosures.Frey139Tate210Realization20260830.directCurve5_affine_card' depends on axioms: [propext,
 Classical.choice,
 Quot.sound]
info: IUTThreeClosures/ResearchGaloisLifts20260830Audit.lean:159:0: IUTThreeClosures.Frey139Tate210Realization20260830.directCurve5_point_card : Nat.card directCurve5.toAffine.Point = 4
info: IUTThreeClosures/ResearchGaloisLifts20260830Audit.lean:160:0: 'IUTThreeClosures.Frey139Tate210Realization20260830.directCurve5_point_card' depends on axioms: [propext,
 Classical.choice,
 Quot.sound]
info: IUTThreeClosures/ResearchGaloisLifts20260830Audit.lean:161:0: IUTThreeClosures.Frey139Tate210Realization20260830.directCurve5_count_trace :
  5 + 1 - ↑(Nat.card directCurve5.toAffine.Point) = 2
info: IUTThreeClosures/ResearchGaloisLifts20260830Audit.lean:162:0: 'IUTThreeClosures.Frey139Tate210Realization20260830.directCurve5_count_trace' depends on axioms: [propext,
 Classical.choice,
 Quot.sound]
info: IUTThreeClosures/ResearchGaloisLifts20260830Audit.lean:163:0: IUTThreeClosures.Frey139Tate210Realization20260830.direct_frobenius_polynomial_no_root (z : ZMod 7) :
  z ^ 2 - 2 * z + 5 ≠ 0
info: IUTThreeClosures/ResearchGaloisLifts20260830Audit.lean:164:0: 'IUTThreeClosures.Frey139Tate210Realization20260830.direct_frobenius_polynomial_no_root' depends on axioms: [propext,
 Classical.choice,
 Quot.sound]
info: IUTThreeClosures/ResearchGaloisLifts20260830Audit.lean:165:0: IUTThreeClosures.Frey139Tate210Realization20260830.direct_height_integer_certificate :
  3 ^ 25 < 2790703 ^ 2 ∧ 2790703 ^ 2 < 2 ^ 49
info: IUTThreeClosures/ResearchGaloisLifts20260830Audit.lean:166:0: 'IUTThreeClosures.Frey139Tate210Realization20260830.direct_height_integer_certificate' depends on axioms: [propext,
 Classical.choice,
 Quot.sound]
info: IUTThreeClosures/ResearchGaloisLifts20260830Audit.lean:167:0: IUTThreeClosures.Frey139Tate210Realization20260830.direct_tate_height_window :
  25 < 2 * Real.log 2790703 ∧ 2 * Real.log 2790703 < 49
info: IUTThreeClosures/ResearchGaloisLifts20260830Audit.lean:168:0: 'IUTThreeClosures.Frey139Tate210Realization20260830.direct_tate_height_window' depends on axioms: [propext,
 Classical.choice,
 Quot.sound]
info: IUTThreeClosures/ResearchGaloisLifts20260830Audit.lean:174:0: IUTThreeClosures.SL2TransvectionGeneration20260830.transvection_nat_pow.{u_1, u_2} {ι : Type u_1} {R : Type u_2}
  [Fintype ι] [DecidableEq ι] [CommRing R] {i j : ι} (hij : i ≠ j) (s : R) (n : ℕ) :
  Matrix.SpecialLinearGroup.transvection hij s ^ n = Matrix.SpecialLinearGroup.transvection hij (↑n * s)
info: IUTThreeClosures/ResearchGaloisLifts20260830Audit.lean:175:0: 'IUTThreeClosures.SL2TransvectionGeneration20260830.transvection_nat_pow' depends on axioms: [propext,
 Classical.choice,
 Quot.sound]
info: IUTThreeClosures/ResearchGaloisLifts20260830Audit.lean:176:0: IUTThreeClosures.SL2TransvectionGeneration20260830.transvection_parameter_mem {p : ℕ} [Fact (Nat.Prime p)]
  (H : Subgroup (Matrix.SpecialLinearGroup (Fin 2) (ZMod p))) {i j : Fin 2} (hij : i ≠ j) {s : ZMod p} (hs : s ≠ 0)
  (hmem : Matrix.SpecialLinearGroup.transvection hij s ∈ H) (c : ZMod p) :
  Matrix.SpecialLinearGroup.transvection hij c ∈ H
info: IUTThreeClosures/ResearchGaloisLifts20260830Audit.lean:177:0: 'IUTThreeClosures.SL2TransvectionGeneration20260830.transvection_parameter_mem' depends on axioms: [propext,
 Classical.choice,
 Quot.sound]
info: IUTThreeClosures/ResearchGaloisLifts20260830Audit.lean:178:0: IUTThreeClosures.SL2TransvectionGeneration20260830.subgroup_eq_top_of_upper_lower {p : ℕ} [Fact (Nat.Prime p)]
  (H : Subgroup (Matrix.SpecialLinearGroup (Fin 2) (ZMod p))) {s t : ZMod p} (hs : s ≠ 0) (ht : t ≠ 0)
  (hu : upper s ∈ H) (hl : lower t ∈ H) : H = ⊤
info: IUTThreeClosures/ResearchGaloisLifts20260830Audit.lean:179:0: 'IUTThreeClosures.SL2TransvectionGeneration20260830.subgroup_eq_top_of_upper_lower' depends on axioms: [propext,
 Classical.choice,
 Quot.sound]
info: IUTThreeClosures/ResearchGaloisLifts20260830Audit.lean:180:0: IUTThreeClosures.SL2TransvectionGeneration20260830.transvection_pow_prime {p : ℕ} [Fact (Nat.Prime p)] {i j : Fin 2}
  (hij : i ≠ j) (s : ZMod p) : Matrix.SpecialLinearGroup.transvection hij s ^ p = 1
info: IUTThreeClosures/ResearchGaloisLifts20260830Audit.lean:181:0: 'IUTThreeClosures.SL2TransvectionGeneration20260830.transvection_pow_prime' depends on axioms: [propext,
 Classical.choice,
 Quot.sound]
info: IUTThreeClosures/ResearchGaloisLifts20260830Audit.lean:182:0: IUTThreeClosures.SL2TransvectionGeneration20260830.hom_mem_of_upper_lower.{u_1} {p : ℕ} [Fact (Nat.Prime p)]
  {G : Type u_1} [Group G] (ρ : Matrix.SpecialLinearGroup (Fin 2) (ZMod p) →* G) (H : Subgroup G) {s t : ZMod p}
  (hs : s ≠ 0) (ht : t ≠ 0) (hu : ρ (upper s) ∈ H) (hl : ρ (lower t) ∈ H)
  (A : Matrix.SpecialLinearGroup (Fin 2) (ZMod p)) : ρ A ∈ H
info: IUTThreeClosures/ResearchGaloisLifts20260830Audit.lean:183:0: 'IUTThreeClosures.SL2TransvectionGeneration20260830.hom_mem_of_upper_lower' depends on axioms: [propext,
 Classical.choice,
 Quot.sound]
info: IUTThreeClosures/ResearchGaloisLifts20260830Audit.lean:184:0: IUTThreeClosures.SL2TransvectionGeneration20260830.hom_range_le_of_upper_lower.{u_1} {p : ℕ} [Fact (Nat.Prime p)]
  {G : Type u_1} [Group G] (ρ : Matrix.SpecialLinearGroup (Fin 2) (ZMod p) →* G) (H : Subgroup G) {s t : ZMod p}
  (hs : s ≠ 0) (ht : t ≠ 0) (hu : ρ (upper s) ∈ H) (hl : ρ (lower t) ∈ H) : ρ.range ≤ H
info: IUTThreeClosures/ResearchGaloisLifts20260830Audit.lean:185:0: 'IUTThreeClosures.SL2TransvectionGeneration20260830.hom_range_le_of_upper_lower' depends on axioms: [propext,
 Classical.choice,
 Quot.sound]
info: IUTThreeClosures/ResearchGaloisLifts20260830Audit.lean:186:0: IUTThreeClosures.SL2TransvectionGeneration20260830.toGL_mem_of_upper_lower {p : ℕ} [Fact (Nat.Prime p)]
  (H : Subgroup (GL (Fin 2) (ZMod p))) {s t : ZMod p} (hs : s ≠ 0) (ht : t ≠ 0)
  (hu : Matrix.SpecialLinearGroup.toGL (upper s) ∈ H) (hl : Matrix.SpecialLinearGroup.toGL (lower t) ∈ H)
  (A : Matrix.SpecialLinearGroup (Fin 2) (ZMod p)) : Matrix.SpecialLinearGroup.toGL A ∈ H
info: IUTThreeClosures/ResearchGaloisLifts20260830Audit.lean:187:0: 'IUTThreeClosures.SL2TransvectionGeneration20260830.toGL_mem_of_upper_lower' depends on axioms: [propext,
 Classical.choice,
 Quot.sound]
info: IUTThreeClosures/ResearchGaloisLifts20260830Audit.lean:188:0: IUTThreeClosures.SL2TransvectionGeneration20260830.mem_normal_of_pow_eq_one_of_coprime_index.{u_1} {G : Type u_1}
  [Group G] (H : Subgroup G) [H.Normal] {x : G} {n : ℕ} (hx : x ^ n = 1) (hcop : n.Coprime H.index) : x ∈ H
info: IUTThreeClosures/ResearchGaloisLifts20260830Audit.lean:189:0: 'IUTThreeClosures.SL2TransvectionGeneration20260830.mem_normal_of_pow_eq_one_of_coprime_index' depends on axioms: [propext,
 Classical.choice,
 Quot.sound]
info: IUTThreeClosures/ResearchGaloisLifts20260830Audit.lean:190:0: IUTThreeClosures.SL2TransvectionGeneration20260830.hom_mem_normal_of_coprime_index.{u_1} {p : ℕ} [Fact (Nat.Prime p)]
  {G : Type u_1} [Group G] (ρ : Matrix.SpecialLinearGroup (Fin 2) (ZMod p) →* G) (H : Subgroup G) [H.Normal]
  (hcop : p.Coprime H.index) (A : Matrix.SpecialLinearGroup (Fin 2) (ZMod p)) : ρ A ∈ H
info: IUTThreeClosures/ResearchGaloisLifts20260830Audit.lean:191:0: 'IUTThreeClosures.SL2TransvectionGeneration20260830.hom_mem_normal_of_coprime_index' depends on axioms: [propext,
 Classical.choice,
 Quot.sound]
info: IUTThreeClosures/ResearchGaloisLifts20260830Audit.lean:192:0: IUTThreeClosures.SL2TransvectionGeneration20260830.hom_range_le_normal_of_coprime_index.{u_1} {p : ℕ}
  [Fact (Nat.Prime p)] {G : Type u_1} [Group G] (ρ : Matrix.SpecialLinearGroup (Fin 2) (ZMod p) →* G) (H : Subgroup G)
  [H.Normal] (hcop : p.Coprime H.index) : ρ.range ≤ H
info: IUTThreeClosures/ResearchGaloisLifts20260830Audit.lean:193:0: 'IUTThreeClosures.SL2TransvectionGeneration20260830.hom_range_le_normal_of_coprime_index' depends on axioms: [propext,
 Classical.choice,
 Quot.sound]
info: IUTThreeClosures/ResearchGaloisLifts20260830Audit.lean:194:0: IUTThreeClosures.SL2TransvectionGeneration20260830.normal_eq_top_of_coprime_index {p : ℕ} [Fact (Nat.Prime p)]
  (H : Subgroup (Matrix.SpecialLinearGroup (Fin 2) (ZMod p))) [H.Normal] (hcop : p.Coprime H.index) : H = ⊤
info: IUTThreeClosures/ResearchGaloisLifts20260830Audit.lean:195:0: 'IUTThreeClosures.SL2TransvectionGeneration20260830.normal_eq_top_of_coprime_index' depends on axioms: [propext,
 Classical.choice,
 Quot.sound]
info: IUTThreeClosures/ResearchGaloisLifts20260830Audit.lean:196:0: IUTThreeClosures.SL2TransvectionGeneration20260830.toGL_mem_normal_of_coprime_index {p : ℕ} [Fact (Nat.Prime p)]
  (H : Subgroup (GL (Fin 2) (ZMod p))) [H.Normal] (hcop : p.Coprime H.index)
  (A : Matrix.SpecialLinearGroup (Fin 2) (ZMod p)) : Matrix.SpecialLinearGroup.toGL A ∈ H
info: IUTThreeClosures/ResearchGaloisLifts20260830Audit.lean:197:0: 'IUTThreeClosures.SL2TransvectionGeneration20260830.toGL_mem_normal_of_coprime_index' depends on axioms: [propext,
 Classical.choice,
 Quot.sound]
info: IUTThreeClosures/ResearchGaloisLifts20260830Audit.lean:203:0: IUTThreeClosures.Frey43BalancedRealization20260830.balancedA_pos : 0 < balancedA
info: IUTThreeClosures/ResearchGaloisLifts20260830Audit.lean:204:0: 'IUTThreeClosures.Frey43BalancedRealization20260830.balancedA_pos' depends on axioms: [propext,
 Classical.choice,
 Quot.sound]
info: IUTThreeClosures/ResearchGaloisLifts20260830Audit.lean:205:0: IUTThreeClosures.Frey43BalancedRealization20260830.endpoints_pos : 0 < endpointA ∧ 0 < endpointB ∧ 0 < endpointC
info: IUTThreeClosures/ResearchGaloisLifts20260830Audit.lean:206:0: 'IUTThreeClosures.Frey43BalancedRealization20260830.endpoints_pos' depends on axioms: [propext,
 Classical.choice,
 Quot.sound]
info: IUTThreeClosures/ResearchGaloisLifts20260830Audit.lean:207:0: IUTThreeClosures.Frey43BalancedRealization20260830.endpoints_sum : endpointA + endpointB = endpointC
info: IUTThreeClosures/ResearchGaloisLifts20260830Audit.lean:208:0: 'IUTThreeClosures.Frey43BalancedRealization20260830.endpoints_sum' depends on axioms: [propext, Quot.sound]
info: IUTThreeClosures/ResearchGaloisLifts20260830Audit.lean:209:0: IUTThreeClosures.Frey43BalancedRealization20260830.endpoints_pairwise_coprime :
  IUTThreeClosures.PairwiseCoprimeABC endpointA endpointB endpointC
info: IUTThreeClosures/ResearchGaloisLifts20260830Audit.lean:210:0: 'IUTThreeClosures.Frey43BalancedRealization20260830.endpoints_pairwise_coprime' depends on axioms: [propext,
 Classical.choice,
 Quot.sound]
info: IUTThreeClosures/ResearchGaloisLifts20260830Audit.lean:211:0: IUTThreeClosures.Frey43BalancedRealization20260830.chosen_primes : Nat.Prime 1289 ∧ Nat.Prime 43
info: IUTThreeClosures/ResearchGaloisLifts20260830Audit.lean:212:0: 'IUTThreeClosures.Frey43BalancedRealization20260830.chosen_primes' depends on axioms: [propext,
 Classical.choice,
 Quot.sound]
info: IUTThreeClosures/ResearchGaloisLifts20260830Audit.lean:213:0: IUTThreeClosures.Frey43BalancedRealization20260830.balancedA_residues :
  balancedA % 8 = 5 ∧ balancedA % 5 = 1 ∧ balancedA % 43 = 1
info: IUTThreeClosures/ResearchGaloisLifts20260830Audit.lean:214:0: 'IUTThreeClosures.Frey43BalancedRealization20260830.balancedA_residues' depends on axioms: [propext]
info: IUTThreeClosures/ResearchGaloisLifts20260830Audit.lean:215:0: IUTThreeClosures.Frey43BalancedRealization20260830.balancedA_at_1289 : 1289 ∣ balancedA ∧ ¬1289 ^ 2 ∣ balancedA
info: IUTThreeClosures/ResearchGaloisLifts20260830Audit.lean:216:0: 'IUTThreeClosures.Frey43BalancedRealization20260830.balancedA_at_1289' depends on axioms: [propext]
info: IUTThreeClosures/ResearchGaloisLifts20260830Audit.lean:217:0: IUTThreeClosures.Frey43BalancedRealization20260830.balancedA_sandwich :
  1289 ^ 17 < balancedA ∧ balancedA < 2 * 1289 ^ 17
info: IUTThreeClosures/ResearchGaloisLifts20260830Audit.lean:218:0: 'IUTThreeClosures.Frey43BalancedRealization20260830.balancedA_sandwich' depends on axioms: [propext,
 Classical.choice,
 Quot.sound]
info: IUTThreeClosures/ResearchGaloisLifts20260830Audit.lean:219:0: IUTThreeClosures.Frey43BalancedRealization20260830.endpoints_lt_two_pow :
  endpointA < 2 ^ 377 ∧ endpointB < 2 ^ 377 ∧ endpointC < 2 ^ 377
info: IUTThreeClosures/ResearchGaloisLifts20260830Audit.lean:220:0: 'IUTThreeClosures.Frey43BalancedRealization20260830.endpoints_lt_two_pow' depends on axioms: [propext]
info: IUTThreeClosures/ResearchGaloisLifts20260830Audit.lean:221:0: IUTThreeClosures.Frey43BalancedRealization20260830.endpointProduct_gcd_primorial :
  endpointProduct.gcd (primorial 511) = 102
info: IUTThreeClosures/ResearchGaloisLifts20260830Audit.lean:222:0: 'IUTThreeClosures.Frey43BalancedRealization20260830.endpointProduct_gcd_primorial' depends on axioms: [propext,
 Classical.choice,
 Quot.sound]
info: IUTThreeClosures/ResearchGaloisLifts20260830Audit.lean:223:0: IUTThreeClosures.Frey43BalancedRealization20260830.small_prime_support {q : ℕ} (hq : Nat.Prime q) (hsmall : q < 512)
  (hdiv : q ∣ endpointProduct) : q = 2 ∨ q = 3 ∨ q = 17
info: IUTThreeClosures/ResearchGaloisLifts20260830Audit.lean:224:0: 'IUTThreeClosures.Frey43BalancedRealization20260830.small_prime_support' depends on axioms: [propext,
 Classical.choice,
 Quot.sound]
info: IUTThreeClosures/ResearchGaloisLifts20260830Audit.lean:225:0: IUTThreeClosures.Frey43BalancedRealization20260830.small_prime_43_powers_not_dvd :
  ¬2 ^ 43 ∣ endpointProduct ∧ ¬3 ^ 43 ∣ endpointProduct ∧ ¬17 ^ 43 ∣ endpointProduct
info: IUTThreeClosures/ResearchGaloisLifts20260830Audit.lean:226:0: 'IUTThreeClosures.Frey43BalancedRealization20260830.small_prime_43_powers_not_dvd' depends on axioms: [propext]
info: IUTThreeClosures/ResearchGaloisLifts20260830Audit.lean:227:0: IUTThreeClosures.Frey43BalancedRealization20260830.prime_power_dvd_endpoint {q : ℕ} (hq : Nat.Prime q)
  (hdiv : q ^ 43 ∣ endpointProduct) : q ^ 43 ∣ endpointA ∨ q ^ 43 ∣ endpointB ∨ q ^ 43 ∣ endpointC
info: IUTThreeClosures/ResearchGaloisLifts20260830Audit.lean:228:0: 'IUTThreeClosures.Frey43BalancedRealization20260830.prime_power_dvd_endpoint' depends on axioms: [propext,
 Classical.choice,
 Quot.sound]
info: IUTThreeClosures/ResearchGaloisLifts20260830Audit.lean:229:0: IUTThreeClosures.Frey43BalancedRealization20260830.prime_43_power_not_dvd (q : ℕ) (hq : Nat.Prime q) :
  ¬q ^ 43 ∣ endpointProduct
info: IUTThreeClosures/ResearchGaloisLifts20260830Audit.lean:230:0: 'IUTThreeClosures.Frey43BalancedRealization20260830.prime_43_power_not_dvd' depends on axioms: [propext,
 Classical.choice,
 Quot.sound]
info: IUTThreeClosures/ResearchGaloisLifts20260830Audit.lean:231:0: IUTThreeClosures.Frey43BalancedRealization20260830.endpointProduct_factorization_lt (q : ℕ) (hq : Nat.Prime q) :
  endpointProduct.factorization q < 43
info: IUTThreeClosures/ResearchGaloisLifts20260830Audit.lean:232:0: 'IUTThreeClosures.Frey43BalancedRealization20260830.endpointProduct_factorization_lt' depends on axioms: [propext,
 Classical.choice,
 Quot.sound]
info: IUTThreeClosures/ResearchGaloisLifts20260830Audit.lean:233:0: IUTThreeClosures.Frey43BalancedRealization20260830.level_degree_bound_prime_to_43 : (2 * 6 * 48 * 480).Coprime 43
info: IUTThreeClosures/ResearchGaloisLifts20260830Audit.lean:234:0: 'IUTThreeClosures.Frey43BalancedRealization20260830.level_degree_bound_prime_to_43' does not depend on any axioms
info: IUTThreeClosures/ResearchGaloisLifts20260830Audit.lean:235:0: IUTThreeClosures.Frey43BalancedRealization20260830.local_1290_numerics :
  1289 % 1290 = 1289 ∧
    1289 ^ 2 % 1290 = 1 ∧
      645 ≤ 1289 - 2 ∧ Nat.Coprime 645 1288 ∧ 2 * 645 = 1290 ∧ 21 * 15 + 43 + 20 < 645 ∧ 42 + 1 < 1289
info: IUTThreeClosures/ResearchGaloisLifts20260830Audit.lean:236:0: 'IUTThreeClosures.Frey43BalancedRealization20260830.local_1290_numerics' depends on axioms: [propext]
info: IUTThreeClosures/ResearchGaloisLifts20260830Audit.lean:237:0: IUTThreeClosures.Frey43BalancedRealization20260830.balancedCurve_discriminant :
  balancedCurve.Δ = 16 * ↑endpointProduct ^ 2
info: IUTThreeClosures/ResearchGaloisLifts20260830Audit.lean:238:0: 'IUTThreeClosures.Frey43BalancedRealization20260830.balancedCurve_discriminant' depends on axioms: [propext,
 Classical.choice,
 Quot.sound]
info: IUTThreeClosures/ResearchGaloisLifts20260830Audit.lean:239:0: IUTThreeClosures.Frey43BalancedRealization20260830.balancedCurve_c4 :
  balancedCurve.c₄ = 16 * (3 * ↑balancedA ^ 4 + 3 * ↑balancedA ^ 2 + 1)
info: IUTThreeClosures/ResearchGaloisLifts20260830Audit.lean:240:0: 'IUTThreeClosures.Frey43BalancedRealization20260830.balancedCurve_c4' depends on axioms: [propext,
 Classical.choice,
 Quot.sound]
info: IUTThreeClosures/ResearchGaloisLifts20260830Audit.lean:241:0: IUTThreeClosures.Frey43BalancedRealization20260830.balancedCurve5_eq_directCurve5 :
  balancedCurve5 = IUTThreeClosures.Frey139Tate210Realization20260830.directCurve5
info: IUTThreeClosures/ResearchGaloisLifts20260830Audit.lean:242:0: 'IUTThreeClosures.Frey43BalancedRealization20260830.balancedCurve5_eq_directCurve5' depends on axioms: [propext,
 Classical.choice,
 Quot.sound]
info: IUTThreeClosures/ResearchGaloisLifts20260830Audit.lean:243:0: IUTThreeClosures.Frey43BalancedRealization20260830.balancedCurve5_point_card :
  Nat.card balancedCurve5.toAffine.Point = 4
info: IUTThreeClosures/ResearchGaloisLifts20260830Audit.lean:244:0: 'IUTThreeClosures.Frey43BalancedRealization20260830.balancedCurve5_point_card' depends on axioms: [propext,
 Classical.choice,
 Quot.sound]
info: IUTThreeClosures/ResearchGaloisLifts20260830Audit.lean:245:0: IUTThreeClosures.Frey43BalancedRealization20260830.balancedCurve_discriminant_mod43_ne_zero :
  (IUTThreeClosures.Frey139Tate210Realization20260830.freyModel ↑endpointA ↑endpointB).Δ ≠ 0
info: IUTThreeClosures/ResearchGaloisLifts20260830Audit.lean:246:0: 'IUTThreeClosures.Frey43BalancedRealization20260830.balancedCurve_discriminant_mod43_ne_zero' depends on axioms: [propext,
 Classical.choice,
 Quot.sound]
info: IUTThreeClosures/ResearchGaloisLifts20260830Audit.lean:247:0: IUTThreeClosures.Frey43BalancedRealization20260830.frobenius_polynomial_mod43_no_root (z : ZMod 43) :
  z ^ 2 - 2 * z + 5 ≠ 0
info: IUTThreeClosures/ResearchGaloisLifts20260830Audit.lean:248:0: 'IUTThreeClosures.Frey43BalancedRealization20260830.frobenius_polynomial_mod43_no_root' depends on axioms: [propext,
 Classical.choice,
 Quot.sound]
info: IUTThreeClosures/ResearchGaloisLifts20260830Audit.lean:249:0: IUTThreeClosures.Frey43BalancedRealization20260830.normalizedTateBase_pos : 0 < normalizedTateBase
info: IUTThreeClosures/ResearchGaloisLifts20260830Audit.lean:250:0: 'IUTThreeClosures.Frey43BalancedRealization20260830.normalizedTateBase_pos' depends on axioms: [propext]
info: IUTThreeClosures/ResearchGaloisLifts20260830Audit.lean:251:0: IUTThreeClosures.Frey43BalancedRealization20260830.height_integer_certificates :
  3 ^ 1224 < normalizedTateBase ^ 2 ∧ 3 ^ 1648 * normalizedTateBase ^ 2 < 8 ^ 1648
info: IUTThreeClosures/ResearchGaloisLifts20260830Audit.lean:252:0: 'IUTThreeClosures.Frey43BalancedRealization20260830.height_integer_certificates' depends on axioms: [propext]
info: IUTThreeClosures/ResearchGaloisLifts20260830Audit.lean:253:0: IUTThreeClosures.Frey43BalancedRealization20260830.normalized_tate_height_window :
  1224 < 2 * Real.log ↑normalizedTateBase ∧ 2 * Real.log ↑normalizedTateBase < 1648
info: IUTThreeClosures/ResearchGaloisLifts20260830Audit.lean:254:0: 'IUTThreeClosures.Frey43BalancedRealization20260830.normalized_tate_height_window' depends on axioms: [propext,
 Classical.choice,
 Quot.sound]
info: IUTThreeClosures/ResearchGaloisLifts20260830Audit.lean:260:0: IUTThreeClosures.IUTGeneralTameSquareLabels20260830.two_halfLabels_add_one {ell : ℕ} (hp : Nat.Prime ell)
  (hell : 7 ≤ ell) : 2 * halfLabels ell + 1 = ell
info: IUTThreeClosures/ResearchGaloisLifts20260830Audit.lean:261:0: 'IUTThreeClosures.IUTGeneralTameSquareLabels20260830.two_halfLabels_add_one' depends on axioms: [propext, Quot.sound]
info: IUTThreeClosures/ResearchGaloisLifts20260830Audit.lean:262:0: IUTThreeClosures.IUTGeneralTameSquareLabels20260830.badIndexBudget_eq {ell : ℕ} (hp : Nat.Prime ell) (hell : 7 ≤ ell) :
  badIndexBudget ell = 9 * ell - 9
info: IUTThreeClosures/ResearchGaloisLifts20260830Audit.lean:263:0: 'IUTThreeClosures.IUTGeneralTameSquareLabels20260830.badIndexBudget_eq' depends on axioms: [propext, Quot.sound]
info: IUTThreeClosures/ResearchGaloisLifts20260830Audit.lean:264:0: IUTThreeClosures.IUTGeneralTameSquareLabels20260830.badIndexBudget_lt {ell : ℕ} (hp : Nat.Prime ell) (hell : 7 ≤ ell) :
  badIndexBudget ell < 15 * ell
info: IUTThreeClosures/ResearchGaloisLifts20260830Audit.lean:265:0: 'IUTThreeClosures.IUTGeneralTameSquareLabels20260830.badIndexBudget_lt' depends on axioms: [propext, Quot.sound]
info: IUTThreeClosures/ResearchGaloisLifts20260830Audit.lean:266:0: IUTThreeClosures.IUTGeneralTameSquareLabels20260830.residue_card_gt_label_count {ell p : ℕ} (hell : 7 ≤ ell)
  (hcong : p % (30 * ell) = 30 * ell - 1) : ell < p
info: IUTThreeClosures/ResearchGaloisLifts20260830Audit.lean:267:0: 'IUTThreeClosures.IUTGeneralTameSquareLabels20260830.residue_card_gt_label_count' depends on axioms: [propext,
 Quot.sound]
info: IUTThreeClosures/ResearchGaloisLifts20260830Audit.lean:268:0: IUTThreeClosures.IUTGeneralTameSquareLabels20260830.exists_index_outside_bad {ell : ℕ} (hp : Nat.Prime ell)
  (hell : 7 ≤ ell) (bad : Finset (Fin (15 * ell))) (hbad : bad.card ≤ badIndexBudget ell) : ∃ t, t ∉ bad
info: IUTThreeClosures/ResearchGaloisLifts20260830Audit.lean:269:0: 'IUTThreeClosures.IUTGeneralTameSquareLabels20260830.exists_index_outside_bad' depends on axioms: [propext,
 Classical.choice,
 Quot.sound]
info: IUTThreeClosures/ResearchGaloisLifts20260830Audit.lean:270:0: IUTThreeClosures.IUTGeneralTameSquareLabels20260830.exceptional_half_label_unique {ell j k : ℕ} (hp : Nat.Prime ell)
  (hj : 0 < j) (hk : 0 < k) (hjr : 2 * j < ell) (hkr : 2 * k < ell) (hjroot : 30 * ↑j ^ 2 + 1 = 0)
  (hkroot : 30 * ↑k ^ 2 + 1 = 0) : j = k
info: IUTThreeClosures/ResearchGaloisLifts20260830Audit.lean:271:0: 'IUTThreeClosures.IUTGeneralTameSquareLabels20260830.exceptional_half_label_unique' depends on axioms: [propext,
 Classical.choice,
 Quot.sound]
info: IUTThreeClosures/ResearchGaloisLifts20260830Audit.lean:272:0: IUTThreeClosures.IUTGeneralTameSquareLabels20260830.prime_not_dvd_two_square {ell j : ℕ} (hp : Nat.Prime ell)
  (hell : 7 ≤ ell) (hj : 0 < j) (hjr : 2 * j < ell) : ¬ell ∣ 2 * j ^ 2
info: IUTThreeClosures/ResearchGaloisLifts20260830Audit.lean:273:0: 'IUTThreeClosures.IUTGeneralTameSquareLabels20260830.prime_not_dvd_two_square' depends on axioms: [propext,
 Classical.choice,
 Quot.sound]
info: IUTThreeClosures/ResearchGaloisLifts20260830Audit.lean:274:0: IUTThreeClosures.IUTGeneralTameSquareLabels20260830.content_strict_sandwich {ell j : ℕ} (hp : Nat.Prime ell)
  (hell : 7 ≤ ell) (hj : 0 < j) (hjr : 2 * j < ell) :
  ell * wholeContent ell j < 2 * j ^ 2 ∧ 2 * j ^ 2 < ell * (wholeContent ell j + 1)
info: IUTThreeClosures/ResearchGaloisLifts20260830Audit.lean:275:0: 'IUTThreeClosures.IUTGeneralTameSquareLabels20260830.content_strict_sandwich' depends on axioms: [propext,
 Classical.choice,
 Quot.sound]
info: IUTThreeClosures/ResearchGaloisLifts20260830Audit.lean:276:0: IUTThreeClosures.IUTGeneralTameSquareLabels20260830.wholeContent_add_one_le {ell j : ℕ} (hj : 0 < j)
  (hjr : 2 * j < ell) : wholeContent ell j + 1 ≤ j
info: IUTThreeClosures/ResearchGaloisLifts20260830Audit.lean:277:0: 'IUTThreeClosures.IUTGeneralTameSquareLabels20260830.wholeContent_add_one_le' depends on axioms: [propext,
 Classical.choice,
 Quot.sound]
info: IUTThreeClosures/ResearchGaloisLifts20260830Audit.lean:278:0: IUTThreeClosures.IUTGeneralTameSquareLabels20260830.wholeExponent_eq_point_sub (ell j : ℕ) :
  wholeExponent ell j = pointExponent ell j - 15 * ↑ell
info: IUTThreeClosures/ResearchGaloisLifts20260830Audit.lean:279:0: 'IUTThreeClosures.IUTGeneralTameSquareLabels20260830.wholeExponent_eq_point_sub' depends on axioms: [propext,
 Quot.sound]
info: IUTThreeClosures/ResearchGaloisLifts20260830Audit.lean:280:0: IUTThreeClosures.IUTGeneralTameSquareLabels20260830.pointExponent_le {ell j : ℕ} (hj : 0 < j) (hjr : 2 * j < ell) :
  pointExponent ell j ≤ ↑j + 1 - 15 * ↑ell
info: IUTThreeClosures/ResearchGaloisLifts20260830Audit.lean:281:0: 'IUTThreeClosures.IUTGeneralTameSquareLabels20260830.pointExponent_le' depends on axioms: [propext,
 Classical.choice,
 Quot.sound]
info: IUTThreeClosures/ResearchGaloisLifts20260830Audit.lean:282:0: IUTThreeClosures.IUTGeneralTameSquareLabels20260830.pointExponent_neg {ell j : ℕ} (hj : 0 < j) (hjr : 2 * j < ell) :
  pointExponent ell j < 0
info: IUTThreeClosures/ResearchGaloisLifts20260830Audit.lean:283:0: 'IUTThreeClosures.IUTGeneralTameSquareLabels20260830.pointExponent_neg' depends on axioms: [propext,
 Classical.choice,
 Quot.sound]
info: IUTThreeClosures/ResearchGaloisLifts20260830Audit.lean:284:0: IUTThreeClosures.IUTGeneralTameSquareLabels20260830.wholeExponent_neg {ell j : ℕ} (hj : 0 < j) (hjr : 2 * j < ell) :
  wholeExponent ell j < 0
info: IUTThreeClosures/ResearchGaloisLifts20260830Audit.lean:285:0: 'IUTThreeClosures.IUTGeneralTameSquareLabels20260830.wholeExponent_neg' depends on axioms: [propext,
 Classical.choice,
 Quot.sound]
info: IUTThreeClosures/ResearchGaloisLifts20260830Audit.lean:286:0: IUTThreeClosures.IUTGeneralTameSquareLabels20260830.pointExponent_standard_scale (ell j : ℕ) :
  pointExponent ell j + 15 * ↑ell * (↑j + 1) = 15 * ↑ell * ↑(wholeContent ell j + 1) + (↑j + 1)
info: IUTThreeClosures/ResearchGaloisLifts20260830Audit.lean:287:0: 'IUTThreeClosures.IUTGeneralTameSquareLabels20260830.pointExponent_standard_scale' depends on axioms: [propext,
 Quot.sound]
info: IUTThreeClosures/ResearchGaloisLifts20260830Audit.lean:288:0: IUTThreeClosures.IUTGeneralTameSquareLabels20260830.wholeExponent_standard_scale (ell j : ℕ) :
  wholeExponent ell j + 15 * ↑ell * (↑j + 1) = 15 * ↑ell * ↑(wholeContent ell j) + (↑j + 1)
info: IUTThreeClosures/ResearchGaloisLifts20260830Audit.lean:289:0: 'IUTThreeClosures.IUTGeneralTameSquareLabels20260830.wholeExponent_standard_scale' depends on axioms: [propext,
 Quot.sound]
info: IUTThreeClosures/ResearchGaloisLifts20260830Audit.lean:290:0: IUTThreeClosures.IUTGeneralTameSquareLabels20260830.pointExponent_standard_pos (ell j : ℕ) :
  0 < pointExponent ell j + 15 * ↑ell * (↑j + 1)
info: IUTThreeClosures/ResearchGaloisLifts20260830Audit.lean:291:0: 'IUTThreeClosures.IUTGeneralTameSquareLabels20260830.pointExponent_standard_pos' depends on axioms: [propext,
 Classical.choice,
 Quot.sound]
info: IUTThreeClosures/ResearchGaloisLifts20260830Audit.lean:292:0: IUTThreeClosures.IUTGeneralTameSquareLabels20260830.wholeExponent_standard_pos (ell j : ℕ) :
  0 < wholeExponent ell j + 15 * ↑ell * (↑j + 1)
info: IUTThreeClosures/ResearchGaloisLifts20260830Audit.lean:293:0: 'IUTThreeClosures.IUTGeneralTameSquareLabels20260830.wholeExponent_standard_pos' depends on axioms: [propext,
 Classical.choice,
 Quot.sound]
info: IUTThreeClosures/ResearchGaloisLifts20260830Audit.lean:299:0: IUTThreeClosures.TraceDualPreidealHull20260831.mem_integralTraceDual.{u_1, u_2, u_3} {R : Type u_1} {K : Type u_2}
  {D : Type u_3} [CommRing R] [Field K] [CommRing D] [Algebra R K] [Algebra K D] [Algebra R D] [IsScalarTower R K D]
  (L : Submodule R D) (x : D) : x ∈ integralTraceDual L ↔ ∀ y ∈ L, (Algebra.trace K D) (x * y) ∈ 1
info: IUTThreeClosures/ResearchGaloisLifts20260830Audit.lean:300:0: 'IUTThreeClosures.TraceDualPreidealHull20260831.mem_integralTraceDual' depends on axioms: [propext,
 Classical.choice,
 Quot.sound]
info: IUTThreeClosures/ResearchGaloisLifts20260830Audit.lean:301:0: IUTThreeClosures.TraceDualPreidealHull20260831.integralTraceDual_antitone.{u_1, u_2, u_3} {R : Type u_1} {K : Type u_2}
  {D : Type u_3} [CommRing R] [Field K] [CommRing D] [Algebra R K] [Algebra K D] [Algebra R D] [IsScalarTower R K D]
  {L N : Submodule R D} (hLN : L ≤ N) : integralTraceDual N ≤ integralTraceDual L
info: IUTThreeClosures/ResearchGaloisLifts20260830Audit.lean:302:0: 'IUTThreeClosures.TraceDualPreidealHull20260831.integralTraceDual_antitone' depends on axioms: [propext,
 Classical.choice,
 Quot.sound]
info: IUTThreeClosures/ResearchGaloisLifts20260830Audit.lean:303:0: IUTThreeClosures.TraceDualPreidealHull20260831.integralTraceDual_prod.{u_1, u_2, u_4, u_5} {R : Type u_1} {K : Type u_2}
  [CommRing R] [Field K] [Algebra R K] {D₁ : Type u_4} {D₂ : Type u_5} [CommRing D₁] [CommRing D₂] [Algebra K D₁]
  [Algebra K D₂] [Algebra R D₁] [Algebra R D₂] [IsScalarTower R K D₁] [IsScalarTower R K D₂] [Module.Finite K D₁]
  [Module.Finite K D₂] (L₁ : Submodule R D₁) (L₂ : Submodule R D₂) :
  integralTraceDual (L₁.prod L₂) = (integralTraceDual L₁).prod (integralTraceDual L₂)
info: IUTThreeClosures/ResearchGaloisLifts20260830Audit.lean:304:0: 'IUTThreeClosures.TraceDualPreidealHull20260831.integralTraceDual_prod' depends on axioms: [propext,
 Classical.choice,
 Quot.sound]
info: IUTThreeClosures/ResearchGaloisLifts20260830Audit.lean:305:0: IUTThreeClosures.TraceDualPreidealHull20260831.principalOrderIdeal_le_traceDual.{u_1, u_2, u_3} {R : Type u_1}
  {K : Type u_2} {D : Type u_3} [CommRing R] [Field K] [CommRing D] [Algebra R K] [Algebra K D] [Algebra R D]
  [IsScalarTower R K D] {A B : Subalgebra R D} (hAB : A ≤ B) {z : D}
  (hz : z ∈ integralTraceDual (Subalgebra.toSubmodule B)) :
  principalOrderIdeal B z ≤ integralTraceDual (Subalgebra.toSubmodule A)
info: IUTThreeClosures/ResearchGaloisLifts20260830Audit.lean:306:0: 'IUTThreeClosures.TraceDualPreidealHull20260831.principalOrderIdeal_le_traceDual' depends on axioms: [propext,
 Classical.choice,
 Quot.sound]
info: IUTThreeClosures/ResearchGaloisLifts20260830Audit.lean:307:0: IUTThreeClosures.TraceDualPreidealHull20260831.principalOrderIdeal_le_scaled_traceDual.{u_1, u_2, u_3} {R : Type u_1}
  {K : Type u_2} {D : Type u_3} [CommRing R] [Field K] [CommRing D] [Algebra R K] [Algebra K D] [Algebra R D]
  [IsScalarTower R K D] {A B : Subalgebra R D} (hAB : A ≤ B) {z : D} {c : K} (hc : c ≠ 0)
  (hz : c⁻¹ • z ∈ integralTraceDual (Subalgebra.toSubmodule B)) :
  principalOrderIdeal B z ≤ c • integralTraceDual (Subalgebra.toSubmodule A)
info: IUTThreeClosures/ResearchGaloisLifts20260830Audit.lean:308:0: 'IUTThreeClosures.TraceDualPreidealHull20260831.principalOrderIdeal_le_scaled_traceDual' depends on axioms: [propext,
 Classical.choice,
 Quot.sound]
info: IUTThreeClosures/ResearchGaloisLifts20260830Audit.lean:309:0: IUTThreeClosures.TraceDualPreidealHull20260831.transportedOrderSpan_le.{u_1, u_2, u_3} {R : Type u_1} {K : Type u_2}
  {D : Type u_3} [CommRing R] [Field K] [CommRing D] [Algebra R K] [Algebra K D] [Algebra R D] [IsScalarTower R K D]
  {A B : Subalgebra R D} (hAB : A ≤ B) {z : D} {c : K} (hc : c ≠ 0)
  (hz : c⁻¹ • z ∈ integralTraceDual (Subalgebra.toSubmodule B)) (maps : Set (D →ₗ[K] D))
  (hstable :
    ∀ f ∈ maps,
      ∀ y ∈ integralTraceDual (Subalgebra.toSubmodule A), f y ∈ integralTraceDual (Subalgebra.toSubmodule A)) :
  transportedOrderSpan B z maps ≤ c • Submodule.span ↥B ↑(integralTraceDual (Subalgebra.toSubmodule A))
info: IUTThreeClosures/ResearchGaloisLifts20260830Audit.lean:310:0: 'IUTThreeClosures.TraceDualPreidealHull20260831.transportedOrderSpan_le' depends on axioms: [propext,
 Classical.choice,
 Quot.sound]
info: IUTThreeClosures/ResearchGaloisLifts20260830Audit.lean:316:0: IUTThreeClosures.IUTFullGaloisWordLift20260830.frameEquiv.{u} {G : Type u} [Group G] : Frame G ≃ Frame G
info: IUTThreeClosures/ResearchGaloisLifts20260830Audit.lean:317:0: 'IUTThreeClosures.IUTFullGaloisWordLift20260830.frameEquiv' depends on axioms: [propext]
info: IUTThreeClosures/ResearchGaloisLifts20260830Audit.lean:318:0: IUTThreeClosures.IUTFullGaloisWordLift20260830.crossHandleAut : FreeGroup Letter ≃* FreeGroup Letter
info: IUTThreeClosures/ResearchGaloisLifts20260830Audit.lean:319:0: 'IUTThreeClosures.IUTFullGaloisWordLift20260830.crossHandleAut' depends on axioms: [propext, Quot.sound]
info: IUTThreeClosures/ResearchGaloisLifts20260830Audit.lean:325:0: IUTThreeClosures.IUTThreeLabelMinimumLayer20260830.crossEquiv.{u, v} {R : Type u} [CommRing R] {W : Type v}
  [AddCommGroup W] [Module R W] (ω : LinearMap.BilinForm R W) (hω : ω.IsAlt) (w : W) :
  Coordinates R W ≃ₗ[R] Coordinates R W
info: IUTThreeClosures/ResearchGaloisLifts20260830Audit.lean:326:0: 'IUTThreeClosures.IUTThreeLabelMinimumLayer20260830.crossEquiv' depends on axioms: [propext, Quot.sound]
info: IUTThreeClosures/ResearchGaloisLifts20260830Audit.lean:327:0: IUTThreeClosures.IUTThreeLabelMinimumLayer20260830.transvectionEquiv.{u, v} {R : Type u} [CommRing R] {W : Type v}
  [AddCommGroup W] [Module R W] (ω : LinearMap.BilinForm R W) (hω : ω.IsAlt) (r : W) : W ≃ₗ[R] W
info: IUTThreeClosures/ResearchGaloisLifts20260830Audit.lean:328:0: 'IUTThreeClosures.IUTThreeLabelMinimumLayer20260830.transvectionEquiv' depends on axioms: [propext,
 Classical.choice,
 Quot.sound]
info: IUTThreeClosures/ResearchGaloisLifts20260830Audit.lean:334:0: IUTThreeClosures.Frey139Tate210Realization20260830.firstTriple : IUTThreeClosures.ABCPoint
info: IUTThreeClosures/ResearchGaloisLifts20260830Audit.lean:335:0: 'IUTThreeClosures.Frey139Tate210Realization20260830.firstTriple' does not depend on any axioms
info: IUTThreeClosures/ResearchGaloisLifts20260830Audit.lean:336:0: IUTThreeClosures.Frey139Tate210Realization20260830.firstCurve_isElliptic : firstCurve.IsElliptic
info: IUTThreeClosures/ResearchGaloisLifts20260830Audit.lean:337:0: 'IUTThreeClosures.Frey139Tate210Realization20260830.firstCurve_isElliptic' depends on axioms: [propext,
 Classical.choice,
 Quot.sound]
info: IUTThreeClosures/ResearchGaloisLifts20260830Audit.lean:338:0: IUTThreeClosures.Frey139Tate210Realization20260830.firstCurve5_isElliptic : firstCurve5.IsElliptic
info: IUTThreeClosures/ResearchGaloisLifts20260830Audit.lean:339:0: 'IUTThreeClosures.Frey139Tate210Realization20260830.firstCurve5_isElliptic' depends on axioms: [propext,
 Classical.choice,
 Quot.sound]
info: IUTThreeClosures/ResearchGaloisLifts20260830Audit.lean:340:0: IUTThreeClosures.Frey139Tate210Realization20260830.directTriple : IUTThreeClosures.ABCPoint
info: IUTThreeClosures/ResearchGaloisLifts20260830Audit.lean:341:0: 'IUTThreeClosures.Frey139Tate210Realization20260830.directTriple' does not depend on any axioms
info: IUTThreeClosures/ResearchGaloisLifts20260830Audit.lean:342:0: IUTThreeClosures.Frey139Tate210Realization20260830.directCurve_isElliptic : directCurve.IsElliptic
info: IUTThreeClosures/ResearchGaloisLifts20260830Audit.lean:343:0: 'IUTThreeClosures.Frey139Tate210Realization20260830.directCurve_isElliptic' depends on axioms: [propext,
 Classical.choice,
 Quot.sound]
info: IUTThreeClosures/ResearchGaloisLifts20260830Audit.lean:344:0: IUTThreeClosures.Frey139Tate210Realization20260830.directCurve5_isElliptic : directCurve5.IsElliptic
info: IUTThreeClosures/ResearchGaloisLifts20260830Audit.lean:345:0: 'IUTThreeClosures.Frey139Tate210Realization20260830.directCurve5_isElliptic' depends on axioms: [propext,
 Classical.choice,
 Quot.sound]
info: IUTThreeClosures/ResearchGaloisLifts20260830Audit.lean:351:0: IUTThreeClosures.SL2TransvectionGeneration20260830.upper.{u_2} {R : Type u_2} [CommRing R] (s : R) :
  Matrix.SpecialLinearGroup (Fin 2) R
info: IUTThreeClosures/ResearchGaloisLifts20260830Audit.lean:352:0: 'IUTThreeClosures.SL2TransvectionGeneration20260830.upper' depends on axioms: [propext, Classical.choice, Quot.sound]
info: IUTThreeClosures/ResearchGaloisLifts20260830Audit.lean:353:0: IUTThreeClosures.SL2TransvectionGeneration20260830.lower.{u_2} {R : Type u_2} [CommRing R] (t : R) :
  Matrix.SpecialLinearGroup (Fin 2) R
info: IUTThreeClosures/ResearchGaloisLifts20260830Audit.lean:354:0: 'IUTThreeClosures.SL2TransvectionGeneration20260830.lower' depends on axioms: [propext, Classical.choice, Quot.sound]
info: IUTThreeClosures/ResearchGaloisLifts20260830Audit.lean:360:0: IUTThreeClosures.Frey43BalancedRealization20260830.balancedTriple : IUTThreeClosures.ABCPoint
info: IUTThreeClosures/ResearchGaloisLifts20260830Audit.lean:361:0: 'IUTThreeClosures.Frey43BalancedRealization20260830.balancedTriple' depends on axioms: [propext,
 Classical.choice,
 Quot.sound]
info: IUTThreeClosures/ResearchGaloisLifts20260830Audit.lean:362:0: IUTThreeClosures.Frey43BalancedRealization20260830.balancedCurve_isElliptic : balancedCurve.IsElliptic
info: IUTThreeClosures/ResearchGaloisLifts20260830Audit.lean:363:0: 'IUTThreeClosures.Frey43BalancedRealization20260830.balancedCurve_isElliptic' depends on axioms: [propext,
 Classical.choice,
 Quot.sound]
info: IUTThreeClosures/ResearchGaloisLifts20260830Audit.lean:364:0: IUTThreeClosures.Frey43BalancedRealization20260830.balancedCurve5_isElliptic : balancedCurve5.IsElliptic
info: IUTThreeClosures/ResearchGaloisLifts20260830Audit.lean:365:0: 'IUTThreeClosures.Frey43BalancedRealization20260830.balancedCurve5_isElliptic' depends on axioms: [propext,
 Classical.choice,
 Quot.sound]
ℹ [9211/9224] Replayed IUTThreeClosures.ResearchSession20260830Audit
info: IUTThreeClosures/ResearchSession20260830Audit.lean:20:0: def IUTThreeClosures.ABCConjecture : Prop :=
∀ (ε : ℝ),
  0 < ε →
    ∃ C,
      ∀ (a b c : ℕ),
        0 < a →
          0 < b →
            0 < c →
              a + b = c →
                IUTThreeClosures.PairwiseCoprimeABC a b c →
                  Real.log ↑(max a (max b c)) ≤ (1 + ε) * Real.log ↑(IUTThreeClosures.abcRadical (a * b * c)) + C
info: IUTThreeClosures/ResearchSession20260830Audit.lean:22:0: IUTThreeClosures.SmoothLowOmegaCounting.smoothLowOmegaUpTo_card_le : ∀ (N Y w : ℕ),
  (IUTThreeClosures.SmoothLowOmegaCounting.smoothLowOmegaUpTo N Y w).card ≤ (1 + Y * Nat.log 2 N) ^ w
info: IUTThreeClosures/ResearchSession20260830Audit.lean:23:0: 'IUTThreeClosures.SmoothLowOmegaCounting.smoothLowOmegaUpTo_card_le' depends on axioms: [propext,
 Classical.choice,
 Quot.sound]
info: IUTThreeClosures/ResearchSession20260830Audit.lean:24:0: IUTThreeClosures.SmoothLowOmegaCounting.packet_omega_sum_lower : ∀ (s : Finset ℕ) {N Y w : ℕ},
  (∀ n ∈ s, 0 < n ∧ n ≤ N) →
    (∀ n ∈ s, ∀ p ∈ n.primeFactors, p ≤ Y) →
      (w + 1) * (s.card - (1 + Y * Nat.log 2 N) ^ w) ≤ ∑ n ∈ s, n.primeFactors.card
info: IUTThreeClosures/ResearchSession20260830Audit.lean:25:0: 'IUTThreeClosures.SmoothLowOmegaCounting.packet_omega_sum_lower' depends on axioms: [propext,
 Classical.choice,
 Quot.sound]
info: IUTThreeClosures/ResearchSession20260830Audit.lean:27:0: IUTThreeClosures.SignedPrimeSupport.coupled_prime_support_iff_abc : IUTThreeClosures.SignedPrimeSupport.UniformCoupledPrimeSupportBound ↔
  IUTThreeClosures.ABCConjecture
info: IUTThreeClosures/ResearchSession20260830Audit.lean:28:0: 'IUTThreeClosures.SignedPrimeSupport.coupled_prime_support_iff_abc' depends on axioms: [propext,
 Classical.choice,
 Quot.sound]
info: IUTThreeClosures/ResearchSession20260830Audit.lean:29:0: @IUTThreeClosures.SignedEndpointDyadicObstruction.not_uniform_separate_endpoint_bound : ∀ {ρ : ℝ},
  0 ≤ ρ →
    ρ < 1 →
      ¬∃ K,
          ∀ (P : IUTThreeClosures.ABCPoint),
            IUTThreeClosures.ABCPoint.singleEndpointSquareRadicalDefect P.largeEndpoint ≤
              Real.log ↑(IUTThreeClosures.abcRadical P.endpointMin) + ρ * P.conductor + K
info: IUTThreeClosures/ResearchSession20260830Audit.lean:30:0: 'IUTThreeClosures.SignedEndpointDyadicObstruction.not_uniform_separate_endpoint_bound' depends on axioms: [propext,
 Classical.choice,
 Quot.sound]
info: IUTThreeClosures/ResearchSession20260830Audit.lean:32:0: @IUTThreeClosures.ReachableTensorLatticeCriterion.span_eq_top_of_reachable_columns : ∀ {R : Type u_1}
  [inst : CommRing R] {n : Type u_2} [inst_1 : Fintype n] [inst_2 : DecidableEq n] (S : Set (n → R)) (A : Matrix n n R),
  (∀ (j : n), A.col j ∈ S) → IsUnit A.det → Submodule.span R S = ⊤
info: IUTThreeClosures/ResearchSession20260830Audit.lean:33:0: 'IUTThreeClosures.ReachableTensorLatticeCriterion.span_eq_top_of_reachable_columns' depends on axioms: [propext,
 Classical.choice,
 Quot.sound]
info: IUTThreeClosures/ResearchSession20260830Audit.lean:34:0: @IUTThreeClosures.ReachableTensorLatticeCriterion.diagonalSpan_eq_symmetric : ∀ {R : Type u_1} [inst : CommRing R],
  IUTThreeClosures.ReachableTensorLatticeCriterion.diagonalSpan R =
    IUTThreeClosures.ReachableTensorLatticeCriterion.symmetricSubmodule R
info: IUTThreeClosures/ResearchSession20260830Audit.lean:35:0: 'IUTThreeClosures.ReachableTensorLatticeCriterion.diagonalSpan_eq_symmetric' depends on axioms: [propext,
 Classical.choice,
 Quot.sound]
info: IUTThreeClosures/ResearchSession20260830Audit.lean:36:0: @IUTThreeClosures.ReachableTensorLatticeCriterion.offDiagonal_not_mem_diagonalSpan : ∀ {R : Type u_1}
  [inst : CommRing R] [Nontrivial R],
  IUTThreeClosures.ReachableTensorLatticeCriterion.pureTensor ![1, 0] ![0, 1] ∉
    IUTThreeClosures.ReachableTensorLatticeCriterion.diagonalSpan R
info: IUTThreeClosures/ResearchSession20260830Audit.lean:37:0: 'IUTThreeClosures.ReachableTensorLatticeCriterion.offDiagonal_not_mem_diagonalSpan' depends on axioms: [propext,
 Classical.choice,
 Quot.sound]
info: IUTThreeClosures/ResearchSession20260830Audit.lean:38:0: @IUTThreeClosures.ReachableTensorLatticeCriterion.independent_pureTensor_span_eq_top : ∀ {R : Type u_1}
  [inst : CommRing R],
  Submodule.span R (Set.range fun uv ↦ IUTThreeClosures.ReachableTensorLatticeCriterion.pureTensor uv.1 uv.2) = ⊤
info: IUTThreeClosures/ResearchSession20260830Audit.lean:39:0: 'IUTThreeClosures.ReachableTensorLatticeCriterion.independent_pureTensor_span_eq_top' depends on axioms: [propext,
 Classical.choice,
 Quot.sound]
info: IUTThreeClosures/ResearchSession20260830Audit.lean:41:0: IUTThreeClosures.ABCPoint.c_pow_four_le_1024_freyJReducedDen : ∀ (P : IUTThreeClosures.ABCPoint),
  P.c ^ 4 ≤ 1024 * P.freyJReducedDen
info: IUTThreeClosures/ResearchSession20260830Audit.lean:42:0: 'IUTThreeClosures.ABCPoint.c_pow_four_le_1024_freyJReducedDen' depends on axioms: [propext,
 Classical.choice,
 Quot.sound]
info: IUTThreeClosures/ResearchSession20260830Audit.lean:43:0: IUTThreeClosures.pellEffective_kernelFifthCorridor : ∀ (H L P G : ℝ),
  0 ≤ L → 0 ≤ P → P * L ≤ 4 * H → G ≤ 4300 * P ^ 5 → G * L ^ 5 ≤ 4300 * (4 * H) ^ 5
info: IUTThreeClosures/ResearchSession20260830Audit.lean:44:0: 'IUTThreeClosures.pellEffective_kernelFifthCorridor' depends on axioms: [propext, Classical.choice, Quot.sound]
info: IUTThreeClosures/ResearchSession20260830Audit.lean:45:0: IUTThreeClosures.pellEffective_squareFactorDescent : ∀ (d t x Y : ℤ),
  t ≠ 0 → Y ^ 2 = d * t ^ 2 * (x ^ 3 - x) → ∃ y, Y = t * y ∧ y ^ 2 = d * (x ^ 3 - x)
info: IUTThreeClosures/ResearchSession20260830Audit.lean:46:0: 'IUTThreeClosures.pellEffective_squareFactorDescent' depends on axioms: [propext, Classical.choice, Quot.sound]
ℹ [9212/9224] Replayed IUTThreeClosures.ResearchUniformContinuation20260831Audit
info: IUTThreeClosures/ResearchUniformContinuation20260831Audit.lean:15:0: def IUTThreeClosures.ABCConjecture : Prop :=
∀ (ε : ℝ),
  0 < ε →
    ∃ C,
      ∀ (a b c : ℕ),
        0 < a →
          0 < b →
            0 < c →
              a + b = c →
                IUTThreeClosures.PairwiseCoprimeABC a b c →
                  Real.log ↑(max a (max b c)) ≤ (1 + ε) * Real.log ↑(IUTThreeClosures.abcRadical (a * b * c)) + C
info: IUTThreeClosures/ResearchUniformContinuation20260831Audit.lean:20:0: IUTThreeClosures.ABCTwoPrimeSupport20260831.primeFactors_card_mul_three {a b c : ℕ} (ha : 0 < a) (hb : 0 < b)
  (hc : 0 < c) (hcop : IUTThreeClosures.PairwiseCoprimeABC a b c) :
  (a * b * c).primeFactors.card = a.primeFactors.card + b.primeFactors.card + c.primeFactors.card
info: IUTThreeClosures/ResearchUniformContinuation20260831Audit.lean:21:0: 'IUTThreeClosures.ABCTwoPrimeSupport20260831.primeFactors_card_mul_three' depends on axioms: [propext,
 Classical.choice,
 Quot.sound]
info: IUTThreeClosures/ResearchUniformContinuation20260831Audit.lean:22:0: IUTThreeClosures.ABCTwoPrimeSupport20260831.one_addend_eq_one {a b c : ℕ} (ha : 0 < a) (hb : 0 < b) (hadd : a + b = c)
  (hcop : IUTThreeClosures.PairwiseCoprimeABC a b c) (hcard : (a * b * c).primeFactors.card ≤ 2) : a = 1 ∨ b = 1
info: IUTThreeClosures/ResearchUniformContinuation20260831Audit.lean:23:0: 'IUTThreeClosures.ABCTwoPrimeSupport20260831.one_addend_eq_one' depends on axioms: [propext,
 Classical.choice,
 Quot.sound]
info: IUTThreeClosures/ResearchUniformContinuation20260831Audit.lean:24:0: IUTThreeClosures.ABCTwoPrimeSupport20260831.two_prime_powers_of_small_support {b c : ℕ} (hb : 1 < b) (hc : 1 < c)
  (hcop : b.Coprime c) (hcard : (b * c).primeFactors.card ≤ 2) :
  ∃ p q u v, Nat.Prime p ∧ Nat.Prime q ∧ 0 < u ∧ 0 < v ∧ p ^ u = b ∧ q ^ v = c ∧ p ≠ q
info: IUTThreeClosures/ResearchUniformContinuation20260831Audit.lean:25:0: 'IUTThreeClosures.ABCTwoPrimeSupport20260831.two_prime_powers_of_small_support' depends on axioms: [propext,
 Classical.choice,
 Quot.sound]
info: IUTThreeClosures/ResearchUniformContinuation20260831Audit.lean:26:0: IUTThreeClosures.ABCTwoPrimeSupport20260831.int_eq_one_or_neg_one_of_dvd_two_pow {z : ℤ} {u : ℕ} (hz : ¬2 ∣ z)
  (hdiv : z ∣ 2 ^ u) : z = 1 ∨ z = -1
info: IUTThreeClosures/ResearchUniformContinuation20260831Audit.lean:27:0: 'IUTThreeClosures.ABCTwoPrimeSupport20260831.int_eq_one_or_neg_one_of_dvd_two_pow' depends on axioms: [propext,
 Classical.choice,
 Quot.sound]
info: IUTThreeClosures/ResearchUniformContinuation20260831Audit.lean:28:0: IUTThreeClosures.ABCTwoPrimeSupport20260831.odd_geometric_gap_eq_base_gap {x y : ℤ} {n u : ℕ} (hxypos : 0 < x - y)
  (hxy : 2 ∣ x - y) (hx : ¬2 ∣ x) (hn : Odd n) (hgap : x ^ n - y ^ n = 2 ^ u) : x ^ n - y ^ n = x - y
info: IUTThreeClosures/ResearchUniformContinuation20260831Audit.lean:29:0: 'IUTThreeClosures.ABCTwoPrimeSupport20260831.odd_geometric_gap_eq_base_gap' depends on axioms: [propext,
 Classical.choice,
 Quot.sound]
info: IUTThreeClosures/ResearchUniformContinuation20260831Audit.lean:30:0: IUTThreeClosures.ABCTwoPrimeSupport20260831.odd_exponent_eq_one_of_pow_add_one {q n u : ℕ} (hq : 1 < q) (hqodd : Odd q)
  (hn : Odd n) (heq : q ^ n + 1 = 2 ^ u) : n = 1
info: IUTThreeClosures/ResearchUniformContinuation20260831Audit.lean:31:0: 'IUTThreeClosures.ABCTwoPrimeSupport20260831.odd_exponent_eq_one_of_pow_add_one' depends on axioms: [propext,
 Classical.choice,
 Quot.sound]
info: IUTThreeClosures/ResearchUniformContinuation20260831Audit.lean:32:0: IUTThreeClosures.ABCTwoPrimeSupport20260831.odd_exponent_eq_one_of_pow_eq_two_pow_add_one {q n u : ℕ} (hq : 1 < q)
  (hqodd : Odd q) (hn : Odd n) (heq : q ^ n = 2 ^ u + 1) : n = 1
info: IUTThreeClosures/ResearchUniformContinuation20260831Audit.lean:33:0: 'IUTThreeClosures.ABCTwoPrimeSupport20260831.odd_exponent_eq_one_of_pow_eq_two_pow_add_one' depends on axioms: [propext,
 Classical.choice,
 Quot.sound]
info: IUTThreeClosures/ResearchUniformContinuation20260831Audit.lean:34:0: IUTThreeClosures.ABCTwoPrimeSupport20260831.odd_square_add_one_ne_two_pow {Q u : ℕ} (hQ : 1 < Q) (hQodd : Odd Q) :
  Q ^ 2 + 1 ≠ 2 ^ u
info: IUTThreeClosures/ResearchUniformContinuation20260831Audit.lean:35:0: 'IUTThreeClosures.ABCTwoPrimeSupport20260831.odd_square_add_one_ne_two_pow' depends on axioms: [propext,
 Classical.choice,
 Quot.sound]
info: IUTThreeClosures/ResearchUniformContinuation20260831Audit.lean:36:0: IUTThreeClosures.ABCTwoPrimeSupport20260831.two_pow_add_two_eq_two_pow {r s : ℕ} (hr : 0 < r)
  (heq : 2 ^ r + 2 = 2 ^ s) : r = 1 ∧ s = 2
info: IUTThreeClosures/ResearchUniformContinuation20260831Audit.lean:37:0: 'IUTThreeClosures.ABCTwoPrimeSupport20260831.two_pow_add_two_eq_two_pow' depends on axioms: [propext,
 Classical.choice,
 Quot.sound]
info: IUTThreeClosures/ResearchUniformContinuation20260831Audit.lean:38:0: IUTThreeClosures.ABCTwoPrimeSupport20260831.even_exponent_exception {q v u : ℕ} (hq : Nat.Prime q) (hqne : q ≠ 2)
  (hv : 0 < v) (heven : Even v) (heq : q ^ v = 2 ^ u + 1) : q = 3 ∧ v = 2 ∧ u = 3
info: IUTThreeClosures/ResearchUniformContinuation20260831Audit.lean:39:0: 'IUTThreeClosures.ABCTwoPrimeSupport20260831.even_exponent_exception' depends on axioms: [propext,
 Classical.choice,
 Quot.sound]
info: IUTThreeClosures/ResearchUniformContinuation20260831Audit.lean:40:0: IUTThreeClosures.ABCTwoPrimeSupport20260831.exponent_eq_one_of_prime_pow_add_one {q v u : ℕ} (hq : Nat.Prime q)
  (hqne : q ≠ 2) (hv : 0 < v) (heq : q ^ v + 1 = 2 ^ u) : v = 1
info: IUTThreeClosures/ResearchUniformContinuation20260831Audit.lean:41:0: 'IUTThreeClosures.ABCTwoPrimeSupport20260831.exponent_eq_one_of_prime_pow_add_one' depends on axioms: [propext,
 Classical.choice,
 Quot.sound]
info: IUTThreeClosures/ResearchUniformContinuation20260831Audit.lean:42:0: IUTThreeClosures.ABCTwoPrimeSupport20260831.exponent_eq_one_or_eight_nine {q v u : ℕ} (hq : Nat.Prime q) (hqne : q ≠ 2)
  (hv : 0 < v) (heq : q ^ v = 2 ^ u + 1) : v = 1 ∨ q = 3 ∧ v = 2 ∧ u = 3
info: IUTThreeClosures/ResearchUniformContinuation20260831Audit.lean:43:0: 'IUTThreeClosures.ABCTwoPrimeSupport20260831.exponent_eq_one_or_eight_nine' depends on axioms: [propext,
 Classical.choice,
 Quot.sound]
info: IUTThreeClosures/ResearchUniformContinuation20260831Audit.lean:44:0: IUTThreeClosures.ABCTwoPrimeSupport20260831.power_two_and_odd_prime_power {b c : ℕ} (hb : 1 < b) (hadd : b + 1 = c)
  (hcop : b.Coprime c) (hcard : (b * c).primeFactors.card ≤ 2) :
  ∃ q u v, Nat.Prime q ∧ q ≠ 2 ∧ 0 < u ∧ 0 < v ∧ (b = 2 ^ u ∧ c = q ^ v ∨ b = q ^ v ∧ c = 2 ^ u)
info: IUTThreeClosures/ResearchUniformContinuation20260831Audit.lean:45:0: 'IUTThreeClosures.ABCTwoPrimeSupport20260831.power_two_and_odd_prime_power' depends on axioms: [propext,
 Classical.choice,
 Quot.sound]
info: IUTThreeClosures/ResearchUniformContinuation20260831Audit.lean:46:0: IUTThreeClosures.ABCTwoPrimeSupport20260831.radical_two_prime_powers {q u v : ℕ} (hq : Nat.Prime q) (hqne : q ≠ 2)
  (hu : 0 < u) (hv : 0 < v) : IUTThreeClosures.abcRadical (2 ^ u * q ^ v) = 2 * q
info: IUTThreeClosures/ResearchUniformContinuation20260831Audit.lean:47:0: 'IUTThreeClosures.ABCTwoPrimeSupport20260831.radical_two_prime_powers' depends on axioms: [propext,
 Classical.choice,
 Quot.sound]
info: IUTThreeClosures/ResearchUniformContinuation20260831Audit.lean:48:0: IUTThreeClosures.ABCTwoPrimeSupport20260831.radical_seventy_two : IUTThreeClosures.abcRadical 72 = 6
info: IUTThreeClosures/ResearchUniformContinuation20260831Audit.lean:49:0: 'IUTThreeClosures.ABCTwoPrimeSupport20260831.radical_seventy_two' depends on axioms: [propext,
 Classical.choice,
 Quot.sound]
info: IUTThreeClosures/ResearchUniformContinuation20260831Audit.lean:50:0: IUTThreeClosures.ABCTwoPrimeSupport20260831.one_addend_bound_or_exception {b c : ℕ} (hb : 0 < b) (hadd : 1 + b = c)
  (hcop : b.Coprime c) (hcard : (b * c).primeFactors.card ≤ 2) : c ≤ IUTThreeClosures.abcRadical (b * c) ∨ b = 8 ∧ c = 9
info: IUTThreeClosures/ResearchUniformContinuation20260831Audit.lean:51:0: 'IUTThreeClosures.ABCTwoPrimeSupport20260831.one_addend_bound_or_exception' depends on axioms: [propext,
 Classical.choice,
 Quot.sound]
info: IUTThreeClosures/ResearchUniformContinuation20260831Audit.lean:52:0: IUTThreeClosures.ABCTwoPrimeSupport20260831.radical_bound_or_exception {a b c : ℕ} (ha : 0 < a) (hb : 0 < b)
  (hadd : a + b = c) (hcop : IUTThreeClosures.PairwiseCoprimeABC a b c) (hcard : (a * b * c).primeFactors.card ≤ 2) :
  c ≤ IUTThreeClosures.abcRadical (a * b * c) ∨ a = 1 ∧ b = 8 ∧ c = 9 ∨ a = 8 ∧ b = 1 ∧ c = 9
info: IUTThreeClosures/ResearchUniformContinuation20260831Audit.lean:53:0: 'IUTThreeClosures.ABCTwoPrimeSupport20260831.radical_bound_or_exception' depends on axioms: [propext,
 Classical.choice,
 Quot.sound]
info: IUTThreeClosures/ResearchUniformContinuation20260831Audit.lean:54:0: IUTThreeClosures.ABCTwoPrimeSupport20260831.c_le_radical_of_not_exception {a b c : ℕ} (ha : 0 < a) (hb : 0 < b)
  (hadd : a + b = c) (hcop : IUTThreeClosures.PairwiseCoprimeABC a b c) (hcard : (a * b * c).primeFactors.card ≤ 2)
  (hnot₁ : ¬(a = 1 ∧ b = 8 ∧ c = 9)) (hnot₂ : ¬(a = 8 ∧ b = 1 ∧ c = 9)) : c ≤ IUTThreeClosures.abcRadical (a * b * c)
info: IUTThreeClosures/ResearchUniformContinuation20260831Audit.lean:55:0: 'IUTThreeClosures.ABCTwoPrimeSupport20260831.c_le_radical_of_not_exception' depends on axioms: [propext,
 Classical.choice,
 Quot.sound]
info: IUTThreeClosures/ResearchUniformContinuation20260831Audit.lean:56:0: IUTThreeClosures.ABCTwoPrimeSupport20260831.two_mul_c_le_three_mul_radical {a b c : ℕ} (ha : 0 < a) (hb : 0 < b)
  (hadd : a + b = c) (hcop : IUTThreeClosures.PairwiseCoprimeABC a b c) (hcard : (a * b * c).primeFactors.card ≤ 2) :
  2 * c ≤ 3 * IUTThreeClosures.abcRadical (a * b * c)
info: IUTThreeClosures/ResearchUniformContinuation20260831Audit.lean:57:0: 'IUTThreeClosures.ABCTwoPrimeSupport20260831.two_mul_c_le_three_mul_radical' depends on axioms: [propext,
 Classical.choice,
 Quot.sound]
info: IUTThreeClosures/ResearchUniformContinuation20260831Audit.lean:58:0: IUTThreeClosures.ABCTwoPrimeSupport20260831.two_mul_c_eq_three_mul_radical_iff {a b c : ℕ} (ha : 0 < a) (hb : 0 < b)
  (hadd : a + b = c) (hcop : IUTThreeClosures.PairwiseCoprimeABC a b c) (hcard : (a * b * c).primeFactors.card ≤ 2) :
  2 * c = 3 * IUTThreeClosures.abcRadical (a * b * c) ↔ a = 1 ∧ b = 8 ∧ c = 9 ∨ a = 8 ∧ b = 1 ∧ c = 9
info: IUTThreeClosures/ResearchUniformContinuation20260831Audit.lean:59:0: 'IUTThreeClosures.ABCTwoPrimeSupport20260831.two_mul_c_eq_three_mul_radical_iff' depends on axioms: [propext,
 Classical.choice,
 Quot.sound]
info: IUTThreeClosures/ResearchUniformContinuation20260831Audit.lean:60:0: IUTThreeClosures.ABCTwoPrimeSupport20260831.pairwise_coprime_of_add {a b c : ℕ} (hadd : a + b = c)
  (hcop : a.Coprime b) : IUTThreeClosures.PairwiseCoprimeABC a b c
info: IUTThreeClosures/ResearchUniformContinuation20260831Audit.lean:61:0: 'IUTThreeClosures.ABCTwoPrimeSupport20260831.pairwise_coprime_of_add' depends on axioms: [propext, Quot.sound]
info: IUTThreeClosures/ResearchUniformContinuation20260831Audit.lean:62:0: IUTThreeClosures.ABCTwoPrimeSupport20260831.two_mul_c_le_three_mul_radical_of_coprime {a b c : ℕ} (ha : 0 < a)
  (hb : 0 < b) (hadd : a + b = c) (hcop : a.Coprime b) (hcard : (a * b * c).primeFactors.card ≤ 2) :
  2 * c ≤ 3 * IUTThreeClosures.abcRadical (a * b * c)
info: IUTThreeClosures/ResearchUniformContinuation20260831Audit.lean:63:0: 'IUTThreeClosures.ABCTwoPrimeSupport20260831.two_mul_c_le_three_mul_radical_of_coprime' depends on axioms: [propext,
 Classical.choice,
 Quot.sound]
info: IUTThreeClosures/ResearchUniformContinuation20260831Audit.lean:69:0: IUTThreeClosures.TraceCovariantRationalReturn20260831.scalar_return_trace_balance.{uK, uS, uT} {K : Type uK} [Field K]
  {S : Type uS} [CommRing S] [Algebra K S] {T : Type uT} [CommRing T] [Algebra K T] (F : S →ₗ[K] T) (c a b : K)
  (htrace : ∀ (x : S), (Algebra.trace K T) (F x) = c * (Algebra.trace K S) x)
  (hreturn : F ((algebraMap K S) a) = (algebraMap K T) b) : ↑(Module.finrank K T) * b = c * (↑(Module.finrank K S) * a)
info: IUTThreeClosures/ResearchUniformContinuation20260831Audit.lean:70:0: 'IUTThreeClosures.TraceCovariantRationalReturn20260831.scalar_return_trace_balance' depends on axioms: [propext,
 Classical.choice,
 Quot.sound]
info: IUTThreeClosures/ResearchUniformContinuation20260831Audit.lean:71:0: IUTThreeClosures.TraceCovariantRationalReturn20260831.scalar_return_of_equal_finrank.{uK, uS, uT} {K : Type uK}
  [Field K] {S : Type uS} [CommRing S] [Algebra K S] {T : Type uT} [CommRing T] [Algebra K T] [CharZero K]
  [Nontrivial S] [Module.Finite K S] (F : S →ₗ[K] T) (c a b : K) (hdegree : Module.finrank K S = Module.finrank K T)
  (htrace : ∀ (x : S), (Algebra.trace K T) (F x) = c * (Algebra.trace K S) x)
  (hreturn : F ((algebraMap K S) a) = (algebraMap K T) b) : b = c * a
info: IUTThreeClosures/ResearchUniformContinuation20260831Audit.lean:72:0: 'IUTThreeClosures.TraceCovariantRationalReturn20260831.scalar_return_of_equal_finrank' depends on axioms: [propext,
 Classical.choice,
 Quot.sound]
info: IUTThreeClosures/ResearchUniformContinuation20260831Audit.lean:73:0: IUTThreeClosures.TraceCovariantRationalReturn20260831.map_one_of_nonzero_scalar_return.{uK, uS, uT} {K : Type uK}
  [Field K] {S : Type uS} [CommRing S] [Algebra K S] {T : Type uT} [CommRing T] [Algebra K T] [CharZero K]
  [Nontrivial S] [Module.Finite K S] (F : S →ₗ[K] T) (c a b : K) (hdegree : Module.finrank K S = Module.finrank K T)
  (htrace : ∀ (x : S), (Algebra.trace K T) (F x) = c * (Algebra.trace K S) x) (ha : a ≠ 0)
  (hreturn : F ((algebraMap K S) a) = (algebraMap K T) b) : F 1 = (algebraMap K T) c
info: IUTThreeClosures/ResearchUniformContinuation20260831Audit.lean:74:0: 'IUTThreeClosures.TraceCovariantRationalReturn20260831.map_one_of_nonzero_scalar_return' depends on axioms: [propext,
 Classical.choice,
 Quot.sound]
info: IUTThreeClosures/ResearchUniformContinuation20260831Audit.lean:75:0: IUTThreeClosures.TraceCovariantRationalReturn20260831.scalar_line_of_nonzero_return.{uK, uS, uT} {K : Type uK} [Field K]
  {S : Type uS} [CommRing S] [Algebra K S] {T : Type uT} [CommRing T] [Algebra K T] [CharZero K] [Nontrivial S]
  [Module.Finite K S] (F : S →ₗ[K] T) (c a b : K) (hdegree : Module.finrank K S = Module.finrank K T)
  (htrace : ∀ (x : S), (Algebra.trace K T) (F x) = c * (Algebra.trace K S) x) (ha : a ≠ 0)
  (hreturn : F ((algebraMap K S) a) = (algebraMap K T) b) (t : K) : F ((algebraMap K S) t) = (algebraMap K T) (c * t)
info: IUTThreeClosures/ResearchUniformContinuation20260831Audit.lean:76:0: 'IUTThreeClosures.TraceCovariantRationalReturn20260831.scalar_line_of_nonzero_return' depends on axioms: [propext,
 Classical.choice,
 Quot.sound]
info: IUTThreeClosures/ResearchUniformContinuation20260831Audit.lean:77:0: IUTThreeClosures.TraceCovariantRationalReturn20260831.exists_nonzero_return_iff_scalar_line.{uK, uS, uT} {K : Type uK}
  [Field K] {S : Type uS} [CommRing S] [Algebra K S] {T : Type uT} [CommRing T] [Algebra K T] [CharZero K]
  [Nontrivial S] [Module.Finite K S] (F : S →ₗ[K] T) (c : K) (hdegree : Module.finrank K S = Module.finrank K T)
  (htrace : ∀ (x : S), (Algebra.trace K T) (F x) = c * (Algebra.trace K S) x) :
  (∃ a b, a ≠ 0 ∧ F ((algebraMap K S) a) = (algebraMap K T) b) ↔
    ∀ (t : K), F ((algebraMap K S) t) = (algebraMap K T) (c * t)
info: IUTThreeClosures/ResearchUniformContinuation20260831Audit.lean:78:0: 'IUTThreeClosures.TraceCovariantRationalReturn20260831.exists_nonzero_return_iff_scalar_line' depends on axioms: [propext,
 Classical.choice,
 Quot.sound]
info: IUTThreeClosures/ResearchUniformContinuation20260831Audit.lean:79:0: IUTThreeClosures.TraceCovariantRationalReturn20260831.scalar_return_addValuation.{uK, uS, uT, uV} {K : Type uK}
  [Field K] {S : Type uS} [CommRing S] [Algebra K S] {T : Type uT} [CommRing T] [Algebra K T] [CharZero K]
  [Nontrivial S] [Module.Finite K S] {V : Type uV} [LinearOrderedAddCommMonoidWithTop V] (v : AddValuation K V)
  (F : S →ₗ[K] T) (c a b : K) (hdegree : Module.finrank K S = Module.finrank K T)
  (htrace : ∀ (x : S), (Algebra.trace K T) (F x) = c * (Algebra.trace K S) x) (hc : v c = 0)
  (hreturn : F ((algebraMap K S) a) = (algebraMap K T) b) : v b = v a
info: IUTThreeClosures/ResearchUniformContinuation20260831Audit.lean:80:0: 'IUTThreeClosures.TraceCovariantRationalReturn20260831.scalar_return_addValuation' depends on axioms: [propext,
 Classical.choice,
 Quot.sound]
info: IUTThreeClosures/ResearchUniformContinuation20260831Audit.lean:81:0: IUTThreeClosures.TraceCovariantRationalReturn20260831.no_scalar_return_of_addValuation_ne.{uK, uS, uT, uV} {K : Type uK}
  [Field K] {S : Type uS} [CommRing S] [Algebra K S] {T : Type uT} [CommRing T] [Algebra K T] [CharZero K]
  [Nontrivial S] [Module.Finite K S] {V : Type uV} [LinearOrderedAddCommMonoidWithTop V] (v : AddValuation K V)
  (F : S →ₗ[K] T) (c a b : K) (hdegree : Module.finrank K S = Module.finrank K T)
  (htrace : ∀ (x : S), (Algebra.trace K T) (F x) = c * (Algebra.trace K S) x) (hc : v c = 0) (hne : v b ≠ v a) :
  F ((algebraMap K S) a) ≠ (algebraMap K T) b
info: IUTThreeClosures/ResearchUniformContinuation20260831Audit.lean:82:0: 'IUTThreeClosures.TraceCovariantRationalReturn20260831.no_scalar_return_of_addValuation_ne' depends on axioms: [propext,
 Classical.choice,
 Quot.sound]
info: IUTThreeClosures/ResearchUniformContinuation20260831Audit.lean:88:0: IUTThreeClosures.ABCOddPartFibre20260831.oddPart_le (n : ℕ) : oddPart n ≤ n
info: IUTThreeClosures/ResearchUniformContinuation20260831Audit.lean:89:0: 'IUTThreeClosures.ABCOddPartFibre20260831.oddPart_le' depends on axioms: [propext, Classical.choice, Quot.sound]
info: IUTThreeClosures/ResearchUniformContinuation20260831Audit.lean:90:0: IUTThreeClosures.ABCOddPartFibre20260831.oddPart_eq_self_of_odd {n : ℕ} (hn : n % 2 = 1) : oddPart n = n
info: IUTThreeClosures/ResearchUniformContinuation20260831Audit.lean:91:0: 'IUTThreeClosures.ABCOddPartFibre20260831.oddPart_eq_self_of_odd' depends on axioms: [propext,
 Classical.choice,
 Quot.sound]
info: IUTThreeClosures/ResearchUniformContinuation20260831Audit.lean:92:0: IUTThreeClosures.ABCOddPartFibre20260831.oddPart_lt_self_of_even {n : ℕ} (hn : 0 < n) (heven : n % 2 = 0) :
  oddPart n < n
info: IUTThreeClosures/ResearchUniformContinuation20260831Audit.lean:93:0: 'IUTThreeClosures.ABCOddPartFibre20260831.oddPart_lt_self_of_even' depends on axioms: [propext,
 Classical.choice,
 Quot.sound]
info: IUTThreeClosures/ResearchUniformContinuation20260831Audit.lean:94:0: IUTThreeClosures.ABCOddPartFibre20260831.point_eq_of_coordinates {P Q : IUTThreeClosures.ABCPoint} (ha : P.a = Q.a)
  (hb : P.b = Q.b) (hc : P.c = Q.c) : P = Q
info: IUTThreeClosures/ResearchUniformContinuation20260831Audit.lean:95:0: 'IUTThreeClosures.ABCOddPartFibre20260831.point_eq_of_coordinates' does not depend on any axioms
info: IUTThreeClosures/ResearchUniformContinuation20260831Audit.lean:96:0: IUTThreeClosures.ABCOddPartFibre20260831.parity_cases (P : IUTThreeClosures.ABCPoint) :
  P.a % 2 = 0 ∧ P.b % 2 = 1 ∧ P.c % 2 = 1 ∨
    P.a % 2 = 1 ∧ P.b % 2 = 0 ∧ P.c % 2 = 1 ∨ P.a % 2 = 1 ∧ P.b % 2 = 1 ∧ P.c % 2 = 0
info: IUTThreeClosures/ResearchUniformContinuation20260831Audit.lean:97:0: 'IUTThreeClosures.ABCOddPartFibre20260831.parity_cases' depends on axioms: [propext, Classical.choice, Quot.sound]
info: IUTThreeClosures/ResearchUniformContinuation20260831Audit.lean:98:0: IUTThreeClosures.ABCOddPartFibre20260831.sameOddParts_symm {P Q : IUTThreeClosures.ABCPoint} (h : SameOddParts P Q) :
  SameOddParts Q P
info: IUTThreeClosures/ResearchUniformContinuation20260831Audit.lean:99:0: 'IUTThreeClosures.ABCOddPartFibre20260831.sameOddParts_symm' depends on axioms: [propext, Classical.choice, Quot.sound]
info: IUTThreeClosures/ResearchUniformContinuation20260831Audit.lean:100:0: IUTThreeClosures.ABCOddPartFibre20260831.eq_of_sameOddParts_even_a {P Q : IUTThreeClosures.ABCPoint}
  (h : SameOddParts P Q) (hp : P.a % 2 = 0) (hq : Q.a % 2 = 0) : P = Q
info: IUTThreeClosures/ResearchUniformContinuation20260831Audit.lean:101:0: 'IUTThreeClosures.ABCOddPartFibre20260831.eq_of_sameOddParts_even_a' depends on axioms: [propext,
 Classical.choice,
 Quot.sound]
info: IUTThreeClosures/ResearchUniformContinuation20260831Audit.lean:102:0: IUTThreeClosures.ABCOddPartFibre20260831.eq_of_sameOddParts_even_b {P Q : IUTThreeClosures.ABCPoint}
  (h : SameOddParts P Q) (hp : P.b % 2 = 0) (hq : Q.b % 2 = 0) : P = Q
info: IUTThreeClosures/ResearchUniformContinuation20260831Audit.lean:103:0: 'IUTThreeClosures.ABCOddPartFibre20260831.eq_of_sameOddParts_even_b' depends on axioms: [propext,
 Classical.choice,
 Quot.sound]
info: IUTThreeClosures/ResearchUniformContinuation20260831Audit.lean:104:0: IUTThreeClosures.ABCOddPartFibre20260831.eq_of_sameOddParts_even_c {P Q : IUTThreeClosures.ABCPoint}
  (h : SameOddParts P Q) (hp : P.c % 2 = 0) (hq : Q.c % 2 = 0) : P = Q
info: IUTThreeClosures/ResearchUniformContinuation20260831Audit.lean:105:0: 'IUTThreeClosures.ABCOddPartFibre20260831.eq_of_sameOddParts_even_c' depends on axioms: [propext,
 Classical.choice,
 Quot.sound]
info: IUTThreeClosures/ResearchUniformContinuation20260831Audit.lean:106:0: IUTThreeClosures.ABCOddPartFibre20260831.not_sameOddParts_even_b_even_c {P Q : IUTThreeClosures.ABCPoint}
  (hp : P.b % 2 = 0) (hq : Q.c % 2 = 0) : ¬SameOddParts P Q
info: IUTThreeClosures/ResearchUniformContinuation20260831Audit.lean:107:0: 'IUTThreeClosures.ABCOddPartFibre20260831.not_sameOddParts_even_b_even_c' depends on axioms: [propext,
 Classical.choice,
 Quot.sound]
info: IUTThreeClosures/ResearchUniformContinuation20260831Audit.lean:108:0: IUTThreeClosures.ABCOddPartFibre20260831.eq_of_sameOddParts_mod_a {P Q : IUTThreeClosures.ABCPoint}
  (h : SameOddParts P Q) (hmod : P.a % 2 = Q.a % 2) : P = Q
info: IUTThreeClosures/ResearchUniformContinuation20260831Audit.lean:109:0: 'IUTThreeClosures.ABCOddPartFibre20260831.eq_of_sameOddParts_mod_a' depends on axioms: [propext,
 Classical.choice,
 Quot.sound]
info: IUTThreeClosures/ResearchUniformContinuation20260831Audit.lean:110:0: IUTThreeClosures.ABCOddPartFibre20260831.parityMap_injective (A B C : ℕ) : Function.Injective parityMap
info: IUTThreeClosures/ResearchUniformContinuation20260831Audit.lean:111:0: 'IUTThreeClosures.ABCOddPartFibre20260831.parityMap_injective' depends on axioms: [propext,
 Classical.choice,
 Quot.sound]
info: IUTThreeClosures/ResearchUniformContinuation20260831Audit.lean:112:0: IUTThreeClosures.ABCOddPartFibre20260831.fibre_card_le_two (A B C : ℕ) : Nat.card (Fibre A B C) ≤ 2
info: IUTThreeClosures/ResearchUniformContinuation20260831Audit.lean:113:0: 'IUTThreeClosures.ABCOddPartFibre20260831.fibre_card_le_two' depends on axioms: [propext, Classical.choice, Quot.sound]
info: IUTThreeClosures/ResearchUniformContinuation20260831Audit.lean:114:0: IUTThreeClosures.ABCOddPartFibre20260831.exampleP_oddParts :
  oddPart exampleP.a = 1 ∧ oddPart exampleP.b = 3 ∧ oddPart exampleP.c = 7
info: IUTThreeClosures/ResearchUniformContinuation20260831Audit.lean:115:0: 'IUTThreeClosures.ABCOddPartFibre20260831.exampleP_oddParts' depends on axioms: [propext, Classical.choice, Quot.sound]
info: IUTThreeClosures/ResearchUniformContinuation20260831Audit.lean:116:0: IUTThreeClosures.ABCOddPartFibre20260831.exampleQ_oddParts :
  oddPart exampleQ.a = 1 ∧ oddPart exampleQ.b = 3 ∧ oddPart exampleQ.c = 7
info: IUTThreeClosures/ResearchUniformContinuation20260831Audit.lean:117:0: 'IUTThreeClosures.ABCOddPartFibre20260831.exampleQ_oddParts' depends on axioms: [propext, Classical.choice, Quot.sound]
info: IUTThreeClosures/ResearchUniformContinuation20260831Audit.lean:118:0: IUTThreeClosures.ABCOddPartFibre20260831.exampleP_ne_exampleQ : exampleP ≠ exampleQ
info: IUTThreeClosures/ResearchUniformContinuation20260831Audit.lean:119:0: 'IUTThreeClosures.ABCOddPartFibre20260831.exampleP_ne_exampleQ' depends on axioms: [propext]
info: IUTThreeClosures/ResearchUniformContinuation20260831Audit.lean:120:0: IUTThreeClosures.ABCOddPartFibre20260831.fibre_one_three_seven_classification (P : Fibre 1 3 7) :
  ↑P = exampleP ∨ ↑P = exampleQ
info: IUTThreeClosures/ResearchUniformContinuation20260831Audit.lean:121:0: 'IUTThreeClosures.ABCOddPartFibre20260831.fibre_one_three_seven_classification' depends on axioms: [propext,
 Classical.choice,
 Quot.sound]
info: IUTThreeClosures/ResearchUniformContinuation20260831Audit.lean:122:0: IUTThreeClosures.ABCOddPartFibre20260831.fibre_one_three_seven_card : Nat.card (Fibre 1 3 7) = 2
info: IUTThreeClosures/ResearchUniformContinuation20260831Audit.lean:123:0: 'IUTThreeClosures.ABCOddPartFibre20260831.fibre_one_three_seven_card' depends on axioms: [propext,
 Classical.choice,
 Quot.sound]
info: IUTThreeClosures/ResearchUniformContinuation20260831Audit.lean:126:0: IUTThreeClosures.ABCOddPartFibre20260831.parityMap {A B C : ℕ} (P : Fibre A B C) : Fin 2
info: IUTThreeClosures/ResearchUniformContinuation20260831Audit.lean:127:0: 'IUTThreeClosures.ABCOddPartFibre20260831.parityMap' depends on axioms: [propext, Classical.choice, Quot.sound]
info: IUTThreeClosures/ResearchUniformContinuation20260831Audit.lean:128:0: IUTThreeClosures.ABCOddPartFibre20260831.fibreFinite (A B C : ℕ) : Finite (Fibre A B C)
info: IUTThreeClosures/ResearchUniformContinuation20260831Audit.lean:129:0: 'IUTThreeClosures.ABCOddPartFibre20260831.fibreFinite' depends on axioms: [propext, Classical.choice, Quot.sound]
info: IUTThreeClosures/ResearchUniformContinuation20260831Audit.lean:130:0: IUTThreeClosures.ABCOddPartFibre20260831.exampleP : IUTThreeClosures.ABCPoint
info: IUTThreeClosures/ResearchUniformContinuation20260831Audit.lean:131:0: 'IUTThreeClosures.ABCOddPartFibre20260831.exampleP' does not depend on any axioms
info: IUTThreeClosures/ResearchUniformContinuation20260831Audit.lean:132:0: IUTThreeClosures.ABCOddPartFibre20260831.exampleQ : IUTThreeClosures.ABCPoint
info: IUTThreeClosures/ResearchUniformContinuation20260831Audit.lean:133:0: 'IUTThreeClosures.ABCOddPartFibre20260831.exampleQ' does not depend on any axioms
info: IUTThreeClosures/ResearchUniformContinuation20260831Audit.lean:139:0: IUTThreeClosures.FreyEntireIsogenyArithmetic20260831.endpointC_strictMono : StrictMono endpointC
info: IUTThreeClosures/ResearchUniformContinuation20260831Audit.lean:140:0: 'IUTThreeClosures.FreyEntireIsogenyArithmetic20260831.endpointC_strictMono' depends on axioms: [propext, Quot.sound]
info: IUTThreeClosures/ResearchUniformContinuation20260831Audit.lean:141:0: IUTThreeClosures.FreyEntireIsogenyArithmetic20260831.endpointC_ge_two (n : ℕ) : 2 ≤ endpointC n
info: IUTThreeClosures/ResearchUniformContinuation20260831Audit.lean:142:0: 'IUTThreeClosures.FreyEntireIsogenyArithmetic20260831.endpointC_ge_two' depends on axioms: [propext,
 Classical.choice,
 Quot.sound]
info: IUTThreeClosures/ResearchUniformContinuation20260831Audit.lean:143:0: IUTThreeClosures.FreyEntireIsogenyArithmetic20260831.endpointC_ge_1794 (n : ℕ) (hn : 1 ≤ n) : 1794 ≤ endpointC n
info: IUTThreeClosures/ResearchUniformContinuation20260831Audit.lean:144:0: 'IUTThreeClosures.FreyEntireIsogenyArithmetic20260831.endpointC_ge_1794' depends on axioms: [propext, Quot.sound]
info: IUTThreeClosures/ResearchUniformContinuation20260831Audit.lean:145:0: IUTThreeClosures.FreyEntireIsogenyArithmetic20260831.endpointC_mod_eight (n : ℕ) : endpointC n % 8 = 2
info: IUTThreeClosures/ResearchUniformContinuation20260831Audit.lean:146:0: 'IUTThreeClosures.FreyEntireIsogenyArithmetic20260831.endpointC_mod_eight' depends on axioms: [propext]
info: IUTThreeClosures/ResearchUniformContinuation20260831Audit.lean:147:0: IUTThreeClosures.FreyEntireIsogenyArithmetic20260831.endpointC_cast_mod_seven (n : ℕ) : ↑(endpointC n) = 2
info: IUTThreeClosures/ResearchUniformContinuation20260831Audit.lean:148:0: 'IUTThreeClosures.FreyEntireIsogenyArithmetic20260831.endpointC_cast_mod_seven' depends on axioms: [propext,
 Classical.choice,
 Quot.sound]
info: IUTThreeClosures/ResearchUniformContinuation20260831Audit.lean:149:0: IUTThreeClosures.FreyEntireIsogenyArithmetic20260831.model_map.{u, v} {R : Type u} {S : Type v} [CommRing R]
  [CommRing S] (f : R →+* S) (c : R) (i : ModelLabel) : (model c i).map f = model (f c) i
info: IUTThreeClosures/ResearchUniformContinuation20260831Audit.lean:150:0: 'IUTThreeClosures.FreyEntireIsogenyArithmetic20260831.model_map' depends on axioms: [propext,
 Classical.choice,
 Quot.sound]
info: IUTThreeClosures/ResearchUniformContinuation20260831Audit.lean:151:0: IUTThreeClosures.FreyEntireIsogenyArithmetic20260831.model_c4.{u} {R : Type u} [CommRing R] (c : R) (i : ModelLabel) :
  (model c i).c₄ =
    16 *
      match i with
      | ModelLabel.original => c ^ 2 - c + 1
      | ModelLabel.zeroKernel => c ^ 2 - 16 * c + 16
      | ModelLabel.aKernel => c ^ 2 + 14 * c + 1
      | ModelLabel.negBKernel => 16 * c ^ 2 - 16 * c + 1
info: IUTThreeClosures/ResearchUniformContinuation20260831Audit.lean:152:0: 'IUTThreeClosures.FreyEntireIsogenyArithmetic20260831.model_c4' depends on axioms: [propext, Quot.sound]
info: IUTThreeClosures/ResearchUniformContinuation20260831Audit.lean:153:0: IUTThreeClosures.FreyEntireIsogenyArithmetic20260831.model_discriminant.{u} {R : Type u} [CommRing R] (c : R)
  (i : ModelLabel) :
  (model c i).Δ =
    match i with
    | ModelLabel.original => 16 * (c - 1) ^ 2 * c ^ 2
    | ModelLabel.zeroKernel => -256 * (c - 1) * c ^ 4
    | ModelLabel.aKernel => 256 * c * (c - 1) ^ 4
    | ModelLabel.negBKernel => 256 * c * (c - 1)
info: IUTThreeClosures/ResearchUniformContinuation20260831Audit.lean:154:0: 'IUTThreeClosures.FreyEntireIsogenyArithmetic20260831.model_discriminant' depends on axioms: [propext, Quot.sound]
info: IUTThreeClosures/ResearchUniformContinuation20260831Audit.lean:155:0: IUTThreeClosures.FreyEntireIsogenyArithmetic20260831.familyCurve_eq_canonical (n : ℕ) (i : ModelLabel) :
  familyCurve n i =
    match i with
    | ModelLabel.original => IUTThreeClosures.abcFreyCurve (familyTriple n)
    | ModelLabel.zeroKernel => IUTThreeClosures.abcFreyTwoIsogenousCurve (familyTriple n)
    | ModelLabel.aKernel => IUTThreeClosures.abcFreyAtAQuotientCurve (familyTriple n)
    | ModelLabel.negBKernel => IUTThreeClosures.abcFreyAtNegBQuotientCurve (familyTriple n)
info: IUTThreeClosures/ResearchUniformContinuation20260831Audit.lean:156:0: 'IUTThreeClosures.FreyEntireIsogenyArithmetic20260831.familyCurve_eq_canonical' depends on axioms: [propext,
 Classical.choice,
 Quot.sound]
info: IUTThreeClosures/ResearchUniformContinuation20260831Audit.lean:157:0: IUTThreeClosures.FreyEntireIsogenyArithmetic20260831.residueCurve_discriminant : residueCurve.Δ = 1
info: IUTThreeClosures/ResearchUniformContinuation20260831Audit.lean:158:0: 'IUTThreeClosures.FreyEntireIsogenyArithmetic20260831.residueCurve_discriminant' depends on axioms: [propext,
 Classical.choice,
 Quot.sound]
info: IUTThreeClosures/ResearchUniformContinuation20260831Audit.lean:159:0: IUTThreeClosures.FreyEntireIsogenyArithmetic20260831.canonical_reduction_seven (n : ℕ) :
  (IUTThreeClosures.abcFreyCurveZ (familyTriple n)).map (Int.castRingHom (ZMod 7)) = residueCurve
info: IUTThreeClosures/ResearchUniformContinuation20260831Audit.lean:160:0: 'IUTThreeClosures.FreyEntireIsogenyArithmetic20260831.canonical_reduction_seven' depends on axioms: [propext,
 Classical.choice,
 Quot.sound]
info: IUTThreeClosures/ResearchUniformContinuation20260831Audit.lean:161:0: IUTThreeClosures.FreyEntireIsogenyArithmetic20260831.residueCurve_equation (x y : ZMod 7) :
  residueCurve.toAffine.Equation x y ↔ y ^ 2 = x ^ 3 - x
info: IUTThreeClosures/ResearchUniformContinuation20260831Audit.lean:162:0: 'IUTThreeClosures.FreyEntireIsogenyArithmetic20260831.residueCurve_equation' depends on axioms: [propext,
 Classical.choice,
 Quot.sound]
info: IUTThreeClosures/ResearchUniformContinuation20260831Audit.lean:163:0: IUTThreeClosures.FreyEntireIsogenyArithmetic20260831.residueCurve_affine_card :
  Fintype.card { xy // xy.2 ^ 2 = xy.1 ^ 3 - xy.1 } = 7
info: IUTThreeClosures/ResearchUniformContinuation20260831Audit.lean:164:0: 'IUTThreeClosures.FreyEntireIsogenyArithmetic20260831.residueCurve_affine_card' depends on axioms: [propext,
 Classical.choice,
 Quot.sound]
info: IUTThreeClosures/ResearchUniformContinuation20260831Audit.lean:165:0: IUTThreeClosures.FreyEntireIsogenyArithmetic20260831.residueCurve_point_card : Nat.card residueCurve.toAffine.Point = 8
info: IUTThreeClosures/ResearchUniformContinuation20260831Audit.lean:166:0: 'IUTThreeClosures.FreyEntireIsogenyArithmetic20260831.residueCurve_point_card' depends on axioms: [propext,
 Classical.choice,
 Quot.sound]
info: IUTThreeClosures/ResearchUniformContinuation20260831Audit.lean:167:0: IUTThreeClosures.FreyEntireIsogenyArithmetic20260831.residueCurve_count_trace :
  7 + 1 - ↑(Nat.card residueCurve.toAffine.Point) = 0
info: IUTThreeClosures/ResearchUniformContinuation20260831Audit.lean:168:0: 'IUTThreeClosures.FreyEntireIsogenyArithmetic20260831.residueCurve_count_trace' depends on axioms: [propext,
 Classical.choice,
 Quot.sound]
info: IUTThreeClosures/ResearchUniformContinuation20260831Audit.lean:169:0: IUTThreeClosures.FreyEntireIsogenyArithmetic20260831.degree_three_polynomial_no_root (z : ZMod 3) : z ^ 2 + 1 ≠ 0
info: IUTThreeClosures/ResearchUniformContinuation20260831Audit.lean:170:0: 'IUTThreeClosures.FreyEntireIsogenyArithmetic20260831.degree_three_polynomial_no_root' depends on axioms: [propext,
 Classical.choice,
 Quot.sound]
info: IUTThreeClosures/ResearchUniformContinuation20260831Audit.lean:171:0: IUTThreeClosures.FreyEntireIsogenyArithmetic20260831.model_discriminant_abs (c : ℚ) (hc : 1 ≤ c) (i : ModelLabel) :
  |(model c i).Δ| =
    match i with
    | ModelLabel.original => 16 * (c - 1) ^ 2 * c ^ 2
    | ModelLabel.zeroKernel => 256 * (c - 1) * c ^ 4
    | ModelLabel.aKernel => 256 * c * (c - 1) ^ 4
    | ModelLabel.negBKernel => 256 * c * (c - 1)
info: IUTThreeClosures/ResearchUniformContinuation20260831Audit.lean:172:0: 'IUTThreeClosures.FreyEntireIsogenyArithmetic20260831.model_discriminant_abs' depends on axioms: [propext,
 Classical.choice,
 Quot.sound]
info: IUTThreeClosures/ResearchUniformContinuation20260831Audit.lean:173:0: IUTThreeClosures.FreyEntireIsogenyArithmetic20260831.model_discriminant_upper (c : ℚ) (hc : 1 ≤ c) (i : ModelLabel) :
  |(model c i).Δ| ≤ 256 * c ^ 5
info: IUTThreeClosures/ResearchUniformContinuation20260831Audit.lean:174:0: 'IUTThreeClosures.FreyEntireIsogenyArithmetic20260831.model_discriminant_upper' depends on axioms: [propext,
 Classical.choice,
 Quot.sound]
info: IUTThreeClosures/ResearchUniformContinuation20260831Audit.lean:175:0: IUTThreeClosures.FreyEntireIsogenyArithmetic20260831.model_c4_lower (c : ℚ) (hc : 32 ≤ c) (i : ModelLabel) :
  8 * c ^ 2 ≤ (model c i).c₄
info: IUTThreeClosures/ResearchUniformContinuation20260831Audit.lean:176:0: 'IUTThreeClosures.FreyEntireIsogenyArithmetic20260831.model_c4_lower' depends on axioms: [propext,
 Classical.choice,
 Quot.sound]
info: IUTThreeClosures/ResearchUniformContinuation20260831Audit.lean:177:0: IUTThreeClosures.FreyEntireIsogenyArithmetic20260831.model_discriminant_ne_zero (c : ℚ) (hc : 1 < c) (i : ModelLabel) :
  (model c i).Δ ≠ 0
info: IUTThreeClosures/ResearchUniformContinuation20260831Audit.lean:178:0: 'IUTThreeClosures.FreyEntireIsogenyArithmetic20260831.model_discriminant_ne_zero' depends on axioms: [propext,
 Classical.choice,
 Quot.sound]
info: IUTThreeClosures/ResearchUniformContinuation20260831Audit.lean:179:0: IUTThreeClosures.FreyEntireIsogenyArithmetic20260831.familyCurve_abs_j (n : ℕ) (i : ModelLabel) :
  |(familyCurve n i).j| = |(familyCurve n i).c₄| ^ 3 / |(familyCurve n i).Δ|
info: IUTThreeClosures/ResearchUniformContinuation20260831Audit.lean:180:0: 'IUTThreeClosures.FreyEntireIsogenyArithmetic20260831.familyCurve_abs_j' depends on axioms: [propext,
 Classical.choice,
 Quot.sound]
info: IUTThreeClosures/ResearchUniformContinuation20260831Audit.lean:181:0: IUTThreeClosures.FreyEntireIsogenyArithmetic20260831.familyCurve_j_lower (n : ℕ) (hn : 1 ≤ n) (i : ModelLabel) :
  2 * ↑(endpointC n) ≤ |(familyCurve n i).j|
info: IUTThreeClosures/ResearchUniformContinuation20260831Audit.lean:182:0: 'IUTThreeClosures.FreyEntireIsogenyArithmetic20260831.familyCurve_j_lower' depends on axioms: [propext,
 Classical.choice,
 Quot.sound]
info: IUTThreeClosures/ResearchUniformContinuation20260831Audit.lean:183:0: IUTThreeClosures.FreyEntireIsogenyArithmetic20260831.zeroKernel_j_upper (n : ℕ) (hn : 1 ≤ n) :
  |(familyCurve n ModelLabel.zeroKernel).j| ≤ 32 * ↑(endpointC n)
info: IUTThreeClosures/ResearchUniformContinuation20260831Audit.lean:184:0: 'IUTThreeClosures.FreyEntireIsogenyArithmetic20260831.zeroKernel_j_upper' depends on axioms: [propext,
 Classical.choice,
 Quot.sound]
info: IUTThreeClosures/ResearchUniformContinuation20260831Audit.lean:187:0: IUTThreeClosures.FreyEntireIsogenyArithmetic20260831.prime3 : Fact (Nat.Prime 3)
info: IUTThreeClosures/ResearchUniformContinuation20260831Audit.lean:188:0: 'IUTThreeClosures.FreyEntireIsogenyArithmetic20260831.prime3' depends on axioms: [propext, Classical.choice, Quot.sound]
info: IUTThreeClosures/ResearchUniformContinuation20260831Audit.lean:189:0: IUTThreeClosures.FreyEntireIsogenyArithmetic20260831.prime7 : Fact (Nat.Prime 7)
info: IUTThreeClosures/ResearchUniformContinuation20260831Audit.lean:190:0: 'IUTThreeClosures.FreyEntireIsogenyArithmetic20260831.prime7' depends on axioms: [propext, Classical.choice, Quot.sound]
info: IUTThreeClosures/ResearchUniformContinuation20260831Audit.lean:191:0: IUTThreeClosures.FreyEntireIsogenyArithmetic20260831.familyTriple (n : ℕ) : IUTThreeClosures.ABCPoint
info: IUTThreeClosures/ResearchUniformContinuation20260831Audit.lean:192:0: 'IUTThreeClosures.FreyEntireIsogenyArithmetic20260831.familyTriple' depends on axioms: [propext,
 Classical.choice,
 Quot.sound]
info: IUTThreeClosures/ResearchUniformContinuation20260831Audit.lean:193:0: IUTThreeClosures.FreyEntireIsogenyArithmetic20260831.residueCurve_isElliptic : residueCurve.IsElliptic
info: IUTThreeClosures/ResearchUniformContinuation20260831Audit.lean:194:0: 'IUTThreeClosures.FreyEntireIsogenyArithmetic20260831.residueCurve_isElliptic' depends on axioms: [propext,
 Classical.choice,
 Quot.sound]
info: IUTThreeClosures/ResearchUniformContinuation20260831Audit.lean:195:0: IUTThreeClosures.FreyEntireIsogenyArithmetic20260831.familyCurve_isElliptic (n : ℕ) (i : ModelLabel) :
  (familyCurve n i).IsElliptic
info: IUTThreeClosures/ResearchUniformContinuation20260831Audit.lean:196:0: 'IUTThreeClosures.FreyEntireIsogenyArithmetic20260831.familyCurve_isElliptic' depends on axioms: [propext,
 Classical.choice,
 Quot.sound]
info: IUTThreeClosures/ResearchUniformContinuation20260831Audit.lean:202:0: IUTThreeClosures.FreyIsogenyWeilHeight20260831.endpoint_eq_two_half (n : ℕ) :
  ↑(IUTThreeClosures.FreyEntireIsogenyArithmetic20260831.endpointC n) = 2 * halfEndpoint n
info: IUTThreeClosures/ResearchUniformContinuation20260831Audit.lean:203:0: 'IUTThreeClosures.FreyIsogenyWeilHeight20260831.endpoint_eq_two_half' depends on axioms: [propext]
info: IUTThreeClosures/ResearchUniformContinuation20260831Audit.lean:204:0: IUTThreeClosures.FreyIsogenyWeilHeight20260831.halfEndpoint_pos (n : ℕ) : 0 < halfEndpoint n
info: IUTThreeClosures/ResearchUniformContinuation20260831Audit.lean:205:0: 'IUTThreeClosures.FreyIsogenyWeilHeight20260831.halfEndpoint_pos' depends on axioms: [propext, Quot.sound]
info: IUTThreeClosures/ResearchUniformContinuation20260831Audit.lean:206:0: IUTThreeClosures.FreyIsogenyWeilHeight20260831.reducedDenominator_pos (n : ℕ)
  (i : IUTThreeClosures.FreyEntireIsogenyArithmetic20260831.ModelLabel) : 0 < reducedDenominator n i
info: IUTThreeClosures/ResearchUniformContinuation20260831Audit.lean:207:0: 'IUTThreeClosures.FreyIsogenyWeilHeight20260831.reducedDenominator_pos' depends on axioms: [propext,
 Classical.choice,
 Quot.sound]
info: IUTThreeClosures/ResearchUniformContinuation20260831Audit.lean:208:0: IUTThreeClosures.FreyIsogenyWeilHeight20260831.two_coprime_halfEndpoint (n : ℕ) : IsCoprime 2 (halfEndpoint n)
info: IUTThreeClosures/ResearchUniformContinuation20260831Audit.lean:209:0: 'IUTThreeClosures.FreyIsogenyWeilHeight20260831.two_coprime_halfEndpoint' depends on axioms: [propext]
info: IUTThreeClosures/ResearchUniformContinuation20260831Audit.lean:210:0: IUTThreeClosures.FreyIsogenyWeilHeight20260831.two_coprime_endpoint_sub_one (n : ℕ) :
  IsCoprime 2 (↑(IUTThreeClosures.FreyEntireIsogenyArithmetic20260831.endpointC n) - 1)
info: IUTThreeClosures/ResearchUniformContinuation20260831Audit.lean:211:0: 'IUTThreeClosures.FreyIsogenyWeilHeight20260831.two_coprime_endpoint_sub_one' depends on axioms: [propext]
info: IUTThreeClosures/ResearchUniformContinuation20260831Audit.lean:212:0: IUTThreeClosures.FreyIsogenyWeilHeight20260831.corePolynomial_coprime_halfEndpoint (n : ℕ)
  (i : IUTThreeClosures.FreyEntireIsogenyArithmetic20260831.ModelLabel) :
  IsCoprime (corePolynomial (↑(IUTThreeClosures.FreyEntireIsogenyArithmetic20260831.endpointC n)) i) (halfEndpoint n)
info: IUTThreeClosures/ResearchUniformContinuation20260831Audit.lean:213:0: 'IUTThreeClosures.FreyIsogenyWeilHeight20260831.corePolynomial_coprime_halfEndpoint' depends on axioms: [propext,
 Classical.choice,
 Quot.sound]
info: IUTThreeClosures/ResearchUniformContinuation20260831Audit.lean:214:0: IUTThreeClosures.FreyIsogenyWeilHeight20260831.corePolynomial_coprime_endpoint_sub_one (n : ℕ)
  (i : IUTThreeClosures.FreyEntireIsogenyArithmetic20260831.ModelLabel) :
  IsCoprime (corePolynomial (↑(IUTThreeClosures.FreyEntireIsogenyArithmetic20260831.endpointC n)) i)
    (↑(IUTThreeClosures.FreyEntireIsogenyArithmetic20260831.endpointC n) - 1)
info: IUTThreeClosures/ResearchUniformContinuation20260831Audit.lean:215:0: 'IUTThreeClosures.FreyIsogenyWeilHeight20260831.corePolynomial_coprime_endpoint_sub_one' depends on axioms: [propext,
 Classical.choice,
 Quot.sound]
info: IUTThreeClosures/ResearchUniformContinuation20260831Audit.lean:216:0: IUTThreeClosures.FreyIsogenyWeilHeight20260831.reduced_coprime (n : ℕ)
  (i : IUTThreeClosures.FreyEntireIsogenyArithmetic20260831.ModelLabel) :
  IsCoprime (reducedNumerator n i) (reducedDenominator n i)
info: IUTThreeClosures/ResearchUniformContinuation20260831Audit.lean:217:0: 'IUTThreeClosures.FreyIsogenyWeilHeight20260831.reduced_coprime' depends on axioms: [propext,
 Classical.choice,
 Quot.sound]
info: IUTThreeClosures/ResearchUniformContinuation20260831Audit.lean:218:0: IUTThreeClosures.FreyIsogenyWeilHeight20260831.familyCurve_j_eq_reduced (n : ℕ)
  (i : IUTThreeClosures.FreyEntireIsogenyArithmetic20260831.ModelLabel) :
  (IUTThreeClosures.FreyEntireIsogenyArithmetic20260831.familyCurve n i).j =
    ↑(reducedNumerator n i) / ↑(reducedDenominator n i)
info: IUTThreeClosures/ResearchUniformContinuation20260831Audit.lean:219:0: 'IUTThreeClosures.FreyIsogenyWeilHeight20260831.familyCurve_j_eq_reduced' depends on axioms: [propext,
 Classical.choice,
 Quot.sound]
info: IUTThreeClosures/ResearchUniformContinuation20260831Audit.lean:220:0: IUTThreeClosures.FreyIsogenyWeilHeight20260831.familyCurve_j_num (n : ℕ)
  (i : IUTThreeClosures.FreyEntireIsogenyArithmetic20260831.ModelLabel) :
  (IUTThreeClosures.FreyEntireIsogenyArithmetic20260831.familyCurve n i).j.num = reducedNumerator n i
info: IUTThreeClosures/ResearchUniformContinuation20260831Audit.lean:221:0: 'IUTThreeClosures.FreyIsogenyWeilHeight20260831.familyCurve_j_num' depends on axioms: [propext,
 Classical.choice,
 Quot.sound]
info: IUTThreeClosures/ResearchUniformContinuation20260831Audit.lean:222:0: IUTThreeClosures.FreyIsogenyWeilHeight20260831.familyCurve_j_den (n : ℕ)
  (i : IUTThreeClosures.FreyEntireIsogenyArithmetic20260831.ModelLabel) :
  ↑(IUTThreeClosures.FreyEntireIsogenyArithmetic20260831.familyCurve n i).j.den = reducedDenominator n i
info: IUTThreeClosures/ResearchUniformContinuation20260831Audit.lean:223:0: 'IUTThreeClosures.FreyIsogenyWeilHeight20260831.familyCurve_j_den' depends on axioms: [propext,
 Classical.choice,
 Quot.sound]
info: IUTThreeClosures/ResearchUniformContinuation20260831Audit.lean:224:0: IUTThreeClosures.FreyIsogenyWeilHeight20260831.familyCurve_den_le_num_natAbs (n : ℕ) (hn : 1 ≤ n)
  (i : IUTThreeClosures.FreyEntireIsogenyArithmetic20260831.ModelLabel) :
  (IUTThreeClosures.FreyEntireIsogenyArithmetic20260831.familyCurve n i).j.den ≤
    (IUTThreeClosures.FreyEntireIsogenyArithmetic20260831.familyCurve n i).j.num.natAbs
info: IUTThreeClosures/ResearchUniformContinuation20260831Audit.lean:225:0: 'IUTThreeClosures.FreyIsogenyWeilHeight20260831.familyCurve_den_le_num_natAbs' depends on axioms: [propext,
 Classical.choice,
 Quot.sound]
info: IUTThreeClosures/ResearchUniformContinuation20260831Audit.lean:226:0: IUTThreeClosures.FreyIsogenyWeilHeight20260831.familyCurve_mulHeight_eq_abs_reducedNumerator (n : ℕ) (hn : 1 ≤ n)
  (i : IUTThreeClosures.FreyEntireIsogenyArithmetic20260831.ModelLabel) :
  Height.mulHeight₁ (IUTThreeClosures.FreyEntireIsogenyArithmetic20260831.familyCurve n i).j = ↑|reducedNumerator n i|
info: IUTThreeClosures/ResearchUniformContinuation20260831Audit.lean:227:0: 'IUTThreeClosures.FreyIsogenyWeilHeight20260831.familyCurve_mulHeight_eq_abs_reducedNumerator' depends on axioms: [propext,
 Classical.choice,
 Quot.sound]
info: IUTThreeClosures/ResearchUniformContinuation20260831Audit.lean:228:0: IUTThreeClosures.FreyIsogenyWeilHeight20260831.corePolynomial_pos (c : ℝ) (hc : 32 ≤ c)
  (i : IUTThreeClosures.FreyEntireIsogenyArithmetic20260831.ModelLabel) : 0 < corePolynomial c i
info: IUTThreeClosures/ResearchUniformContinuation20260831Audit.lean:229:0: 'IUTThreeClosures.FreyIsogenyWeilHeight20260831.corePolynomial_pos' depends on axioms: [propext,
 Classical.choice,
 Quot.sound]
info: IUTThreeClosures/ResearchUniformContinuation20260831Audit.lean:230:0: IUTThreeClosures.FreyIsogenyWeilHeight20260831.zeroKernel_corePolynomial_lt (c : ℝ) (hc : 32 ≤ c)
  (i : IUTThreeClosures.FreyEntireIsogenyArithmetic20260831.ModelLabel)
  (hi : i ≠ IUTThreeClosures.FreyEntireIsogenyArithmetic20260831.ModelLabel.zeroKernel) :
  corePolynomial c IUTThreeClosures.FreyEntireIsogenyArithmetic20260831.ModelLabel.zeroKernel < corePolynomial c i
info: IUTThreeClosures/ResearchUniformContinuation20260831Audit.lean:231:0: 'IUTThreeClosures.FreyIsogenyWeilHeight20260831.zeroKernel_corePolynomial_lt' depends on axioms: [propext,
 Classical.choice,
 Quot.sound]
info: IUTThreeClosures/ResearchUniformContinuation20260831Audit.lean:232:0: IUTThreeClosures.FreyIsogenyWeilHeight20260831.familyCurve_mulHeight (n : ℕ) (hn : 1 ≤ n)
  (i : IUTThreeClosures.FreyEntireIsogenyArithmetic20260831.ModelLabel) :
  Height.mulHeight₁ (IUTThreeClosures.FreyEntireIsogenyArithmetic20260831.familyCurve n i).j =
    match i with
    | IUTThreeClosures.FreyEntireIsogenyArithmetic20260831.ModelLabel.original =>
      64 *
        (↑(IUTThreeClosures.FreyEntireIsogenyArithmetic20260831.endpointC n) ^ 2 -
              ↑(IUTThreeClosures.FreyEntireIsogenyArithmetic20260831.endpointC n) +
            1) ^
          3
    | IUTThreeClosures.FreyEntireIsogenyArithmetic20260831.ModelLabel.zeroKernel =>
      (↑(IUTThreeClosures.FreyEntireIsogenyArithmetic20260831.endpointC n) ^ 2 -
            16 * ↑(IUTThreeClosures.FreyEntireIsogenyArithmetic20260831.endpointC n) +
          16) ^
        3
    | IUTThreeClosures.FreyEntireIsogenyArithmetic20260831.ModelLabel.aKernel =>
      8 *
        (↑(IUTThreeClosures.FreyEntireIsogenyArithmetic20260831.endpointC n) ^ 2 +
              14 * ↑(IUTThreeClosures.FreyEntireIsogenyArithmetic20260831.endpointC n) +
            1) ^
          3
    | IUTThreeClosures.FreyEntireIsogenyArithmetic20260831.ModelLabel.negBKernel =>
      8 *
        (16 * ↑(IUTThreeClosures.FreyEntireIsogenyArithmetic20260831.endpointC n) ^ 2 -
              16 * ↑(IUTThreeClosures.FreyEntireIsogenyArithmetic20260831.endpointC n) +
            1) ^
          3
info: IUTThreeClosures/ResearchUniformContinuation20260831Audit.lean:233:0: 'IUTThreeClosures.FreyIsogenyWeilHeight20260831.familyCurve_mulHeight' depends on axioms: [propext,
 Classical.choice,
 Quot.sound]
info: IUTThreeClosures/ResearchUniformContinuation20260831Audit.lean:234:0: IUTThreeClosures.FreyIsogenyWeilHeight20260831.familyCurve_logHeight (n : ℕ) (hn : 1 ≤ n)
  (i : IUTThreeClosures.FreyEntireIsogenyArithmetic20260831.ModelLabel) :
  Height.logHeight₁ (IUTThreeClosures.FreyEntireIsogenyArithmetic20260831.familyCurve n i).j =
    match i with
    | IUTThreeClosures.FreyEntireIsogenyArithmetic20260831.ModelLabel.original =>
      Real.log 64 +
        3 *
          Real.log
            (↑(IUTThreeClosures.FreyEntireIsogenyArithmetic20260831.endpointC n) ^ 2 -
                ↑(IUTThreeClosures.FreyEntireIsogenyArithmetic20260831.endpointC n) +
              1)
    | IUTThreeClosures.FreyEntireIsogenyArithmetic20260831.ModelLabel.zeroKernel =>
      3 *
        Real.log
          (↑(IUTThreeClosures.FreyEntireIsogenyArithmetic20260831.endpointC n) ^ 2 -
              16 * ↑(IUTThreeClosures.FreyEntireIsogenyArithmetic20260831.endpointC n) +
            16)
    | IUTThreeClosures.FreyEntireIsogenyArithmetic20260831.ModelLabel.aKernel =>
      Real.log 8 +
        3 *
          Real.log
            (↑(IUTThreeClosures.FreyEntireIsogenyArithmetic20260831.endpointC n) ^ 2 +
                14 * ↑(IUTThreeClosures.FreyEntireIsogenyArithmetic20260831.endpointC n) +
              1)
    | IUTThreeClosures.FreyEntireIsogenyArithmetic20260831.ModelLabel.negBKernel =>
      Real.log 8 +
        3 *
          Real.log
            (16 * ↑(IUTThreeClosures.FreyEntireIsogenyArithmetic20260831.endpointC n) ^ 2 -
                16 * ↑(IUTThreeClosures.FreyEntireIsogenyArithmetic20260831.endpointC n) +
              1)
info: IUTThreeClosures/ResearchUniformContinuation20260831Audit.lean:235:0: 'IUTThreeClosures.FreyIsogenyWeilHeight20260831.familyCurve_logHeight' depends on axioms: [propext,
 Classical.choice,
 Quot.sound]
info: IUTThreeClosures/ResearchUniformContinuation20260831Audit.lean:236:0: IUTThreeClosures.FreyIsogenyWeilHeight20260831.zeroKernel_mulHeight_lt (n : ℕ) (hn : 1 ≤ n)
  (i : IUTThreeClosures.FreyEntireIsogenyArithmetic20260831.ModelLabel)
  (hi : i ≠ IUTThreeClosures.FreyEntireIsogenyArithmetic20260831.ModelLabel.zeroKernel) :
  Height.mulHeight₁
      (IUTThreeClosures.FreyEntireIsogenyArithmetic20260831.familyCurve n
          IUTThreeClosures.FreyEntireIsogenyArithmetic20260831.ModelLabel.zeroKernel).j <
    Height.mulHeight₁ (IUTThreeClosures.FreyEntireIsogenyArithmetic20260831.familyCurve n i).j
info: IUTThreeClosures/ResearchUniformContinuation20260831Audit.lean:237:0: 'IUTThreeClosures.FreyIsogenyWeilHeight20260831.zeroKernel_mulHeight_lt' depends on axioms: [propext,
 Classical.choice,
 Quot.sound]
info: IUTThreeClosures/ResearchUniformContinuation20260831Audit.lean:238:0: IUTThreeClosures.FreyIsogenyWeilHeight20260831.zeroKernel_logHeight_lt (n : ℕ) (hn : 1 ≤ n)
  (i : IUTThreeClosures.FreyEntireIsogenyArithmetic20260831.ModelLabel)
  (hi : i ≠ IUTThreeClosures.FreyEntireIsogenyArithmetic20260831.ModelLabel.zeroKernel) :
  Height.logHeight₁
      (IUTThreeClosures.FreyEntireIsogenyArithmetic20260831.familyCurve n
          IUTThreeClosures.FreyEntireIsogenyArithmetic20260831.ModelLabel.zeroKernel).j <
    Height.logHeight₁ (IUTThreeClosures.FreyEntireIsogenyArithmetic20260831.familyCurve n i).j
info: IUTThreeClosures/ResearchUniformContinuation20260831Audit.lean:239:0: 'IUTThreeClosures.FreyIsogenyWeilHeight20260831.zeroKernel_logHeight_lt' depends on axioms: [propext,
 Classical.choice,
 Quot.sound]
info: IUTThreeClosures/ResearchUniformContinuation20260831Audit.lean:240:0: IUTThreeClosures.FreyIsogenyWeilHeight20260831.familyCurve_logHeight_isLeast (n : ℕ) (hn : 1 ≤ n) :
  IsLeast (Set.range fun i ↦ Height.logHeight₁ (IUTThreeClosures.FreyEntireIsogenyArithmetic20260831.familyCurve n i).j)
    (3 *
      Real.log
        (↑(IUTThreeClosures.FreyEntireIsogenyArithmetic20260831.endpointC n) ^ 2 -
            16 * ↑(IUTThreeClosures.FreyEntireIsogenyArithmetic20260831.endpointC n) +
          16))
info: IUTThreeClosures/ResearchUniformContinuation20260831Audit.lean:241:0: 'IUTThreeClosures.FreyIsogenyWeilHeight20260831.familyCurve_logHeight_isLeast' depends on axioms: [propext,
 Classical.choice,
 Quot.sound]
info: IUTThreeClosures/ResearchUniformContinuation20260831Audit.lean:242:0: IUTThreeClosures.FreyIsogenyWeilHeight20260831.familyCurve_mulHeight_isLeast (n : ℕ) (hn : 1 ≤ n) :
  IsLeast (Set.range fun i ↦ Height.mulHeight₁ (IUTThreeClosures.FreyEntireIsogenyArithmetic20260831.familyCurve n i).j)
    ((↑(IUTThreeClosures.FreyEntireIsogenyArithmetic20260831.endpointC n) ^ 2 -
          16 * ↑(IUTThreeClosures.FreyEntireIsogenyArithmetic20260831.endpointC n) +
        16) ^
      3)
info: IUTThreeClosures/ResearchUniformContinuation20260831Audit.lean:243:0: 'IUTThreeClosures.FreyIsogenyWeilHeight20260831.familyCurve_mulHeight_isLeast' depends on axioms: [propext,
 Classical.choice,
 Quot.sound]
info: IUTThreeClosures/ResearchUniformContinuation20260831Audit.lean:244:0: IUTThreeClosures.FreyIsogenyWeilHeight20260831.familyCurve_logHeight_eq_min_iff (n : ℕ) (hn : 1 ≤ n)
  (i : IUTThreeClosures.FreyEntireIsogenyArithmetic20260831.ModelLabel) :
  Height.logHeight₁ (IUTThreeClosures.FreyEntireIsogenyArithmetic20260831.familyCurve n i).j =
      3 *
        Real.log
          (↑(IUTThreeClosures.FreyEntireIsogenyArithmetic20260831.endpointC n) ^ 2 -
              16 * ↑(IUTThreeClosures.FreyEntireIsogenyArithmetic20260831.endpointC n) +
            16) ↔
    i = IUTThreeClosures.FreyEntireIsogenyArithmetic20260831.ModelLabel.zeroKernel
info: IUTThreeClosures/ResearchUniformContinuation20260831Audit.lean:245:0: 'IUTThreeClosures.FreyIsogenyWeilHeight20260831.familyCurve_logHeight_eq_min_iff' depends on axioms: [propext,
 Classical.choice,
 Quot.sound]
info: IUTThreeClosures/ResearchUniformContinuation20260831Audit.lean:246:0: IUTThreeClosures.FreyIsogenyWeilHeight20260831.familyCurve_normalizedLogHeight (n : ℕ)
  (i : IUTThreeClosures.FreyEntireIsogenyArithmetic20260831.ModelLabel) :
  Heights.normalizedLogHeight ℚ (IUTThreeClosures.FreyEntireIsogenyArithmetic20260831.familyCurve n i).j =
    Height.logHeight₁ (IUTThreeClosures.FreyEntireIsogenyArithmetic20260831.familyCurve n i).j
info: IUTThreeClosures/ResearchUniformContinuation20260831Audit.lean:247:0: 'IUTThreeClosures.FreyIsogenyWeilHeight20260831.familyCurve_normalizedLogHeight' depends on axioms: [propext,
 Classical.choice,
 Quot.sound]
info: IUTThreeClosures/ResearchUniformContinuation20260831Audit.lean:248:0: IUTThreeClosures.FreyIsogenyWeilHeight20260831.familyCurve_normalizedLogHeight_isLeast (n : ℕ) (hn : 1 ≤ n) :
  IsLeast
    (Set.range fun i ↦
      Heights.normalizedLogHeight ℚ (IUTThreeClosures.FreyEntireIsogenyArithmetic20260831.familyCurve n i).j)
    (3 *
      Real.log
        (↑(IUTThreeClosures.FreyEntireIsogenyArithmetic20260831.endpointC n) ^ 2 -
            16 * ↑(IUTThreeClosures.FreyEntireIsogenyArithmetic20260831.endpointC n) +
          16))
info: IUTThreeClosures/ResearchUniformContinuation20260831Audit.lean:249:0: 'IUTThreeClosures.FreyIsogenyWeilHeight20260831.familyCurve_normalizedLogHeight_isLeast' depends on axioms: [propext,
 Classical.choice,
 Quot.sound]
info: IUTThreeClosures/ResearchUniformContinuation20260831Audit.lean:250:0: IUTThreeClosures.FreyIsogenyWeilHeight20260831.familyCurve_normalizedLogHeight_eq_min_iff (n : ℕ) (hn : 1 ≤ n)
  (i : IUTThreeClosures.FreyEntireIsogenyArithmetic20260831.ModelLabel) :
  Heights.normalizedLogHeight ℚ (IUTThreeClosures.FreyEntireIsogenyArithmetic20260831.familyCurve n i).j =
      3 *
        Real.log
          (↑(IUTThreeClosures.FreyEntireIsogenyArithmetic20260831.endpointC n) ^ 2 -
              16 * ↑(IUTThreeClosures.FreyEntireIsogenyArithmetic20260831.endpointC n) +
            16) ↔
    i = IUTThreeClosures.FreyEntireIsogenyArithmetic20260831.ModelLabel.zeroKernel
info: IUTThreeClosures/ResearchUniformContinuation20260831Audit.lean:251:0: 'IUTThreeClosures.FreyIsogenyWeilHeight20260831.familyCurve_normalizedLogHeight_eq_min_iff' depends on axioms: [propext,
 Classical.choice,
 Quot.sound]
info: IUTThreeClosures/ResearchUniformContinuation20260831Audit.lean:252:0: IUTThreeClosures.FreyIsogenyWeilHeight20260831.zeroKernel_corePolynomial_bounds (c : ℝ) (hc : 32 ≤ c) :
  c ^ 2 / 2 < corePolynomial c IUTThreeClosures.FreyEntireIsogenyArithmetic20260831.ModelLabel.zeroKernel ∧
    corePolynomial c IUTThreeClosures.FreyEntireIsogenyArithmetic20260831.ModelLabel.zeroKernel < c ^ 2
info: IUTThreeClosures/ResearchUniformContinuation20260831Audit.lean:253:0: 'IUTThreeClosures.FreyIsogenyWeilHeight20260831.zeroKernel_corePolynomial_bounds' depends on axioms: [propext,
 Classical.choice,
 Quot.sound]
info: IUTThreeClosures/ResearchUniformContinuation20260831Audit.lean:254:0: IUTThreeClosures.FreyIsogenyWeilHeight20260831.zeroKernel_logHeight_bounds (n : ℕ) (hn : 1 ≤ n) :
  6 * Real.log ↑(IUTThreeClosures.FreyEntireIsogenyArithmetic20260831.endpointC n) - 3 * Real.log 2 <
      Height.logHeight₁
        (IUTThreeClosures.FreyEntireIsogenyArithmetic20260831.familyCurve n
            IUTThreeClosures.FreyEntireIsogenyArithmetic20260831.ModelLabel.zeroKernel).j ∧
    Height.logHeight₁
        (IUTThreeClosures.FreyEntireIsogenyArithmetic20260831.familyCurve n
            IUTThreeClosures.FreyEntireIsogenyArithmetic20260831.ModelLabel.zeroKernel).j <
      6 * Real.log ↑(IUTThreeClosures.FreyEntireIsogenyArithmetic20260831.endpointC n)
info: IUTThreeClosures/ResearchUniformContinuation20260831Audit.lean:255:0: 'IUTThreeClosures.FreyIsogenyWeilHeight20260831.zeroKernel_logHeight_bounds' depends on axioms: [propext,
 Classical.choice,
 Quot.sound]
ℹ [9213/9224] Replayed IUTThreeClosures.ResearchUniformGate20260830Audit
info: IUTThreeClosures/ResearchUniformGate20260830Audit.lean:16:0: def IUTThreeClosures.ABCConjecture : Prop :=
∀ (ε : ℝ),
  0 < ε →
    ∃ C,
      ∀ (a b c : ℕ),
        0 < a →
          0 < b →
            0 < c →
              a + b = c →
                IUTThreeClosures.PairwiseCoprimeABC a b c →
                  Real.log ↑(max a (max b c)) ≤ (1 + ε) * Real.log ↑(IUTThreeClosures.abcRadical (a * b * c)) + C
info: IUTThreeClosures/ResearchUniformGate20260830Audit.lean:21:0: newPrimeRadical_pos : ∀ (P n : ℕ), 0 < newPrimeRadical P n
info: IUTThreeClosures/ResearchUniformGate20260830Audit.lean:22:0: 'IUTThreeClosures.AnalyticActualRadicalUniformGate20260830.newPrimeRadical_pos' depends on axioms: [propext,
 Classical.choice,
 Quot.sound]
info: IUTThreeClosures/ResearchUniformGate20260830Audit.lean:23:0: newPrimeRadical_dvd : ∀ (P n : ℕ), newPrimeRadical P n ∣ n
info: IUTThreeClosures/ResearchUniformGate20260830Audit.lean:24:0: 'IUTThreeClosures.AnalyticActualRadicalUniformGate20260830.newPrimeRadical_dvd' depends on axioms: [propext,
 Classical.choice,
 Quot.sound]
info: IUTThreeClosures/ResearchUniformGate20260830Audit.lean:25:0: newPrimeRadical_coprime : ∀ (P n : ℕ), (UniqueFactorizationMonoid.radical P).Coprime (newPrimeRadical P n)
info: IUTThreeClosures/ResearchUniformGate20260830Audit.lean:26:0: 'IUTThreeClosures.AnalyticActualRadicalUniformGate20260830.newPrimeRadical_coprime' depends on axioms: [propext,
 Classical.choice,
 Quot.sound]
info: IUTThreeClosures/ResearchUniformGate20260830Audit.lean:27:0: @radical_mul_eq_newPrimeRadical : ∀ {P n : ℕ},
  P ≠ 0 → n ≠ 0 → UniqueFactorizationMonoid.radical (P * n) = UniqueFactorizationMonoid.radical P * newPrimeRadical P n
info: IUTThreeClosures/ResearchUniformGate20260830Audit.lean:28:0: 'IUTThreeClosures.AnalyticActualRadicalUniformGate20260830.radical_mul_eq_newPrimeRadical' depends on axioms: [propext,
 Classical.choice,
 Quot.sound]
info: IUTThreeClosures/ResearchUniformGate20260830Audit.lean:29:0: @radical_mul_sq_eq_newPrimeRadical : ∀ {P n : ℕ},
  P ≠ 0 →
    n ≠ 0 → UniqueFactorizationMonoid.radical (P * n ^ 2) = UniqueFactorizationMonoid.radical P * newPrimeRadical P n
info: IUTThreeClosures/ResearchUniformGate20260830Audit.lean:30:0: 'IUTThreeClosures.AnalyticActualRadicalUniformGate20260830.radical_mul_sq_eq_newPrimeRadical' depends on axioms: [propext,
 Classical.choice,
 Quot.sound]
info: IUTThreeClosures/ResearchUniformGate20260830Audit.lean:31:0: newPrimeRadical_mul_primeExcess : ∀ (P n : ℕ), newPrimeRadical P n * primeExcess P n = n
info: IUTThreeClosures/ResearchUniformGate20260830Audit.lean:32:0: 'IUTThreeClosures.AnalyticActualRadicalUniformGate20260830.newPrimeRadical_mul_primeExcess' depends on axioms: [propext,
 Classical.choice,
 Quot.sound]
info: IUTThreeClosures/ResearchUniformGate20260830Audit.lean:33:0: @primeExcess_pos : ∀ {P n : ℕ}, 0 < n → 0 < primeExcess P n
info: IUTThreeClosures/ResearchUniformGate20260830Audit.lean:34:0: 'IUTThreeClosures.AnalyticActualRadicalUniformGate20260830.primeExcess_pos' depends on axioms: [propext,
 Classical.choice,
 Quot.sound]
info: IUTThreeClosures/ResearchUniformGate20260830Audit.lean:35:0: @square_completion_radical_eq_newPrimeRadical : ∀ {a b c x y z : ℕ},
  0 < a →
    0 < b →
      0 < c →
        0 < x →
          0 < y →
            0 < z →
              UniqueFactorizationMonoid.radical (a * x ^ 2 * (b * y ^ 2) * (c * z ^ 2)) =
                UniqueFactorizationMonoid.radical (a * b * c) * newPrimeRadical (a * b * c) (x * y * z)
info: IUTThreeClosures/ResearchUniformGate20260830Audit.lean:36:0: 'IUTThreeClosures.AnalyticActualRadicalUniformGate20260830.square_completion_radical_eq_newPrimeRadical' depends on axioms: [propext,
 Classical.choice,
 Quot.sound]
info: IUTThreeClosures/ResearchUniformGate20260830Audit.lean:37:0: @square_completion_retains_seed_radical : ∀ {a b c x y z : ℕ},
  0 < a →
    0 < b →
      0 < c →
        0 < x →
          0 < y →
            0 < z →
              UniqueFactorizationMonoid.radical (a * b * c) ∣
                UniqueFactorizationMonoid.radical (a * x ^ 2 * (b * y ^ 2) * (c * z ^ 2))
info: IUTThreeClosures/ResearchUniformGate20260830Audit.lean:38:0: 'IUTThreeClosures.AnalyticActualRadicalUniformGate20260830.square_completion_retains_seed_radical' depends on axioms: [propext,
 Classical.choice,
 Quot.sound]
info: IUTThreeClosures/ResearchUniformGate20260830Audit.lean:39:0: @square_completion_radical_mul_excess : ∀ {a b c x y z : ℕ},
  0 < a →
    0 < b →
      0 < c →
        0 < x →
          0 < y →
            0 < z →
              UniqueFactorizationMonoid.radical (a * x ^ 2 * (b * y ^ 2) * (c * z ^ 2)) *
                  primeExcess (a * b * c) (x * y * z) =
                UniqueFactorizationMonoid.radical (a * b * c) * (x * y * z)
info: IUTThreeClosures/ResearchUniformGate20260830Audit.lean:40:0: 'IUTThreeClosures.AnalyticActualRadicalUniformGate20260830.square_completion_radical_mul_excess' depends on axioms: [propext,
 Classical.choice,
 Quot.sound]
info: IUTThreeClosures/ResearchUniformGate20260830Audit.lean:41:0: @square_completion_actual_excess_budget : ∀ {a b c x y z : ℕ} {μ : ℝ},
  0 < a →
    0 < b →
      0 < x →
        0 < y →
          0 < z →
            a + b = c →
              a * x ^ 2 + b * y ^ 2 = c * z ^ 2 →
                ↑(UniqueFactorizationMonoid.radical (a * x ^ 2 * (b * y ^ 2) * (c * z ^ 2))) ≤ ↑(c * z ^ 2) ^ μ →
                  ↑(UniqueFactorizationMonoid.radical (a * b * c)) * ↑(c * z ^ 2) ≤
                    ↑c * ↑(primeExcess (a * b * c) (x * y * z)) * ↑(c * z ^ 2) ^ μ
info: IUTThreeClosures/ResearchUniformGate20260830Audit.lean:42:0: 'IUTThreeClosures.AnalyticActualRadicalUniformGate20260830.square_completion_actual_excess_budget' depends on axioms: [propext,
 Classical.choice,
 Quot.sound]
info: IUTThreeClosures/ResearchUniformGate20260830Audit.lean:43:0: @bbltExponent_pos : ∀ {μ : ℝ}, 0 < μ → 0 < bbltExponent μ
info: IUTThreeClosures/ResearchUniformGate20260830Audit.lean:44:0: 'IUTThreeClosures.AnalyticActualRadicalUniformGate20260830.bbltExponent_pos' depends on axioms: [propext,
 Classical.choice,
 Quot.sound]
info: IUTThreeClosures/ResearchUniformGate20260830Audit.lean:45:0: @bbltExponent_ge_half : ∀ {μ : ℝ}, 3 / 4 ≤ μ → 1 / 2 ≤ bbltExponent μ
info: IUTThreeClosures/ResearchUniformGate20260830Audit.lean:46:0: 'IUTThreeClosures.AnalyticActualRadicalUniformGate20260830.bbltExponent_ge_half' depends on axioms: [propext,
 Classical.choice,
 Quot.sound]
info: IUTThreeClosures/ResearchUniformGate20260830Audit.lean:47:0: @bbltExponent_eq_two_thirds : ∀ {μ : ℝ}, μ ≤ 3 / 4 → bbltExponent μ = 2 * μ / 3
info: IUTThreeClosures/ResearchUniformGate20260830Audit.lean:48:0: 'IUTThreeClosures.AnalyticActualRadicalUniformGate20260830.bbltExponent_eq_two_thirds' depends on axioms: [propext,
 Classical.choice,
 Quot.sound]
info: IUTThreeClosures/ResearchUniformGate20260830Audit.lean:49:0: @actual_conic_exponent_window : ∀ {K ρ σ μ : ℝ},
  0 < K →
    0 < ρ →
      0 < μ →
        K * bbltExponent μ < max 0 ((K - ρ) / 2) →
          K * bbltExponent μ < K * μ - σ → ρ + 4 * σ < K ∧ 3 * σ / K < μ ∧ μ < 3 / 4 * (1 - ρ / K) ∧ μ < 3 / 4
info: IUTThreeClosures/ResearchUniformGate20260830Audit.lean:50:0: 'IUTThreeClosures.AnalyticActualRadicalUniformGate20260830.actual_conic_exponent_window' depends on axioms: [propext,
 Classical.choice,
 Quot.sound]
info: IUTThreeClosures/ResearchUniformGate20260830Audit.lean:51:0: @actual_conic_min_exponent_le : ∀ {K ρ σ μ : ℝ},
  0 < K → 0 < ρ → 0 < μ → K ≤ ρ + 4 * σ → min (max 0 ((K - ρ) / 2)) (K * μ - σ) ≤ K * bbltExponent μ
info: IUTThreeClosures/ResearchUniformGate20260830Audit.lean:52:0: 'IUTThreeClosures.AnalyticActualRadicalUniformGate20260830.actual_conic_min_exponent_le' depends on axioms: [propext,
 Classical.choice,
 Quot.sound]
info: IUTThreeClosures/ResearchUniformGate20260830Audit.lean:53:0: rational_completion_support_loss_coordinates : 49 * (3 / 7) ^ 2 = 9 ∧
  576 * (1 / 6) ^ 2 = 16 ∧
    625 * (1 / 5) ^ 2 = 25 ∧
      49 + 576 = 625 ∧ 9 + 16 = 25 ∧ Nat.Coprime 49 576 ∧ Nat.Coprime 9 16 ∧ 7 ∣ 49 * 576 * 625 ∧ ¬7 ∣ 9 * 16 * 25
info: IUTThreeClosures/ResearchUniformGate20260830Audit.lean:54:0: 'IUTThreeClosures.AnalyticActualRadicalUniformGate20260830.rational_completion_support_loss_coordinates' depends on axioms: [propext,
 Classical.choice,
 Quot.sound]
info: IUTThreeClosures/ResearchUniformGate20260830Audit.lean:55:0: quadratic_quality_separator_powers : 2 ^ 38 < 3 ^ 24 ∧ 17 ^ 24 < 6 ^ 38
info: IUTThreeClosures/ResearchUniformGate20260830Audit.lean:56:0: 'IUTThreeClosures.AnalyticActualRadicalUniformGate20260830.quadratic_quality_separator_powers' depends on axioms: [propext,
 Classical.choice,
 Quot.sound]
info: IUTThreeClosures/ResearchUniformGate20260830Audit.lean:63:0: @cubeBase_pos : ∀ {n : ℕ}, 0 < n → 0 < cubeBase n
info: IUTThreeClosures/ResearchUniformGate20260830Audit.lean:64:0: 'IUTThreeClosures.GeometryGlobalUniformGate.cubeBase_pos' depends on axioms: [propext, Classical.choice, Quot.sound]
info: IUTThreeClosures/ResearchUniformGate20260830Audit.lean:65:0: cubeBase_cube_dvd : ∀ (n : ℕ), cubeBase n ^ 3 ∣ n
info: IUTThreeClosures/ResearchUniformGate20260830Audit.lean:66:0: 'IUTThreeClosures.GeometryGlobalUniformGate.cubeBase_cube_dvd' depends on axioms: [propext,
 Classical.choice,
 Quot.sound]
info: IUTThreeClosures/ResearchUniformGate20260830Audit.lean:67:0: cube_decomposition : ∀ (n : ℕ), cubeCoefficient n * cubeBase n ^ 3 = n
info: IUTThreeClosures/ResearchUniformGate20260830Audit.lean:68:0: 'IUTThreeClosures.GeometryGlobalUniformGate.cube_decomposition' depends on axioms: [propext,
 Classical.choice,
 Quot.sound]
info: IUTThreeClosures/ResearchUniformGate20260830Audit.lean:69:0: @cubeCoefficient_pos : ∀ {n : ℕ}, 0 < n → 0 < cubeCoefficient n
info: IUTThreeClosures/ResearchUniformGate20260830Audit.lean:70:0: 'IUTThreeClosures.GeometryGlobalUniformGate.cubeCoefficient_pos' depends on axioms: [propext,
 Classical.choice,
 Quot.sound]
info: IUTThreeClosures/ResearchUniformGate20260830Audit.lean:71:0: cubeBase_dvd : ∀ (n : ℕ), cubeBase n ∣ n
info: IUTThreeClosures/ResearchUniformGate20260830Audit.lean:72:0: 'IUTThreeClosures.GeometryGlobalUniformGate.cubeBase_dvd' depends on axioms: [propext, Classical.choice, Quot.sound]
info: IUTThreeClosures/ResearchUniformGate20260830Audit.lean:73:0: cubeCoefficient_dvd : ∀ (n : ℕ), cubeCoefficient n ∣ n
info: IUTThreeClosures/ResearchUniformGate20260830Audit.lean:74:0: 'IUTThreeClosures.GeometryGlobalUniformGate.cubeCoefficient_dvd' depends on axioms: [propext,
 Classical.choice,
 Quot.sound]
info: IUTThreeClosures/ResearchUniformGate20260830Audit.lean:75:0: cubeCoefficient_factorization : ∀ (n p : ℕ), (cubeCoefficient n).factorization p = n.factorization p % 3
info: IUTThreeClosures/ResearchUniformGate20260830Audit.lean:76:0: 'IUTThreeClosures.GeometryGlobalUniformGate.cubeCoefficient_factorization' depends on axioms: [propext,
 Classical.choice,
 Quot.sound]
info: IUTThreeClosures/ResearchUniformGate20260830Audit.lean:77:0: pair_decomposition : ∀ (m n : ℕ), m * n = pairBase m n ^ 3 * pairCoefficient m n
info: IUTThreeClosures/ResearchUniformGate20260830Audit.lean:78:0: 'IUTThreeClosures.GeometryGlobalUniformGate.pair_decomposition' depends on axioms: [propext,
 Classical.choice,
 Quot.sound]
info: IUTThreeClosures/ResearchUniformGate20260830Audit.lean:79:0: @pairCoefficient_pos : ∀ {m n : ℕ}, 0 < m → 0 < n → 0 < pairCoefficient m n
info: IUTThreeClosures/ResearchUniformGate20260830Audit.lean:80:0: 'IUTThreeClosures.GeometryGlobalUniformGate.pairCoefficient_pos' depends on axioms: [propext,
 Classical.choice,
 Quot.sound]
info: IUTThreeClosures/ResearchUniformGate20260830Audit.lean:81:0: pairX_cube : ∀ (m n : ℕ), pairX m n ^ 3 = 64 * ↑m * ↑n * ↑(pairCoefficient m n) ^ 2
info: IUTThreeClosures/ResearchUniformGate20260830Audit.lean:82:0: 'IUTThreeClosures.GeometryGlobalUniformGate.pairX_cube' depends on axioms: [propext, Classical.choice, Quot.sound]
info: IUTThreeClosures/ResearchUniformGate20260830Audit.lean:83:0: @pairX_pos : ∀ {m n : ℕ}, 0 < m → 0 < n → 0 < pairX m n
info: IUTThreeClosures/ResearchUniformGate20260830Audit.lean:84:0: 'IUTThreeClosures.GeometryGlobalUniformGate.pairX_pos' depends on axioms: [propext, Classical.choice, Quot.sound]
info: IUTThreeClosures/ResearchUniformGate20260830Audit.lean:85:0: pair_mordell_difference : ∀ (m n : ℕ), pairYPlus m n ^ 2 = pairX m n ^ 3 + 16 * ((↑n - ↑m) * ↑(pairCoefficient m n)) ^ 2
info: IUTThreeClosures/ResearchUniformGate20260830Audit.lean:86:0: 'IUTThreeClosures.GeometryGlobalUniformGate.pair_mordell_difference' depends on axioms: [propext,
 Classical.choice,
 Quot.sound]
info: IUTThreeClosures/ResearchUniformGate20260830Audit.lean:87:0: pair_mordell_sum : ∀ (m n : ℕ), pairYMinus m n ^ 2 = (-pairX m n) ^ 3 + 16 * ((↑m + ↑n) * ↑(pairCoefficient m n)) ^ 2
info: IUTThreeClosures/ResearchUniformGate20260830Audit.lean:88:0: 'IUTThreeClosures.GeometryGlobalUniformGate.pair_mordell_sum' depends on axioms: [propext, Classical.choice, Quot.sound]
info: IUTThreeClosures/ResearchUniformGate20260830Audit.lean:89:0: mordell_omit_a : ∀ (P : IUTThreeClosures.ABCPoint),
  pairYPlus P.b P.c ^ 2 = pairX P.b P.c ^ 3 + 16 * (↑P.a * ↑(pairCoefficient P.b P.c)) ^ 2
info: IUTThreeClosures/ResearchUniformGate20260830Audit.lean:90:0: 'IUTThreeClosures.GeometryGlobalUniformGate.mordell_omit_a' depends on axioms: [propext, Classical.choice, Quot.sound]
info: IUTThreeClosures/ResearchUniformGate20260830Audit.lean:91:0: mordell_omit_b : ∀ (P : IUTThreeClosures.ABCPoint),
  pairYPlus P.a P.c ^ 2 = pairX P.a P.c ^ 3 + 16 * (↑P.b * ↑(pairCoefficient P.a P.c)) ^ 2
info: IUTThreeClosures/ResearchUniformGate20260830Audit.lean:92:0: 'IUTThreeClosures.GeometryGlobalUniformGate.mordell_omit_b' depends on axioms: [propext, Classical.choice, Quot.sound]
info: IUTThreeClosures/ResearchUniformGate20260830Audit.lean:93:0: mordell_omit_c : ∀ (P : IUTThreeClosures.ABCPoint),
  pairYMinus P.a P.b ^ 2 = (-pairX P.a P.b) ^ 3 + 16 * (↑P.c * ↑(pairCoefficient P.a P.b)) ^ 2
info: IUTThreeClosures/ResearchUniformGate20260830Audit.lean:94:0: 'IUTThreeClosures.GeometryGlobalUniformGate.mordell_omit_c' depends on axioms: [propext, Classical.choice, Quot.sound]
info: IUTThreeClosures/ResearchUniformGate20260830Audit.lean:95:0: @selected_pair_height : ∀ {m n c : ℕ}, 0 < m → 0 < n → c ≤ 2 * (m * n) → 32 * ↑c ≤ |pairX m n| ^ 3
info: IUTThreeClosures/ResearchUniformGate20260830Audit.lean:96:0: 'IUTThreeClosures.GeometryGlobalUniformGate.selected_pair_height' depends on axioms: [propext,
 Classical.choice,
 Quot.sound]
info: IUTThreeClosures/ResearchUniformGate20260830Audit.lean:97:0: all_three_points_retain_height : ∀ (P : IUTThreeClosures.ABCPoint),
  32 * ↑P.c ≤ |pairX P.b P.c| ^ 3 ∧ 32 * ↑P.c ≤ |pairX P.a P.c| ^ 3 ∧ 32 * ↑P.c ≤ |(-pairX P.a P.b)| ^ 3
info: IUTThreeClosures/ResearchUniformGate20260830Audit.lean:98:0: 'IUTThreeClosures.GeometryGlobalUniformGate.all_three_points_retain_height' depends on axioms: [propext,
 Classical.choice,
 Quot.sound]
info: IUTThreeClosures/ResearchUniformGate20260830Audit.lean:99:0: trace_matrix_determinant : ∀ (r : ℤ), !![3, 0, 0; 0, 0, 3 * r; 0, 3 * r, 0].det = -27 * r ^ 2
info: IUTThreeClosures/ResearchUniformGate20260830Audit.lean:100:0: 'IUTThreeClosures.GeometryGlobalUniformGate.trace_matrix_determinant' depends on axioms: [propext,
 Classical.choice,
 Quot.sound]
info: IUTThreeClosures/ResearchUniformGate20260830Audit.lean:101:0: plus_order_matrix_determinant : ∀ (E F h j : ℤ),
  !![1, 0, 8 * h * j * (E * F); 0, -2 * h, 4 * F * j ^ 2; 0, -2 * j, 4 * E * h ^ 2].det = 8 * (F * j ^ 3 - E * h ^ 3)
info: IUTThreeClosures/ResearchUniformGate20260830Audit.lean:102:0: 'IUTThreeClosures.GeometryGlobalUniformGate.plus_order_matrix_determinant' depends on axioms: [propext,
 Classical.choice,
 Quot.sound]
info: IUTThreeClosures/ResearchUniformGate20260830Audit.lean:103:0: minus_order_matrix_determinant : ∀ (E F h j : ℤ),
  !![1, 0, -8 * h * j * (E * F); 0, -2 * h, 4 * F * j ^ 2; 0, 2 * j, 4 * E * h ^ 2].det = -8 * (E * h ^ 3 + F * j ^ 3)
info: IUTThreeClosures/ResearchUniformGate20260830Audit.lean:104:0: 'IUTThreeClosures.GeometryGlobalUniformGate.minus_order_matrix_determinant' depends on axioms: [propext,
 Classical.choice,
 Quot.sound]
info: IUTThreeClosures/ResearchUniformGate20260830Audit.lean:105:0: @radical_factorization : ∀ {n p : ℕ},
  n ≠ 0 → Nat.Prime p → (UniqueFactorizationMonoid.radical n).factorization p = if p ∣ n then 1 else 0
info: IUTThreeClosures/ResearchUniformGate20260830Audit.lean:106:0: 'IUTThreeClosures.GeometryGlobalUniformGate.radical_factorization' depends on axioms: [propext,
 Classical.choice,
 Quot.sound]
info: IUTThreeClosures/ResearchUniformGate20260830Audit.lean:107:0: @radical_mul_cube : ∀ {k n : ℕ},
  k ≠ 0 → n ≠ 0 → UniqueFactorizationMonoid.radical (k * n ^ 3) = UniqueFactorizationMonoid.radical (k * n)
info: IUTThreeClosures/ResearchUniformGate20260830Audit.lean:108:0: 'IUTThreeClosures.GeometryGlobalUniformGate.radical_mul_cube' depends on axioms: [propext, Classical.choice, Quot.sound]
info: IUTThreeClosures/ResearchUniformGate20260830Audit.lean:109:0: @three_cost_radical_product : ∀ {k a b c : ℕ},
  k ≠ 0 →
    a ≠ 0 →
      b ≠ 0 →
        c ≠ 0 →
          a.Coprime b →
            b.Coprime c →
              c.Coprime a →
                UniqueFactorizationMonoid.radical (k * a) * UniqueFactorizationMonoid.radical (k * b) *
                    UniqueFactorizationMonoid.radical (k * c) =
                  UniqueFactorizationMonoid.radical k ^ 2 * UniqueFactorizationMonoid.radical (k * (a * b * c))
info: IUTThreeClosures/ResearchUniformGate20260830Audit.lean:110:0: 'IUTThreeClosures.GeometryGlobalUniformGate.three_cost_radical_product' depends on axioms: [propext,
 Classical.choice,
 Quot.sound]
info: IUTThreeClosures/ResearchUniformGate20260830Audit.lean:111:0: coefficientProduct_pos : ∀ (P : IUTThreeClosures.ABCPoint), 0 < coefficientProduct P
info: IUTThreeClosures/ResearchUniformGate20260830Audit.lean:112:0: 'IUTThreeClosures.GeometryGlobalUniformGate.coefficientProduct_pos' depends on axioms: [propext,
 Classical.choice,
 Quot.sound]
info: IUTThreeClosures/ResearchUniformGate20260830Audit.lean:113:0: baseProduct_pos : ∀ (P : IUTThreeClosures.ABCPoint), 0 < baseProduct P
info: IUTThreeClosures/ResearchUniformGate20260830Audit.lean:114:0: 'IUTThreeClosures.GeometryGlobalUniformGate.baseProduct_pos' depends on axioms: [propext, Classical.choice, Quot.sound]
info: IUTThreeClosures/ResearchUniformGate20260830Audit.lean:115:0: abc_cube_decomposition : ∀ (P : IUTThreeClosures.ABCPoint), P.a * P.b * P.c = coefficientProduct P * baseProduct P ^ 3
info: IUTThreeClosures/ResearchUniformGate20260830Audit.lean:116:0: 'IUTThreeClosures.GeometryGlobalUniformGate.abc_cube_decomposition' depends on axioms: [propext,
 Classical.choice,
 Quot.sound]
info: IUTThreeClosures/ResearchUniformGate20260830Audit.lean:117:0: costA_eq : ∀ (P : IUTThreeClosures.ABCPoint),
  costA P = UniqueFactorizationMonoid.radical (2 * coefficientProduct P * cubeBase P.a)
info: IUTThreeClosures/ResearchUniformGate20260830Audit.lean:118:0: 'IUTThreeClosures.GeometryGlobalUniformGate.costA_eq' depends on axioms: [propext, Classical.choice, Quot.sound]
info: IUTThreeClosures/ResearchUniformGate20260830Audit.lean:119:0: costB_eq : ∀ (P : IUTThreeClosures.ABCPoint),
  costB P = UniqueFactorizationMonoid.radical (2 * coefficientProduct P * cubeBase P.b)
info: IUTThreeClosures/ResearchUniformGate20260830Audit.lean:120:0: 'IUTThreeClosures.GeometryGlobalUniformGate.costB_eq' depends on axioms: [propext, Classical.choice, Quot.sound]
info: IUTThreeClosures/ResearchUniformGate20260830Audit.lean:121:0: costC_eq : ∀ (P : IUTThreeClosures.ABCPoint),
  costC P = UniqueFactorizationMonoid.radical (2 * coefficientProduct P * cubeBase P.c)
info: IUTThreeClosures/ResearchUniformGate20260830Audit.lean:122:0: 'IUTThreeClosures.GeometryGlobalUniformGate.costC_eq' depends on axioms: [propext, Classical.choice, Quot.sound]
info: IUTThreeClosures/ResearchUniformGate20260830Audit.lean:123:0: actual_three_cost_product : ∀ (P : IUTThreeClosures.ABCPoint),
  costA P * costB P * costC P =
    UniqueFactorizationMonoid.radical (2 * coefficientProduct P) ^ 2 *
      UniqueFactorizationMonoid.radical (2 * (P.a * P.b * P.c))
info: IUTThreeClosures/ResearchUniformGate20260830Audit.lean:124:0: 'IUTThreeClosures.GeometryGlobalUniformGate.actual_three_cost_product' depends on axioms: [propext,
 Classical.choice,
 Quot.sound]
info: IUTThreeClosures/ResearchUniformGate20260830Audit.lean:125:0: @truncatedTwo_factorization : ∀ {n p : ℕ},
  n ≠ 0 → Nat.Prime p → (truncatedTwo n).factorization p = min 2 (n.factorization p)
info: IUTThreeClosures/ResearchUniformGate20260830Audit.lean:126:0: 'IUTThreeClosures.GeometryGlobalUniformGate.truncatedTwo_factorization' depends on axioms: [propext,
 Classical.choice,
 Quot.sound]
info: IUTThreeClosures/ResearchUniformGate20260830Audit.lean:127:0: @radical_mul_square : ∀ {k n : ℕ},
  k ≠ 0 → n ≠ 0 → UniqueFactorizationMonoid.radical (k * n ^ 2) = UniqueFactorizationMonoid.radical (k * n)
info: IUTThreeClosures/ResearchUniformGate20260830Audit.lean:128:0: 'IUTThreeClosures.GeometryGlobalUniformGate.radical_mul_square' depends on axioms: [propext,
 Classical.choice,
 Quot.sound]
info: IUTThreeClosures/ResearchUniformGate20260830Audit.lean:129:0: @truncated_mordell_parameter : ∀ {s : ℕ},
  s ≠ 0 → truncatedTwo (16 * s ^ 2) = UniqueFactorizationMonoid.radical (2 * s) ^ 2
info: IUTThreeClosures/ResearchUniformGate20260830Audit.lean:130:0: 'IUTThreeClosures.GeometryGlobalUniformGate.truncated_mordell_parameter' depends on axioms: [propext,
 Classical.choice,
 Quot.sound]
info: IUTThreeClosures/ResearchUniformGate20260830Audit.lean:131:0: @cubic_root_cubes : ∀ {R : Type u_1} [inst : CommRing R] (E F α β : R),
  α ^ 2 = E * β → β ^ 2 = F * α → α * β = E * F → α ^ 3 = E ^ 2 * F ∧ β ^ 3 = E * F ^ 2
info: IUTThreeClosures/ResearchUniformGate20260830Audit.lean:132:0: 'IUTThreeClosures.GeometryGlobalUniformGate.cubic_root_cubes' depends on axioms: [propext]
info: IUTThreeClosures/ResearchUniformGate20260830Audit.lean:133:0: @cubic_plus_root : ∀ {R : Type u_1} [inst : CommRing R] (E F h j α β : R),
  α ^ 2 = E * β →
    β ^ 2 = F * α →
      α * β = E * F →
        (-2 * (h * α + j * β)) ^ 3 - 12 * h * j * (E * F) * (-2 * (h * α + j * β)) +
            8 * (E * F) * (E * h ^ 3 + F * j ^ 3) =
          0
info: IUTThreeClosures/ResearchUniformGate20260830Audit.lean:134:0: 'IUTThreeClosures.GeometryGlobalUniformGate.cubic_plus_root' depends on axioms: [propext, Quot.sound]
info: IUTThreeClosures/ResearchUniformGate20260830Audit.lean:135:0: @cubic_minus_root : ∀ {R : Type u_1} [inst : CommRing R] (E F h j α β : R),
  α ^ 2 = E * β →
    β ^ 2 = F * α →
      α * β = E * F →
        (-2 * (h * α - j * β)) ^ 3 + 12 * h * j * (E * F) * (-2 * (h * α - j * β)) +
            8 * (E * F) * (E * h ^ 3 - F * j ^ 3) =
          0
info: IUTThreeClosures/ResearchUniformGate20260830Audit.lean:136:0: 'IUTThreeClosures.GeometryGlobalUniformGate.cubic_minus_root' depends on axioms: [propext, Quot.sound]
info: IUTThreeClosures/ResearchUniformGate20260830Audit.lean:137:0: @cubic_plus_square_coordinates : ∀ {R : Type u_1} [inst : CommRing R] (E F h j α β : R),
  α ^ 2 = E * β →
    β ^ 2 = F * α →
      α * β = E * F → (-2 * (h * α + j * β)) ^ 2 = 8 * h * j * (E * F) + 4 * F * j ^ 2 * α + 4 * E * h ^ 2 * β
info: IUTThreeClosures/ResearchUniformGate20260830Audit.lean:138:0: 'IUTThreeClosures.GeometryGlobalUniformGate.cubic_plus_square_coordinates' depends on axioms: [propext, Quot.sound]
info: IUTThreeClosures/ResearchUniformGate20260830Audit.lean:139:0: @cubic_minus_square_coordinates : ∀ {R : Type u_1} [inst : CommRing R] (E F h j α β : R),
  α ^ 2 = E * β →
    β ^ 2 = F * α →
      α * β = E * F → (-2 * (h * α - j * β)) ^ 2 = -8 * h * j * (E * F) + 4 * F * j ^ 2 * α + 4 * E * h ^ 2 * β
info: IUTThreeClosures/ResearchUniformGate20260830Audit.lean:140:0: 'IUTThreeClosures.GeometryGlobalUniformGate.cubic_minus_square_coordinates' depends on axioms: [propext, Quot.sound]
info: IUTThreeClosures/ResearchUniformGate20260830Audit.lean:141:0: scale_mordell : ∀ (x y N t : ℚ),
  t ≠ 0 → y ^ 2 = x ^ 3 + 16 * (N * t ^ 3) ^ 2 → (y / t ^ 3) ^ 2 = (x / t ^ 2) ^ 3 + 16 * N ^ 2
info: IUTThreeClosures/ResearchUniformGate20260830Audit.lean:142:0: 'IUTThreeClosures.GeometryGlobalUniformGate.scale_mordell' depends on axioms: [propext, Classical.choice, Quot.sound]
info: IUTThreeClosures/ResearchUniformGate20260830Audit.lean:143:0: parameterA_identity : ∀ (P : IUTThreeClosures.ABCPoint),
  P.a * pairCoefficient P.b P.c = coefficientProduct P * cubeBase P.a ^ 3
info: IUTThreeClosures/ResearchUniformGate20260830Audit.lean:144:0: 'IUTThreeClosures.GeometryGlobalUniformGate.parameterA_identity' depends on axioms: [propext,
 Classical.choice,
 Quot.sound]
info: IUTThreeClosures/ResearchUniformGate20260830Audit.lean:145:0: parameterB_identity : ∀ (P : IUTThreeClosures.ABCPoint),
  P.b * pairCoefficient P.a P.c = coefficientProduct P * cubeBase P.b ^ 3
info: IUTThreeClosures/ResearchUniformGate20260830Audit.lean:146:0: 'IUTThreeClosures.GeometryGlobalUniformGate.parameterB_identity' depends on axioms: [propext,
 Classical.choice,
 Quot.sound]
info: IUTThreeClosures/ResearchUniformGate20260830Audit.lean:147:0: parameterC_identity : ∀ (P : IUTThreeClosures.ABCPoint),
  P.c * pairCoefficient P.a P.b = coefficientProduct P * cubeBase P.c ^ 3
info: IUTThreeClosures/ResearchUniformGate20260830Audit.lean:148:0: 'IUTThreeClosures.GeometryGlobalUniformGate.parameterC_identity' depends on axioms: [propext,
 Classical.choice,
 Quot.sound]
info: IUTThreeClosures/ResearchUniformGate20260830Audit.lean:149:0: common_curve_omit_a : ∀ (P : IUTThreeClosures.ABCPoint),
  (↑(pairYPlus P.b P.c) / ↑(cubeBase P.a) ^ 3) ^ 2 =
    (↑(pairX P.b P.c) / ↑(cubeBase P.a) ^ 2) ^ 3 + 16 * ↑(coefficientProduct P) ^ 2
info: IUTThreeClosures/ResearchUniformGate20260830Audit.lean:150:0: 'IUTThreeClosures.GeometryGlobalUniformGate.common_curve_omit_a' depends on axioms: [propext,
 Classical.choice,
 Quot.sound]
info: IUTThreeClosures/ResearchUniformGate20260830Audit.lean:151:0: common_curve_omit_b : ∀ (P : IUTThreeClosures.ABCPoint),
  (↑(pairYPlus P.a P.c) / ↑(cubeBase P.b) ^ 3) ^ 2 =
    (↑(pairX P.a P.c) / ↑(cubeBase P.b) ^ 2) ^ 3 + 16 * ↑(coefficientProduct P) ^ 2
info: IUTThreeClosures/ResearchUniformGate20260830Audit.lean:152:0: 'IUTThreeClosures.GeometryGlobalUniformGate.common_curve_omit_b' depends on axioms: [propext,
 Classical.choice,
 Quot.sound]
info: IUTThreeClosures/ResearchUniformGate20260830Audit.lean:153:0: common_curve_omit_c : ∀ (P : IUTThreeClosures.ABCPoint),
  (↑(pairYMinus P.a P.b) / ↑(cubeBase P.c) ^ 3) ^ 2 =
    (-↑(pairX P.a P.b) / ↑(cubeBase P.c) ^ 2) ^ 3 + 16 * ↑(coefficientProduct P) ^ 2
info: IUTThreeClosures/ResearchUniformGate20260830Audit.lean:154:0: 'IUTThreeClosures.GeometryGlobalUniformGate.common_curve_omit_c' depends on axioms: [propext,
 Classical.choice,
 Quot.sound]
info: IUTThreeClosures/ResearchUniformGate20260830Audit.lean:155:0: @cubeCoefficient_mul : ∀ {a b : ℕ},
  0 < a → 0 < b → a.Coprime b → cubeCoefficient (a * b) = cubeCoefficient a * cubeCoefficient b
info: IUTThreeClosures/ResearchUniformGate20260830Audit.lean:156:0: 'IUTThreeClosures.GeometryGlobalUniformGate.cubeCoefficient_mul' depends on axioms: [propext,
 Classical.choice,
 Quot.sound]
info: IUTThreeClosures/ResearchUniformGate20260830Audit.lean:157:0: coefficientProduct_eq_cubeCoefficient : ∀ (P : IUTThreeClosures.ABCPoint),
  coefficientProduct P = cubeCoefficient (P.a * P.b * P.c)
info: IUTThreeClosures/ResearchUniformGate20260830Audit.lean:158:0: 'IUTThreeClosures.GeometryGlobalUniformGate.coefficientProduct_eq_cubeCoefficient' depends on axioms: [propext,
 Classical.choice,
 Quot.sound]
info: IUTThreeClosures/ResearchUniformGate20260830Audit.lean:159:0: @prime_dvd_residualSupport_iff : ∀ {n p : ℕ}, 0 < n → Nat.Prime p → (p ∣ residualSupport n ↔ ¬3 ∣ n.factorization p)
info: IUTThreeClosures/ResearchUniformGate20260830Audit.lean:160:0: 'IUTThreeClosures.GeometryGlobalUniformGate.prime_dvd_residualSupport_iff' depends on axioms: [propext,
 Classical.choice,
 Quot.sound]
info: IUTThreeClosures/ResearchUniformGate20260830Audit.lean:161:0: @cubeCoefficient_dvd_residualSupport_sq : ∀ {n : ℕ}, 0 < n → cubeCoefficient n ∣ residualSupport n ^ 2
info: IUTThreeClosures/ResearchUniformGate20260830Audit.lean:162:0: 'IUTThreeClosures.GeometryGlobalUniformGate.cubeCoefficient_dvd_residualSupport_sq' depends on axioms: [propext,
 Classical.choice,
 Quot.sound]
info: IUTThreeClosures/ResearchUniformGate20260830Audit.lean:163:0: coefficientProduct_le_residualSupport_sq : ∀ (P : IUTThreeClosures.ABCPoint),
  coefficientProduct P ≤ residualSupport (P.a * P.b * P.c) ^ 2
info: IUTThreeClosures/ResearchUniformGate20260830Audit.lean:164:0: 'IUTThreeClosures.GeometryGlobalUniformGate.coefficientProduct_le_residualSupport_sq' depends on axioms: [propext,
 Classical.choice,
 Quot.sound]
info: IUTThreeClosures/ResearchUniformGate20260830Audit.lean:165:0: auxiliary_isogeny_polynomial : ∀ (z k : ℚ), (z + k) * (z - 8 * k) ^ 2 - (z + 4 * k) ^ 3 = -27 * k * z ^ 2
info: IUTThreeClosures/ResearchUniformGate20260830Audit.lean:166:0: 'IUTThreeClosures.GeometryGlobalUniformGate.auxiliary_isogeny_polynomial' depends on axioms: [propext,
 Classical.choice,
 Quot.sound]
info: IUTThreeClosures/ResearchUniformGate20260830Audit.lean:167:0: auxiliary_isogeny_equation : ∀ (x y k : ℚ),
  x ≠ 0 → y ^ 2 = x ^ 3 + k → (y * (x ^ 3 - 8 * k) / x ^ 3) ^ 2 = ((x ^ 3 + 4 * k) / x ^ 2) ^ 3 - 27 * k
info: IUTThreeClosures/ResearchUniformGate20260830Audit.lean:168:0: 'IUTThreeClosures.GeometryGlobalUniformGate.auxiliary_isogeny_equation' depends on axioms: [propext,
 Classical.choice,
 Quot.sound]
info: IUTThreeClosures/ResearchUniformGate20260830Audit.lean:175:0: @trace_zero_iff : ∀ {K : Type u_1} [inst : Field K] {M : Type u_2} [inst_1 : AddCommGroup M] [inst_2 : Module K M]
  {N : Type u_3} [inst_3 : AddCommGroup N] [inst_4 : Module K N] (f : M →ₗ[K] N) (tM : M →ₗ[K] K) (tN : N →ₗ[K] K)
  (c : Kˣ), (∀ (x : M), tN (f x) = ↑c * tM x) → ∀ (x : M), tN (f x) = 0 ↔ tM x = 0
info: IUTThreeClosures/ResearchUniformGate20260830Audit.lean:176:0: 'IUTThreeClosures.IUTAdmissibleGaloisUniformGate20260830.trace_zero_iff' depends on axioms: [propext, Quot.sound]
info: IUTThreeClosures/ResearchUniformGate20260830Audit.lean:177:0: @trace_kernel_comap : ∀ {K : Type u_1} [inst : Field K] {M : Type u_2} [inst_1 : AddCommGroup M] [inst_2 : Module K M]
  {N : Type u_3} [inst_3 : AddCommGroup N] [inst_4 : Module K N] (f : M →ₗ[K] N) (tM : M →ₗ[K] K) (tN : N →ₗ[K] K)
  (c : Kˣ), (∀ (x : M), tN (f x) = ↑c * tM x) → Submodule.comap f tN.ker = tM.ker
info: IUTThreeClosures/ResearchUniformGate20260830Audit.lean:178:0: 'IUTThreeClosures.IUTAdmissibleGaloisUniformGate20260830.trace_kernel_comap' depends on axioms: [propext, Quot.sound]
info: IUTThreeClosures/ResearchUniformGate20260830Audit.lean:179:0: @trace_transport_comp : ∀ {K : Type u_1} [inst : Field K] {M : Type u_2} [inst_1 : AddCommGroup M] [inst_2 : Module K M]
  {N : Type u_3} [inst_3 : AddCommGroup N] [inst_4 : Module K N] {P : Type u_4} [inst_5 : AddCommGroup P]
  [inst_6 : Module K P] (f : M →ₗ[K] N) (g : N →ₗ[K] P) (tM : M →ₗ[K] K) (tN : N →ₗ[K] K) (tP : P →ₗ[K] K) (c d : Kˣ),
  (∀ (x : M), tN (f x) = ↑c * tM x) → (∀ (y : N), tP (g y) = ↑d * tN y) → ∀ (x : M), tP ((g ∘ₗ f) x) = ↑(d * c) * tM x
info: IUTThreeClosures/ResearchUniformGate20260830Audit.lean:180:0: 'IUTThreeClosures.IUTAdmissibleGaloisUniformGate20260830.trace_transport_comp' depends on axioms: [propext, Quot.sound]
info: IUTThreeClosures/ResearchUniformGate20260830Audit.lean:181:0: @trace_addValuation : ∀ {K : Type u_1} [inst : Field K] {M : Type u_2} [inst_1 : AddCommGroup M] [inst_2 : Module K M]
  {N : Type u_3} [inst_3 : AddCommGroup N] [inst_4 : Module K N] {V : Type u_4}
  [inst_5 : LinearOrderedAddCommMonoidWithTop V] (v : AddValuation K V) (f : M →ₗ[K] N) (tM : M →ₗ[K] K)
  (tN : N →ₗ[K] K) (c : Kˣ), v ↑c = 0 → (∀ (x : M), tN (f x) = ↑c * tM x) → ∀ (x : M), v (tN (f x)) = v (tM x)
info: IUTThreeClosures/ResearchUniformGate20260830Audit.lean:182:0: 'IUTThreeClosures.IUTAdmissibleGaloisUniformGate20260830.trace_addValuation' depends on axioms: [propext, Quot.sound]
info: IUTThreeClosures/ResearchUniformGate20260830Audit.lean:183:0: @not_maps_of_trace_addValuation_ne : ∀ {K : Type u_1} [inst : Field K] {M : Type u_2} [inst_1 : AddCommGroup M]
  [inst_2 : Module K M] {N : Type u_3} [inst_3 : AddCommGroup N] [inst_4 : Module K N] {V : Type u_4}
  [inst_5 : LinearOrderedAddCommMonoidWithTop V] (v : AddValuation K V) (f : M →ₗ[K] N) (tM : M →ₗ[K] K)
  (tN : N →ₗ[K] K) (c : Kˣ),
  v ↑c = 0 → (∀ (x : M), tN (f x) = ↑c * tM x) → ∀ (x : M) (y : N), v (tM x) ≠ v (tN y) → f x ≠ y
info: IUTThreeClosures/ResearchUniformGate20260830Audit.lean:184:0: 'IUTThreeClosures.IUTAdmissibleGaloisUniformGate20260830.not_maps_of_trace_addValuation_ne' depends on axioms: [propext,
 Quot.sound]
info: IUTThreeClosures/ResearchUniformGate20260830Audit.lean:185:0: affine_traceDepth_injective : ∀ (offset slope : ℤ), slope ≠ 0 → Function.Injective fun label ↦ offset + label * slope
info: IUTThreeClosures/ResearchUniformGate20260830Audit.lean:186:0: 'IUTThreeClosures.IUTAdmissibleGaloisUniformGate20260830.affine_traceDepth_injective' depends on axioms: [propext]
info: IUTThreeClosures/ResearchUniformGate20260830Audit.lean:187:0: @no_transport_between_affine_trace_depths : ∀ {K : Type u_1} [inst : Field K] {M : Type u_2} [inst_1 : AddCommGroup M]
  [inst_2 : Module K M] {N : Type u_3} [inst_3 : AddCommGroup N] [inst_4 : Module K N] (v : AddValuation K (WithTop ℤ))
  (f : M →ₗ[K] N) (tM : M →ₗ[K] K) (tN : N →ₗ[K] K) (c : Kˣ),
  v ↑c = 0 →
    (∀ (x : M), tN (f x) = ↑c * tM x) →
      ∀ (offset slope s t : ℤ),
        slope ≠ 0 →
          s ≠ t → ∀ (x : M) (y : N), v (tM x) = ↑(offset + s * slope) → v (tN y) = ↑(offset + t * slope) → f x ≠ y
info: IUTThreeClosures/ResearchUniformGate20260830Audit.lean:188:0: 'IUTThreeClosures.IUTAdmissibleGaloisUniformGate20260830.no_transport_between_affine_trace_depths' depends on axioms: [propext,
 Classical.choice,
 Quot.sound]
info: IUTThreeClosures/ResearchUniformGate20260830Audit.lean:189:0: @span_unitScalarOrbit : ∀ {R : Type u_1} [inst : Semiring R] {W : Type u_2} [inst_1 : AddCommMonoid W]
  [inst_2 : Module R W] {G : Type u_3} (c : G → Rˣ),
  (∃ g, c g = 1) → ∀ (S : Set W), Submodule.span R (unitScalarOrbit c S) = Submodule.span R S
info: IUTThreeClosures/ResearchUniformGate20260830Audit.lean:190:0: 'IUTThreeClosures.IUTAdmissibleGaloisUniformGate20260830.span_unitScalarOrbit' depends on axioms: [propext, Quot.sound]
info: IUTThreeClosures/ResearchUniformGate20260830Audit.lean:197:0: @exists_dual_nonzero_pair : ∀ {K : Type u_1} {V : Type u_2} [inst : Field K] [inst_1 : AddCommGroup V]
  [inst_2 : Module K V] (x y : V), x ≠ 0 → y ≠ 0 → ∃ f, f x ≠ 0 ∧ f y ≠ 0
info: IUTThreeClosures/ResearchUniformGate20260830Audit.lean:198:0: 'IUTThreeClosures.IUTTracePreservingTransvection20260830.exists_dual_nonzero_pair' depends on axioms: [propext,
 Classical.choice,
 Quot.sound]
info: IUTThreeClosures/ResearchUniformGate20260830Audit.lean:199:0: @exists_dual_nonzero_when_nonzero : ∀ {K : Type u_1} {V : Type u_2} [inst : Field K] [inst_1 : AddCommGroup V]
  [inst_2 : Module K V] (x y : V), ∃ f, (x ≠ 0 → f x ≠ 0) ∧ (y ≠ 0 → f y ≠ 0)
info: IUTThreeClosures/ResearchUniformGate20260830Audit.lean:200:0: 'IUTThreeClosures.IUTTracePreservingTransvection20260830.exists_dual_nonzero_when_nonzero' depends on axioms: [propext,
 Classical.choice,
 Quot.sound]
info: IUTThreeClosures/ResearchUniformGate20260830Audit.lean:201:0: @exists_scalar_avoiding_two_affine : ∀ {K : Type u_1} [inst : Field K],
  2 ≠ 0 → ∀ (a b c d : K), a ≠ 0 ∨ b ≠ 0 → c ≠ 0 ∨ d ≠ 0 → ∃ z, a + z * b ≠ 0 ∧ c + z * d ≠ 0
info: IUTThreeClosures/ResearchUniformGate20260830Audit.lean:202:0: 'IUTThreeClosures.IUTTracePreservingTransvection20260830.exists_scalar_avoiding_two_affine' depends on axioms: [propext,
 Classical.choice,
 Quot.sound]
info: IUTThreeClosures/ResearchUniformGate20260830Audit.lean:203:0: @exists_trace_preserving_common_avoidance : ∀ {K : Type u_1} {V : Type u_2} [inst : Field K] [inst_1 : AddCommGroup V]
  [inst_2 : Module K V],
  2 ≠ 0 →
    ∀ (t l : Module.Dual K V) (w x y : V),
      t w = 0 → l w = 1 → x ≠ 0 → y ≠ 0 → ∃ F, (∀ (v : V), t (F v) = t v) ∧ l (F x) ≠ 0 ∧ l (F y) ≠ 0
info: IUTThreeClosures/ResearchUniformGate20260830Audit.lean:204:0: 'IUTThreeClosures.IUTTracePreservingTransvection20260830.exists_trace_preserving_common_avoidance' depends on axioms: [propext,
 Classical.choice,
 Quot.sound]
info: IUTThreeClosures/ResearchUniformGate20260830Audit.lean:211:0: @off_diagonal_eq_zero : ∀ {R : Type u_1} [inst : CommRing R] {ι : Type u_2} [inst_1 : DecidableEq ι] {π : R},
  (∀ (z : R), (∀ (n : ℕ), π ^ n ∣ z) → z = 0) →
    ∀ {F : (ι → R) →ₗ[R] ι → R}, RespectsLineNeighborhoods π F → ∀ {i j : ι}, i ≠ j → F (Pi.single i 1) j = 0
info: IUTThreeClosures/ResearchUniformGate20260830Audit.lean:212:0: 'IUTThreeClosures.IUTAllOpenLatticeRigidity20260830.off_diagonal_eq_zero' depends on axioms: [propext, Quot.sound]
info: IUTThreeClosures/ResearchUniformGate20260830Audit.lean:213:0: @diagonal_eq : ∀ {R : Type u_1} [inst : CommRing R] {ι : Type u_2} [inst_1 : DecidableEq ι] {π : R},
  (∀ (z : R), (∀ (n : ℕ), π ^ n ∣ z) → z = 0) →
    ∀ {F : (ι → R) →ₗ[R] ι → R}, RespectsLineNeighborhoods π F → ∀ (i j : ι), F (Pi.single i 1) i = F (Pi.single j 1) j
info: IUTThreeClosures/ResearchUniformGate20260830Audit.lean:214:0: 'IUTThreeClosures.IUTAllOpenLatticeRigidity20260830.diagonal_eq' depends on axioms: [propext, Quot.sound]
info: IUTThreeClosures/ResearchUniformGate20260830Audit.lean:215:0: @exists_scalar_of_line_neighborhoods : ∀ {R : Type u_1} [inst : CommRing R] {ι : Type u_2} [Finite ι] [Nonempty ι]
  {π : R},
  (∀ (z : R), (∀ (n : ℕ), π ^ n ∣ z) → z = 0) →
    ∀ {F : (ι → R) →ₗ[R] ι → R}, RespectsLineNeighborhoods π F → ∃ a, F = a • LinearMap.id
info: IUTThreeClosures/ResearchUniformGate20260830Audit.lean:216:0: 'IUTThreeClosures.IUTAllOpenLatticeRigidity20260830.exists_scalar_of_line_neighborhoods' depends on axioms: [propext,
 Classical.choice,
 Quot.sound]
info: IUTThreeClosures/ResearchUniformGate20260830Audit.lean:217:0: @exists_unit_scalar_of_line_neighborhoods : ∀ {R : Type u_1} [inst : CommRing R] {ι : Type u_2} [Finite ι] [Nonempty ι]
  {π : R},
  (∀ (z : R), (∀ (n : ℕ), π ^ n ∣ z) → z = 0) →
    ∀ (F : (ι → R) ≃ₗ[R] ι → R), RespectsLineNeighborhoods π ↑F → ∃ a, ↑F = ↑a • LinearMap.id
info: IUTThreeClosures/ResearchUniformGate20260830Audit.lean:218:0: 'IUTThreeClosures.IUTAllOpenLatticeRigidity20260830.exists_unit_scalar_of_line_neighborhoods' depends on axioms: [propext,
 Classical.choice,
 Quot.sound]
info: IUTThreeClosures/ResearchUniformGate20260830Audit.lean:219:0: padic_eq_zero_of_all_power_dvd : ∀ (p : ℕ) [inst : Fact (Nat.Prime p)] (z : ℤ_[p]), (∀ (n : ℕ), ↑p ^ n ∣ z) → z = 0
info: IUTThreeClosures/ResearchUniformGate20260830Audit.lean:220:0: 'IUTThreeClosures.IUTAllOpenLatticeRigidity20260830.padic_eq_zero_of_all_power_dvd' depends on axioms: [propext,
 Classical.choice,
 Quot.sound]
info: IUTThreeClosures/ResearchUniformGate20260830Audit.lean:221:0: @padic_exists_unit_scalar : ∀ {ι : Type u_1} [Finite ι] [Nonempty ι] (p : ℕ) [inst : Fact (Nat.Prime p)]
  (F : (ι → ℤ_[p]) ≃ₗ[ℤ_[p]] ι → ℤ_[p]), RespectsLineNeighborhoods ↑p ↑F → ∃ a, ↑F = ↑a • LinearMap.id
info: IUTThreeClosures/ResearchUniformGate20260830Audit.lean:222:0: 'IUTThreeClosures.IUTAllOpenLatticeRigidity20260830.padic_exists_unit_scalar' depends on axioms: [propext,
 Classical.choice,
 Quot.sound]
⚠ [9214/9224] Replayed IUTThreeClosures.SmoothMainTermScaleAudit
warning: IUTThreeClosures/SmoothMainTermScaleAudit.lean:82:0: `exists_good_of_bad_card_lt_smooth_card` does not use the following hypothesis in its type:
  • [DecidableEq α] (#2)

Consider removing this hypothesis and using `classical` in the proof instead. For terms, consider using `open scoped Classical in` at the term level (not the command level).

Note: This linter can be disabled with `set_option linter.unusedDecidableInType false`
info: IUTThreeClosures/SmoothMainTermScaleAudit.lean:150:0: 'IUTThreeClosures.SmoothMainTermScaleAudit.badMass_negligible_against_intervalScale' depends on axioms: [propext,
 Quot.sound]
info: IUTThreeClosures/SmoothMainTermScaleAudit.lean:151:0: 'IUTThreeClosures.SmoothMainTermScaleAudit.badMass_not_negligible_against_smoothMain' depends on axioms: [propext,
 Classical.choice,
 Quot.sound]
info: IUTThreeClosures/SmoothMainTermScaleAudit.lean:152:0: 'IUTThreeClosures.SmoothMainTermScaleAudit.badMass_not_eventually_below_smoothMain' depends on axioms: [propext]
info: IUTThreeClosures/SmoothMainTermScaleAudit.lean:153:0: 'IUTThreeClosures.SmoothMainTermScaleAudit.ambient_negligibility_does_not_give_relative_extraction' depends on axioms: [propext,
 Quot.sound]
info: IUTThreeClosures/SmoothMainTermScaleAudit.lean:154:0: 'IUTThreeClosures.SmoothMainTermScaleAudit.exists_good_of_bad_card_lt_smooth_card' depends on axioms: [propext,
 Quot.sound]
info: IUTThreeClosures/SmoothMainTermScaleAudit.lean:155:0: 'IUTThreeClosures.SmoothMainTermScaleAudit.singleton_smooth_set_has_no_good_element' depends on axioms: [propext,
 Quot.sound]
info: IUTThreeClosures/SmoothMainTermScaleAudit.lean:156:0: 'IUTThreeClosures.SmoothMainTermScaleAudit.fasterThanEveryPower_not_polynomiallyAbsorbable' depends on axioms: [propext]
info: IUTThreeClosures/SmoothMainTermScaleAudit.lean:157:0: 'IUTThreeClosures.SmoothMainTermScaleAudit.polynomial_ambient_error_exceeds_relative_main' depends on axioms: [propext,
 Classical.choice,
 Quot.sound]
ℹ [9215/9224] Replayed IUTThreeClosures.SmoothLowOmegaPrimePowerNeighbour
info: IUTThreeClosures/SmoothLowOmegaPrimePowerNeighbour.lean:117:0: 'IUTThreeClosures.SmoothLowOmegaPrimePowerNeighbour.abcRadical_le_pow_primeFactorsCard_of_smooth' depends on axioms: [propext,
 Classical.choice,
 Quot.sound]
info: IUTThreeClosures/SmoothLowOmegaPrimePowerNeighbour.lean:118:0: 'IUTThreeClosures.SmoothLowOmegaPrimePowerNeighbour.abcRadical_le_pow_of_smooth_card' depends on axioms: [propext,
 Classical.choice,
 Quot.sound]
info: IUTThreeClosures/SmoothLowOmegaPrimePowerNeighbour.lean:119:0: 'IUTThreeClosures.SmoothLowOmegaPrimePowerNeighbour.not_abc_of_unbounded_smoothLowOmegaPrimePowerNeighbours' depends on axioms: [propext,
 Classical.choice,
 Quot.sound]
⚠ [9216/9224] Replayed IUTThreeClosures.TiltedStatisticExtraction
warning: IUTThreeClosures/TiltedStatisticExtraction.lean:31:0: `exists_stat_lt_of_tilted_sum` does not use the following hypothesis in its type:
  • [DecidableEq α] (#2)

Consider removing this hypothesis and using `classical` in the proof instead. For terms, consider using `open scoped Classical in` at the term level (not the command level).

Note: This linter can be disabled with `set_option linter.unusedDecidableInType false`
warning: IUTThreeClosures/TiltedStatisticExtraction.lean:74:0: `exists_stat_lt_of_exponential_tilt` does not use the following hypothesis in its type:
  • [DecidableEq α] (#2)

Consider removing this hypothesis and using `classical` in the proof instead. For terms, consider using `open scoped Classical in` at the term level (not the command level).

Note: This linter can be disabled with `set_option linter.unusedDecidableInType false`
info: IUTThreeClosures/TiltedStatisticExtraction.lean:92:0: 'IUTThreeClosures.TiltedStatisticExtraction.exists_stat_lt_of_tilted_sum' depends on axioms: [propext,
 Classical.choice,
 Quot.sound]
info: IUTThreeClosures/TiltedStatisticExtraction.lean:93:0: 'IUTThreeClosures.TiltedStatisticExtraction.exponential_tilt_antitone_at' depends on axioms: [propext,
 Classical.choice,
 Quot.sound]
info: IUTThreeClosures/TiltedStatisticExtraction.lean:94:0: 'IUTThreeClosures.TiltedStatisticExtraction.exists_stat_lt_of_exponential_tilt' depends on axioms: [propext,
 Classical.choice,
 Quot.sound]
ℹ [9219/9224] Replayed IUTThreeClosures.SmoothDivisibilityRescalingBarrierAxiomAudit
info: IUTThreeClosures/SmoothDivisibilityRescalingBarrierAxiomAudit.lean:5:0: 'IUTThreeClosures.criticalRationalPower_rescaling_strict' depends on axioms: [propext, Classical.choice, Quot.sound]
info: IUTThreeClosures/SmoothDivisibilityRescalingBarrierAxiomAudit.lean:6:0: 'IUTThreeClosures.threeFifths_rescaling_strict' depends on axioms: [propext, Classical.choice, Quot.sound]
info: IUTThreeClosures/SmoothDivisibilityRescalingBarrierAxiomAudit.lean:7:0: 'IUTThreeClosures.not_threeFifths_rescaled_admissible' depends on axioms: [propext, Classical.choice, Quot.sound]
ℹ [9220/9224] Replayed IUTThreeClosures.TiltedSmoothNeighbourPacketGate
info: IUTThreeClosures/TiltedSmoothNeighbourPacketGate.lean:108:0: 'IUTThreeClosures.TiltedSmoothNeighbourPacketGate.SmoothPrimePowerCandidatePacket.exists_lowOmega_candidate' depends on axioms: [propext,
 Classical.choice,
 Quot.sound]
info: IUTThreeClosures/TiltedSmoothNeighbourPacketGate.lean:109:0: 'IUTThreeClosures.TiltedSmoothNeighbourPacketGate.not_abc_of_unbounded_tiltedSmoothNeighbourPackets' depends on axioms: [propext,
 Classical.choice,
 Quot.sound]
ℹ [9222/9224] Replayed IUTThreeClosures.WalshSquarefullDenominatorAxiomAudit
info: IUTThreeClosures/WalshSquarefullDenominatorAxiomAudit.lean:5:0: 'IUTThreeClosures.WalshSquarefullDenominator.power_isKFull' depends on axioms: [propext, Classical.choice, Quot.sound]
info: IUTThreeClosures/WalshSquarefullDenominatorAxiomAudit.lean:7:0: 'IUTThreeClosures.WalshSquarefullDenominator.cube_of_twoFull_isSixFull' depends on axioms: [propext,
 Classical.choice,
 Quot.sound]
info: IUTThreeClosures/WalshSquarefullDenominatorAxiomAudit.lean:9:0: 'IUTThreeClosures.WalshSquarefullDenominator.Datum.c_sixFull' depends on axioms: [propext, Classical.choice, Quot.sound]
info: IUTThreeClosures/WalshSquarefullDenominatorAxiomAudit.lean:11:0: 'IUTThreeClosures.WalshSquarefullDenominator.Datum.radical_product_pow_six_le_c_pow_five' depends on axioms: [propext,
 Classical.choice,
 Quot.sound]
info: IUTThreeClosures/WalshSquarefullDenominatorAxiomAudit.lean:13:0: 'IUTThreeClosures.WalshSquarefullDenominator.Datum.six_mul_conductor_le_five_mul_height' depends on axioms: [propext,
 Classical.choice,
 Quot.sound]
info: IUTThreeClosures/WalshSquarefullDenominatorAxiomAudit.lean:15:0: 'IUTThreeClosures.WalshSquarefullDenominator.not_abc_of_unbounded_squarefullWalshFamily' depends on axioms: [propext,
 Classical.choice,
 Quot.sound]
Build completed successfully (9224 jobs).
EXIT_CODE: 0
