family,parameters,a,b,c,factorization_c,source_capacities,sink_primes,source_count,sink_count,residual_numerator,residual_denominator,scalar_numerator,scalar_denominator,fragmentation_numerator,fragmentation_denominator,conductor,coarse_ratio_floor,assignment,assigned_packet_products,optimal_capped_reward_product,source_capacity_product
unit_prime_square,p=2,1,3,4,2^2,2:2,3,1,1,1,1,1,1,1,1,6,0,3->2,2:3,2,2
unit_prime_square,p=3,1,8,9,3^2,3:3,2,1,1,3,2,3,2,1,1,6,27,2->3,3:2,2,3
unit_prime_square,p=5,1,24,25,5^2,5:5,2;3,1,2,1,1,1,1,1,1,30,0,2->5;3->5,5:6,5,5
unit_prime_square,p=7,1,48,49,7^2,7:7,2;3,1,2,7,6,7,6,1,1,42,4,2->7;3->7,7:6,6,7
unit_prime_square,p=11,1,120,121,11^2,11:11,2;3;5,1,3,1,1,1,1,1,1,330,0,2->11;3->11;5->11,11:30,11,11
unit_prime_square,p=13,1,168,169,13^2,13:13,2;3;7,1,3,1,1,1,1,1,1,546,0,2->13;3->13;7->13,13:42,13,13
unit_prime_square,p=17,1,288,289,17^2,17:17,2;3,1,2,17,6,17,6,1,1,102,27,2->17;3->17,17:6,6,17
unit_prime_square,p=19,1,360,361,19^2,19:19,2;3;5,1,3,1,1,1,1,1,1,570,0,2->19;3->19;5->19,19:30,19,19
unit_prime_square,p=23,1,528,529,23^2,23:23,2;3;11,1,3,1,1,1,1,1,1,1518,0,2->23;3->23;11->23,23:66,23,23
unit_prime_square,p=29,1,840,841,29^2,29:29,2;3;5;7,1,4,1,1,1,1,1,1,6090,0,2->29;3->29;5->29;7->29,29:210,29,29
unit_prime_square,p=31,1,960,961,31^2,31:31,2;3;5,1,3,31,30,31,30,1,1,930,0,2->31;3->31;5->31,31:30,30,31
unit_prime_square,p=37,1,1368,1369,37^2,37:37,2;3;19,1,3,1,1,1,1,1,1,4218,0,2->37;3->37;19->37,37:114,37,37
unit_prime_square,p=41,1,1680,1681,41^2,41:41,2;3;5;7,1,4,1,1,1,1,1,1,8610,0,2->41;3->41;5->41;7->41,41:210,41,41
unit_prime_square,p=43,1,1848,1849,43^2,43:43,2;3;7;11,1,4,1,1,1,1,1,1,19866,0,2->43;3->43;7->43;11->43,43:462,43,43
unit_prime_square,p=47,1,2208,2209,47^2,47:47,2;3;23,1,3,1,1,1,1,1,1,6486,0,2->47;3->47;23->47,47:138,47,47
unit_prime_square,p=53,1,2808,2809,53^2,53:53,2;3;13,1,3,1,1,1,1,1,1,4134,0,2->53;3->53;13->53,53:78,53,53
unit_prime_square,p=59,1,3480,3481,59^2,59:59,2;3;5;29,1,4,1,1,1,1,1,1,51330,0,2->59;3->59;5->59;29->59,59:870,59,59
unit_prime_square,p=61,1,3720,3721,61^2,61:61,2;3;5;31,1,4,1,1,1,1,1,1,56730,0,2->61;3->61;5->61;31->61,61:930,61,61
unit_prime_square,p=67,1,4488,4489,67^2,67:67,2;3;11;17,1,4,1,1,1,1,1,1,75174,0,2->67;3->67;11->67;17->67,67:1122,67,67
unit_prime_square,p=71,1,5040,5041,71^2,71:71,2;3;5;7,1,4,1,1,1,1,1,1,14910,0,2->71;3->71;5->71;7->71,71:210,71,71
unit_prime_square,p=73,1,5328,5329,73^2,73:73,2;3;37,1,3,1,1,1,1,1,1,16206,0,2->73;3->73;37->73,73:222,73,73
unit_prime_square,p=79,1,6240,6241,79^2,79:79,2;3;5;13,1,4,1,1,1,1,1,1,30810,0,2->79;3->79;5->79;13->79,79:390,79,79
unit_prime_square,p=83,1,6888,6889,83^2,83:83,2;3;7;41,1,4,1,1,1,1,1,1,142926,0,2->83;3->83;7->83;41->83,83:1722,83,83
unit_prime_square,p=89,1,7920,7921,89^2,89:89,2;3;5;11,1,4,1,1,1,1,1,1,29370,0,2->89;3->89;5->89;11->89,89:330,89,89
unit_prime_square,p=97,1,9408,9409,97^2,97:97,2;3;7,1,3,97,42,97,42,1,1,4074,12,2->97;3->97;7->97,97:42,42,97
unit_prime_square,p=101,1,10200,10201,101^2,101:101,2;3;5;17,1,4,1,1,1,1,1,1,51510,0,2->101;3->101;5->101;17->101,101:510,101,101
unit_prime_square,p=103,1,10608,10609,103^2,103:103,2;3;13;17,1,4,1,1,1,1,1,1,136578,0,2->103;3->103;13->103;17->103,103:1326,103,103
unit_prime_square,p=107,1,11448,11449,107^2,107:107,2;3;53,1,3,1,1,1,1,1,1,34026,0,2->107;3->107;53->107,107:318,107,107
unit_prime_square,p=109,1,11880,11881,109^2,109:109,2;3;5;11,1,4,1,1,1,1,1,1,35970,0,2->109;3->109;5->109;11->109,109:330,109,109
unit_prime_square,p=113,1,12768,12769,113^2,113:113,2;3;7;19,1,4,1,1,1,1,1,1,90174,0,2->113;3->113;7->113;19->113,113:798,113,113
unit_prime_square,p=127,1,16128,16129,127^2,127:127,2;3;7,1,3,127,42,127,42,1,1,5334,15,2->127;3->127;7->127,127:42,42,127
unit_prime_square,p=131,1,17160,17161,131^2,131:131,2;3;5;11;13,1,5,1,1,1,1,1,1,561990,0,2->131;3->131;5->131;11->131;13->131,131:4290,131,131
unit_prime_square,p=137,1,18768,18769,137^2,137:137,2;3;17;23,1,4,1,1,1,1,1,1,321402,0,2->137;3->137;17->137;23->137,137:2346,137,137
unit_prime_square,p=139,1,19320,19321,139^2,139:139,2;3;5;7;23,1,5,1,1,1,1,1,1,671370,0,2->139;3->139;5->139;7->139;23->139,139:4830,139,139
unit_prime_square,p=149,1,22200,22201,149^2,149:149,2;3;5;37,1,4,1,1,1,1,1,1,165390,0,2->149;3->149;5->149;37->149,149:1110,149,149
unit_prime_square,p=151,1,22800,22801,151^2,151:151,2;3;5;19,1,4,1,1,1,1,1,1,86070,0,2->151;3->151;5->151;19->151,151:570,151,151
unit_prime_square,p=157,1,24648,24649,157^2,157:157,2;3;13;79,1,4,1,1,1,1,1,1,967434,0,2->157;3->157;13->157;79->157,157:6162,157,157
unit_prime_square,p=163,1,26568,26569,163^2,163:163,2;3;41,1,3,1,1,1,1,1,1,40098,0,2->163;3->163;41->163,163:246,163,163
unit_prime_square,p=167,1,27888,27889,167^2,167:167,2;3;7;83,1,4,1,1,1,1,1,1,582162,0,2->167;3->167;7->167;83->167,167:3486,167,167
unit_prime_square,p=173,1,29928,29929,173^2,173:173,2;3;29;43,1,4,1,1,1,1,1,1,1294386,0,2->173;3->173;29->173;43->173,173:7482,173,173
unit_prime_square,p=179,1,32040,32041,179^2,179:179,2;3;5;89,1,4,1,1,1,1,1,1,477930,0,2->179;3->179;5->179;89->179,179:2670,179,179
unit_prime_square,p=181,1,32760,32761,181^2,181:181,2;3;5;7;13,1,5,1,1,1,1,1,1,494130,0,2->181;3->181;5->181;7->181;13->181,181:2730,181,181
unit_prime_square,p=191,1,36480,36481,191^2,191:191,2;3;5;19,1,4,1,1,1,1,1,1,108870,0,2->191;3->191;5->191;19->191,191:570,191,191
unit_prime_square,p=193,1,37248,37249,193^2,193:193,2;3;97,1,3,1,1,1,1,1,1,112326,0,2->193;3->193;97->193,193:582,193,193
unit_prime_square,p=197,1,38808,38809,197^2,197:197,2;3;7;11,1,4,1,1,1,1,1,1,91014,0,2->197;3->197;7->197;11->197,197:462,197,197
unit_prime_square,p=199,1,39600,39601,199^2,199:199,2;3;5;11,1,4,1,1,1,1,1,1,65670,0,2->199;3->199;5->199;11->199,199:330,199,199
unit_prime_square,p=211,1,44520,44521,211^2,211:211,2;3;5;7;53,1,5,1,1,1,1,1,1,2348430,0,2->211;3->211;5->211;7->211;53->211,211:11130,211,211
unit_prime_square,p=223,1,49728,49729,223^2,223:223,2;3;7;37,1,4,1,1,1,1,1,1,346542,0,2->223;3->223;7->223;37->223,223:1554,223,223
unit_prime_square,p=227,1,51528,51529,227^2,227:227,2;3;19;113,1,4,1,1,1,1,1,1,2924214,0,2->227;3->227;19->227;113->227,227:12882,227,227
unit_prime_square,p=229,1,52440,52441,229^2,229:229,2;3;5;19;23,1,5,1,1,1,1,1,1,3002190,0,2->229;3->229;5->229;19->229;23->229,229:13110,229,229
unit_prime_square,p=233,1,54288,54289,233^2,233:233,2;3;13;29,1,4,1,1,1,1,1,1,527046,0,2->233;3->233;13->233;29->233,233:2262,233,233
unit_prime_square,p=239,1,57120,57121,239^2,239:239,2;3;5;7;17,1,5,1,1,1,1,1,1,853230,0,2->239;3->239;5->239;7->239;17->239,239:3570,239,239
unit_prime_square,p=241,1,58080,58081,241^2,241:241,2;3;5;11,1,4,1,1,1,1,1,1,79530,0,2->241;3->241;5->241;11->241,241:330,241,241
unit_prime_square,p=251,1,63000,63001,251^2,251:251,2;3;5;7,1,4,251,210,251,210,1,1,52710,1,2->251;3->251;5->251;7->251,251:210,210,251
unit_prime_square,p=257,1,66048,66049,257^2,257:257,2;3;43,1,3,1,1,1,1,1,1,66306,0,2->257;3->257;43->257,257:258,257,257
unit_prime_square,p=263,1,69168,69169,263^2,263:263,2;3;11;131,1,4,1,1,1,1,1,1,2273898,0,2->263;3->263;11->263;131->263,263:8646,263,263
unit_prime_square,p=269,1,72360,72361,269^2,269:269,2;3;5;67,1,4,1,1,1,1,1,1,540690,0,2->269;3->269;5->269;67->269,269:2010,269,269
unit_prime_square,p=271,1,73440,73441,271^2,271:271,2;3;5;17,1,4,1,1,1,1,1,1,138210,0,2->271;3->271;5->271;17->271,271:510,271,271
unit_prime_square,p=277,1,76728,76729,277^2,277:277,2;3;23;139,1,4,1,1,1,1,1,1,5313414,0,2->277;3->277;23->277;139->277,277:19182,277,277
unit_prime_square,p=281,1,78960,78961,281^2,281:281,2;3;5;7;47,1,5,1,1,1,1,1,1,2773470,0,2->281;3->281;5->281;7->281;47->281,281:9870,281,281
unit_prime_square,p=283,1,80088,80089,283^2,283:283,2;3;47;71,1,4,1,1,1,1,1,1,5666226,0,2->283;3->283;47->283;71->283,283:20022,283,283
unit_prime_square,p=293,1,85848,85849,293^2,293:293,2;3;7;73,1,4,1,1,1,1,1,1,898338,0,2->293;3->293;7->293;73->293,293:3066,293,293
unit_prime_square,p=307,1,94248,94249,307^2,307:307,2;3;7;11;17,1,5,1,1,1,1,1,1,2411178,0,2->307;3->307;7->307;11->307;17->307,307:7854,307,307
unit_prime_square,p=311,1,96720,96721,311^2,311:311,2;3;5;13;31,1,5,1,1,1,1,1,1,3759990,0,2->311;3->311;5->311;13->311;31->311,311:12090,311,311
unit_prime_square,p=313,1,97968,97969,313^2,313:313,2;3;13;157,1,4,1,1,1,1,1,1,3832998,0,2->313;3->313;13->313;157->313,313:12246,313,313
unit_prime_square,p=317,1,100488,100489,317^2,317:317,2;3;53;79,1,4,1,1,1,1,1,1,7963674,0,2->317;3->317;53->317;79->317,317:25122,317,317
unit_prime_square,p=331,1,109560,109561,331^2,331:331,2;3;5;11;83,1,5,1,1,1,1,1,1,9066090,0,2->331;3->331;5->331;11->331;83->331,331:27390,331,331
unit_prime_square,p=337,1,113568,113569,337^2,337:337,2;3;7;13,1,4,1,1,1,1,1,1,184002,0,2->337;3->337;7->337;13->337,337:546,337,337
unit_prime_square,p=347,1,120408,120409,347^2,347:347,2;3;29;173,1,4,1,1,1,1,1,1,10445394,0,2->347;3->347;29->347;173->347,347:30102,347,347
unit_prime_square,p=349,1,121800,121801,349^2,349:349,2;3;5;7;29,1,5,1,1,1,1,1,1,2125410,0,2->349;3->349;5->349;7->349;29->349,349:6090,349,349
unit_prime_square,p=353,1,124608,124609,353^2,353:353,2;3;11;59,1,4,1,1,1,1,1,1,1374582,0,2->353;3->353;11->353;59->353,353:3894,353,353
unit_prime_square,p=359,1,128880,128881,359^2,359:359,2;3;5;179,1,4,1,1,1,1,1,1,1927830,0,2->359;3->359;5->359;179->359,359:5370,359,359
unit_prime_square,p=367,1,134688,134689,367^2,367:367,2;3;23;61,1,4,1,1,1,1,1,1,3089406,0,2->367;3->367;23->367;61->367,367:8418,367,367
unit_prime_square,p=373,1,139128,139129,373^2,373:373,2;3;11;17;31,1,5,1,1,1,1,1,1,12973686,0,2->373;3->373;11->373;17->373;31->373,373:34782,373,373
unit_prime_square,p=379,1,143640,143641,379^2,379:379,2;3;5;7;19,1,5,1,1,1,1,1,1,1512210,0,2->379;3->379;5->379;7->379;19->379,379:3990,379,379
unit_prime_square,p=383,1,146688,146689,383^2,383:383,2;3;191,1,3,1,1,1,1,1,1,438918,0,2->383;3->383;191->383,383:1146,383,383
unit_prime_square,p=389,1,151320,151321,389^2,389:389,2;3;5;13;97,1,5,1,1,1,1,1,1,14715870,0,2->389;3->389;5->389;13->389;97->389,389:37830,389,389
unit_prime_square,p=397,1,157608,157609,397^2,397:397,2;3;11;199,1,4,1,1,1,1,1,1,5214198,0,2->397;3->397;11->397;199->397,397:13134,397,397
unit_prime_square,p=401,1,160800,160801,401^2,401:401,2;3;5;67,1,4,1,1,1,1,1,1,806010,0,2->401;3->401;5->401;67->401,401:2010,401,401
unit_prime_square,p=409,1,167280,167281,409^2,409:409,2;3;5;17;41,1,5,1,1,1,1,1,1,8552190,0,2->409;3->409;5->409;17->409;41->409,409:20910,409,409
unit_prime_square,p=419,1,175560,175561,419^2,419:419,2;3;5;7;11;19,1,6,1,1,1,1,1,1,18389910,0,2->419;3->419;5->419;7->419;11->419;19->419,419:43890,419,419
unit_prime_square,p=421,1,177240,177241,421^2,421:421,2;3;5;7;211,1,5,1,1,1,1,1,1,18654510,0,2->421;3->421;5->421;7->421;211->421,421:44310,421,421
unit_prime_square,p=431,1,185760,185761,431^2,431:431,2;3;5;43,1,4,1,1,1,1,1,1,555990,0,2->431;3->431;5->431;43->431,431:1290,431,431
unit_prime_square,p=433,1,187488,187489,433^2,433:433,2;3;7;31,1,4,1,1,1,1,1,1,563766,0,2->433;3->433;7->433;31->433,433:1302,433,433
unit_prime_square,p=439,1,192720,192721,439^2,439:439,2;3;5;11;73,1,5,1,1,1,1,1,1,10575510,0,2->439;3->439;5->439;11->439;73->439,439:24090,439,439
unit_prime_square,p=443,1,196248,196249,443^2,443:443,2;3;13;17;37,1,5,1,1,1,1,1,1,21734466,0,2->443;3->443;13->443;17->443;37->443,443:49062,443,443
unit_prime_square,p=449,1,201600,201601,449^2,449:449,2;3;5;7,1,4,449,210,449,210,1,1,94290,7,2->449;3->449;5->449;7->449,449:210,210,449
unit_prime_square,p=457,1,208848,208849,457^2,457:457,2;3;19;229,1,4,1,1,1,1,1,1,11930442,0,2->457;3->457;19->457;229->457,457:26106,457,457
unit_prime_square,p=461,1,212520,212521,461^2,461:461,2;3;5;7;11;23,1,6,1,1,1,1,1,1,24492930,0,2->461;3->461;5->461;7->461;11->461;23->461,461:53130,461,461
unit_prime_square,p=463,1,214368,214369,463^2,463:463,2;3;7;11;29,1,5,1,1,1,1,1,1,6203274,0,2->463;3->463;7->463;11->463;29->463,463:13398,463,463
unit_prime_square,p=467,1,218088,218089,467^2,467:467,2;3;13;233,1,4,1,1,1,1,1,1,8487258,0,2->467;3->467;13->467;233->467,467:18174,467,467
unit_prime_square,p=479,1,229440,229441,479^2,479:479,2;3;5;239,1,4,1,1,1,1,1,1,3434430,0,2->479;3->479;5->479;239->479,479:7170,479,479
unit_prime_square,p=487,1,237168,237169,487^2,487:487,2;3;61,1,3,487,366,487,366,1,1,178242,2,2->487;3->487;61->487,487:366,366,487
unit_prime_square,p=491,1,241080,241081,491^2,491:491,2;3;5;7;41,1,5,1,1,1,1,1,1,4227510,0,2->491;3->491;5->491;7->491;41->491,491:8610,491,491
unit_prime_square,p=499,1,249000,249001,499^2,499:499,2;3;5;83,1,4,1,1,1,1,1,1,1242510,0,2->499;3->499;5->499;83->499,499:2490,499,499
unit_prime_square,p=503,1,253008,253009,503^2,503:503,2;3;7;251,1,4,1,1,1,1,1,1,5302626,0,2->503;3->503;7->503;251->503,503:10542,503,503
unit_prime_square,p=509,1,259080,259081,509^2,509:509,2;3;5;17;127,1,5,1,1,1,1,1,1,32967930,0,2->509;3->509;5->509;17->509;127->509,509:64770,509,509
unit_prime_square,p=521,1,271440,271441,521^2,521:521,2;3;5;13;29,1,5,1,1,1,1,1,1,5892510,0,2->521;3->521;5->521;13->521;29->521,521:11310,521,521
unit_prime_square,p=523,1,273528,273529,523^2,523:523,2;3;29;131,1,4,1,1,1,1,1,1,11921262,0,2->523;3->523;29->523;131->523,523:22794,523,523
unit_prime_square,p=541,1,292680,292681,541^2,541:541,2;3;5;271,1,4,1,1,1,1,1,1,4398330,0,2->541;3->541;5->541;271->541,541:8130,541,541
unit_prime_square,p=547,1,299208,299209,547^2,547:547,2;3;7;13;137,1,5,1,1,1,1,1,1,40916694,0,2->547;3->547;7->547;13->547;137->547,547:74802,547,547
unit_prime_square,p=557,1,310248,310249,557^2,557:557,2;3;31;139,1,4,1,1,1,1,1,1,14400678,0,2->557;3->557;31->557;139->557,557:25854,557,557
unit_prime_square,p=563,1,316968,316969,563^2,563:563,2;3;47;281,1,4,1,1,1,1,1,1,44613246,0,2->563;3->563;47->563;281->563,563:79242,563,563
unit_prime_square,p=569,1,323760,323761,569^2,569:569,2;3;5;19;71,1,5,1,1,1,1,1,1,23027430,0,2->569;3->569;5->569;19->569;71->569,569:40470,569,569
unit_prime_square,p=571,1,326040,326041,571^2,571:571,2;3;5;11;13;19,1,6,1,1,1,1,1,1,46542210,0,2->571;3->571;5->571;11->571;13->571;19->571,571:81510,571,571
unit_prime_square,p=577,1,332928,332929,577^2,577:577,2;3;17,1,3,577,102,577,102,1,1,58854,18,2->577;3->577;17->577,577:102,102,577
unit_prime_square,p=587,1,344568,344569,587^2,587:587,2;3;7;293,1,4,1,1,1,1,1,1,7223622,0,2->587;3->587;7->587;293->587,587:12306,587,587
unit_prime_square,p=593,1,351648,351649,593^2,593:593,2;3;11;37,1,4,1,1,1,1,1,1,1448106,0,2->593;3->593;11->593;37->593,593:2442,593,593
unit_prime_square,p=599,1,358800,358801,599^2,599:599,2;3;5;13;23,1,5,1,1,1,1,1,1,5373030,0,2->599;3->599;5->599;13->599;23->599,599:8970,599,599
unit_prime_square,p=601,1,361200,361201,601^2,601:601,2;3;5;7;43,1,5,1,1,1,1,1,1,5427030,0,2->601;3->601;5->601;7->601;43->601,601:9030,601,601
unit_prime_square,p=607,1,368448,368449,607^2,607:607,2;3;19;101,1,4,1,1,1,1,1,1,6988998,0,2->607;3->607;19->607;101->607,607:11514,607,607
unit_prime_square,p=613,1,375768,375769,613^2,613:613,2;3;17;307,1,4,1,1,1,1,1,1,19195482,0,2->613;3->613;17->613;307->613,613:31314,613,613
unit_prime_square,p=617,1,380688,380689,617^2,617:617,2;3;7;11;103,1,5,1,1,1,1,1,1,29360562,0,2->617;3->617;7->617;11->617;103->617,617:47586,617,617
unit_prime_square,p=619,1,383160,383161,619^2,619:619,2;3;5;31;103,1,5,1,1,1,1,1,1,59294010,0,2->619;3->619;5->619;31->619;103->619,619:95790,619,619
unit_prime_square,p=631,1,398160,398161,631^2,631:631,2;3;5;7;79,1,5,1,1,1,1,1,1,10468290,0,2->631;3->631;5->631;7->631;79->631,631:16590,631,631
unit_prime_square,p=641,1,410880,410881,641^2,641:641,2;3;5;107,1,4,1,1,1,1,1,1,2057610,0,2->641;3->641;5->641;107->641,641:3210,641,641
unit_prime_square,p=643,1,413448,413449,643^2,643:643,2;3;7;23;107,1,5,1,1,1,1,1,1,66461766,0,2->643;3->643;7->643;23->643;107->643,643:103362,643,643
unit_prime_square,p=647,1,418608,418609,647^2,647:647,2;3;17;19,1,4,1,1,1,1,1,1,1253886,0,2->647;3->647;17->647;19->647,647:1938,647,647
unit_prime_square,p=653,1,426408,426409,653^2,653:653,2;3;109;163,1,4,1,1,1,1,1,1,69611106,0,2->653;3->653;109->653;163->653,653:106602,653,653
unit_prime_square,p=659,1,434280,434281,659^2,659:659,2;3;5;7;11;47,1,6,1,1,1,1,1,1,71547630,0,2->659;3->659;5->659;7->659;11->659;47->659,659:108570,659,659
unit_prime_square,p=661,1,436920,436921,661^2,661:661,2;3;5;11;331,1,5,1,1,1,1,1,1,72201030,0,2->661;3->661;5->661;11->661;331->661,661:109230,661,661
unit_prime_square,p=673,1,452928,452929,673^2,673:673,2;3;7;337,1,4,1,1,1,1,1,1,9525642,0,2->673;3->673;7->673;337->673,673:14154,673,673
unit_prime_square,p=677,1,458328,458329,677^2,677:677,2;3;13;113,1,4,1,1,1,1,1,1,5967078,0,2->677;3->677;13->677;113->677,677:8814,677,677
unit_prime_square,p=683,1,466488,466489,683^2,683:683,2;3;11;19;31,1,5,1,1,1,1,1,1,26550942,0,2->683;3->683;11->683;19->683;31->683,683:38874,683,683
unit_prime_square,p=691,1,477480,477481,691^2,691:691,2;3;5;23;173,1,5,1,1,1,1,1,1,82484670,0,2->691;3->691;5->691;23->691;173->691,691:119370,691,691
unit_prime_square,p=701,1,491400,491401,701^2,701:701,2;3;5;7;13,1,5,1,1,1,1,1,1,1913730,0,2->701;3->701;5->701;7->701;13->701,701:2730,701,701
unit_prime_square,p=709,1,502680,502681,709^2,709:709,2;3;5;59;71,1,5,1,1,1,1,1,1,89100030,0,2->709;3->709;5->709;59->709;71->709,709:125670,709,709
unit_prime_square,p=719,1,516960,516961,719^2,719:719,2;3;5;359,1,4,1,1,1,1,1,1,7743630,0,2->719;3->719;5->719;359->719,719:10770,719,719
unit_prime_square,p=727,1,528528,528529,727^2,727:727,2;3;7;11;13,1,5,1,1,1,1,1,1,4366362,0,2->727;3->727;7->727;11->727;13->727,727:6006,727,727
unit_prime_square,p=733,1,537288,537289,733^2,733:733,2;3;61;367,1,4,1,1,1,1,1,1,98458026,0,2->733;3->733;61->733;367->733,733:134322,733,733
unit_prime_square,p=739,1,546120,546121,739^2,739:739,2;3;5;37;41,1,5,1,1,1,1,1,1,33631890,0,2->739;3->739;5->739;37->739;41->739,739:45510,739,739
unit_prime_square,p=743,1,552048,552049,743^2,743:743,2;3;7;31;53,1,5,1,1,1,1,1,1,51271458,0,2->743;3->743;7->743;31->743;53->743,743:69006,743,743
unit_prime_square,p=751,1,564000,564001,751^2,751:751,2;3;5;47,1,4,1,1,1,1,1,1,1058910,0,2->751;3->751;5->751;47->751,751:1410,751,751
unit_prime_square,p=757,1,573048,573049,757^2,757:757,2;3;7;379,1,4,1,1,1,1,1,1,12049926,0,2->757;3->757;7->757;379->757,757:15918,757,757
unit_prime_square,p=761,1,579120,579121,761^2,761:761,2;3;5;19;127,1,5,1,1,1,1,1,1,55088790,0,2->761;3->761;5->761;19->761;127->761,761:72390,761,761
unit_prime_square,p=769,1,591360,591361,769^2,769:769,2;3;5;7;11,1,5,1,1,1,1,1,1,1776390,0,2->769;3->769;5->769;7->769;11->769,769:2310,769,769
unit_prime_square,p=773,1,597528,597529,773^2,773:773,2;3;43;193,1,4,1,1,1,1,1,1,38490762,0,2->773;3->773;43->773;193->773,773:49794,773,773
unit_prime_square,p=787,1,619368,619369,787^2,787:787,2;3;131;197,1,4,1,1,1,1,1,1,121860654,0,2->787;3->787;131->787;197->787,787:154842,787,787
unit_prime_square,p=797,1,635208,635209,797^2,797:797,2;3;7;19;199,1,5,1,1,1,1,1,1,126565194,0,2->797;3->797;7->797;19->797;199->797,797:158802,797,797
unit_prime_square,p=809,1,654480,654481,809^2,809:809,2;3;5;101,1,4,1,1,1,1,1,1,2451270,0,2->809;3->809;5->809;101->809,809:3030,809,809
unit_prime_square,p=811,1,657720,657721,811^2,811:811,2;3;5;7;29,1,5,1,1,1,1,1,1,4938990,0,2->811;3->811;5->811;7->811;29->811,811:6090,811,811
unit_prime_square,p=821,1,674040,674041,821^2,821:821,2;3;5;41;137,1,5,1,1,1,1,1,1,138346710,0,2->821;3->821;5->821;41->821;137->821,821:168510,821,821
unit_prime_square,p=823,1,677328,677329,823^2,823:823,2;3;103;137,1,4,1,1,1,1,1,1,69680118,0,2->823;3->823;103->823;137->823,823:84666,823,823
unit_prime_square,p=827,1,683928,683929,827^2,827:827,2;3;7;23;59,1,5,1,1,1,1,1,1,47134038,0,2->827;3->827;7->827;23->827;59->827,827:56994,827,827
unit_prime_square,p=829,1,687240,687241,829^2,829:829,2;3;5;23;83,1,5,1,1,1,1,1,1,47476830,0,2->829;3->829;5->829;23->829;83->829,829:57270,829,829
unit_prime_square,p=839,1,703920,703921,839^2,839:839,2;3;5;7;419,1,5,1,1,1,1,1,1,73823610,0,2->839;3->839;5->839;7->839;419->839,839:87990,839,839
unit_prime_square,p=853,1,727608,727609,853^2,853:853,2;3;7;61;71,1,5,1,1,1,1,1,1,155162406,0,2->853;3->853;7->853;61->853;71->853,853:181902,853,853
unit_prime_square,p=857,1,734448,734449,857^2,857:857,2;3;11;13;107,1,5,1,1,1,1,1,1,78677742,0,2->857;3->857;11->857;13->857;107->857,857:91806,857,857
unit_prime_square,p=859,1,737880,737881,859^2,859:859,2;3;5;11;13;43,1,6,1,1,1,1,1,1,158459730,0,2->859;3->859;5->859;11->859;13->859;43->859,859:184470,859,859
unit_prime_square,p=863,1,744768,744769,863^2,863:863,2;3;431,1,3,1,1,1,1,1,1,2231718,0,2->863;3->863;431->863,863:2586,863,863
unit_prime_square,p=877,1,769128,769129,877^2,877:877,2;3;73;439,1,4,1,1,1,1,1,1,168631314,0,2->877;3->877;73->877;439->877,877:192282,877,877
unit_prime_square,p=881,1,776160,776161,881^2,881:881,2;3;5;7;11,1,5,1,1,1,1,1,1,2035110,0,2->881;3->881;5->881;7->881;11->881,881:2310,881,881
unit_prime_square,p=883,1,779688,779689,883^2,883:883,2;3;7;13;17,1,5,1,1,1,1,1,1,8196006,0,2->883;3->883;7->883;13->883;17->883,883:9282,883,883
unit_prime_square,p=887,1,786768,786769,887^2,887:887,2;3;37;443,1,4,1,1,1,1,1,1,87232902,0,2->887;3->887;37->887;443->887,887:98346,887,887
unit_prime_square,p=907,1,822648,822649,907^2,907:907,2;3;151;227,1,4,1,1,1,1,1,1,186535434,0,2->907;3->907;151->907;227->907,907:205662,907,907
unit_prime_square,p=911,1,829920,829921,911^2,911:911,2;3;5;7;13;19,1,6,1,1,1,1,1,1,47253570,0,2->911;3->911;5->911;7->911;13->911;19->911,911:51870,911,911
unit_prime_square,p=919,1,844560,844561,919^2,919:919,2;3;5;17;23,1,5,1,1,1,1,1,1,10779870,0,2->919;3->919;5->919;17->919;23->919,919:11730,919,919
unit_prime_square,p=929,1,863040,863041,929^2,929:929,2;3;5;29;31,1,5,1,1,1,1,1,1,25055130,0,2->929;3->929;5->929;29->929;31->929,929:26970,929,929
unit_prime_square,p=937,1,877968,877969,937^2,937:937,2;3;7;13;67,1,5,1,1,1,1,1,1,34277334,0,2->937;3->937;7->937;13->937;67->937,937:36582,937,937
unit_prime_square,p=941,1,885480,885481,941^2,941:941,2;3;5;47;157,1,5,1,1,1,1,1,1,208309170,0,2->941;3->941;5->941;47->941;157->941,941:221370,941,941
unit_prime_square,p=947,1,896808,896809,947^2,947:947,2;3;11;43;79,1,5,1,1,1,1,1,1,212319294,0,2->947;3->947;11->947;43->947;79->947,947:224202,947,947
unit_prime_square,p=953,1,908208,908209,953^2,953:953,2;3;7;17;53,1,5,1,1,1,1,1,1,36063426,0,2->953;3->953;7->953;17->953;53->953,953:37842,953,953
unit_prime_square,p=967,1,935088,935089,967^2,967:967,2;3;7;11;23,1,5,1,1,1,1,1,1,10275342,0,2->967;3->967;7->967;11->967;23->967,967:10626,967,967
unit_prime_square,p=971,1,942840,942841,971^2,971:971,2;3;5;97,1,4,1,1,1,1,1,1,2825610,0,2->971;3->971;5->971;97->971,971:2910,971,971
unit_prime_square,p=977,1,954528,954529,977^2,977:977,2;3;61;163,1,4,1,1,1,1,1,1,58285866,0,2->977;3->977;61->977;163->977,977:59658,977,977
unit_prime_square,p=983,1,966288,966289,983^2,983:983,2;3;41;491,1,4,1,1,1,1,1,1,118732638,0,2->983;3->983;41->983;491->983,983:120786,983,983
unit_prime_square,p=991,1,982080,982081,991^2,991:991,2;3;5;11;31,1,5,1,1,1,1,1,1,10137930,0,2->991;3->991;5->991;11->991;31->991,991:10230,991,991
unit_prime_square,p=997,1,994008,994009,997^2,997:997,2;3;83;499,1,4,1,1,1,1,1,1,247756494,0,2->997;3->997;83->997;499->997,997:248502,997,997
unit_prime_square,p=1009,1,1018080,1018081,1009^2,1009:1009,2;3;5;7;101,1,5,1,1,1,1,1,1,21400890,0,2->1009;3->1009;5->1009;7->1009;101->1009,1009:21210,1009,1009
unit_prime_square,p=1013,1,1026168,1026169,1013^2,1013:1013,2;3;11;13;23,1,5,1,1,1,1,1,1,19990542,0,2->1013;3->1013;11->1013;13->1013;23->1013,1013:19734,1013,1013
unit_prime_square,p=1019,1,1038360,1038361,1019^2,1019:1019,2;3;5;17;509,1,5,1,1,1,1,1,1,264522210,0,2->1019;3->1019;5->1019;17->1019;509->1019,1019:259590,1019,1019
unit_prime_square,p=1021,1,1042440,1042441,1021^2,1021:1021,2;3;5;7;17;73,1,6,1,1,1,1,1,1,266082810,0,2->1021;3->1021;5->1021;7->1021;17->1021;73->1021,1021:260610,1021,1021
unit_prime_square,p=1031,1,1062960,1062961,1031^2,1031:1031,2;3;5;43;103,1,5,1,1,1,1,1,1,136988970,0,2->1031;3->1031;5->1031;43->1031;103->1031,1031:132870,1031,1031
unit_prime_square,p=1033,1,1067088,1067089,1033^2,1033:1033,2;3;11;43;47,1,5,1,1,1,1,1,1,137787738,0,2->1033;3->1033;11->1033;43->1033;47->1033,1033:133386,1033,1033
unit_prime_square,p=1039,1,1079520,1079521,1039^2,1039:1039,2;3;5;13;173,1,5,1,1,1,1,1,1,70101330,0,2->1039;3->1039;5->1039;13->1039;173->1039,1039:67470,1039,1039
unit_prime_square,p=1049,1,1100400,1100401,1049^2,1049:1049,2;3;5;7;131,1,5,1,1,1,1,1,1,28857990,0,2->1049;3->1049;5->1049;7->1049;131->1049,1049:27510,1049,1049
unit_prime_square,p=1051,1,1104600,1104601,1051^2,1051:1051,2;3;5;7;263,1,5,1,1,1,1,1,1,58046730,0,2->1051;3->1051;5->1051;7->1051;263->1051,1051:55230,1051,1051
unit_prime_square,p=1061,1,1125720,1125721,1061^2,1061:1061,2;3;5;53;59,1,5,1,1,1,1,1,1,99532410,0,2->1061;3->1061;5->1061;53->1061;59->1061,1061:93810,1061,1061
unit_prime_square,p=1063,1,1129968,1129969,1063^2,1063:1063,2;3;7;19;59,1,5,1,1,1,1,1,1,50048166,0,2->1063;3->1063;7->1063;19->1063;59->1063,1063:47082,1063,1063
unit_prime_square,p=1069,1,1142760,1142761,1069^2,1069:1069,2;3;5;89;107,1,5,1,1,1,1,1,1,305402610,0,2->1069;3->1069;5->1069;89->1069;107->1069,1069:285690,1069,1069
unit_prime_square,p=1087,1,1181568,1181569,1087^2,1087:1087,2;3;17;181,1,4,1,1,1,1,1,1,20068194,0,2->1087;3->1087;17->1087;181->1087,1087:18462,1087,1087
unit_prime_square,p=1091,1,1190280,1190281,1091^2,1091:1091,2;3;5;7;13;109,1,6,1,1,1,1,1,1,324648870,0,2->1091;3->1091;5->1091;7->1091;13->1091;109->1091,1091:297570,1091,1091
unit_prime_square,p=1093,1,1194648,1194649,1093^2,1093:1093,2;3;7;13;547,1,5,1,1,1,1,1,1,326437566,0,2->1093;3->1093;7->1093;13->1093;547->1093,1093:298662,1093,1093
unit_prime_square,p=1097,1,1203408,1203409,1097^2,1097:1097,2;3;61;137,1,4,1,1,1,1,1,1,55005774,0,2->1097;3->1097;61->1097;137->1097,1097:50142,1097,1097
unit_prime_square,p=1103,1,1216608,1216609,1103^2,1103:1103,2;3;19;23;29,1,5,1,1,1,1,1,1,83869914,0,2->1103;3->1103;19->1103;23->1103;29->1103,1103:76038,1103,1103
unit_prime_square,p=1109,1,1229880,1229881,1109^2,1109:1109,2;3;5;37;277,1,5,1,1,1,1,1,1,340984230,0,2->1109;3->1109;5->1109;37->1109;277->1109,1109:307470,1109,1109
unit_prime_square,p=1117,1,1247688,1247689,1117^2,1117:1117,2;3;13;31;43,1,5,1,1,1,1,1,1,116138958,0,2->1117;3->1117;13->1117;31->1117;43->1117,1117:103974,1117,1117
unit_prime_square,p=1123,1,1261128,1261129,1123^2,1123:1123,2;3;11;17;281,1,5,1,1,1,1,1,1,354061686,0,2->1123;3->1123;11->1123;17->1123;281->1123,1123:315282,1123,1123
unit_prime_square,p=1129,1,1274640,1274641,1129^2,1129:1129,2;3;5;47;113,1,5,1,1,1,1,1,1,179883570,0,2->1129;3->1129;5->1129;47->1129;113->1129,1129:159330,1129,1129
unit_prime_square,p=1151,1,1324800,1324801,1151^2,1151:1151,2;3;5;23,1,4,1151,690,1151,690,1,1,794190,4,2->1151;3->1151;5->1151;23->1151,1151:690,690,1151
unit_prime_square,p=1153,1,1329408,1329409,1153^2,1153:1153,2;3;577,1,3,1,1,1,1,1,1,3991686,0,2->1153;3->1153;577->1153,1153:3462,1153,1153
unit_prime_square,p=1163,1,1352568,1352569,1163^2,1163:1163,2;3;7;83;97,1,5,1,1,1,1,1,1,393259146,0,2->1163;3->1163;7->1163;83->1163;97->1163,1163:338142,1163,1163
unit_prime_square,p=1171,1,1371240,1371241,1171^2,1171:1171,2;3;5;13;293,1,5,1,1,1,1,1,1,133810170,0,2->1171;3->1171;5->1171;13->1171;293->1171,1171:114270,1171,1171
unit_prime_square,p=1181,1,1394760,1394761,1181^2,1181:1181,2;3;5;59;197,1,5,1,1,1,1,1,1,411802890,0,2->1181;3->1181;5->1181;59->1181;197->1181,1181:348690,1181,1181
unit_prime_square,p=1187,1,1408968,1408969,1187^2,1187:1187,2;3;11;593,1,4,1,1,1,1,1,1,46456806,0,2->1187;3->1187;11->1187;593->1187,1187:39138,1187,1187
unit_prime_square,p=1193,1,1423248,1423249,1193^2,1193:1193,2;3;149;199,1,4,1,1,1,1,1,1,212241858,0,2->1193;3->1193;149->1193;199->1193,1193:177906,1193,1193
unit_prime_square,p=1201,1,1442400,1442401,1201^2,1201:1201,2;3;5;601,1,4,1,1,1,1,1,1,21654030,0,2->1201;3->1201;5->1201;601->1201,1201:18030,1201,1201
unit_prime_square,p=1213,1,1471368,1471369,1213^2,1213:1213,2;3;101;607,1,4,1,1,1,1,1,1,446192346,0,2->1213;3->1213;101->1213;607->1213,1213:367842,1213,1213
unit_prime_square,p=1217,1,1481088,1481089,1217^2,1217:1217,2;3;7;19;29,1,5,1,1,1,1,1,1,28163814,0,2->1217;3->1217;7->1217;19->1217;29->1217,1217:23142,1217,1217
unit_prime_square,p=1223,1,1495728,1495729,1223^2,1223:1223,2;3;13;17;47,1,5,1,1,1,1,1,1,76219806,0,2->1223;3->1223;13->1223;17->1223;47->1223,1223:62322,1223,1223
unit_prime_square,p=1229,1,1510440,1510441,1229^2,1229:1229,2;3;5;41;307,1,5,1,1,1,1,1,1,464082690,0,2->1229;3->1229;5->1229;41->1229;307->1229,1229:377610,1229,1229
unit_prime_square,p=1231,1,1515360,1515361,1231^2,1231:1231,2;3;5;7;11;41,1,6,1,1,1,1,1,1,116588010,0,2->1231;3->1231;5->1231;7->1231;11->1231;41->1231,1231:94710,1231,1231
unit_prime_square,p=1237,1,1530168,1530169,1237^2,1237:1237,2;3;103;619,1,4,1,1,1,1,1,1,473204454,0,2->1237;3->1237;103->1237;619->1237,1237:382542,1237,1237
unit_prime_square,p=1249,1,1560000,1560001,1249^2,1249:1249,2;3;5;13,1,4,1249,390,1249,390,1,1,487110,10,2->1249;3->1249;5->1249;13->1249,1249:390,390,1249
unit_prime_square,p=1259,1,1585080,1585081,1259^2,1259:1259,2;3;5;7;17;37,1,6,1,1,1,1,1,1,166301310,0,2->1259;3->1259;5->1259;7->1259;17->1259;37->1259,1259:132090,1259,1259
unit_prime_square,p=1277,1,1630728,1630729,1277^2,1277:1277,2;3;11;29;71,1,5,1,1,1,1,1,1,173536638,0,2->1277;3->1277;11->1277;29->1277;71->1277,1277:135894,1277,1277
unit_prime_square,p=1279,1,1635840,1635841,1279^2,1279:1279,2;3;5;71,1,4,1,1,1,1,1,1,2724270,0,2->1279;3->1279;5->1279;71->1279,1279:2130,1279,1279
unit_prime_square,p=1283,1,1646088,1646089,1283^2,1283:1283,2;3;107;641,1,4,1,1,1,1,1,1,527982726,0,2->1283;3->1283;107->1283;641->1283,1283:411522,1283,1283
unit_prime_square,p=1289,1,1661520,1661521,1289^2,1289:1289,2;3;5;7;23;43,1,6,1,1,1,1,1,1,267712410,0,2->1289;3->1289;5->1289;7->1289;23->1289;43->1289,1289:207690,1289,1289
unit_prime_square,p=1291,1,1666680,1666681,1291^2,1291:1291,2;3;5;17;19;43,1,6,1,1,1,1,1,1,537920970,0,2->1291;3->1291;5->1291;17->1291;19->1291;43->1291,1291:416670,1291,1291
unit_prime_square,p=1297,1,1682208,1682209,1297^2,1297:1297,2;3;11;59,1,4,1,1,1,1,1,1,5050518,0,2->1297;3->1297;11->1297;59->1297,1297:3894,1297,1297
unit_prime_square,p=1301,1,1692600,1692601,1301^2,1301:1301,2;3;5;7;13;31,1,6,1,1,1,1,1,1,110103630,0,2->1301;3->1301;5->1301;7->1301;13->1301;31->1301,1301:84630,1301,1301
unit_prime_square,p=1303,1,1697808,1697809,1303^2,1303:1303,2;3;7;31;163,1,5,1,1,1,1,1,1,276530478,0,2->1303;3->1303;7->1303;31->1303;163->1303,1303:212226,1303,1303
unit_prime_square,p=1307,1,1708248,1708249,1307^2,1307:1307,2;3;109;653,1,4,1,1,1,1,1,1,558170034,0,2->1307;3->1307;109->1307;653->1307,1307:427062,1307,1307
unit_prime_square,p=1319,1,1739760,1739761,1319^2,1319:1319,2;3;5;11;659,1,5,1,1,1,1,1,1,286842930,0,2->1319;3->1319;5->1319;11->1319;659->1319,1319:217470,1319,1319
unit_prime_square,p=1321,1,1745040,1745041,1321^2,1321:1321,2;3;5;11;661,1,5,1,1,1,1,1,1,288149730,0,2->1321;3->1321;5->1321;11->1321;661->1321,1321:218130,1321,1321
unit_prime_square,p=1327,1,1760928,1760929,1327^2,1327:1327,2;3;13;17;83,1,5,1,1,1,1,1,1,146046966,0,2->1327;3->1327;13->1327;17->1327;83->1327,1327:110058,1327,1327
unit_prime_square,p=1361,1,1852320,1852321,1361^2,1361:1361,2;3;5;17;227,1,5,1,1,1,1,1,1,157562970,0,2->1361;3->1361;5->1361;17->1361;227->1361,1361:115770,1361,1361
unit_prime_square,p=1367,1,1868688,1868689,1367^2,1367:1367,2;3;19;683,1,4,1,1,1,1,1,1,106437354,0,2->1367;3->1367;19->1367;683->1367,1367:77862,1367,1367
unit_prime_square,p=1373,1,1885128,1885129,1373^2,1373:1373,2;3;7;229,1,4,1,1,1,1,1,1,13205514,0,2->1373;3->1373;7->1373;229->1373,1373:9618,1373,1373
unit_prime_square,p=1381,1,1907160,1907161,1381^2,1381:1381,2;3;5;23;691,1,5,1,1,1,1,1,1,658446990,0,2->1381;3->1381;5->1381;23->1381;691->1381,1381:476790,1381,1381
unit_prime_square,p=1399,1,1957200,1957201,1399^2,1399:1399,2;3;5;7;233,1,5,1,1,1,1,1,1,68453070,0,2->1399;3->1399;5->1399;7->1399;233->1399,1399:48930,1399,1399
unit_prime_square,p=1409,1,1985280,1985281,1409^2,1409:1409,2;3;5;11;47,1,5,1,1,1,1,1,1,21853590,0,2->1409;3->1409;5->1409;11->1409;47->1409,1409:15510,1409,1409
unit_prime_square,p=1423,1,2024928,2024929,1423^2,1423:1423,2;3;79;89,1,4,1,1,1,1,1,1,60030678,0,2->1423;3->1423;79->1423;89->1423,1423:42186,1423,1423
unit_prime_square,p=1427,1,2036328,2036329,1427^2,1427:1427,2;3;7;17;23;31,1,6,1,1,1,1,1,1,726460014,0,2->1427;3->1427;7->1427;17->1427;23->1427;31->1427,1427:509082,1427,1427
unit_prime_square,p=1429,1,2042040,2042041,1429^2,1429:1429,2;3;5;7;11;13;17,1,7,1,1,1,1,1,1,729518790,0,2->1429;3->1429;5->1429;7->1429;11->1429;13->1429;17->1429,1429:510510,1429,1429
unit_prime_square,p=1433,1,2053488,2053489,1433^2,1433:1433,2;3;179;239,1,4,1,1,1,1,1,1,367831038,0,2->1433;3->1433;179->1433;239->1433,1433:256686,1433,1433
unit_prime_square,p=1439,1,2070720,2070721,1439^2,1439:1439,2;3;5;719,1,4,1,1,1,1,1,1,31039230,0,2->1439;3->1439;5->1439;719->1439,1439:21570,1439,1439
unit_prime_square,p=1447,1,2093808,2093809,1447^2,1447:1447,2;3;181;241,1,4,1,1,1,1,1,1,378717522,0,2->1447;3->1447;181->1447;241->1447,1447:261726,1447,1447
unit_prime_square,p=1451,1,2105400,2105401,1451^2,1451:1451,2;3;5;11;29,1,5,1,1,1,1,1,1,13886070,0,2->1451;3->1451;5->1451;11->1451;29->1451,1451:9570,1451,1451
unit_prime_square,p=1453,1,2111208,2111209,1453^2,1453:1453,2;3;11;727,1,4,1,1,1,1,1,1,69717846,0,2->1453;3->1453;11->1453;727->1453,1453:47982,1453,1453
unit_prime_square,p=1459,1,2128680,2128681,1459^2,1459:1459,2;3;5;73,1,4,1,1,1,1,1,1,3195210,0,2->1459;3->1459;5->1459;73->1459,1459:2190,1459,1459
unit_prime_square,p=1471,1,2163840,2163841,1471^2,1471:1471,2;3;5;7;23,1,5,1,1,1,1,1,1,7104930,0,2->1471;3->1471;5->1471;7->1471;23->1471,1471:4830,1471,1471
unit_prime_square,p=1481,1,2193360,2193361,1481^2,1481:1481,2;3;5;13;19;37,1,6,1,1,1,1,1,1,406045770,0,2->1481;3->1481;5->1481;13->1481;19->1481;37->1481,1481:274170,1481,1481
unit_prime_square,p=1483,1,2199288,2199289,1483^2,1483:1483,2;3;7;13;19;53,1,6,1,1,1,1,1,1,815386026,0,2->1483;3->1483;7->1483;13->1483;19->1483;53->1483,1483:549822,1483,1483
unit_prime_square,p=1487,1,2211168,2211169,1487^2,1487:1487,2;3;31;743,1,4,1,1,1,1,1,1,205500426,0,2->1487;3->1487;31->1487;743->1487,1487:138198,1487,1487
unit_prime_square,p=1489,1,2217120,2217121,1489^2,1489:1489,2;3;5;31;149,1,5,1,1,1,1,1,1,206330730,0,2->1489;3->1489;5->1489;31->1489;149->1489,1489:138570,1489,1489
unit_prime_square,p=1493,1,2229048,2229049,1493^2,1493:1493,2;3;83;373,1,4,1,1,1,1,1,1,277330722,0,2->1493;3->1493;83->1493;373->1493,1493:185754,1493,1493
unit_prime_square,p=1499,1,2247000,2247001,1499^2,1499:1499,2;3;5;7;107,1,5,1,1,1,1,1,1,33682530,0,2->1499;3->1499;5->1499;7->1499;107->1499,1499:22470,1499,1499
unit_prime_square,p=1511,1,2283120,2283121,1511^2,1511:1511,2;3;5;7;151,1,5,1,1,1,1,1,1,47913810,0,2->1511;3->1511;5->1511;7->1511;151->1511,1511:31710,1511,1511
unit_prime_square,p=1523,1,2319528,2319529,1523^2,1523:1523,2;3;127;761,1,4,1,1,1,1,1,1,883160286,0,2->1523;3->1523;127->1523;761->1523,1523:579882,1523,1523
unit_prime_square,p=1531,1,2343960,2343961,1531^2,1531:1531,2;3;5;17;383,1,5,1,1,1,1,1,1,299050230,0,2->1531;3->1531;5->1531;17->1531;383->1531,1531:195330,1531,1531
unit_prime_square,p=1543,1,2380848,2380849,1543^2,1543:1543,2;3;193;257,1,4,1,1,1,1,1,1,459206058,0,2->1543;3->1543;193->1543;257->1543,1543:297606,1543,1543
unit_prime_square,p=1549,1,2399400,2399401,1549^2,1549:1549,2;3;5;31;43,1,5,1,1,1,1,1,1,61944510,0,2->1549;3->1549;5->1549;31->1549;43->1549,1549:39990,1549,1549
unit_prime_square,p=1553,1,2411808,2411809,1553^2,1553:1553,2;3;7;37;97,1,5,1,1,1,1,1,1,234096114,0,2->1553;3->1553;7->1553;37->1553;97->1553,1553:150738,1553,1553
unit_prime_square,p=1559,1,2430480,2430481,1559^2,1559:1559,2;3;5;13;19;41,1,6,1,1,1,1,1,1,473639790,0,2->1559;3->1559;5->1559;13->1559;19->1559;41->1559,1559:303810,1559,1559
unit_prime_square,p=1567,1,2455488,2455489,1567^2,1567:1567,2;3;7;29,1,4,1567,1218,1567,1218,1,1,1908606,2,2->1567;3->1567;7->1567;29->1567,1567:1218,1218,1567
unit_prime_square,p=1571,1,2468040,2468041,1571^2,1571:1571,2;3;5;131;157,1,5,1,1,1,1,1,1,969322710,0,2->1571;3->1571;5->1571;131->1571;157->1571,1571:617010,1571,1571
unit_prime_square,p=1579,1,2493240,2493241,1579^2,1579:1579,2;3;5;79;263,1,5,1,1,1,1,1,1,984206490,0,2->1579;3->1579;5->1579;79->1579;263->1579,1579:623310,1579,1579
unit_prime_square,p=1583,1,2505888,2505889,1583^2,1583:1583,2;3;7;11;113,1,5,1,1,1,1,1,1,82642098,0,2->1583;3->1583;7->1583;11->1583;113->1583,1583:52206,1583,1583
unit_prime_square,p=1597,1,2550408,2550409,1597^2,1597:1597,2;3;7;17;19;47,1,6,1,1,1,1,1,1,1018250394,0,2->1597;3->1597;7->1597;17->1597;19->1597;47->1597,1597:637602,1597,1597
unit_prime_square,p=1601,1,2563200,2563201,1601^2,1601:1601,2;3;5;89,1,4,1,1,1,1,1,1,4274670,0,2->1601;3->1601;5->1601;89->1601,1601:2670,1601,1601
unit_prime_square,p=1607,1,2582448,2582449,1607^2,1607:1607,2;3;11;67;73,1,5,1,1,1,1,1,1,518749242,0,2->1607;3->1607;11->1607;67->1607;73->1607,1607:322806,1607,1607
unit_prime_square,p=1609,1,2588880,2588881,1609^2,1609:1609,2;3;5;7;23;67,1,6,1,1,1,1,1,1,520688490,0,2->1609;3->1609;5->1609;7->1609;23->1609;67->1609,1609:323610,1609,1609
unit_prime_square,p=1613,1,2601768,2601769,1613^2,1613:1613,2;3;13;31;269,1,5,1,1,1,1,1,1,1049162946,0,2->1613;3->1613;13->1613;31->1613;269->1613,1613:650442,1613,1613
unit_prime_square,p=1619,1,2621160,2621161,1619^2,1619:1619,2;3;5;809,1,4,1,1,1,1,1,1,39293130,0,2->1619;3->1619;5->1619;809->1619,1619:24270,1619,1619
unit_prime_square,p=1621,1,2627640,2627641,1621^2,1621:1621,2;3;5;811,1,4,1,1,1,1,1,1,39438930,0,2->1621;3->1621;5->1621;811->1621,1621:24330,1621,1621
unit_prime_square,p=1627,1,2647128,2647129,1627^2,1627:1627,2;3;11;37;271,1,5,1,1,1,1,1,1,1076719314,0,2->1627;3->1627;11->1627;37->1627;271->1627,1627:661782,1627,1627
unit_prime_square,p=1637,1,2679768,2679769,1637^2,1637:1637,2;3;7;13;409,1,5,1,1,1,1,1,1,365565018,0,2->1637;3->1637;7->1637;13->1637;409->1637,1637:223314,1637,1637
unit_prime_square,p=1657,1,2745648,2745649,1657^2,1657:1657,2;3;23;829,1,4,1,1,1,1,1,1,189564114,0,2->1657;3->1657;23->1657;829->1657,1657:114402,1657,1657
unit_prime_square,p=1663,1,2765568,2765569,1663^2,1663:1663,2;3;13;277,1,4,1,1,1,1,1,1,35930778,0,2->1663;3->1663;13->1663;277->1663,1663:21606,1663,1663
unit_prime_square,p=1667,1,2778888,2778889,1667^2,1667:1667,2;3;7;17;139,1,5,1,1,1,1,1,1,165443082,0,2->1667;3->1667;7->1667;17->1667;139->1667,1667:99246,1667,1667
unit_prime_square,p=1669,1,2785560,2785561,1669^2,1669:1669,2;3;5;139;167,1,5,1,1,1,1,1,1,1162274910,0,2->1669;3->1669;5->1669;139->1669;167->1669,1669:696390,1669,1669
unit_prime_square,p=1693,1,2866248,2866249,1693^2,1693:1693,2;3;7;11;47,1,5,1,1,1,1,1,1,36761802,0,2->1693;3->1693;7->1693;11->1693;47->1693,1693:21714,1693,1693
unit_prime_square,p=1697,1,2879808,2879809,1697^2,1697:1697,2;3;53;283,1,4,1,1,1,1,1,1,152719818,0,2->1697;3->1697;53->1697;283->1697,1697:89994,1697,1697
unit_prime_square,p=1699,1,2886600,2886601,1699^2,1699:1699,2;3;5;17;283,1,5,1,1,1,1,1,1,245216670,0,2->1699;3->1699;5->1699;17->1699;283->1699,1699:144330,1699,1699
unit_prime_square,p=1709,1,2920680,2920681,1709^2,1709:1709,2;3;5;7;19;61,1,6,1,1,1,1,1,1,415953510,0,2->1709;3->1709;5->1709;7->1709;19->1709;61->1709,1709:243390,1709,1709
unit_prime_square,p=1721,1,2961840,2961841,1721^2,1721:1721,2;3;5;7;41;43,1,6,1,1,1,1,1,1,637165830,0,2->1721;3->1721;5->1721;7->1721;41->1721;43->1721,1721:370230,1721,1721
unit_prime_square,p=1723,1,2968728,2968729,1723^2,1723:1723,2;3;7;41;431,1,5,1,1,1,1,1,1,1278779586,0,2->1723;3->1723;7->1723;41->1723;431->1723,1723:742182,1723,1723
unit_prime_square,p=1733,1,3003288,3003289,1733^2,1733:1733,2;3;17;433,1,4,1,1,1,1,1,1,76539678,0,2->1733;3->1733;17->1733;433->1733,1733:44166,1733,1733
unit_prime_square,p=1741,1,3031080,3031081,1741^2,1741:1741,2;3;5;13;29;67,1,6,1,1,1,1,1,1,1319277570,0,2->1741;3->1741;5->1741;13->1741;29->1741;67->1741,1741:757770,1741,1741
unit_prime_square,p=1747,1,3052008,3052009,1747^2,1747:1747,2;3;19;23;97,1,5,1,1,1,1,1,1,444321498,0,2->1747;3->1747;19->1747;23->1747;97->1747,1747:254334,1747,1747
unit_prime_square,p=1753,1,3073008,3073009,1753^2,1753:1753,2;3;73;877,1,4,1,1,1,1,1,1,673372878,0,2->1753;3->1753;73->1753;877->1753,1753:384126,1753,1753
unit_prime_square,p=1759,1,3094080,3094081,1759^2,1759:1759,2;3;5;11;293,1,5,1,1,1,1,1,1,170077710,0,2->1759;3->1759;5->1759;11->1759;293->1759,1759:96690,1759,1759
unit_prime_square,p=1777,1,3157728,3157729,1777^2,1777:1777,2;3;7;37;127,1,5,1,1,1,1,1,1,350705166,0,2->1777;3->1777;7->1777;37->1777;127->1777,1777:197358,1777,1777
unit_prime_square,p=1783,1,3179088,3179089,1783^2,1783:1783,2;3;11;223,1,4,1,1,1,1,1,1,26242194,0,2->1783;3->1783;11->1783;223->1783,1783:14718,1783,1783
unit_prime_square,p=1787,1,3193368,3193369,1787^2,1787:1787,2;3;19;47;149,1,5,1,1,1,1,1,1,1426637154,0,2->1787;3->1787;19->1787;47->1787;149->1787,1787:798342,1787,1787
unit_prime_square,p=1789,1,3200520,3200521,1789^2,1789:1789,2;3;5;149;179,1,5,1,1,1,1,1,1,1431432570,0,2->1789;3->1789;5->1789;149->1789;179->1789,1789:800130,1789,1789
unit_prime_square,p=1801,1,3243600,3243601,1801^2,1801:1801,2;3;5;17;53,1,5,1,1,1,1,1,1,48681030,0,2->1801;3->1801;5->1801;17->1801;53->1801,1801:27030,1801,1801
unit_prime_square,p=1811,1,3279720,3279721,1811^2,1811:1811,2;3;5;151;181,1,5,1,1,1,1,1,1,1484893230,0,2->1811;3->1811;5->1811;151->1811;181->1811,1811:819930,1811,1811
unit_prime_square,p=1823,1,3323328,3323329,1823^2,1823:1823,2;3;19;911,1,4,1,1,1,1,1,1,189325842,0,2->1823;3->1823;19->1823;911->1823,1823:103854,1823,1823
unit_prime_square,p=1831,1,3352560,3352561,1831^2,1831:1831,2;3;5;61;229,1,5,1,1,1,1,1,1,767317170,0,2->1831;3->1831;5->1831;61->1831;229->1831,1831:419070,1831,1831
unit_prime_square,p=1847,1,3411408,3411409,1847^2,1847:1847,2;3;7;11;13;71,1,6,1,1,1,1,1,1,787608822,0,2->1847;3->1847;7->1847;11->1847;13->1847;71->1847,1847:426426,1847,1847
unit_prime_square,p=1861,1,3463320,3463321,1861^2,1861:1861,2;3;5;7;19;31,1,6,1,1,1,1,1,1,230187090,0,2->1861;3->1861;5->1861;7->1861;19->1861;31->1861,1861:123690,1861,1861
unit_prime_square,p=1867,1,3485688,3485689,1867^2,1867:1867,2;3;311;467,1,4,1,1,1,1,1,1,1626944874,0,2->1867;3->1867;311->1867;467->1867,1867:871422,1867,1867
unit_prime_square,p=1871,1,3500640,3500641,1871^2,1871:1871,2;3;5;11;13;17,1,6,1,1,1,1,1,1,136452030,0,2->1871;3->1871;5->1871;11->1871;13->1871;17->1871,1871:72930,1871,1871
unit_prime_square,p=1873,1,3508128,3508129,1873^2,1873:1873,2;3;13;937,1,4,1,1,1,1,1,1,136890078,0,2->1873;3->1873;13->1873;937->1873,1873:73086,1873,1873
unit_prime_square,p=1877,1,3523128,3523129,1877^2,1877:1877,2;3;7;67;313,1,5,1,1,1,1,1,1,1653227814,0,2->1877;3->1877;7->1877;67->1877;313->1877,1877:880782,1877,1877
unit_prime_square,p=1879,1,3530640,3530641,1879^2,1879:1879,2;3;5;47;313,1,5,1,1,1,1,1,1,829259070,0,2->1879;3->1879;5->1879;47->1879;313->1879,1879:441330,1879,1879
unit_prime_square,p=1889,1,3568320,3568321,1889^2,1889:1889,2;3;5;7;59,1,5,1,1,1,1,1,1,23404710,0,2->1889;3->1889;5->1889;7->1889;59->1889,1889:12390,1889,1889
unit_prime_square,p=1901,1,3613800,3613801,1901^2,1901:1901,2;3;5;19;317,1,5,1,1,1,1,1,1,343491690,0,2->1901;3->1901;5->1901;19->1901;317->1901,1901:180690,1901,1901
unit_prime_square,p=1907,1,3636648,3636649,1907^2,1907:1907,2;3;53;953,1,4,1,1,1,1,1,1,577923978,0,2->1907;3->1907;53->1907;953->1907,1907:303054,1907,1907
unit_prime_square,p=1913,1,3659568,3659569,1913^2,1913:1913,2;3;11;29;239,1,5,1,1,1,1,1,1,875094198,0,2->1913;3->1913;11->1913;29->1913;239->1913,1913:457446,1913,1913
unit_prime_square,p=1931,1,3728760,3728761,1931^2,1931:1931,2;3;5;7;23;193,1,6,1,1,1,1,1,1,1800058890,0,2->1931;3->1931;5->1931;7->1931;23->1931;193->1931,1931:932190,1931,1931
unit_prime_square,p=1933,1,3736488,3736489,1933^2,1933:1933,2;3;7;23;967,1,5,1,1,1,1,1,1,1805657826,0,2->1933;3->1933;7->1933;23->1933;967->1933,1933:934122,1933,1933
unit_prime_square,p=1949,1,3798600,3798601,1949^2,1949:1949,2;3;5;13;487,1,5,1,1,1,1,1,1,370173570,0,2->1949;3->1949;5->1949;13->1949;487->1949,1949:189930,1949,1949
unit_prime_square,p=1951,1,3806400,3806401,1951^2,1951:1951,2;3;5;13;61,1,5,1,1,1,1,1,1,46414290,0,2->1951;3->1951;5->1951;13->1951;61->1951,1951:23790,1951,1951
unit_prime_square,p=1973,1,3892728,3892729,1973^2,1973:1973,2;3;7;17;29;47,1,6,1,1,1,1,1,1,1920088086,0,2->1973;3->1973;7->1973;17->1973;29->1973;47->1973,1973:973182,1973,1973
unit_prime_square,p=1979,1,3916440,3916441,1979^2,1979:1979,2;3;5;11;23;43,1,6,1,1,1,1,1,1,645886230,0,2->1979;3->1979;5->1979;11->1979;23->1979;43->1979,1979:326370,1979,1979
unit_prime_square,p=1987,1,3948168,3948169,1987^2,1987:1987,2;3;7;71;331,1,5,1,1,1,1,1,1,1961252454,0,2->1987;3->1987;7->1987;71->1987;331->1987,1987:987042,1987,1987
unit_prime_square,p=1993,1,3972048,3972049,1993^2,1993:1993,2;3;83;997,1,4,1,1,1,1,1,1,989536458,0,2->1993;3->1993;83->1993;997->1993,1993:496506,1993,1993
unit_prime_square,p=1997,1,3988008,3988009,1997^2,1997:1997,2;3;37;499,1,4,1,1,1,1,1,1,221223666,0,2->1997;3->1997;37->1997;499->1997,1997:110778,1997,1997
unit_prime_square,p=1999,1,3996000,3996001,1999^2,1999:1999,2;3;5;37,1,4,1999,1110,1999,1110,1,1,2218890,4,2->1999;3->1999;5->1999;37->1999,1999:1110,1110,1999
unit_prime_square,p=2003,1,4012008,4012009,2003^2,2003:2003,2;3;7;11;13;167,1,6,1,1,1,1,1,1,2009013006,0,2->2003;3->2003;7->2003;11->2003;13->2003;167->2003,2003:1003002,2003,2003
unit_prime_square,p=2011,1,4044120,4044121,2011^2,2011:2011,2;3;5;67;503,1,5,1,1,1,1,1,1,2033181330,0,2->2011;3->2011;5->2011;67->2011;503->2011,2011:1011030,2011,2011
unit_prime_square,p=2017,1,4068288,4068289,2017^2,2017:2017,2;3;7;1009,1,4,1,1,1,1,1,1,85476426,0,2->2017;3->2017;7->2017;1009->2017,2017:42378,2017,2017
unit_prime_square,p=2027,1,4108728,4108729,2027^2,2027:2027,2;3;13;1013,1,4,1,1,1,1,1,1,160161378,0,2->2027;3->2027;13->2027;1013->2027,2027:79014,2027,2027
unit_prime_square,p=2029,1,4116840,4116841,2029^2,2029:2029,2;3;5;7;13;29,1,6,1,1,1,1,1,1,160635930,0,2->2029;3->2029;5->2029;7->2029;13->2029;29->2029,2029:79170,2029,2029
unit_prime_square,p=2039,1,4157520,4157521,2039^2,2039:2039,2;3;5;17;1019,1,5,1,1,1,1,1,1,1059647910,0,2->2039;3->2039;5->2039;17->2039;1019->2039,2039:519690,2039,2039
unit_prime_square,p=2053,1,4214808,4214809,2053^2,2053:2053,2;3;13;19;79,1,5,1,1,1,1,1,1,240361134,0,2->2053;3->2053;13->2053;19->2053;79->2053,2053:117078,2053,2053
unit_prime_square,p=2063,1,4255968,4255969,2063^2,2063:2063,2;3;43;1031,1,4,1,1,1,1,1,1,548753874,0,2->2063;3->2063;43->2063;1031->2063,2063:265998,2063,2063
unit_prime_square,p=2069,1,4280760,4280761,2069^2,2069:2069,2;3;5;11;23;47,1,6,1,1,1,1,1,1,738074370,0,2->2069;3->2069;5->2069;11->2069;23->2069;47->2069,2069:356730,2069,2069
unit_prime_square,p=2081,1,4330560,4330561,2081^2,2081:2081,2;3;5;13;347,1,5,1,1,1,1,1,1,281621730,0,2->2081;3->2081;5->2081;13->2081;347->2081,2081:135330,2081,2081
unit_prime_square,p=2083,1,4338888,4338889,2083^2,2083:2083,2;3;347;521,1,4,1,1,1,1,1,1,2259475926,0,2->2083;3->2083;347->2083;521->2083,2083:1084722,2083,2083
unit_prime_square,p=2087,1,4355568,4355569,2087^2,2087:2087,2;3;7;29;149,1,5,1,1,1,1,1,1,378752934,0,2->2087;3->2087;7->2087;29->2087;149->2087,2087:181482,2087,2087
unit_prime_square,p=2089,1,4363920,4363921,2089^2,2089:2089,2;3;5;11;19;29,1,6,1,1,1,1,1,1,379842870,0,2->2089;3->2089;5->2089;11->2089;19->2089;29->2089,2089:181830,2089,2089
unit_prime_square,p=2099,1,4405800,4405801,2099^2,2099:2099,2;3;5;7;1049,1,5,1,1,1,1,1,1,462388710,0,2->2099;3->2099;5->2099;7->2099;1049->2099,2099:220290,2099,2099
unit_prime_square,p=2111,1,4456320,4456321,2111^2,2111:2111,2;3;5;11;211,1,5,1,1,1,1,1,1,146988930,0,2->2111;3->2111;5->2111;11->2111;211->2111,2111:69630,2111,2111
unit_prime_square,p=2113,1,4464768,4464769,2113^2,2113:2113,2;3;7;11;151,1,5,1,1,1,1,1,1,147407106,0,2->2113;3->2113;7->2113;11->2113;151->2113,2113:69762,2113,2113
unit_prime_square,p=2129,1,4532640,4532641,2129^2,2129:2129,2;3;5;7;19;71,1,6,1,1,1,1,1,1,603124410,0,2->2129;3->2129;5->2129;7->2129;19->2129;71->2129,2129:283290,2129,2129
unit_prime_square,p=2131,1,4541160,4541161,2131^2,2131:2131,2;3;5;13;41;71,1,6,1,1,1,1,1,1,2419302990,0,2->2131;3->2131;5->2131;13->2131;41->2131;71->2131,2131:1135290,2131,2131
unit_prime_square,p=2137,1,4566768,4566769,2137^2,2137:2137,2;3;89;1069,1,4,1,1,1,1,1,1,1219897902,0,2->2137;3->2137;89->2137;1069->2137,2137:570846,2137,2137
unit_prime_square,p=2141,1,4583880,4583881,2141^2,2141:2141,2;3;5;7;17;107,1,6,1,1,1,1,1,1,817840590,0,2->2141;3->2141;5->2141;7->2141;17->2141;107->2141,2141:381990,2141,2141
unit_prime_square,p=2143,1,4592448,4592449,2143^2,2143:2143,2;3;7;17;67,1,5,1,1,1,1,1,1,102516834,0,2->2143;3->2143;7->2143;17->2143;67->2143,2143:47838,2143,2143
unit_prime_square,p=2153,1,4635408,4635409,2153^2,2153:2153,2;3;269;359,1,4,1,1,1,1,1,1,1247504178,0,2->2153;3->2153;269->2153;359->2153,2153:579426,2153,2153
unit_prime_square,p=2161,1,4669920,4669921,2161^2,2161:2161,2;3;5;23;47,1,5,1,1,1,1,1,1,70081230,0,2->2161;3->2161;5->2161;23->2161;47->2161,2161:32430,2161,2161
unit_prime_square,p=2179,1,4748040,4748041,2179^2,2179:2179,2;3;5;11;109,1,5,1,1,1,1,1,1,78378630,0,2->2179;3->2179;5->2179;11->2179;109->2179,2179:35970,2179,2179
unit_prime_square,p=2203,1,4853208,4853209,2203^2,2203:2203,2;3;19;29;367,1,5,1,1,1,1,1,1,2672904306,0,2->2203;3->2203;19->2203;29->2203;367->2203,2203:1213302,2203,2203
unit_prime_square,p=2207,1,4870848,4870849,2207^2,2207:2207,2;3;23;1103,1,4,1,1,1,1,1,1,335936298,0,2->2207;3->2207;23->2207;1103->2207,2207:152214,2207,2207
unit_prime_square,p=2213,1,4897368,4897369,2213^2,2213:2213,2;3;7;41;79,1,5,1,1,1,1,1,1,301052094,0,2->2213;3->2213;7->2213;41->2213;79->2213,2213:136038,2213,2213
unit_prime_square,p=2221,1,4932840,4932841,2221^2,2221:2221,2;3;5;11;37;101,1,6,1,1,1,1,1,1,2738959410,0,2->2221;3->2221;5->2221;11->2221;37->2221;101->2221,2221:1233210,2221,2221
unit_prime_square,p=2237,1,5004168,5004169,2237^2,2237:2237,2;3;13;43;373,1,5,1,1,1,1,1,1,2798580954,0,2->2237;3->2237;13->2237;43->2237;373->2237,2237:1251042,2237,2237
unit_prime_square,p=2239,1,5013120,5013121,2239^2,2239:2239,2;3;5;7;373,1,5,1,1,1,1,1,1,175380870,0,2->2239;3->2239;5->2239;7->2239;373->2239,2239:78330,2239,2239
unit_prime_square,p=2243,1,5031048,5031049,2243^2,2243:2243,2;3;11;17;19;59,1,6,1,1,1,1,1,1,2821160166,0,2->2243;3->2243;11->2243;17->2243;19->2243;59->2243,2243:1257762,2243,2243
unit_prime_square,p=2251,1,5067000,5067001,2251^2,2251:2251,2;3;5;563,1,4,1,1,1,1,1,1,38019390,0,2->2251;3->2251;5->2251;563->2251,2251:16890,2251,2251
unit_prime_square,p=2267,1,5139288,5139289,2267^2,2267:2267,2;3;7;11;103,1,5,1,1,1,1,1,1,107877462,0,2->2267;3->2267;7->2267;11->2267;103->2267,2267:47586,2267,2267
unit_prime_square,p=2269,1,5148360,5148361,2269^2,2269:2269,2;3;5;7;227,1,5,1,1,1,1,1,1,108163230,0,2->2269;3->2269;5->2269;7->2269;227->2269,2269:47670,2269,2269
unit_prime_square,p=2273,1,5166528,5166529,2273^2,2273:2273,2;3;71;379,1,4,1,1,1,1,1,1,366984942,0,2->2273;3->2273;71->2273;379->2273,2273:161454,2273,2273
unit_prime_square,p=2281,1,5202960,5202961,2281^2,2281:2281,2;3;5;7;19;163,1,6,1,1,1,1,1,1,1483493970,0,2->2281;3->2281;5->2281;7->2281;19->2281;163->2281,2281:650370,2281,2281
unit_prime_square,p=2287,1,5230368,5230369,2287^2,2287:2287,2;3;11;13;127,1,5,1,1,1,1,1,1,249205242,0,2->2287;3->2287;11->2287;13->2287;127->2287,2287:108966,2287,2287
unit_prime_square,p=2293,1,5257848,5257849,2293^2,2293:2293,2;3;31;37;191,1,5,1,1,1,1,1,1,3014061366,0,2->2293;3->2293;31->2293;37->2293;191->2293,2293:1314462,2293,2293
unit_prime_square,p=2297,1,5276208,5276209,2297^2,2297:2297,2;3;7;41;383,1,5,1,1,1,1,1,1,1514931222,0,2->2297;3->2297;7->2297;41->2297;383->2297,2297:659526,2297,2297
unit_prime_square,p=2309,1,5331480,5331481,2309^2,2309:2309,2;3;5;7;11;577,1,6,1,1,1,1,1,1,3077596830,0,2->2309;3->2309;5->2309;7->2309;11->2309;577->2309,2309:1332870,2309,2309
unit_prime_square,p=2311,1,5340720,5340721,2311^2,2311:2311,2;3;5;7;11;17,1,6,1,1,1,1,1,1,90752970,0,2->2311;3->2311;5->2311;7->2311;11->2311;17->2311,2311:39270,2311,2311
unit_prime_square,p=2333,1,5442888,5442889,2333^2,2333:2333,2;3;11;53;389,1,5,1,1,1,1,1,1,3174564426,0,2->2333;3->2333;11->2333;53->2333;389->2333,2333:1360722,2333,2333
unit_prime_square,p=2339,1,5470920,5470921,2339^2,2339:2339,2;3;5;7;13;167,1,6,1,1,1,1,1,1,1066373490,0,2->2339;3->2339;5->2339;7->2339;13->2339;167->2339,2339:455910,2339,2339
unit_prime_square,p=2341,1,5480280,5480281,2341^2,2341:2341,2;3;5;13;1171,1,5,1,1,1,1,1,1,1069111290,0,2->2341;3->2341;5->2341;13->2341;1171->2341,2341:456690,2341,2341
unit_prime_square,p=2347,1,5508408,5508409,2347^2,2347:2347,2;3;17;23;587,1,5,1,1,1,1,1,1,3232058394,0,2->2347;3->2347;17->2347;23->2347;587->2347,2347:1377102,2347,2347
unit_prime_square,p=2351,1,5527200,5527201,2351^2,2351:2351,2;3;5;7;47,1,5,1,1,1,1,1,1,23204370,0,2->2351;3->2351;5->2351;7->2351;47->2351,2351:9870,2351,2351
unit_prime_square,p=2357,1,5555448,5555449,2357^2,2357:2357,2;3;19;31;131,1,5,1,1,1,1,1,1,1091182578,0,2->2357;3->2357;19->2357;31->2357;131->2357,2357:462954,2357,2357
unit_prime_square,p=2371,1,5621640,5621641,2371^2,2371:2371,2;3;5;79;593,1,5,1,1,1,1,1,1,3332227110,0,2->2371;3->2371;5->2371;79->2371;593->2371,2371:1405410,2371,2371
unit_prime_square,p=2377,1,5650128,5650129,2377^2,2377:2377,2;3;11;29;41,1,5,1,1,1,1,1,1,186532698,0,2->2377;3->2377;11->2377;29->2377;41->2377,2377:78474,2377,2377
unit_prime_square,p=2381,1,5669160,5669161,2381^2,2381:2381,2;3;5;7;17;397,1,6,1,1,1,1,1,1,3374567490,0,2->2381;3->2381;5->2381;7->2381;17->2381;397->2381,2381:1417290,2381,2381
unit_prime_square,p=2383,1,5678688,5678689,2383^2,2383:2383,2;3;149;397,1,4,1,1,1,1,1,1,845769594,0,2->2383;3->2383;149->2383;397->2383,2383:354918,2383,2383
unit_prime_square,p=2389,1,5707320,5707321,2389^2,2389:2389,2;3;5;199;239,1,5,1,1,1,1,1,1,3408696870,0,2->2389;3->2389;5->2389;199->2389;239->2389,2389:1426830,2389,2389
unit_prime_square,p=2393,1,5726448,5726449,2393^2,2393:2393,2;3;7;13;19;23,1,6,1,1,1,1,1,1,570974586,0,2->2393;3->2393;7->2393;13->2393;19->2393;23->2393,2393:238602,2393,2393
unit_prime_square,p=2399,1,5755200,5755201,2399^2,2399:2399,2;3;5;11;109,1,5,1,1,1,1,1,1,86292030,0,2->2399;3->2399;5->2399;11->2399;109->2399,2399:35970,2399,2399
unit_prime_square,p=2411,1,5812920,5812921,2411^2,2411:2411,2;3;5;67;241,1,5,1,1,1,1,1,1,1167912510,0,2->2411;3->2411;5->2411;67->2411;241->2411,2411:484410,2411,2411
unit_prime_square,p=2417,1,5841888,5841889,2417^2,2417:2417,2;3;13;31;151,1,5,1,1,1,1,1,1,882490206,0,2->2417;3->2417;13->2417;31->2417;151->2417,2417:365118,2417,2417
unit_prime_square,p=2423,1,5870928,5870929,2423^2,2423:2423,2;3;7;101;173,1,5,1,1,1,1,1,1,1778157318,0,2->2423;3->2423;7->2423;101->2423;173->2423,2423:733866,2423,2423
unit_prime_square,p=2437,1,5938968,5938969,2437^2,2437:2437,2;3;7;23;29;53,1,6,1,1,1,1,1,1,3618316254,0,2->2437;3->2437;7->2437;23->2437;29->2437;53->2437,2437:1484742,2437,2437
unit_prime_square,p=2441,1,5958480,5958481,2441^2,2441:2441,2;3;5;11;37;61,1,6,1,1,1,1,1,1,1818081210,0,2->2441;3->2441;5->2441;11->2441;37->2441;61->2441,2441:744810,2441,2441
unit_prime_square,p=2447,1,5987808,5987809,2447^2,2447:2447,2;3;17;1223,1,4,1,1,1,1,1,1,305253462,0,2->2447;3->2447;17->2447;1223->2447,2447:124746,2447,2447
unit_prime_square,p=2459,1,6046680,6046681,2459^2,2459:2459,2;3;5;41;1229,1,5,1,1,1,1,1,1,3717196530,0,2->2459;3->2459;5->2459;41->2459;1229->2459,2459:1511670,2459,2459
unit_prime_square,p=2467,1,6086088,6086089,2467^2,2467:2467,2;3;137;617,1,4,1,1,1,1,1,1,1251198258,0,2->2467;3->2467;137->2467;617->2467,2467:507174,2467,2467
unit_prime_square,p=2473,1,6115728,6115729,2473^2,2473:2473,2;3;103;1237,1,4,1,1,1,1,1,1,1890524418,0,2->2473;3->2473;103->2473;1237->2473,2473:764466,2473,2473
unit_prime_square,p=2477,1,6135528,6135529,2477^2,2477:2477,2;3;7;59;619,1,5,1,1,1,1,1,1,3799425714,0,2->2477;3->2477;7->2477;59->2477;619->2477,2477:1533882,2477,2477
unit_prime_square,p=2503,1,6265008,6265009,2503^2,2503:2503,2;3;139;313,1,4,1,1,1,1,1,1,653388126,0,2->2503;3->2503;139->2503;313->2503,2503:261042,2503,2503
unit_prime_square,p=2521,1,6355440,6355441,2521^2,2521:2521,2;3;5;7;13;97,1,6,1,1,1,1,1,1,667586010,0,2->2521;3->2521;5->2521;7->2521;13->2521;97->2521,2521:264810,2521,2521
unit_prime_square,p=2531,1,6405960,6405961,2531^2,2531:2531,2;3;5;11;23;211,1,6,1,1,1,1,1,1,4053371190,0,2->2531;3->2531;5->2531;11->2531;23->2531;211->2531,2531:1601490,2531,2531
unit_prime_square,p=2539,1,6446520,6446521,2539^2,2539:2539,2;3;5;47;127,1,5,1,1,1,1,1,1,454658730,0,2->2539;3->2539;5->2539;47->2539;127->2539,2539:179070,2539,2539
unit_prime_square,p=2543,1,6466848,6466849,2543^2,2543:2543,2;3;31;41;53,1,5,1,1,1,1,1,1,1027824654,0,2->2543;3->2543;31->2543;41->2543;53->2543,2543:404178,2543,2543
unit_prime_square,p=2549,1,6497400,6497401,2549^2,2549:2549,2;3;5;7;13;17,1,6,1,1,1,1,1,1,118299090,0,2->2549;3->2549;5->2549;7->2549;13->2549;17->2549,2549:46410,2549,2549
unit_prime_square,p=2551,1,6507600,6507601,2551^2,2551:2551,2;3;5;11;17;29,1,6,1,1,1,1,1,1,415022190,0,2->2551;3->2551;5->2551;11->2551;17->2551;29->2551,2551:162690,2551,2551
unit_prime_square,p=2557,1,6538248,6538249,2557^2,2557:2557,2;3;71;1279,1,4,1,1,1,1,1,1,1393191678,0,2->2557;3->2557;71->2557;1279->2557,2557:544854,2557,2557
unit_prime_square,p=2579,1,6651240,6651241,2579^2,2579:2579,2;3;5;43;1289,1,5,1,1,1,1,1,1,4288386990,0,2->2579;3->2579;5->2579;43->2579;1289->2579,2579:1662810,2579,2579
unit_prime_square,p=2591,1,6713280,6713281,2591^2,2591:2591,2;3;5;7;37,1,5,1,1,1,1,1,1,20132070,0,2->2591;3->2591;5->2591;7->2591;37->2591,2591:7770,2591,2591
unit_prime_square,p=2593,1,6723648,6723649,2593^2,2593:2593,2;3;1297,1,3,1,1,1,1,1,1,20178726,0,2->2593;3->2593;1297->2593,2593:7782,2593,2593
unit_prime_square,p=2609,1,6806880,6806881,2609^2,2609:2609,2;3;5;29;163,1,5,1,1,1,1,1,1,369982290,0,2->2609;3->2609;5->2609;29->2609;163->2609,2609:141810,2609,2609
unit_prime_square,p=2617,1,6848688,6848689,2617^2,2617:2617,2;3;7;11;17;109,1,6,1,1,1,1,1,1,2240377062,0,2->2617;3->2617;7->2617;11->2617;17->2617;109->2617,2617:856086,2617,2617
unit_prime_square,p=2621,1,6869640,6869641,2621^2,2621:2621,2;3;5;19;23;131,1,6,1,1,1,1,1,1,4501331610,0,2->2621;3->2621;5->2621;19->2621;23->2621;131->2621,2621:1717410,2621,2621
unit_prime_square,p=2633,1,6932688,6932689,2633^2,2633:2633,2;3;7;47;439,1,5,1,1,1,1,1,1,2281720938,0,2->2633;3->2633;7->2633;47->2633;439->2633,2633:866586,2633,2633
unit_prime_square,p=2647,1,7006608,7006609,2647^2,2647:2647,2;3;7;331,1,4,1,1,1,1,1,1,36798594,0,2->2647;3->2647;7->2647;331->2647,2647:13902,2647,2647
unit_prime_square,p=2657,1,7059648,7059649,2657^2,2657:2657,2;3;83;443,1,4,1,1,1,1,1,1,586171398,0,2->2657;3->2657;83->2657;443->2657,2657:220614,2657,2657
unit_prime_square,p=2659,1,7070280,7070281,2659^2,2659:2659,2;3;5;7;19;443,1,6,1,1,1,1,1,1,4699968630,0,2->2659;3->2659;5->2659;7->2659;19->2659;443->2659,2659:1767570,2659,2659
unit_prime_square,p=2663,1,7091568,7091569,2663^2,2663:2663,2;3;11;37,1,4,2663,2442,2663,2442,1,1,6503046,0,2->2663;3->2663;11->2663;37->2663,2663:2442,2442,2663
unit_prime_square,p=2671,1,7134240,7134241,2671^2,2671:2671,2;3;5;89;167,1,5,1,1,1,1,1,1,1190972190,0,2->2671;3->2671;5->2671;89->2671;167->2671,2671:445890,2671,2671
unit_prime_square,p=2677,1,7166328,7166329,2677^2,2677:2677,2;3;13;103;223,1,5,1,1,1,1,1,1,4796065014,0,2->2677;3->2677;13->2677;103->2677;223->2677,2677:1791582,2677,2677
unit_prime_square,p=2683,1,7198488,7198489,2683^2,2683:2683,2;3;11;61;149,1,5,1,1,1,1,1,1,1609461942,0,2->2683;3->2683;11->2683;61->2683;149->2683,2683:599874,2683,2683
unit_prime_square,p=2687,1,7219968,7219969,2687^2,2687:2687,2;3;7;17;79,1,5,1,1,1,1,1,1,151562922,0,2->2687;3->2687;7->2687;17->2687;79->2687,2687:56406,2687,2687
unit_prime_square,p=2689,1,7230720,7230721,2689^2,2689:2689,2;3;5;7;269,1,5,1,1,1,1,1,1,151901610,0,2->2689;3->2689;5->2689;7->2689;269->2689,2689:56490,2689,2689
unit_prime_square,p=2693,1,7252248,7252249,2693^2,2693:2693,2;3;449;673,1,4,1,1,1,1,1,1,4882575966,0,2->2693;3->2693;449->2693;673->2693,2693:1813062,2693,2693
unit_prime_square,p=2699,1,7284600,7284601,2699^2,2699:2699,2;3;5;19;71,1,5,1,1,1,1,1,1,109228530,0,2->2699;3->2699;5->2699;19->2699;71->2699,2699:40470,2699,2699
unit_prime_square,p=2707,1,7327848,7327849,2707^2,2707:2707,2;3;11;41;677,1,5,1,1,1,1,1,1,4959121134,0,2->2707;3->2707;11->2707;41->2707;677->2707,2707:1831962,2707,2707
unit_prime_square,p=2711,1,7349520,7349521,2711^2,2711:2711,2;3;5;113;271,1,5,1,1,1,1,1,1,2490568590,0,2->2711;3->2711;5->2711;113->2711;271->2711,2711:918690,2711,2711
unit_prime_square,p=2713,1,7360368,7360369,2713^2,2713:2713,2;3;23;59;113,1,5,1,1,1,1,1,1,2496084798,0,2->2713;3->2713;23->2713;59->2713;113->2713,2713:920046,2713,2713
unit_prime_square,p=2719,1,7392960,7392961,2719^2,2719:2719,2;3;5;17;151,1,5,1,1,1,1,1,1,209390190,0,2->2719;3->2719;5->2719;17->2719;151->2719,2719:77010,2719,2719
unit_prime_square,p=2729,1,7447440,7447441,2729^2,2729:2729,2;3;5;7;11;13;31,1,7,1,1,1,1,1,1,2540507970,0,2->2729;3->2729;5->2729;7->2729;11->2729;13->2729;31->2729,2729:930930,2729,2729
unit_prime_square,p=2731,1,7458360,7458361,2731^2,2731:2731,2;3;5;7;13;683,1,6,1,1,1,1,1,1,5092195290,0,2->2731;3->2731;5->2731;7->2731;13->2731;683->2731,2731:1864590,2731,2731
unit_prime_square,p=2741,1,7513080,7513081,2741^2,2741:2741,2;3;5;137;457,1,5,1,1,1,1,1,1,5148338070,0,2->2741;3->2741;5->2741;137->2741;457->2741,2741:1878270,2741,2741
unit_prime_square,p=2749,1,7557000,7557001,2749^2,2749:2749,2;3;5;11;229,1,5,1,1,1,1,1,1,207741930,0,2->2749;3->2749;5->2749;11->2749;229->2749,2749:75570,2749,2749
unit_prime_square,p=2753,1,7579008,7579009,2753^2,2753:2753,2;3;17;43,1,4,1,1,1,1,1,1,12074658,0,2->2753;3->2753;17->2753;43->2753,2753:4386,2753,2753
unit_prime_square,p=2767,1,7656288,7656289,2767^2,2767:2767,2;3;173;461,1,4,1,1,1,1,1,1,1324059306,0,2->2767;3->2767;173->2767;461->2767,2767:478518,2767,2767
unit_prime_square,p=2777,1,7711728,7711729,2777^2,2777:2777,2;3;347;463,1,4,1,1,1,1,1,1,2676933582,0,2->2777;3->2777;347->2777;463->2777,2777:963966,2777,2777
unit_prime_square,p=2789,1,7778520,7778521,2789^2,2789:2789,2;3;5;17;31;41,1,6,1,1,1,1,1,1,1807857690,0,2->2789;3->2789;5->2789;17->2789;31->2789;41->2789,2789:648210,2789,2789
unit_prime_square,p=2791,1,7789680,7789681,2791^2,2791:2791,2;3;5;31;349,1,5,1,1,1,1,1,1,905874870,0,2->2791;3->2791;5->2791;31->2791;349->2791,2791:324570,2791,2791
unit_prime_square,p=2797,1,7823208,7823209,2797^2,2797:2797,2;3;233;1399,1,4,1,1,1,1,1,1,5470378194,0,2->2797;3->2797;233->2797;1399->2797,2797:1955802,2797,2797
unit_prime_square,p=2801,1,7845600,7845601,2801^2,2801:2801,2;3;5;7;467,1,5,1,1,1,1,1,1,274694070,0,2->2801;3->2801;5->2801;7->2801;467->2801,2801:98070,2801,2801
unit_prime_square,p=2803,1,7856808,7856809,2803^2,2803:2803,2;3;467;701,1,4,1,1,1,1,1,1,5505658206,0,2->2803;3->2803;467->2803;701->2803,2803:1964202,2803,2803
unit_prime_square,p=2819,1,7946760,7946761,2819^2,2819:2819,2;3;5;47;1409,1,5,1,1,1,1,1,1,5600479110,0,2->2819;3->2819;5->2819;47->2819;1409->2819,2819:1986690,2819,2819
unit_prime_square,p=2833,1,8025888,8025889,2833^2,2833:2833,2;3;13;59;109,1,5,1,1,1,1,1,1,1421083794,0,2->2833;3->2833;13->2833;59->2833;109->2833,2833:501618,2833,2833
unit_prime_square,p=2837,1,8048568,8048569,2837^2,2837:2837,2;3;11;43;709,1,5,1,1,1,1,1,1,5708446854,0,2->2837;3->2837;11->2837;43->2837;709->2837,2837:2012142,2837,2837
unit_prime_square,p=2843,1,8082648,8082649,2843^2,2843:2843,2;3;7;29;79,1,5,1,1,1,1,1,1,273559146,0,2->2843;3->2843;7->2843;29->2843;79->2843,2843:96222,2843,2843
unit_prime_square,p=2851,1,8128200,8128201,2851^2,2851:2851,2;3;5;19;23;31,1,6,1,1,1,1,1,1,1158674910,0,2->2851;3->2851;5->2851;19->2851;23->2851;31->2851,2851:406410,2851,2851
unit_prime_square,p=2857,1,8162448,8162449,2857^2,2857:2857,2;3;7;17;1429,1,5,1,1,1,1,1,1,2915014242,0,2->2857;3->2857;7->2857;17->2857;1429->2857,2857:1020306,2857,2857
unit_prime_square,p=2861,1,8185320,8185321,2861^2,2861:2861,2;3;5;11;13;53,1,6,1,1,1,1,1,1,650505570,0,2->2861;3->2861;5->2861;11->2861;13->2861;53->2861,2861:227370,2861,2861
unit_prime_square,p=2879,1,8288640,8288641,2879^2,2879:2879,2;3;5;1439,1,4,1,1,1,1,1,1,124286430,0,2->2879;3->2879;5->2879;1439->2879,2879:43170,2879,2879
unit_prime_square,p=2887,1,8334768,8334769,2887^2,2887:2887,2;3;13;19;37,1,5,1,1,1,1,1,1,158305758,0,2->2887;3->2887;13->2887;19->2887;37->2887,2887:54834,2887,2887
unit_prime_square,p=2897,1,8392608,8392609,2897^2,2897:2897,2;3;7;23;181,1,5,1,1,1,1,1,1,506528862,0,2->2897;3->2897;7->2897;23->2897;181->2897,2897:174846,2897,2897
unit_prime_square,p=2903,1,8427408,8427409,2903^2,2903:2903,2;3;11;1451,1,4,1,1,1,1,1,1,278008698,0,2->2903;3->2903;11->2903;1451->2903,2903:95766,2903,2903
unit_prime_square,p=2909,1,8462280,8462281,2909^2,2909:2909,2;3;5;97;727,1,5,1,1,1,1,1,1,6154193130,0,2->2909;3->2909;5->2909;97->2909;727->2909,2909:2115570,2909,2909
unit_prime_square,p=2917,1,8508888,8508889,2917^2,2917:2917,2;3;1459,1,3,1,1,1,1,1,1,25535418,0,2->2917;3->2917;1459->2917,2917:8754,2917,2917
unit_prime_square,p=2927,1,8567328,8567329,2927^2,2927:2927,2;3;7;11;19;61,1,6,1,1,1,1,1,1,1567285566,0,2->2927;3->2927;7->2927;11->2927;19->2927;61->2927,2927:535458,2927,2927
unit_prime_square,p=2939,1,8637720,8637721,2939^2,2939:2939,2;3;5;7;13;113,1,6,1,1,1,1,1,1,906652110,0,2->2939;3->2939;5->2939;7->2939;13->2939;113->2939,2939:308490,2939,2939
unit_prime_square,p=2953,1,8720208,8720209,2953^2,2953:2953,2;3;7;41;211,1,5,1,1,1,1,1,1,1072948926,0,2->2953;3->2953;7->2953;41->2953;211->2953,2953:363342,2953,2953
unit_prime_square,p=2957,1,8743848,8743849,2957^2,2957:2957,2;3;17;29;739,1,5,1,1,1,1,1,1,6463889634,0,2->2957;3->2957;17->2957;29->2957;739->2957,2957:2185962,2957,2957
unit_prime_square,p=2963,1,8779368,8779369,2963^2,2963:2963,2;3;13;19;1481,1,5,1,1,1,1,1,1,6503316846,0,2->2963;3->2963;13->2963;19->2963;1481->2963,2963:2194842,2963,2963
unit_prime_square,p=2969,1,8814960,8814961,2969^2,2969:2969,2;3;5;7;11;53,1,6,1,1,1,1,1,1,363494670,0,2->2969;3->2969;5->2969;7->2969;11->2969;53->2969,2969:122430,2969,2969
unit_prime_square,p=2971,1,8826840,8826841,2971^2,2971:2971,2;3;5;11;743,1,5,1,1,1,1,1,1,728459490,0,2->2971;3->2971;5->2971;11->2971;743->2971,2971:245190,2971,2971
unit_prime_square,p=2999,1,8994000,8994001,2999^2,2999:2999,2;3;5;1499,1,4,1,1,1,1,1,1,134865030,0,2->2999;3->2999;5->2999;1499->2999,2999:44970,2999,2999
unit_prime_square,p=3001,1,9006000,9006001,3001^2,3001:3001,2;3;5;19;79,1,5,1,1,1,1,1,1,135135030,0,2->3001;3->3001;5->3001;19->3001;79->3001,3001:45030,3001,3001
unit_prime_square,p=3011,1,9066120,9066121,3011^2,3011:3011,2;3;5;7;43;251,1,6,1,1,1,1,1,1,6824521830,0,2->3011;3->3011;5->3011;7->3011;43->3011;251->3011,3011:2266530,3011,3011
unit_prime_square,p=3019,1,9114360,9114361,3019^2,3019:3019,2;3;5;151;503,1,5,1,1,1,1,1,1,6879063210,0,2->3019;3->3019;5->3019;151->3019;503->3019,3019:2278590,3019,3019
unit_prime_square,p=3023,1,9138528,9138529,3023^2,3023:3023,2;3;7;1511,1,4,1,1,1,1,1,1,191845626,0,2->3023;3->3023;7->3023;1511->3023,3023:63462,3023,3023
unit_prime_square,p=3037,1,9223368,9223369,3037^2,3037:3037,2;3;7;11;23;31,1,6,1,1,1,1,1,1,1000406022,0,2->3037;3->3037;7->3037;11->3037;23->3037;31->3037,3037:329406,3037,3037
unit_prime_square,p=3041,1,9247680,9247681,3041^2,3041:3041,2;3;5;13;19,1,5,1,1,1,1,1,1,22533810,0,2->3041;3->3041;5->3041;13->3041;19->3041,3041:7410,3041,3041
unit_prime_square,p=3049,1,9296400,9296401,3049^2,3049:3049,2;3;5;61;127,1,5,1,1,1,1,1,1,708618090,0,2->3049;3->3049;5->3049;61->3049;127->3049,3049:232410,3049,3049
unit_prime_square,p=3061,1,9369720,9369721,3061^2,3061:3061,2;3;5;17;1531,1,5,1,1,1,1,1,1,2390059410,0,2->3061;3->3061;5->3061;17->3061;1531->3061,3061:780810,3061,3061
unit_prime_square,p=3067,1,9406488,9406489,3067^2,3067:3067,2;3;7;13;59;73,1,6,1,1,1,1,1,1,7212424674,0,2->3067;3->3067;7->3067;13->3067;59->3067;73->3067,3067:2351622,3067,3067
unit_prime_square,p=3079,1,9480240,9480241,3079^2,3079:3079,2;3;5;7;11;19,1,6,1,1,1,1,1,1,135137310,0,2->3079;3->3079;5->3079;7->3079;11->3079;19->3079,3079:43890,3079,3079
unit_prime_square,p=3083,1,9504888,9504889,3083^2,3083:3083,2;3;23;67;257,1,5,1,1,1,1,1,1,7325892426,0,2->3083;3->3083;23->3083;67->3083;257->3083,3083:2376222,3083,3083
unit_prime_square,p=3089,1,9541920,9541921,3089^2,3089:3089,2;3;5;103;193,1,5,1,1,1,1,1,1,1842186930,0,2->3089;3->3089;5->3089;103->3089;193->3089,3089:596370,3089,3089
unit_prime_square,p=3109,1,9665880,9665881,3109^2,3109:3109,2;3;5;7;37;311,1,6,1,1,1,1,1,1,7512805230,0,2->3109;3->3109;5->3109;7->3109;37->3109;311->3109,3109:2416470,3109,3109
unit_prime_square,p=3119,1,9728160,9728161,3119^2,3119:3119,2;3;5;13;1559,1,5,1,1,1,1,1,1,1896383190,0,2->3119;3->3119;5->3119;13->3119;1559->3119,3119:608010,3119,3119
unit_prime_square,p=3121,1,9740640,9740641,3121^2,3121:3121,2;3;5;7;13;223,1,6,1,1,1,1,1,1,1900033590,0,2->3121;3->3121;5->3121;7->3121;13->3121;223->3121,3121:608790,3121,3121
unit_prime_square,p=3137,1,9840768,9840769,3137^2,3137:3137,2;3;7;523,1,4,1,1,1,1,1,1,68907342,0,2->3137;3->3137;7->3137;523->3137,3137:21966,3137,3137
unit_prime_square,p=3163,1,10004568,10004569,3163^2,3163:3163,2;3;7;17;31;113,1,6,1,1,1,1,1,1,7911112146,0,2->3163;3->3163;7->3163;17->3163;31->3163;113->3163,3163:2501142,3163,3163
unit_prime_square,p=3167,1,10029888,10029889,3167^2,3167:3167,2;3;11;1583,1,4,1,1,1,1,1,1,330881826,0,2->3167;3->3167;11->3167;1583->3167,3167:104478,3167,3167
unit_prime_square,p=3169,1,10042560,10042561,3169^2,3169:3169,2;3;5;11;317,1,5,1,1,1,1,1,1,331509090,0,2->3169;3->3169;5->3169;11->3169;317->3169,3169:104610,3169,3169
unit_prime_square,p=3181,1,10118760,10118761,3181^2,3181:3181,2;3;5;37;43;53,1,6,1,1,1,1,1,1,8046943890,0,2->3181;3->3181;5->3181;37->3181;43->3181;53->3181,3181:2529690,3181,3181
unit_prime_square,p=3187,1,10156968,10156969,3187^2,3187:3187,2;3;59;797,1,4,1,1,1,1,1,1,899173806,0,2->3187;3->3187;59->3187;797->3187,3187:282138,3187,3187
unit_prime_square,p=3191,1,10182480,10182481,3191^2,3191:3191,2;3;5;7;11;19;29,1,7,1,1,1,1,1,1,4061536710,0,2->3191;3->3191;5->3191;7->3191;11->3191;19->3191;29->3191,3191:1272810,3191,3191
unit_prime_square,p=3203,1,10259208,10259209,3203^2,3203:3203,2;3;89;1601,1,4,1,1,1,1,1,1,2738353602,0,2->3203;3->3203;89->3203;1601->3203,3203:854934,3203,3203
unit_prime_square,p=3209,1,10297680,10297681,3209^2,3209:3209,2;3;5;107;401,1,5,1,1,1,1,1,1,4130656890,0,2->3209;3->3209;5->3209;107->3209;401->3209,3209:1287210,3209,3209
unit_prime_square,p=3217,1,10349088,10349089,3217^2,3217:3217,2;3;67;1609,1,4,1,1,1,1,1,1,2080813506,0,2->3217;3->3217;67->3217;1609->3217,3217:646818,3217,3217
unit_prime_square,p=3221,1,10374840,10374841,3221^2,3221:3221,2;3;5;7;23;179,1,6,1,1,1,1,1,1,2784779970,0,2->3221;3->3221;5->3221;7->3221;23->3221;179->3221,3221:864570,3221,3221
unit_prime_square,p=3229,1,10426440,10426441,3229^2,3229:3229,2;3;5;17;19;269,1,6,1,1,1,1,1,1,8416743690,0,2->3229;3->3229;5->3229;17->3229;19->3229;269->3229,3229:2606610,3229,3229
unit_prime_square,p=3251,1,10569000,10569001,3251^2,3251:3251,2;3;5;13;271,1,5,1,1,1,1,1,1,343598190,0,2->3251;3->3251;5->3251;13->3251;271->3251,3251:105690,3251,3251
unit_prime_square,p=3253,1,10582008,10582009,3253^2,3253:3253,2;3;271;1627,1,4,1,1,1,1,1,1,8605818006,0,2->3253;3->3253;271->3253;1627->3253,3253:2645502,3253,3253
unit_prime_square,p=3257,1,10608048,10608049,3257^2,3257:3257,2;3;11;37;181,1,5,1,1,1,1,1,1,1439600514,0,2->3257;3->3257;11->3257;37->3257;181->3257,3257:442002,3257,3257
unit_prime_square,p=3259,1,10621080,10621081,3259^2,3259:3259,2;3;5;163;181,1,5,1,1,1,1,1,1,2884508310,0,2->3259;3->3259;5->3259;163->3259;181->3259,3259:885090,3259,3259
unit_prime_square,p=3271,1,10699440,10699441,3271^2,3271:3271,2;3;5;109;409,1,5,1,1,1,1,1,1,4374733530,0,2->3271;3->3271;5->3271;109->3271;409->3271,3271:1337430,3271,3271
unit_prime_square,p=3299,1,10883400,10883401,3299^2,3299:3299,2;3;5;11;17;97,1,6,1,1,1,1,1,1,1795216830,0,2->3299;3->3299;5->3299;11->3299;17->3299;97->3299,3299:544170,3299,3299
unit_prime_square,p=3301,1,10896600,10896601,3301^2,3301:3301,2;3;5;11;13;127,1,6,1,1,1,1,1,1,1798483830,0,2->3301;3->3301;5->3301;11->3301;13->3301;127->3301,3301:544830,3301,3301
unit_prime_square,p=3307,1,10936248,10936249,3307^2,3307:3307,2;3;19;29;827,1,5,1,1,1,1,1,1,9041543034,0,2->3307;3->3307;19->3307;29->3307;827->3307,3307:2734062,3307,3307
unit_prime_square,p=3313,1,10975968,10975969,3313^2,3313:3313,2;3;23;1657,1,4,1,1,1,1,1,1,757570458,0,2->3313;3->3313;23->3313;1657->3313,3313:228666,3313,3313
unit_prime_square,p=3319,1,11015760,11015761,3319^2,3319:3319,2;3;5;7;79;83,1,6,1,1,1,1,1,1,4570163430,0,2->3319;3->3319;5->3319;7->3319;79->3319;83->3319,3319:1376970,3319,3319
unit_prime_square,p=3323,1,11042328,11042329,3323^2,3323:3323,2;3;11;151;277,1,5,1,1,1,1,1,1,9173413986,0,2->3323;3->3323;11->3323;151->3323;277->3323,3323:2760582,3323,3323
unit_prime_square,p=3329,1,11082240,11082241,3329^2,3329:3329,2;3;5;13;37,1,5,1,1,1,1,1,1,48037470,0,2->3329;3->3329;5->3329;13->3329;37->3329,3329:14430,3329,3329
unit_prime_square,p=3331,1,11095560,11095561,3331^2,3331:3331,2;3;5;7;17;37,1,6,1,1,1,1,1,1,439991790,0,2->3331;3->3331;5->3331;7->3331;17->3331;37->3331,3331:132090,3331,3331
unit_prime_square,p=3343,1,11175648,11175649,3343^2,3343:3343,2;3;11;19;557,1,5,1,1,1,1,1,1,2335011954,0,2->3343;3->3343;11->3343;19->3343;557->3343,3343:698478,3343,3343
unit_prime_square,p=3347,1,11202408,11202409,3347^2,3347:3347,2;3;7;31;239,1,5,1,1,1,1,1,1,1041512766,0,2->3347;3->3347;7->3347;31->3347;239->3347,3347:311178,3347,3347
unit_prime_square,p=3359,1,11282880,11282881,3359^2,3359:3359,2;3;5;7;23;73,1,6,1,1,1,1,1,1,1184349810,0,2->3359;3->3359;5->3359;7->3359;23->3359;73->3359,3359:352590,3359,3359
unit_prime_square,p=3361,1,11296320,11296321,3361^2,3361:3361,2;3;5;7;41,1,5,1,1,1,1,1,1,28938210,0,2->3361;3->3361;5->3361;7->3361;41->3361,3361:8610,3361,3361
unit_prime_square,p=3371,1,11363640,11363641,3371^2,3371:3371,2;3;5;281;337,1,5,1,1,1,1,1,1,9576707610,0,2->3371;3->3371;5->3371;281->3371;337->3371,3371:2840910,3371,3371
unit_prime_square,p=3373,1,11377128,11377129,3373^2,3373:3373,2;3;7;241;281,1,5,1,1,1,1,1,1,9593763186,0,2->3373;3->3373;7->3373;241->3373;281->3373,3373:2844282,3373,3373
unit_prime_square,p=3389,1,11485320,11485321,3389^2,3389:3389,2;3;5;7;11;113,1,6,1,1,1,1,1,1,884630670,0,2->3389;3->3389;5->3389;7->3389;11->3389;113->3389,3389:261030,3389,3389
unit_prime_square,p=3391,1,11498880,11498881,3391^2,3391:3391,2;3;5;53;113,1,5,1,1,1,1,1,1,609260970,0,2->3391;3->3391;5->3391;53->3391;113->3391,3391:179670,3391,3391
unit_prime_square,p=3407,1,11607648,11607649,3407^2,3407:3407,2;3;13;71;131,1,5,1,1,1,1,1,1,2471703546,0,2->3407;3->3407;13->3407;71->3407;131->3407,3407:725478,3407,3407
unit_prime_square,p=3413,1,11648568,11648569,3413^2,3413:3413,2;3;569;853,1,4,1,1,1,1,1,1,9939140646,0,2->3413;3->3413;569->3413;853->3413,3413:2912142,3413,3413
unit_prime_square,p=3433,1,11785488,11785489,3433^2,3433:3433,2;3;11;13;17;101,1,6,1,1,1,1,1,1,5057447538,0,2->3433;3->3433;11->3433;13->3433;17->3433;101->3433,3433:1473186,3433,3433
unit_prime_square,p=3449,1,11895600,11895601,3449^2,3449:3449,2;3;5;23;431,1,5,1,1,1,1,1,1,1025698110,0,2->3449;3->3449;5->3449;23->3449;431->3449,3449:297390,3449,3449
unit_prime_square,p=3457,1,11950848,11950849,3457^2,3457:3457,2;3;7;13;19,1,5,1,1,1,1,1,1,35862918,0,2->3457;3->3457;7->3457;13->3457;19->3457,3457:10374,3457,3457
unit_prime_square,p=3461,1,11978520,11978521,3461^2,3461:3461,2;3;5;173;577,1,5,1,1,1,1,1,1,10364414430,0,2->3461;3->3461;5->3461;173->3461;577->3461,3461:2994630,3461,3461
unit_prime_square,p=3463,1,11992368,11992369,3463^2,3463:3463,2;3;433;577,1,4,1,1,1,1,1,1,5191196298,0,2->3463;3->3463;433->3463;577->3463,3463:1499046,3463,3463
unit_prime_square,p=3467,1,12020088,12020089,3467^2,3467:3467,2;3;17;1733,1,4,1,1,1,1,1,1,612847722,0,2->3467;3->3467;17->3467;1733->3467,3467:176766,3467,3467
unit_prime_square,p=3469,1,12033960,12033961,3469^2,3469:3469,2;3;5;17;347,1,5,1,1,1,1,1,1,613908930,0,2->3469;3->3469;5->3469;17->3469;347->3469,3469:176970,3469,3469
unit_prime_square,p=3491,1,12187080,12187081,3491^2,3491:3491,2;3;5;97;349,1,5,1,1,1,1,1,1,3545424690,0,2->3491;3->3491;5->3491;97->3491;349->3491,3491:1015590,3491,3491
unit_prime_square,p=3499,1,12243000,12243001,3499^2,3499:3499,2;3;5;7;11;53,1,6,1,1,1,1,1,1,428382570,0,2->3499;3->3499;5->3499;7->3499;11->3499;53->3499,3499:122430,3499,3499
unit_prime_square,p=3511,1,12327120,12327121,3511^2,3511:3511,2;3;5;13;439,1,5,1,1,1,1,1,1,601118310,0,2->3511;3->3511;5->3511;13->3511;439->3511,3511:171210,3511,3511
unit_prime_square,p=3517,1,12369288,12369289,3517^2,3517:3517,2;3;293;1759,1,4,1,1,1,1,1,1,10875696474,0,2->3517;3->3517;293->3517;1759->3517,3517:3092322,3517,3517
unit_prime_square,p=3527,1,12439728,12439729,3527^2,3527:3527,2;3;7;41;43,1,5,1,1,1,1,1,1,261160242,0,2->3527;3->3527;7->3527;41->3527;43->3527,3527:74046,3527,3527
unit_prime_square,p=3529,1,12453840,12453841,3529^2,3529:3529,2;3;5;7;353,1,5,1,1,1,1,1,1,261604770,0,2->3529;3->3529;5->3529;7->3529;353->3529,3529:74130,3529,3529
unit_prime_square,p=3533,1,12482088,12482089,3533^2,3533:3533,2;3;19;31;883,1,5,1,1,1,1,1,1,11024804226,0,2->3533;3->3533;19->3533;31->3533;883->3533,3533:3120522,3533,3533
unit_prime_square,p=3539,1,12524520,12524521,3539^2,3539:3539,2;3;5;29;59;61,1,6,1,1,1,1,1,1,11081069070,0,2->3539;3->3539;5->3539;29->3539;59->3539;61->3539,3539:3131130,3539,3539
unit_prime_square,p=3541,1,12538680,12538681,3541^2,3541:3541,2;3;5;7;11;23;59,1,7,1,1,1,1,1,1,11099866470,0,2->3541;3->3541;5->3541;7->3541;11->3541;23->3541;59->3541,3541:3134670,3541,3541
unit_prime_square,p=3547,1,12581208,12581209,3547^2,3547:3547,2;3;197;887,1,4,1,1,1,1,1,1,3718795398,0,2->3547;3->3547;197->3547;887->3547,3547:1048434,3547,3547
unit_prime_square,p=3557,1,12652248,12652249,3557^2,3557:3557,2;3;7;127;593,1,5,1,1,1,1,1,1,11251011534,0,2->3557;3->3557;7->3557;127->3557;593->3557,3557:3163062,3557,3557
unit_prime_square,p=3559,1,12666480,12666481,3559^2,3559:3559,2;3;5;89;593,1,5,1,1,1,1,1,1,5635000290,0,2->3559;3->3559;5->3559;89->3559;593->3559,3559:1583310,3559,3559
unit_prime_square,p=3571,1,12752040,12752041,3571^2,3571:3571,2;3;5;7;17;19;47,1,7,1,1,1,1,1,1,11384383710,0,2->3571;3->3571;5->3571;7->3571;17->3571;19->3571;47->3571,3571:3188010,3571,3571
unit_prime_square,p=3581,1,12823560,12823561,3581^2,3581:3581,2;3;5;179;199,1,5,1,1,1,1,1,1,3826764030,0,2->3581;3->3581;5->3581;179->3581;199->3581,3581:1068630,3581,3581
unit_prime_square,p=3583,1,12837888,12837889,3583^2,3583:3583,2;3;7;199,1,4,1,1,1,1,1,1,29946714,0,2->3583;3->3583;7->3583;199->3583,3583:8358,3583,3583
unit_prime_square,p=3593,1,12909648,12909649,3593^2,3593:3593,2;3;449;599,1,4,1,1,1,1,1,1,5798045658,0,2->3593;3->3593;449->3593;599->3593,3593:1613706,3593,3593
unit_prime_square,p=3607,1,13010448,13010449,3607^2,3607:3607,2;3;11;41;601,1,5,1,1,1,1,1,1,5866085742,0,2->3607;3->3607;11->3607;41->3607;601->3607,3607:1626306,3607,3607
unit_prime_square,p=3613,1,13053768,13053769,3613^2,3613:3613,2;3;7;13;43;139,1,6,1,1,1,1,1,1,11790815946,0,2->3613;3->3613;7->3613;13->3613;43->3613;139->3613,3613:3263442,3613,3613
unit_prime_square,p=3617,1,13082688,13082689,3617^2,3617:3617,2;3;67;113,1,4,1,1,1,1,1,1,164305842,0,2->3617;3->3617;67->3617;113->3617,3617:45426,3617,3617
unit_prime_square,p=3623,1,13126128,13126129,3623^2,3623:3623,2;3;151;1811,1,4,1,1,1,1,1,1,5944495218,0,2->3623;3->3623;151->3623;1811->3623,3623:1640766,3623,3623
unit_prime_square,p=3631,1,13184160,13184161,3631^2,3631:3631,2;3;5;11;227,1,5,1,1,1,1,1,1,271998210,0,2->3631;3->3631;5->3631;11->3631;227->3631,3631:74910,3631,3631
unit_prime_square,p=3637,1,13227768,13227769,3637^2,3637:3637,2;3;17;101;107,1,5,1,1,1,1,1,1,4009116018,0,2->3637;3->3637;17->3637;101->3637;107->3637,3637:1102314,3637,3637
unit_prime_square,p=3643,1,13271448,13271449,3643^2,3643:3643,2;3;607;911,1,4,1,1,1,1,1,1,12086971266,0,2->3643;3->3643;607->3643;911->3643,3643:3317862,3643,3643
unit_prime_square,p=3659,1,13388280,13388281,3659^2,3659:3659,2;3;5;31;59;61,1,6,1,1,1,1,1,1,12246929130,0,2->3659;3->3659;5->3659;31->3659;59->3659;61->3659,3659:3347070,3659,3659
unit_prime_square,p=3671,1,13476240,13476241,3671^2,3671:3671,2;3;5;17;367,1,5,1,1,1,1,1,1,687101070,0,2->3671;3->3671;5->3671;17->3671;367->3671,3671:187170,3671,3671
unit_prime_square,p=3673,1,13490928,13490929,3673^2,3673:3673,2;3;11;17;167,1,5,1,1,1,1,1,1,688224702,0,2->3673;3->3673;11->3673;17->3673;167->3673,3673:187374,3673,3673
unit_prime_square,p=3677,1,13520328,13520329,3677^2,3677:3677,2;3;613;919,1,4,1,1,1,1,1,1,12428561514,0,2->3677;3->3677;613->3677;919->3677,3677:3380082,3677,3677
unit_prime_square,p=3691,1,13623480,13623481,3691^2,3691:3691,2;3;5;13;41;71,1,6,1,1,1,1,1,1,4190355390,0,2->3691;3->3691;5->3691;13->3691;41->3691;71->3691,3691:1135290,3691,3691
unit_prime_square,p=3697,1,13667808,13667809,3697^2,3697:3697,2;3;7;11;43,1,5,1,1,1,1,1,1,73444602,0,2->3697;3->3697;7->3697;11->3697;43->3697,3697:19866,3697,3697
unit_prime_square,p=3701,1,13697400,13697401,3701^2,3701:3701,2;3;5;37;617,1,5,1,1,1,1,1,1,2534703870,0,2->3701;3->3701;5->3701;37->3701;617->3701,3701:684870,3701,3701
unit_prime_square,p=3709,1,13756680,13756681,3709^2,3709:3709,2;3;5;7;53;103,1,6,1,1,1,1,1,1,4251960510,0,2->3709;3->3709;5->3709;7->3709;53->3709;103->3709,3709:1146390,3709,3709
unit_prime_square,p=3719,1,13830960,13830961,3719^2,3719:3719,2;3;5;11;13;31,1,6,1,1,1,1,1,1,494589810,0,2->3719;3->3719;5->3719;11->3719;13->3719;31->3719,3719:132990,3719,3719
unit_prime_square,p=3727,1,13890528,13890529,3727^2,3727:3727,2;3;23;233,1,4,1,1,1,1,1,1,119837958,0,2->3727;3->3727;23->3727;233->3727,3727:32154,3727,3727
unit_prime_square,p=3733,1,13935288,13935289,3733^2,3733:3733,2;3;311;1867,1,4,1,1,1,1,1,1,13005107526,0,2->3733;3->3733;311->3733;1867->3733,3733:3483822,3733,3733
unit_prime_square,p=3739,1,13980120,13980121,3739^2,3739:3739,2;3;5;7;11;17;89,1,7,1,1,1,1,1,1,13067917170,0,2->3739;3->3739;5->3739;7->3739;11->3739;17->3739;89->3739,3739:3495030,3739,3739
unit_prime_square,p=3761,1,14145120,14145121,3761^2,3761:3761,2;3;5;11;19;47,1,6,1,1,1,1,1,1,1108329090,0,2->3761;3->3761;5->3761;11->3761;19->3761;47->3761,3761:294690,3761,3761
unit_prime_square,p=3767,1,14190288,14190289,3767^2,3767:3767,2;3;7;157;269,1,5,1,1,1,1,1,1,6681851862,0,2->3767;3->3767;7->3767;157->3767;269->3767,3767:1773786,3767,3767
unit_prime_square,p=3769,1,14205360,14205361,3769^2,3769:3769,2;3;5;13;29;157,1,6,1,1,1,1,1,1,6692500230,0,2->3769;3->3769;5->3769;13->3769;29->3769;157->3769,3769:1775670,3769,3769
unit_prime_square,p=3779,1,14280840,14280841,3779^2,3779:3779,2;3;5;7;1889,1,5,1,1,1,1,1,1,1499091510,0,2->3779;3->3779;5->3779;7->3779;1889->3779,3779:396690,3779,3779
unit_prime_square,p=3793,1,14386848,14386849,3793^2,3793:3793,2;3;7;79;271,1,5,1,1,1,1,1,1,3410582154,0,2->3793;3->3793;7->3793;79->3793;271->3793,3793:899178,3793,3793
unit_prime_square,p=3797,1,14417208,14417209,3797^2,3797:3797,2;3;13;73;211,1,5,1,1,1,1,1,1,4561844898,0,2->3797;3->3797;13->3797;73->3797;211->3797,3797:1201434,3797,3797
unit_prime_square,p=3803,1,14462808,14462809,3803^2,3803:3803,2;3;317;1901,1,4,1,1,1,1,1,1,13750514706,0,2->3803;3->3803;317->3803;1901->3803,3803:3615702,3803,3803
unit_prime_square,p=3821,1,14600040,14600041,3821^2,3821:3821,2;3;5;7;13;191,1,6,1,1,1,1,1,1,1992384030,0,2->3821;3->3821;5->3821;7->3821;13->3821;191->3821,3821:521430,3821,3821
unit_prime_square,p=3823,1,14615328,14615329,3823^2,3823:3823,2;3;7;13;239,1,5,1,1,1,1,1,1,498878562,0,2->3823;3->3823;7->3823;13->3823;239->3823,3823:130494,3823,3823
unit_prime_square,p=3833,1,14691888,14691889,3833^2,3833:3833,2;3;71;479,1,4,1,1,1,1,1,1,782138982,0,2->3833;3->3833;71->3833;479->3833,3833:204054,3833,3833
unit_prime_square,p=3847,1,14799408,14799409,3847^2,3847:3847,2;3;13;37;641,1,5,1,1,1,1,1,1,7116665322,0,2->3847;3->3847;13->3847;37->3847;641->3847,3847:1849926,3847,3847
unit_prime_square,p=3851,1,14830200,14830201,3851^2,3851:3851,2;3;5;7;11;107,1,6,1,1,1,1,1,1,951851670,0,2->3851;3->3851;5->3851;7->3851;11->3851;107->3851,3851:247170,3851,3851
unit_prime_square,p=3853,1,14845608,14845609,3853^2,3853:3853,2;3;41;47;107,1,5,1,1,1,1,1,1,4766677302,0,2->3853;3->3853;41->3853;47->3853;107->3853,3853:1237134,3853,3853
unit_prime_square,p=3863,1,14922768,14922769,3863^2,3863:3863,2;3;7;23;1931,1,5,1,1,1,1,1,1,7205831598,0,2->3863;3->3863;7->3863;23->3863;1931->3863,3863:1865346,3863,3863
unit_prime_square,p=3877,1,15031128,15031129,3877^2,3877:3877,2;3;7;17;19;277,1,6,1,1,1,1,1,1,14568920814,0,2->3877;3->3877;7->3877;17->3877;19->3877;277->3877,3877:3757782,3877,3877
unit_prime_square,p=3881,1,15062160,15062161,3881^2,3881:3881,2;3;5;97;647,1,5,1,1,1,1,1,1,7307030370,0,2->3881;3->3881;5->3881;97->3881;647->3881,3881:1882770,3881,3881
unit_prime_square,p=3889,1,15124320,15124321,3889^2,3889:3889,2;3;5;389,1,4,1,1,1,1,1,1,45384630,0,2->3889;3->3889;5->3889;389->3889,3889:11670,3889,3889
unit_prime_square,p=3907,1,15264648,15264649,3907^2,3907:3907,2;3;7;31;977,1,5,1,1,1,1,1,1,4969914978,0,2->3907;3->3907;7->3907;31->3907;977->3907,3907:1272054,3907,3907
unit_prime_square,p=3911,1,15295920,15295921,3911^2,3911:3911,2;3;5;17;23;163,1,6,1,1,1,1,1,1,7477792890,0,2->3911;3->3911;5->3911;17->3911;23->3911;163->3911,3911:1911990,3911,3911
unit_prime_square,p=3917,1,15342888,15342889,3917^2,3917:3917,2;3;11;89;653,1,5,1,1,1,1,1,1,15024523074,0,2->3917;3->3917;11->3917;89->3917;653->3917,3917:3835722,3917,3917
unit_prime_square,p=3919,1,15358560,15358561,3919^2,3919:3919,2;3;5;7;653,1,5,1,1,1,1,1,1,537412470,0,2->3919;3->3919;5->3919;7->3919;653->3919,3919:137130,3919,3919
unit_prime_square,p=3923,1,15389928,15389929,3923^2,3923:3923,2;3;37;53;109,1,5,1,1,1,1,1,1,5031223962,0,2->3923;3->3923;37->3923;53->3923;109->3923,3923:1282494,3923,3923
unit_prime_square,p=3929,1,15437040,15437041,3929^2,3929:3929,2;3;5;131;491,1,5,1,1,1,1,1,1,7581516270,0,2->3929;3->3929;5->3929;131->3929;491->3929,3929:1929630,3929,3929
unit_prime_square,p=3931,1,15452760,15452761,3931^2,3931:3931,2;3;5;131;983,1,5,1,1,1,1,1,1,15186199890,0,2->3931;3->3931;5->3931;131->3931;983->3931,3931:3863190,3931,3931
unit_prime_square,p=3943,1,15547248,15547249,3943^2,3943:3943,2;3;17;29;73,1,5,1,1,1,1,1,1,851427762,0,2->3943;3->3943;17->3943;29->3943;73->3943,3943:215934,3943,3943
unit_prime_square,p=3947,1,15578808,15578809,3947^2,3947:3947,2;3;7;47;1973,1,5,1,1,1,1,1,1,15372388794,0,2->3947;3->3947;7->3947;47->3947;1973->3947,3947:3894702,3947,3947
unit_prime_square,p=3967,1,15737088,15737089,3967^2,3967:3967,2;3;31;661,1,4,1,1,1,1,1,1,487726782,0,2->3967;3->3967;31->3967;661->3967,3967:122946,3967,3967
unit_prime_square,p=3989,1,15912120,15912121,3989^2,3989:3989,2;3;5;7;19;997,1,6,1,1,1,1,1,1,15868361670,0,2->3989;3->3989;5->3989;7->3989;19->3989;997->3989,3989:3978030,3989,3989
unit_prime_square,p=4001,1,16008000,16008001,4001^2,4001:4001,2;3;5;23;29,1,5,1,1,1,1,1,1,80060010,0,2->4001;3->4001;5->4001;23->4001;29->4001,4001:20010,4001,4001
unit_prime_square,p=4003,1,16024008,16024009,4003^2,4003:4003,2;3;7;11;13;23;29,1,7,1,1,1,1,1,1,16036026006,0,2->4003;3->4003;7->4003;11->4003;13->4003;23->4003;29->4003,4003:4006002,4003,4003
unit_prime_square,p=4007,1,16056048,16056049,4007^2,4007:4007,2;3;167;2003,1,4,1,1,1,1,1,1,8042073042,0,2->4007;3->4007;167->4007;2003->4007,4007:2007006,4007,4007
unit_prime_square,p=4013,1,16104168,16104169,4013^2,4013:4013,2;3;17;59;223,1,5,1,1,1,1,1,1,5385502182,0,2->4013;3->4013;17->4013;59->4013;223->4013,4013:1342014,4013,4013
unit_prime_square,p=4019,1,16152360,16152361,4019^2,4019:4019,2;3;5;7;41;67,1,6,1,1,1,1,1,1,2318440530,0,2->4019;3->4019;5->4019;7->4019;41->4019;67->4019,4019:576870,4019,4019
unit_prime_square,p=4021,1,16168440,16168441,4021^2,4021:4021,2;3;5;67;2011,1,5,1,1,1,1,1,1,16253324310,0,2->4021;3->4021;5->4021;67->4021;2011->4021,4021:4042110,4021,4021
unit_prime_square,p=4027,1,16216728,16216729,4027^2,4027:4027,2;3;11;19;53;61,1,6,1,1,1,1,1,1,16326190914,0,2->4027;3->4027;11->4027;19->4027;53->4027;61->4027,4027:4054182,4027,4027
unit_prime_square,p=4049,1,16394400,16394401,4049^2,4049:4049,2;3;5;11;23,1,5,1,1,1,1,1,1,30731910,0,2->4049;3->4049;5->4049;11->4049;23->4049,4049:7590,4049,4049
unit_prime_square,p=4051,1,16410600,16410601,4051^2,4051:4051,2;3;5;1013,1,4,1,1,1,1,1,1,123109890,0,2->4051;3->4051;5->4051;1013->4051,4051:30390,4051,4051
unit_prime_square,p=4057,1,16459248,16459249,4057^2,4057:4057,2;3;13;2029,1,4,1,1,1,1,1,1,642068934,0,2->4057;3->4057;13->4057;2029->4057,4057:158262,4057,4057
unit_prime_square,p=4073,1,16589328,16589329,4073^2,4073:4073,2;3;7;97;509,1,5,1,1,1,1,1,1,8446041618,0,2->4073;3->4073;7->4073;97->4073;509->4073,4073:2073666,4073,4073
unit_prime_square,p=4079,1,16638240,16638241,4079^2,4079:4079,2;3;5;17;2039,1,5,1,1,1,1,1,1,4241711310,0,2->4079;3->4079;5->4079;17->4079;2039->4079,4079:1039890,4079,4079
unit_prime_square,p=4091,1,16736280,16736281,4091^2,4091:4091,2;3;5;11;31;409,1,6,1,1,1,1,1,1,17117030370,0,2->4091;3->4091;5->4091;11->4091;31->4091;409->4091,4091:4184070,4091,4091
unit_prime_square,p=4093,1,16752648,16752649,4093^2,4093:4093,2;3;11;23;31;89,1,6,1,1,1,1,1,1,17142147066,0,2->4093;3->4093;11->4093;23->4093;31->4093;89->4093,4093:4188162,4093,4093
unit_prime_square,p=4099,1,16801800,16801801,4099^2,4099:4099,2;3;5;41;683,1,5,1,1,1,1,1,1,3443528910,0,2->4099;3->4099;5->4099;41->4099;683->4099,4099:840090,4099,4099
unit_prime_square,p=4111,1,16900320,16900321,4111^2,4111:4111,2;3;5;137;257,1,5,1,1,1,1,1,1,4342325970,0,2->4111;3->4111;5->4111;137->4111;257->4111,4111:1056270,4111,4111
unit_prime_square,p=4127,1,17032128,17032129,4127^2,4127:4127,2;3;43;2063,1,4,1,1,1,1,1,1,2196612258,0,2->4127;3->4127;43->4127;2063->4127,4127:532254,4127,4127
unit_prime_square,p=4129,1,17048640,17048641,4129^2,4129:4129,2;3;5;7;43;59,1,6,1,1,1,1,1,1,2199807330,0,2->4129;3->4129;5->4129;7->4129;43->4129;59->4129,4129:532770,4129,4129
unit_prime_square,p=4133,1,17081688,17081689,4133^2,4133:4133,2;3;13;53;1033,1,5,1,1,1,1,1,1,17649654126,0,2->4133;3->4133;13->4133;53->4133;1033->4133,4133:4270422,4133,4133
unit_prime_square,p=4139,1,17131320,17131321,4139^2,4139:4139,2;3;5;23;2069,1,5,1,1,1,1,1,1,5908877790,0,2->4139;3->4139;5->4139;23->4139;2069->4139,4139:1427610,4139,4139
unit_prime_square,p=4153,1,17247408,17247409,4153^2,4153:4153,2;3;31;67;173,1,5,1,1,1,1,1,1,8953560678,0,2->4153;3->4153;31->4153;67->4153;173->4153,4153:2155926,4153,4153
unit_prime_square,p=4157,1,17280648,17280649,4157^2,4157:4157,2;3;7;11;1039,1,5,1,1,1,1,1,1,1995434826,0,2->4157;3->4157;7->4157;11->4157;1039->4157,4157:480018,4157,4157
unit_prime_square,p=4159,1,17297280,17297281,4159^2,4159:4159,2;3;5;7;11;13,1,6,1,1,1,1,1,1,124894770,0,2->4159;3->4159;5->4159;7->4159;11->4159;13->4159,4159:30030,4159,4159
unit_prime_square,p=4177,1,17447328,17447329,4177^2,4177:4177,2;3;29;2089,1,4,1,1,1,1,1,1,1518281022,0,2->4177;3->4177;29->4177;2089->4177,4177:363486,4177,4177
unit_prime_square,p=4201,1,17648400,17648401,4201^2,4201:4201,2;3;5;7;11;191,1,6,1,1,1,1,1,1,1853523210,0,2->4201;3->4201;5->4201;7->4201;11->4201;191->4201,4201:441210,4201,4201
unit_prime_square,p=4211,1,17732520,17732521,4211^2,4211:4211,2;3;5;13;421,1,5,1,1,1,1,1,1,691404090,0,2->4211;3->4211;5->4211;13->4211;421->4211,4211:164190,4211,4211
unit_prime_square,p=4217,1,17783088,17783089,4217^2,4217:4217,2;3;17;19;31;37,1,6,1,1,1,1,1,1,9373910262,0,2->4217;3->4217;17->4217;19->4217;31->4217;37->4217,4217:2222886,4217,4217
unit_prime_square,p=4219,1,17799960,17799961,4219^2,4219:4219,2;3;5;19;37;211,1,6,1,1,1,1,1,1,18774507810,0,2->4219;3->4219;5->4219;19->4219;37->4219;211->4219,4219:4449990,4219,4219
unit_prime_square,p=4229,1,17884440,17884441,4229^2,4229:4229,2;3;5;7;47;151,1,6,1,1,1,1,1,1,6302774730,0,2->4229;3->4229;5->4229;7->4229;47->4229;151->4229,4229:1490370,4229,4229
unit_prime_square,p=4231,1,17901360,17901361,4231^2,4231:4231,2;3;5;23;47,1,5,1,1,1,1,1,1,137211330,0,2->4231;3->4231;5->4231;23->4231;47->4231,4231:32430,4231,4231
unit_prime_square,p=4241,1,17986080,17986081,4241^2,4241:4241,2;3;5;7;53;101,1,6,1,1,1,1,1,1,4767435330,0,2->4241;3->4241;5->4241;7->4241;53->4241;101->4241,4241:1124130,4241,4241
unit_prime_square,p=4243,1,18003048,18003049,4243^2,4243:4243,2;3;7;101;1061,1,5,1,1,1,1,1,1,19096733166,0,2->4243;3->4243;7->4243;101->4243;1061->4243,4243:4500762,4243,4243
unit_prime_square,p=4253,1,18088008,18088009,4253^2,4253:4253,2;3;709;1063,1,4,1,1,1,1,1,1,19232074506,0,2->4253;3->4253;709->4253;1063->4253,4253:4522002,4253,4253
unit_prime_square,p=4259,1,18139080,18139081,4259^2,4259:4259,2;3;5;71;2129,1,5,1,1,1,1,1,1,19313585430,0,2->4259;3->4259;5->4259;71->4259;2129->4259,4259:4534770,4259,4259
unit_prime_square,p=4261,1,18156120,18156121,4261^2,4261:4261,2;3;5;71;2131,1,5,1,1,1,1,1,1,19340806830,0,2->4261;3->4261;5->4261;71->4261;2131->4261,4261:4539030,4261,4261
unit_prime_square,p=4271,1,18241440,18241441,4271^2,4271:4271,2;3;5;7;61;89,1,6,1,1,1,1,1,1,4869324390,0,2->4271;3->4271;5->4271;7->4271;61->4271;89->4271,4271:1140090,4271,4271
unit_prime_square,p=4273,1,18258528,18258529,4273^2,4273:4273,2;3;89;2137,1,4,1,1,1,1,1,1,4876168134,0,2->4273;3->4273;89->4273;2137->4273,4273:1141158,4273,4273
unit_prime_square,p=4283,1,18344088,18344089,4283^2,4283:4283,2;3;7;17;2141,1,5,1,1,1,1,1,1,6547310742,0,2->4283;3->4283;7->4283;17->4283;2141->4283,4283:1528674,4283,4283
unit_prime_square,p=4289,1,18395520,18395521,4289^2,4289:4289,2;3;5;11;13;67,1,6,1,1,1,1,1,1,1232787270,0,2->4289;3->4289;5->4289;11->4289;13->4289;67->4289,4289:287430,4289,4289
unit_prime_square,p=4297,1,18464208,18464209,4297^2,4297:4297,2;3;7;179;307,1,5,1,1,1,1,1,1,9917587722,0,2->4297;3->4297;7->4297;179->4297;307->4297,4297:2308026,4297,4297
unit_prime_square,p=4327,1,18722928,18722929,4327^2,4327:4327,2;3;7;103;541,1,5,1,1,1,1,1,1,10126763682,0,2->4327;3->4327;7->4327;103->4327;541->4327,4327:2340366,4327,4327
unit_prime_square,p=4337,1,18809568,18809569,4337^2,4337:4337,2;3;241;271,1,4,1,1,1,1,1,1,1699522842,0,2->4337;3->4337;241->4337;271->4337,4337:391866,4337,4337
unit_prime_square,p=4339,1,18826920,18826921,4339^2,4339:4339,2;3;5;7;31;241,1,6,1,1,1,1,1,1,6807500490,0,2->4339;3->4339;5->4339;7->4339;31->4339;241->4339,4339:1568910,4339,4339
unit_prime_square,p=4349,1,18913800,18913801,4349^2,4349:4349,2;3;5;29;1087,1,5,1,1,1,1,1,1,4112805810,0,2->4349;3->4349;5->4349;29->4349;1087->4349,4349:945690,4349,4349
unit_prime_square,p=4357,1,18983448,18983449,4357^2,4357:4357,2;3;11;2179,1,4,1,1,1,1,1,1,626597598,0,2->4357;3->4357;11->4357;2179->4357,4357:143814,4357,4357
unit_prime_square,p=4363,1,19035768,19035769,4363^2,4363:4363,2;3;727;1091,1,4,1,1,1,1,1,1,20763263946,0,2->4363;3->4363;727->4363;1091->4363,4363:4758942,4363,4363
unit_prime_square,p=4373,1,19123128,19123129,4373^2,4373:4373,2;3;1093,1,3,1,1,1,1,1,1,28678134,0,2->4373;3->4373;1093->4373,4373:6558,4373,4373
unit_prime_square,p=4391,1,19280880,19280881,4391^2,4391:4391,2;3;5;61;439,1,5,1,1,1,1,1,1,3527597670,0,2->4391;3->4391;5->4391;61->4391;439->4391,4391:803370,4391,4391
unit_prime_square,p=4397,1,19333608,19333609,4397^2,4397:4397,2;3;7;157;733,1,5,1,1,1,1,1,1,21252468594,0,2->4397;3->4397;7->4397;157->4397;733->4397,4397:4833402,4397,4397
unit_prime_square,p=4409,1,19439280,19439281,4409^2,4409:4409,2;3;5;7;19;29,1,6,1,1,1,1,1,1,510165390,0,2->4409;3->4409;5->4409;7->4409;19->4409;29->4409,4409:115710,4409,4409
unit_prime_square,p=4421,1,19545240,19545241,4421^2,4421:4421,2;3;5;11;13;17;67,1,7,1,1,1,1,1,1,21602376510,0,2->4421;3->4421;5->4421;11->4421;13->4421;17->4421;67->4421,4421:4886310,4421,4421
unit_prime_square,p=4423,1,19562928,19562929,4423^2,4423:4423,2;3;7;11;67;79,1,6,1,1,1,1,1,1,10815853818,0,2->4423;3->4423;7->4423;11->4423;67->4423;79->4423,4423:2445366,4423,4423
unit_prime_square,p=4441,1,19722480,19722481,4441^2,4441:4441,2;3;5;37;2221,1,5,1,1,1,1,1,1,10948441710,0,2->4441;3->4441;5->4441;37->4441;2221->4441,4441:2465310,4441,4441
unit_prime_square,p=4447,1,19775808,19775809,4447^2,4447:4447,2;3;13;19;139,1,5,1,1,1,1,1,1,916073106,0,2->4447;3->4447;13->4447;19->4447;139->4447,4447:205998,4447,4447
unit_prime_square,p=4451,1,19811400,19811401,4451^2,4451:4451,2;3;5;7;53;89,1,6,1,1,1,1,1,1,4409027070,0,2->4451;3->4451;5->4451;7->4451;53->4451;89->4451,4451:990570,4451,4451
unit_prime_square,p=4457,1,19864848,19864849,4457^2,4457:4457,2;3;557;743,1,4,1,1,1,1,1,1,11067203442,0,2->4457;3->4457;557->4457;743->4457,4457:2483106,4457,4457
unit_prime_square,p=4463,1,19918368,19918369,4463^2,4463:4463,2;3;23;31;97,1,5,1,1,1,1,1,1,1851993258,0,2->4463;3->4463;23->4463;31->4463;97->4463,4463:414966,4463,4463
unit_prime_square,p=4481,1,20079360,20079361,4481^2,4481:4481,2;3;5;7;83,1,5,1,1,1,1,1,1,78103830,0,2->4481;3->4481;5->4481;7->4481;83->4481,4481:17430,4481,4481
unit_prime_square,p=4483,1,20097288,20097289,4483^2,4483:4483,2;3;19;59;83,1,5,1,1,1,1,1,1,2502670614,0,2->4483;3->4483;19->4483;59->4483;83->4483,4483:558258,4483,4483
unit_prime_square,p=4493,1,20187048,20187049,4493^2,4493:4493,2;3;7;107;1123,1,5,1,1,1,1,1,1,22675101666,0,2->4493;3->4493;7->4493;107->4493;1123->4493,4493:5046762,4493,4493
unit_prime_square,p=4507,1,20313048,20313049,4507^2,4507:4507,2;3;7;23;751,1,5,1,1,1,1,1,1,3269675262,0,2->4507;3->4507;7->4507;23->4507;751->4507,4507:725466,4507,4507
unit_prime_square,p=4513,1,20367168,20367169,4513^2,4513:4513,2;3;37;47;61,1,5,1,1,1,1,1,1,2872407162,0,2->4513;3->4513;37->4513;47->4513;61->4513,4513:636474,4513,4513
unit_prime_square,p=4517,1,20403288,20403289,4517^2,4517:4517,2;3;251;1129,1,4,1,1,1,1,1,1,7680137658,0,2->4517;3->4517;251->4517;1129->4517,4517:1700274,4517,4517
unit_prime_square,p=4519,1,20421360,20421361,4519^2,4519:4519,2;3;5;113;251,1,5,1,1,1,1,1,1,3845171910,0,2->4519;3->4519;5->4519;113->4519;251->4519,4519:850890,4519,4519
unit_prime_square,p=4523,1,20457528,20457529,4523^2,4523:4523,2;3;7;13;17;19;29,1,7,1,1,1,1,1,1,23132349786,0,2->4523;3->4523;7->4523;13->4523;17->4523;19->4523;29->4523,4523:5114382,4523,4523
unit_prime_square,p=4547,1,20675208,20675209,4547^2,4547:4547,2;3;379;2273,1,4,1,1,1,1,1,1,23502542694,0,2->4547;3->4547;379->4547;2273->4547,4547:5168802,4547,4547
unit_prime_square,p=4549,1,20693400,20693401,4549^2,4549:4549,2;3;5;7;13;379,1,6,1,1,1,1,1,1,4706713830,0,2->4549;3->4549;5->4549;7->4549;13->4549;379->4549,4549:1034670,4549,4549
unit_prime_square,p=4561,1,20802720,20802721,4561^2,4561:4561,2;3;5;19;2281,1,5,1,1,1,1,1,1,5930075370,0,2->4561;3->4561;5->4561;19->4561;2281->4561,4561:1300170,4561,4561
unit_prime_square,p=4567,1,20857488,20857489,4567^2,4567:4567,2;3;571;761,1,4,1,1,1,1,1,1,11907018462,0,2->4567;3->4567;571->4567;761->4567,4567:2607186,4567,4567
unit_prime_square,p=4583,1,21003888,21003889,4583^2,4583:4583,2;3;29;79;191,1,5,1,1,1,1,1,1,12032602338,0,2->4583;3->4583;29->4583;79->4583;191->4583,4583:2625486,4583,4583
unit_prime_square,p=4591,1,21077280,21077281,4591^2,4591:4591,2;3;5;7;17;41,1,6,1,1,1,1,1,1,671984670,0,2->4591;3->4591;5->4591;7->4591;17->4591;41->4591,4591:146370,4591,4591
unit_prime_square,p=4597,1,21132408,21132409,4597^2,4597:4597,2;3;11;19;383,1,5,1,1,1,1,1,1,2207856354,0,2->4597;3->4597;11->4597;19->4597;383->4597,4597:480282,4597,4597
unit_prime_square,p=4603,1,21187608,21187609,4603^2,4603:4603,2;3;13;59;1151,1,5,1,1,1,1,1,1,24381639906,0,2->4603;3->4603;13->4603;59->4603;1151->4603,4603:5296902,4603,4603
unit_prime_square,p=4621,1,21353640,21353641,4621^2,4621:4621,2;3;5;7;11;2311,1,6,1,1,1,1,1,1,24668792610,0,2->4621;3->4621;5->4621;7->4621;11->4621;2311->4621,4621:5338410,4621,4621
unit_prime_square,p=4637,1,21501768,21501769,4637^2,4637:4637,2;3;19;61;773,1,5,1,1,1,1,1,1,24925924554,0,2->4637;3->4637;19->4637;61->4637;773->4637,4637:5375442,4637,4637
unit_prime_square,p=4639,1,21520320,21520321,4639^2,4639:4639,2;3;5;29;773,1,5,1,1,1,1,1,1,3119773890,0,2->4639;3->4639;5->4639;29->4639;773->4639,4639:672510,4639,4639
unit_prime_square,p=4643,1,21557448,21557449,4643^2,4643:4643,2;3;11;43;211,1,5,1,1,1,1,1,1,2780311974,0,2->4643;3->4643;11->4643;43->4643;211->4643,4643:598818,4643,4643
unit_prime_square,p=4649,1,21613200,21613201,4649^2,4649:4649,2;3;5;7;31;83,1,6,1,1,1,1,1,1,2511994170,0,2->4649;3->4649;5->4649;7->4649;31->4649;83->4649,4649:540330,4649,4649
unit_prime_square,p=4651,1,21631800,21631801,4651^2,4651:4651,2;3;5;31;1163,1,5,1,1,1,1,1,1,5030475090,0,2->4651;3->4651;5->4651;31->4651;1163->4651,4651:1081590,4651,4651
unit_prime_square,p=4657,1,21687648,21687649,4657^2,4657:4657,2;3;17;97;137,1,5,1,1,1,1,1,1,6312461046,0,2->4657;3->4657;17->4657;97->4657;137->4657,4657:1355478,4657,4657
unit_prime_square,p=4663,1,21743568,21743569,4663^2,4663:4663,2;3;7;11;37;53,1,6,1,1,1,1,1,1,4224594066,0,2->4663;3->4663;7->4663;11->4663;37->4663;53->4663,4663:905982,4663,4663
unit_prime_square,p=4673,1,21836928,21836929,4673^2,4673:4673,2;3;19;41;73,1,5,1,1,1,1,1,1,1594436946,0,2->4673;3->4673;19->4673;41->4673;73->4673,4673:341202,4673,4673
unit_prime_square,p=4679,1,21893040,21893041,4679^2,4679:4679,2;3;5;13;2339,1,5,1,1,1,1,1,1,4268230590,0,2->4679;3->4679;5->4679;13->4679;2339->4679,4679:912210,4679,4679
unit_prime_square,p=4691,1,22005480,22005481,4691^2,4691:4691,2;3;5;7;17;23;67,1,7,1,1,1,1,1,1,25806926670,0,2->4691;3->4691;5->4691;7->4691;17->4691;23->4691;67->4691,4691:5501370,4691,4691
unit_prime_square,p=4703,1,22118208,22118209,4703^2,4703:4703,2;3;7;2351,1,4,1,1,1,1,1,1,464383626,0,2->4703;3->4703;7->4703;2351->4703,4703:98742,4703,4703
unit_prime_square,p=4721,1,22287840,22287841,4721^2,4721:4721,2;3;5;59;787,1,5,1,1,1,1,1,1,6576305790,0,2->4721;3->4721;5->4721;59->4721;787->4721,4721:1392990,4721,4721
unit_prime_square,p=4723,1,22306728,22306729,4723^2,4723:4723,2;3;787;1181,1,4,1,1,1,1,1,1,26338669086,0,2->4723;3->4723;787->4723;1181->4723,4723:5576682,4723,4723
unit_prime_square,p=4729,1,22363440,22363441,4729^2,4729:4729,2;3;5;11;43;197,1,6,1,1,1,1,1,1,13219588470,0,2->4729;3->4729;5->4729;11->4729;43->4729;197->4729,4729:2795430,4729,4729
unit_prime_square,p=4733,1,22401288,22401289,4733^2,4733:4733,2;3;7;13;263,1,5,1,1,1,1,1,1,679649334,0,2->4733;3->4733;7->4733;13->4733;263->4733,4733:143598,4733,4733
unit_prime_square,p=4751,1,22572000,22572001,4751^2,4751:4751,2;3;5;11;19,1,5,1,1,1,1,1,1,29788770,0,2->4751;3->4751;5->4751;11->4751;19->4751,4751:6270,4751,4751
unit_prime_square,p=4759,1,22648080,22648081,4759^2,4759:4759,2;3;5;7;13;17;61,1,7,1,1,1,1,1,1,13472776590,0,2->4759;3->4759;5->4759;7->4759;13->4759;17->4759;61->4759,4759:2831010,4759,4759
unit_prime_square,p=4783,1,22877088,22877089,4783^2,4783:4783,2;3;13;23;797,1,5,1,1,1,1,1,1,6838819494,0,2->4783;3->4783;13->4783;23->4783;797->4783,4783:1429818,4783,4783
unit_prime_square,p=4787,1,22915368,22915369,4787^2,4787:4787,2;3;7;19;2393,1,5,1,1,1,1,1,1,9141322218,0,2->4787;3->4787;7->4787;19->4787;2393->4787,4787:1909614,4787,4787
unit_prime_square,p=4789,1,22934520,22934521,4789^2,4789:4789,2;3;5;7;19;479,1,6,1,1,1,1,1,1,9152784690,0,2->4789;3->4789;5->4789;7->4789;19->4789;479->4789,4789:1911210,4789,4789
unit_prime_square,p=4793,1,22972848,22972849,4793^2,4793:4793,2;3;17;47;599,1,5,1,1,1,1,1,1,13763607558,0,2->4793;3->4793;17->4793;47->4793;599->4793,4793:2871606,4793,4793
unit_prime_square,p=4799,1,23030400,23030401,4799^2,4799:4799,2;3;5;2399,1,4,1,1,1,1,1,1,345384030,0,2->4799;3->4799;5->4799;2399->4799,4799:71970,4799,4799
unit_prime_square,p=4801,1,23049600,23049601,4801^2,4801:4801,2;3;5;7,1,4,4801,210,4801,210,1,1,1008210,27,2->4801;3->4801;5->4801;7->4801,4801:210,210,4801
unit_prime_square,p=4813,1,23164968,23164969,4813^2,4813:4813,2;3;29;83;401,1,5,1,1,1,1,1,1,27873247746,0,2->4813;3->4813;29->4813;83->4813;401->4813,4813:5791242,4813,4813
unit_prime_square,p=4817,1,23203488,23203489,4817^2,4817:4817,2;3;7;11;43;73,1,6,1,1,1,1,1,1,6985700106,0,2->4817;3->4817;7->4817;11->4817;43->4817;73->4817,4817:1450218,4817,4817
unit_prime_square,p=4831,1,23338560,23338561,4831^2,4831:4831,2;3;5;7;23;151,1,6,1,1,1,1,1,1,3523393230,0,2->4831;3->4831;5->4831;7->4831;23->4831;151->4831,4831:729330,4831,4831
unit_prime_square,p=4861,1,23629320,23629321,4861^2,4861:4861,2;3;5;11;13;17,1,6,1,1,1,1,1,1,354512730,0,2->4861;3->4861;5->4861;11->4861;13->4861;17->4861,4861:72930,4861,4861
unit_prime_square,p=4871,1,23726640,23726641,4871^2,4871:4871,2;3;5;7;29;487,1,6,1,1,1,1,1,1,14446557930,0,2->4871;3->4871;5->4871;7->4871;29->4871;487->4871,4871:2965830,4871,4871
unit_prime_square,p=4877,1,23785128,23785129,4877^2,4877:4877,2;3;23;53;271,1,5,1,1,1,1,1,1,9666672438,0,2->4877;3->4877;23->4877;53->4877;271->4877,4877:1982094,4877,4877
unit_prime_square,p=4889,1,23902320,23902321,4889^2,4889:4889,2;3;5;13;47;163,1,6,1,1,1,1,1,1,14607305310,0,2->4889;3->4889;5->4889;13->4889;47->4889;163->4889,4889:2987790,4889,4889
unit_prime_square,p=4903,1,24039408,24039409,4903^2,4903:4903,2;3;19;43;613,1,5,1,1,1,1,1,1,14733152178,0,2->4903;3->4903;19->4903;43->4903;613->4903,4903:3004926,4903,4903
unit_prime_square,p=4909,1,24098280,24098281,4909^2,4909:4909,2;3;5;409;491,1,5,1,1,1,1,1,1,29574614130,0,2->4909;3->4909;5->4909;409->4909;491->4909,4909:6024570,4909,4909
unit_prime_square,p=4919,1,24196560,24196561,4919^2,4919:4919,2;3;5;41;2459,1,5,1,1,1,1,1,1,14877859830,0,2->4919;3->4919;5->4919;41->4919;2459->4919,4919:3024570,4919,4919
unit_prime_square,p=4931,1,24314760,24314761,4931^2,4931:4931,2;3;5;17;29;137,1,6,1,1,1,1,1,1,9991340130,0,2->4931;3->4931;5->4931;17->4931;29->4931;137->4931,4931:2026230,4931,4931
unit_prime_square,p=4933,1,24334488,24334489,4933^2,4933:4933,2;3;137;2467,1,4,1,1,1,1,1,1,10003502442,0,2->4933;3->4933;137->4933;2467->4933,4933:2027874,4933,4933
unit_prime_square,p=4937,1,24373968,24373969,4937^2,4937:4937,2;3;617;823,1,4,1,1,1,1,1,1,15041785002,0,2->4937;3->4937;617->4937;823->4937,4937:3046746,4937,4937
unit_prime_square,p=4943,1,24433248,24433249,4943^2,4943:4943,2;3;7;103;353,1,5,1,1,1,1,1,1,7548346554,0,2->4943;3->4943;7->4943;103->4943;353->4943,4943:1527078,4943,4943
unit_prime_square,p=4951,1,24512400,24512401,4951^2,4951:4951,2;3;5;11;619,1,5,1,1,1,1,1,1,1011340770,0,2->4951;3->4951;5->4951;11->4951;619->4951,4951:204270,4951,4951
unit_prime_square,p=4957,1,24571848,24571849,4957^2,4957:4957,2;3;7;37;59;67,1,6,1,1,1,1,1,1,30450662634,0,2->4957;3->4957;7->4957;37->4957;59->4957;67->4957,4957:6142962,4957,4957
unit_prime_square,p=4967,1,24671088,24671089,4967^2,4967:4967,2;3;13;23;191,1,5,1,1,1,1,1,1,1701962418,0,2->4967;3->4967;13->4967;23->4967;191->4967,4967:342654,4967,4967
unit_prime_square,p=4969,1,24690960,24690961,4969^2,4969:4969,2;3;5;7;23;71,1,6,1,1,1,1,1,1,1704019170,0,2->4969;3->4969;5->4969;7->4969;23->4969;71->4969,4969:342930,4969,4969
unit_prime_square,p=4973,1,24730728,24730729,4973^2,4973:4973,2;3;11;113;829,1,5,1,1,1,1,1,1,30746477586,0,2->4973;3->4973;11->4973;113->4973;829->4973,4973:6182682,4973,4973
unit_prime_square,p=4987,1,24870168,24870169,4987^2,4987:4987,2;3;29;43;277,1,5,1,1,1,1,1,1,10335627318,0,2->4987;3->4987;29->4987;43->4987;277->4987,4987:2072514,4987,4987
unit_prime_square,p=4993,1,24930048,24930049,4993^2,4993:4993,2;3;11;13;227,1,5,1,1,1,1,1,1,972466638,0,2->4993;3->4993;11->4993;13->4993;227->4993,4993:194766,4993,4993
unit_prime_square,p=4999,1,24990000,24990001,4999^2,4999:4999,2;3;5;7;17,1,5,4999,3570,4999,3570,1,1,17846430,2,2->4999;3->4999;5->4999;7->4999;17->4999,4999:3570,3570,4999
prime_hypotenuse_pythagorean_square,m=2;n=1;p=5,9,16,25,5^2,5:5,2;3,1,2,1,1,1,1,1,1,30,0,2->5;3->5,5:6,5,5
prime_hypotenuse_pythagorean_square,m=3;n=2;p=13,25,144,169,13^2,13:13,2;3;5,1,3,1,1,1,1,1,1,390,0,2->13;3->13;5->13,13:30,13,13
prime_hypotenuse_pythagorean_square,m=4;n=1;p=17,64,225,289,17^2,17:17,2;3;5,1,3,1,1,1,1,1,1,510,0,2->17;3->17;5->17,17:30,17,17
prime_hypotenuse_pythagorean_square,m=5;n=2;p=29,400,441,841,29^2,29:29,2;3;5;7,1,4,1,1,1,1,1,1,6090,0,2->29;3->29;5->29;7->29,29:210,29,29
prime_hypotenuse_pythagorean_square,m=5;n=4;p=41,81,1600,1681,41^2,41:41,2;3;5,1,3,41,30,41,30,1,1,1230,5,2->41;3->41;5->41,41:30,30,41
prime_hypotenuse_pythagorean_square,m=6;n=1;p=37,144,1225,1369,37^2,37:37,2;3;5;7,1,4,1,1,1,1,1,1,7770,0,2->37;3->37;5->37;7->37,37:210,37,37
prime_hypotenuse_pythagorean_square,m=6;n=5;p=61,121,3600,3721,61^2,61:61,2;3;5;11,1,4,1,1,1,1,1,1,20130,0,2->61;3->61;5->61;11->61,61:330,61,61
prime_hypotenuse_pythagorean_square,m=7;n=2;p=53,784,2025,2809,53^2,53:53,2;3;5;7,1,4,1,1,1,1,1,1,11130,0,2->53;3->53;5->53;7->53,53:210,53,53
prime_hypotenuse_pythagorean_square,m=8;n=3;p=73,2304,3025,5329,73^2,73:73,2;3;5;11,1,4,1,1,1,1,1,1,24090,0,2->73;3->73;5->73;11->73,73:330,73,73
prime_hypotenuse_pythagorean_square,m=8;n=5;p=89,1521,6400,7921,89^2,89:89,2;3;5;13,1,4,1,1,1,1,1,1,34710,0,2->89;3->89;5->89;13->89,89:390,89,89
prime_hypotenuse_pythagorean_square,m=8;n=7;p=113,225,12544,12769,113^2,113:113,2;3;5;7,1,4,1,1,1,1,1,1,23730,0,2->113;3->113;5->113;7->113,113:210,113,113
prime_hypotenuse_pythagorean_square,m=9;n=4;p=97,4225,5184,9409,97^2,97:97,2;3;5;13,1,4,1,1,1,1,1,1,37830,0,2->97;3->97;5->97;13->97,97:390,97,97
prime_hypotenuse_pythagorean_square,m=10;n=1;p=101,400,9801,10201,101^2,101:101,2;3;5;11,1,4,1,1,1,1,1,1,33330,0,2->101;3->101;5->101;11->101,101:330,101,101
prime_hypotenuse_pythagorean_square,m=10;n=3;p=109,3600,8281,11881,109^2,109:109,2;3;5;7;13,1,5,1,1,1,1,1,1,297570,0,2->109;3->109;5->109;7->109;13->109,109:2730,109,109
prime_hypotenuse_pythagorean_square,m=10;n=7;p=149,2601,19600,22201,149^2,149:149,2;3;5;7;17,1,5,1,1,1,1,1,1,531930,0,2->149;3->149;5->149;7->149;17->149,149:3570,149,149
prime_hypotenuse_pythagorean_square,m=10;n=9;p=181,361,32400,32761,181^2,181:181,2;3;5;19,1,4,1,1,1,1,1,1,103170,0,2->181;3->181;5->181;19->181,181:570,181,181
prime_hypotenuse_pythagorean_square,m=11;n=4;p=137,7744,11025,18769,137^2,137:137,2;3;5;7;11,1,5,1,1,1,1,1,1,316470,0,2->137;3->137;5->137;7->137;11->137,137:2310,137,137
prime_hypotenuse_pythagorean_square,m=11;n=6;p=157,7225,17424,24649,157^2,157:157,2;3;5;11;17,1,5,1,1,1,1,1,1,880770,0,2->157;3->157;5->157;11->157;17->157,157:5610,157,157
prime_hypotenuse_pythagorean_square,m=12;n=7;p=193,9025,28224,37249,193^2,193:193,2;3;5;7;19,1,5,1,1,1,1,1,1,770070,0,2->193;3->193;5->193;7->193;19->193,193:3990,193,193
prime_hypotenuse_pythagorean_square,m=13;n=2;p=173,2704,27225,29929,173^2,173:173,2;3;5;11;13,1,5,1,1,1,1,1,1,742170,0,2->173;3->173;5->173;11->173;13->173,173:4290,173,173
prime_hypotenuse_pythagorean_square,m=13;n=8;p=233,11025,43264,54289,233^2,233:233,2;3;5;7;13,1,5,1,1,1,1,1,1,636090,0,2->233;3->233;5->233;7->233;13->233,233:2730,233,233
prime_hypotenuse_pythagorean_square,m=13;n=10;p=269,4761,67600,72361,269^2,269:269,2;3;5;13;23,1,5,1,1,1,1,1,1,2412930,0,2->269;3->269;5->269;13->269;23->269,269:8970,269,269
prime_hypotenuse_pythagorean_square,m=13;n=12;p=313,625,97344,97969,313^2,313:313,2;3;5;13,1,4,1,1,1,1,1,1,122070,0,2->313;3->313;5->313;13->313,313:390,313,313
prime_hypotenuse_pythagorean_square,m=14;n=1;p=197,784,38025,38809,197^2,197:197,2;3;5;7;13,1,5,1,1,1,1,1,1,537810,0,2->197;3->197;5->197;7->197;13->197,197:2730,197,197
prime_hypotenuse_pythagorean_square,m=14;n=9;p=277,13225,63504,76729,277^2,277:277,2;3;5;7;23,1,5,1,1,1,1,1,1,1337910,0,2->277;3->277;5->277;7->277;23->277,277:4830,277,277
prime_hypotenuse_pythagorean_square,m=14;n=11;p=317,5625,94864,100489,317^2,317:317,2;3;5;7;11,1,5,1,1,1,1,1,1,732270,0,2->317;3->317;5->317;7->317;11->317,317:2310,317,317
prime_hypotenuse_pythagorean_square,m=15;n=2;p=229,3600,48841,52441,229^2,229:229,2;3;5;13;17,1,5,1,1,1,1,1,1,1518270,0,2->229;3->229;5->229;13->229;17->229,229:6630,229,229
prime_hypotenuse_pythagorean_square,m=15;n=4;p=241,14400,43681,58081,241^2,241:241,2;3;5;11;19,1,5,1,1,1,1,1,1,1511070,0,2->241;3->241;5->241;11->241;19->241,241:6270,241,241
prime_hypotenuse_pythagorean_square,m=15;n=14;p=421,841,176400,177241,421^2,421:421,2;3;5;7;29,1,5,1,1,1,1,1,1,2563890,0,2->421;3->421;5->421;7->421;29->421,421:6090,421,421
prime_hypotenuse_pythagorean_square,m=16;n=1;p=257,1024,65025,66049,257^2,257:257,2;3;5;17,1,4,1,1,1,1,1,1,131070,0,2->257;3->257;5->257;17->257,257:510,257,257
prime_hypotenuse_pythagorean_square,m=16;n=5;p=281,25600,53361,78961,281^2,281:281,2;3;5;7;11,1,5,1,1,1,1,1,1,649110,0,2->281;3->281;5->281;7->281;11->281,281:2310,281,281
prime_hypotenuse_pythagorean_square,m=16;n=9;p=337,30625,82944,113569,337^2,337:337,2;3;5;7,1,4,337,210,337,210,1,1,70770,5,2->337;3->337;5->337;7->337,337:210,210,337
prime_hypotenuse_pythagorean_square,m=17;n=2;p=293,4624,81225,85849,293^2,293:293,2;3;5;17;19,1,5,1,1,1,1,1,1,2839170,0,2->293;3->293;5->293;17->293;19->293,293:9690,293,293
prime_hypotenuse_pythagorean_square,m=17;n=8;p=353,50625,73984,124609,353^2,353:353,2;3;5;17,1,4,1,1,1,1,1,1,180030,0,2->353;3->353;5->353;17->353,353:510,353,353
prime_hypotenuse_pythagorean_square,m=17;n=10;p=389,35721,115600,151321,389^2,389:389,2;3;5;7;17,1,5,1,1,1,1,1,1,1388730,0,2->389;3->389;5->389;7->389;17->389,389:3570,389,389
prime_hypotenuse_pythagorean_square,m=17;n=12;p=433,21025,166464,187489,433^2,433:433,2;3;5;17;29,1,5,1,1,1,1,1,1,6404070,0,2->433;3->433;5->433;17->433;29->433,433:14790,433,433
prime_hypotenuse_pythagorean_square,m=18;n=5;p=349,32400,89401,121801,349^2,349:349,2;3;5;13;23,1,5,1,1,1,1,1,1,3130530,0,2->349;3->349;5->349;13->349;23->349,349:8970,349,349
prime_hypotenuse_pythagorean_square,m=18;n=7;p=373,63504,75625,139129,373^2,373:373,2;3;5;7;11,1,5,1,1,1,1,1,1,861630,0,2->373;3->373;5->373;7->373;11->373,373:2310,373,373
prime_hypotenuse_pythagorean_square,m=18;n=17;p=613,1225,374544,375769,613^2,613:613,2;3;5;7;17,1,5,1,1,1,1,1,1,2188410,0,2->613;3->613;5->613;7->613;17->613,613:3570,613,613
prime_hypotenuse_pythagorean_square,m=19;n=6;p=397,51984,105625,157609,397^2,397:397,2;3;5;13;19,1,5,1,1,1,1,1,1,2941770,0,2->397;3->397;5->397;13->397;19->397,397:7410,397,397
prime_hypotenuse_pythagorean_square,m=19;n=10;p=461,68121,144400,212521,461^2,461:461,2;3;5;19;29,1,5,1,1,1,1,1,1,7620330,0,2->461;3->461;5->461;19->461;29->461,461:16530,461,461
prime_hypotenuse_pythagorean_square,m=19;n=14;p=557,27225,283024,310249,557^2,557:557,2;3;5;7;11;19,1,6,1,1,1,1,1,1,24446730,0,2->557;3->557;5->557;7->557;11->557;19->557,557:43890,557,557
prime_hypotenuse_pythagorean_square,m=19;n=16;p=617,11025,369664,380689,617^2,617:617,2;3;5;7;19,1,5,1,1,1,1,1,1,2461830,0,2->617;3->617;5->617;7->617;19->617,617:3990,617,617
prime_hypotenuse_pythagorean_square,m=20;n=1;p=401,1600,159201,160801,401^2,401:401,2;3;5;7;19,1,5,1,1,1,1,1,1,1599990,0,2->401;3->401;5->401;7->401;19->401,401:3990,401,401
prime_hypotenuse_pythagorean_square,m=20;n=3;p=409,14400,152881,167281,409^2,409:409,2;3;5;17;23,1,5,1,1,1,1,1,1,4797570,0,2->409;3->409;5->409;17->409;23->409,409:11730,409,409
prime_hypotenuse_pythagorean_square,m=20;n=7;p=449,78400,123201,201601,449^2,449:449,2;3;5;7;13,1,5,1,1,1,1,1,1,1225770,0,2->449;3->449;5->449;7->449;13->449,449:2730,449,449
prime_hypotenuse_pythagorean_square,m=20;n=11;p=521,77841,193600,271441,521^2,521:521,2;3;5;11;31,1,5,1,1,1,1,1,1,5329830,0,2->521;3->521;5->521;11->521;31->521,521:10230,521,521
prime_hypotenuse_pythagorean_square,m=20;n=13;p=569,53361,270400,323761,569^2,569:569,2;3;5;7;11;13,1,6,1,1,1,1,1,1,17087070,0,2->569;3->569;5->569;7->569;11->569;13->569,569:30030,569,569
prime_hypotenuse_pythagorean_square,m=20;n=19;p=761,1521,577600,579121,761^2,761:761,2;3;5;13;19,1,5,1,1,1,1,1,1,5639010,0,2->761;3->761;5->761;13->761;19->761,761:7410,761,761
prime_hypotenuse_pythagorean_square,m=21;n=4;p=457,28224,180625,208849,457^2,457:457,2;3;5;7;17,1,5,1,1,1,1,1,1,1631490,0,2->457;3->457;5->457;7->457;17->457,457:3570,457,457
prime_hypotenuse_pythagorean_square,m=21;n=10;p=541,116281,176400,292681,541^2,541:541,2;3;5;7;11;31,1,6,1,1,1,1,1,1,38741010,0,2->541;3->541;5->541;7->541;11->541;31->541,541:71610,541,541
prime_hypotenuse_pythagorean_square,m=22;n=5;p=509,48400,210681,259081,509^2,509:509,2;3;5;11;17,1,5,1,1,1,1,1,1,2855490,0,2->509;3->509;5->509;11->509;17->509,509:5610,509,509
prime_hypotenuse_pythagorean_square,m=22;n=13;p=653,99225,327184,426409,653^2,653:653,2;3;5;7;11;13,1,6,1,1,1,1,1,1,19609590,0,2->653;3->653;5->653;7->653;11->653;13->653,653:30030,653,653
prime_hypotenuse_pythagorean_square,m=22;n=15;p=709,67081,435600,502681,709^2,709:709,2;3;5;7;11;37,1,6,1,1,1,1,1,1,60598230,0,2->709;3->709;5->709;7->709;11->709;37->709,709:85470,709,709
prime_hypotenuse_pythagorean_square,m=22;n=17;p=773,38025,559504,597529,773^2,773:773,2;3;5;11;13;17,1,6,1,1,1,1,1,1,56374890,0,2->773;3->773;5->773;11->773;13->773;17->773,773:72930,773,773
prime_hypotenuse_pythagorean_square,m=23;n=8;p=593,135424,216225,351649,593^2,593:593,2;3;5;23;31,1,5,1,1,1,1,1,1,12684270,0,2->593;3->593;5->593;23->593;31->593,593:21390,593,593
prime_hypotenuse_pythagorean_square,m=23;n=12;p=673,148225,304704,452929,673^2,673:673,2;3;5;7;11;23,1,6,1,1,1,1,1,1,35756490,0,2->673;3->673;5->673;7->673;11->673;23->673,673:53130,673,673
prime_hypotenuse_pythagorean_square,m=23;n=18;p=853,42025,685584,727609,853^2,853:853,2;3;5;23;41,1,5,1,1,1,1,1,1,24131370,0,2->853;3->853;5->853;23->853;41->853,853:28290,853,853
prime_hypotenuse_pythagorean_square,m=23;n=20;p=929,16641,846400,863041,929^2,929:929,2;3;5;23;43,1,5,1,1,1,1,1,1,27563430,0,2->929;3->929;5->929;23->929;43->929,929:29670,929,929
prime_hypotenuse_pythagorean_square,m=23;n=22;p=1013,2025,1024144,1026169,1013^2,1013:1013,2;3;5;11;23,1,5,1,1,1,1,1,1,7688670,0,2->1013;3->1013;5->1013;11->1013;23->1013,1013:7590,1013,1013
prime_hypotenuse_pythagorean_square,m=24;n=1;p=577,2304,330625,332929,577^2,577:577,2;3;5;23,1,4,1,1,1,1,1,1,398130,0,2->577;3->577;5->577;23->577,577:690,577,577
prime_hypotenuse_pythagorean_square,m=24;n=5;p=601,57600,303601,361201,601^2,601:601,2;3;5;19;29,1,5,1,1,1,1,1,1,9934530,0,2->601;3->601;5->601;19->601;29->601,601:16530,601,601
prime_hypotenuse_pythagorean_square,m=24;n=19;p=937,46225,831744,877969,937^2,937:937,2;3;5;19;43,1,5,1,1,1,1,1,1,22965870,0,2->937;3->937;5->937;19->937;43->937,937:24510,937,937
prime_hypotenuse_pythagorean_square,m=25;n=4;p=641,40000,370881,410881,641^2,641:641,2;3;5;7;29,1,5,1,1,1,1,1,1,3903690,0,2->641;3->641;5->641;7->641;29->641,641:6090,641,641
prime_hypotenuse_pythagorean_square,m=25;n=6;p=661,90000,346921,436921,661^2,661:661,2;3;5;19;31,1,5,1,1,1,1,1,1,11679870,0,2->661;3->661;5->661;19->661;31->661,661:17670,661,661
prime_hypotenuse_pythagorean_square,m=25;n=12;p=769,231361,360000,591361,769^2,769:769,2;3;5;13;37,1,5,1,1,1,1,1,1,11096670,0,2->769;3->769;5->769;13->769;37->769,769:14430,769,769
prime_hypotenuse_pythagorean_square,m=25;n=14;p=821,184041,490000,674041,821^2,821:821,2;3;5;7;11;13,1,6,1,1,1,1,1,1,24654630,0,2->821;3->821;5->821;7->821;11->821;13->821,821:30030,821,821
prime_hypotenuse_pythagorean_square,m=25;n=16;p=881,136161,640000,776161,881^2,881:881,2;3;5;41,1,4,1,1,1,1,1,1,1083630,0,2->881;3->881;5->881;41->881,881:1230,881,881
prime_hypotenuse_pythagorean_square,m=25;n=22;p=1109,19881,1210000,1229881,1109^2,1109:1109,2;3;5;11;47,1,5,1,1,1,1,1,1,17200590,0,2->1109;3->1109;5->1109;11->1109;47->1109,1109:15510,1109,1109
prime_hypotenuse_pythagorean_square,m=25;n=24;p=1201,2401,1440000,1442401,1201^2,1201:1201,2;3;5;7,1,4,1201,210,1201,210,1,1,252210,16,2->1201;3->1201;5->1201;7->1201,1201:210,210,1201
prime_hypotenuse_pythagorean_square,m=26;n=1;p=677,2704,455625,458329,677^2,677:677,2;3;5;13,1,4,677,390,677,390,1,1,264030,5,2->677;3->677;5->677;13->677,677:390,390,677
prime_hypotenuse_pythagorean_square,m=26;n=5;p=701,67600,423801,491401,701^2,701:701,2;3;5;7;13;31,1,6,1,1,1,1,1,1,59325630,0,2->701;3->701;5->701;7->701;13->701;31->701,701:84630,701,701
prime_hypotenuse_pythagorean_square,m=26;n=9;p=757,219024,354025,573049,757^2,757:757,2;3;5;7;13;17,1,6,1,1,1,1,1,1,35132370,0,2->757;3->757;5->757;7->757;13->757;17->757,757:46410,757,757
prime_hypotenuse_pythagorean_square,m=26;n=11;p=797,308025,327184,635209,797^2,797:797,2;3;5;11;13;37,1,6,1,1,1,1,1,1,126507810,0,2->797;3->797;5->797;11->797;13->797;37->797,797:158730,797,797
prime_hypotenuse_pythagorean_square,m=26;n=21;p=1117,55225,1192464,1247689,1117^2,1117:1117,2;3;5;7;13;47,1,6,1,1,1,1,1,1,143322270,0,2->1117;3->1117;5->1117;7->1117;13->1117;47->1117,1117:128310,1117,1117
prime_hypotenuse_pythagorean_square,m=26;n=25;p=1301,2601,1690000,1692601,1301^2,1301:1301,2;3;5;13;17,1,5,1,1,1,1,1,1,8625630,0,2->1301;3->1301;5->1301;13->1301;17->1301,1301:6630,1301,1301
prime_hypotenuse_pythagorean_square,m=27;n=2;p=733,11664,525625,537289,733^2,733:733,2;3;5;29,1,4,1,1,1,1,1,1,637710,0,2->733;3->733;5->733;29->733,733:870,733,733
prime_hypotenuse_pythagorean_square,m=27;n=10;p=829,291600,395641,687241,829^2,829:829,2;3;5;17;37,1,5,1,1,1,1,1,1,15643230,0,2->829;3->829;5->829;17->829;37->829,829:18870,829,829
prime_hypotenuse_pythagorean_square,m=27;n=20;p=1129,108241,1166400,1274641,1129^2,1129:1129,2;3;5;7;47,1,5,1,1,1,1,1,1,11143230,0,2->1129;3->1129;5->1129;7->1129;47->1129,1129:9870,1129,1129
prime_hypotenuse_pythagorean_square,m=27;n=22;p=1213,60025,1411344,1471369,1213^2,1213:1213,2;3;5;7;11,1,5,1,1,1,1,1,1,2802030,0,2->1213;3->1213;5->1213;7->1213;11->1213,1213:2310,1213,1213
prime_hypotenuse_pythagorean_square,m=28;n=5;p=809,78400,576081,654481,809^2,809:809,2;3;5;7;11;23,1,6,1,1,1,1,1,1,42982170,0,2->809;3->809;5->809;7->809;11->809;23->809,809:53130,809,809
prime_hypotenuse_pythagorean_square,m=28;n=13;p=953,378225,529984,908209,953^2,953:953,2;3;5;7;13;41,1,6,1,1,1,1,1,1,106669290,0,2->953;3->953;5->953;7->953;13->953;41->953,953:111930,953,953
prime_hypotenuse_pythagorean_square,m=28;n=15;p=1009,312481,705600,1018081,1009^2,1009:1009,2;3;5;7;13;43,1,6,1,1,1,1,1,1,118446510,0,2->1009;3->1009;5->1009;7->1009;13->1009;43->1009,1009:117390,1009,1009
prime_hypotenuse_pythagorean_square,m=28;n=25;p=1409,25281,1960000,1985281,1409^2,1409:1409,2;3;5;7;53,1,5,1,1,1,1,1,1,15682170,0,2->1409;3->1409;5->1409;7->1409;53->1409,1409:11130,1409,1409
prime_hypotenuse_pythagorean_square,m=29;n=4;p=857,53824,680625,734449,857^2,857:857,2;3;5;11;29,1,5,1,1,1,1,1,1,8201490,0,2->857;3->857;5->857;11->857;29->857,857:9570,857,857
prime_hypotenuse_pythagorean_square,m=29;n=6;p=877,121104,648025,769129,877^2,877:877,2;3;5;7;23;29,1,6,1,1,1,1,1,1,122841390,0,2->877;3->877;5->877;7->877;23->877;29->877,877:140070,877,877
prime_hypotenuse_pythagorean_square,m=29;n=10;p=941,336400,549081,885481,941^2,941:941,2;3;5;13;19;29,1,6,1,1,1,1,1,1,202211490,0,2->941;3->941;5->941;13->941;19->941;29->941,941:214890,941,941
prime_hypotenuse_pythagorean_square,m=29;n=16;p=1097,342225,861184,1203409,1097^2,1097:1097,2;3;5;13;29,1,5,1,1,1,1,1,1,12407070,0,2->1097;3->1097;5->1097;13->1097;29->1097,1097:11310,1097,1097
prime_hypotenuse_pythagorean_square,m=30;n=11;p=1021,435600,606841,1042441,1021^2,1021:1021,2;3;5;11;19;41,1,6,1,1,1,1,1,1,262468470,0,2->1021;3->1021;5->1021;11->1021;19->1021;41->1021,1021:257070,1021,1021
prime_hypotenuse_pythagorean_square,m=30;n=13;p=1069,534361,608400,1142761,1069^2,1069:1069,2;3;5;13;17;43,1,6,1,1,1,1,1,1,304761210,0,2->1069;3->1069;5->1069;13->1069;17->1069;43->1069,1069:285090,1069,1069
prime_hypotenuse_pythagorean_square,m=30;n=23;p=1429,137641,1904400,2042041,1429^2,1429:1429,2;3;5;7;23;53,1,6,1,1,1,1,1,1,365809710,0,2->1429;3->1429;5->1429;7->1429;23->1429;53->1429,1429:255990,1429,1429
prime_hypotenuse_pythagorean_square,m=30;n=29;p=1741,3481,3027600,3031081,1741^2,1741:1741,2;3;5;29;59,1,5,1,1,1,1,1,1,89365530,0,2->1741;3->1741;5->1741;29->1741;59->1741,1741:51330,1741,1741
prime_hypotenuse_pythagorean_square,m=31;n=4;p=977,61504,893025,954529,977^2,977:977,2;3;5;7;31,1,5,1,1,1,1,1,1,6360270,0,2->977;3->977;5->977;7->977;31->977,977:6510,977,977
prime_hypotenuse_pythagorean_square,m=31;n=6;p=997,138384,855625,994009,997^2,997:997,2;3;5;31;37,1,5,1,1,1,1,1,1,34306770,0,2->997;3->997;5->997;31->997;37->997,997:34410,997,997
prime_hypotenuse_pythagorean_square,m=31;n=10;p=1061,384400,741321,1125721,1061^2,1061:1061,2;3;5;7;31;41,1,6,1,1,1,1,1,1,283191510,0,2->1061;3->1061;5->1061;7->1061;31->1061;41->1061,1061:266910,1061,1061
prime_hypotenuse_pythagorean_square,m=31;n=16;p=1217,497025,984064,1481089,1217^2,1217:1217,2;3;5;31;47,1,5,1,1,1,1,1,1,53195070,0,2->1217;3->1217;5->1217;31->1217;47->1217,1217:43710,1217,1217
prime_hypotenuse_pythagorean_square,m=31;n=20;p=1361,314721,1537600,1852321,1361^2,1361:1361,2;3;5;11;17;31,1,6,1,1,1,1,1,1,236691510,0,2->1361;3->1361;5->1361;11->1361;17->1361;31->1361,1361:173910,1361,1361
prime_hypotenuse_pythagorean_square,m=31;n=26;p=1637,81225,2598544,2679769,1637^2,1637:1637,2;3;5;13;19;31,1,6,1,1,1,1,1,1,376035270,0,2->1637;3->1637;5->1637;13->1637;19->1637;31->1637,1637:229710,1637,1637
prime_hypotenuse_pythagorean_square,m=31;n=30;p=1861,3721,3459600,3463321,1861^2,1861:1861,2;3;5;31;61,1,5,1,1,1,1,1,1,105574530,0,2->1861;3->1861;5->1861;31->1861;61->1861,1861:56730,1861,1861
prime_hypotenuse_pythagorean_square,m=32;n=3;p=1033,36864,1030225,1067089,1033^2,1033:1033,2;3;5;7;29,1,5,1,1,1,1,1,1,6290970,0,2->1033;3->1033;5->1033;7->1033;29->1033,1033:6090,1033,1033
prime_hypotenuse_pythagorean_square,m=32;n=5;p=1049,102400,998001,1100401,1049^2,1049:1049,2;3;5;37,1,4,1,1,1,1,1,1,1164390,0,2->1049;3->1049;5->1049;37->1049,1049:1110,1049,1049
prime_hypotenuse_pythagorean_square,m=32;n=13;p=1193,692224,731025,1423249,1193^2,1193:1193,2;3;5;13;19,1,5,1,1,1,1,1,1,8840130,0,2->1193;3->1193;5->1193;13->1193;19->1193,1193:7410,1193,1193
prime_hypotenuse_pythagorean_square,m=32;n=15;p=1249,638401,921600,1560001,1249^2,1249:1249,2;3;5;17;47,1,5,1,1,1,1,1,1,29938530,0,2->1249;3->1249;5->1249;17->1249;47->1249,1249:23970,1249,1249
prime_hypotenuse_pythagorean_square,m=32;n=23;p=1553,245025,2166784,2411809,1553^2,1553:1553,2;3;5;11;23,1,5,1,1,1,1,1,1,11787270,0,2->1553;3->1553;5->1553;11->1553;23->1553,1553:7590,1553,1553
prime_hypotenuse_pythagorean_square,m=32;n=27;p=1753,87025,2985984,3073009,1753^2,1753:1753,2;3;5;59,1,4,1,1,1,1,1,1,3102810,0,2->1753;3->1753;5->1753;59->1753,1753:1770,1753,1753
prime_hypotenuse_pythagorean_square,m=33;n=2;p=1093,17424,1177225,1194649,1093^2,1093:1093,2;3;5;7;11;31,1,6,1,1,1,1,1,1,78269730,0,2->1093;3->1093;5->1093;7->1093;11->1093;31->1093,1093:71610,1093,1093
prime_hypotenuse_pythagorean_square,m=33;n=8;p=1153,278784,1050625,1329409,1153^2,1153:1153,2;3;5;11;41,1,5,1,1,1,1,1,1,15600090,0,2->1153;3->1153;5->1153;11->1153;41->1153,1153:13530,1153,1153
prime_hypotenuse_pythagorean_square,m=33;n=20;p=1489,474721,1742400,2217121,1489^2,1489:1489,2;3;5;11;13;53,1,6,1,1,1,1,1,1,338553930,0,2->1489;3->1489;5->1489;11->1489;13->1489;53->1489,1489:227370,1489,1489
prime_hypotenuse_pythagorean_square,m=33;n=28;p=1873,93025,3415104,3508129,1873^2,1873:1873,2;3;5;7;11;61,1,6,1,1,1,1,1,1,263924430,0,2->1873;3->1873;5->1873;7->1873;11->1873;61->1873,1873:140910,1873,1873
prime_hypotenuse_pythagorean_square,m=33;n=32;p=2113,4225,4460544,4464769,2113^2,2113:2113,2;3;5;11;13,1,5,1,1,1,1,1,1,9064770,0,2->2113;3->2113;5->2113;11->2113;13->2113,2113:4290,2113,2113
prime_hypotenuse_pythagorean_square,m=34;n=5;p=1181,115600,1279161,1394761,1181^2,1181:1181,2;3;5;13;17;29,1,6,1,1,1,1,1,1,227070870,0,2->1181;3->1181;5->1181;13->1181;17->1181;29->1181,1181:192270,1181,1181
prime_hypotenuse_pythagorean_square,m=34;n=9;p=1237,374544,1155625,1530169,1237^2,1237:1237,2;3;5;17;43,1,5,1,1,1,1,1,1,27127410,0,2->1237;3->1237;5->1237;17->1237;43->1237,1237:21930,1237,1237
prime_hypotenuse_pythagorean_square,m=34;n=11;p=1277,559504,1071225,1630729,1277^2,1277:1277,2;3;5;11;17;23,1,6,1,1,1,1,1,1,164771310,0,2->1277;3->1277;5->1277;11->1277;17->1277;23->1277,1277:129030,1277,1277
prime_hypotenuse_pythagorean_square,m=34;n=15;p=1381,866761,1040400,1907161,1381^2,1381:1381,2;3;5;7;17;19,1,6,1,1,1,1,1,1,93673230,0,2->1381;3->1381;5->1381;7->1381;17->1381;19->1381,1381:67830,1381,1381
prime_hypotenuse_pythagorean_square,m=34;n=21;p=1597,511225,2039184,2550409,1597^2,1597:1597,2;3;5;7;11;13;17,1,7,1,1,1,1,1,1,815284470,0,2->1597;3->1597;5->1597;7->1597;11->1597;13->1597;17->1597,1597:510510,1597,1597
prime_hypotenuse_pythagorean_square,m=34;n=29;p=1997,99225,3888784,3988009,1997^2,1997:1997,2;3;5;7;17;29,1,6,1,1,1,1,1,1,206749410,0,2->1997;3->1997;5->1997;7->1997;17->1997;29->1997,1997:103530,1997,1997
prime_hypotenuse_pythagorean_square,m=35;n=2;p=1229,19600,1490841,1510441,1229^2,1229:1229,2;3;5;7;11;37,1,6,1,1,1,1,1,1,105042630,0,2->1229;3->1229;5->1229;7->1229;11->1229;37->1229,1229:85470,1229,1229
prime_hypotenuse_pythagorean_square,m=35;n=8;p=1289,313600,1347921,1661521,1289^2,1289:1289,2;3;5;7;43,1,5,1,1,1,1,1,1,11639670,0,2->1289;3->1289;5->1289;7->1289;43->1289,1289:9030,1289,1289
prime_hypotenuse_pythagorean_square,m=35;n=16;p=1481,938961,1254400,2193361,1481^2,1481:1481,2;3;5;7;17;19,1,6,1,1,1,1,1,1,100456230,0,2->1481;3->1481;5->1481;7->1481;17->1481;19->1481,1481:67830,1481,1481
prime_hypotenuse_pythagorean_square,m=35;n=18;p=1549,811801,1587600,2399401,1549^2,1549:1549,2;3;5;7;17;53,1,6,1,1,1,1,1,1,293086290,0,2->1549;3->1549;5->1549;7->1549;17->1549;53->1549,1549:189210,1549,1549
prime_hypotenuse_pythagorean_square,m=35;n=22;p=1709,549081,2371600,2920681,1709^2,1709:1709,2;3;5;7;11;13;19,1,7,1,1,1,1,1,1,975104130,0,2->1709;3->1709;5->1709;7->1709;11->1709;13->1709;19->1709,1709:570570,1709,1709
prime_hypotenuse_pythagorean_square,m=35;n=24;p=1801,421201,2822400,3243601,1801^2,1801:1801,2;3;5;7;11;59,1,6,1,1,1,1,1,1,245458290,0,2->1801;3->1801;5->1801;7->1801;11->1801;59->1801,1801:136290,1801,1801
prime_hypotenuse_pythagorean_square,m=35;n=26;p=1901,301401,3312400,3613801,1901^2,1901:1901,2;3;5;7;13;61,1,6,1,1,1,1,1,1,316573530,0,2->1901;3->1901;5->1901;7->1901;13->1901;61->1901,1901:166530,1901,1901
prime_hypotenuse_pythagorean_square,m=35;n=34;p=2381,4761,5664400,5669161,2381^2,2381:2381,2;3;5;7;17;23,1,6,1,1,1,1,1,1,195503910,0,2->2381;3->2381;5->2381;7->2381;17->2381;23->2381,2381:82110,2381,2381
prime_hypotenuse_pythagorean_square,m=36;n=1;p=1297,5184,1677025,1682209,1297^2,1297:1297,2;3;5;7;37,1,5,1,1,1,1,1,1,10077690,0,2->1297;3->1297;5->1297;7->1297;37->1297,1297:7770,1297,1297
prime_hypotenuse_pythagorean_square,m=36;n=5;p=1321,129600,1615441,1745041,1321^2,1321:1321,2;3;5;31;41,1,5,1,1,1,1,1,1,50369730,0,2->1321;3->1321;5->1321;31->1321;41->1321,1321:38130,1321,1321
prime_hypotenuse_pythagorean_square,m=36;n=19;p=1657,874225,1871424,2745649,1657^2,1657:1657,2;3;5;11;17;19,1,6,1,1,1,1,1,1,176619630,0,2->1657;3->1657;5->1657;11->1657;17->1657;19->1657,1657:106590,1657,1657
prime_hypotenuse_pythagorean_square,m=36;n=29;p=2137,207025,4359744,4566769,2137^2,2137:2137,2;3;5;7;13;29,1,6,1,1,1,1,1,1,169186290,0,2->2137;3->2137;5->2137;7->2137;13->2137;29->2137,2137:79170,2137,2137
prime_hypotenuse_pythagorean_square,m=36;n=35;p=2521,5041,6350400,6355441,2521^2,2521:2521,2;3;5;7;71,1,5,1,1,1,1,1,1,37588110,0,2->2521;3->2521;5->2521;7->2521;71->2521,2521:14910,2521,2521
prime_hypotenuse_pythagorean_square,m=37;n=2;p=1373,21904,1863225,1885129,1373^2,1373:1373,2;3;5;7;13;37,1,6,1,1,1,1,1,1,138686730,0,2->1373;3->1373;5->1373;7->1373;13->1373;37->1373,1373:101010,1373,1373
prime_hypotenuse_pythagorean_square,m=37;n=8;p=1433,350464,1703025,2053489,1433^2,1433:1433,2;3;5;29;37,1,5,1,1,1,1,1,1,46128270,0,2->1433;3->1433;5->1433;29->1433;37->1433,1433:32190,1433,1433
prime_hypotenuse_pythagorean_square,m=37;n=18;p=1693,1092025,1774224,2866249,1693^2,1693:1693,2;3;5;11;19;37,1,6,1,1,1,1,1,1,392759070,0,2->1693;3->1693;5->1693;11->1693;19->1693;37->1693,1693:231990,1693,1693
prime_hypotenuse_pythagorean_square,m=37;n=28;p=2153,342225,4293184,4635409,2153^2,2153:2153,2;3;5;7;13;37,1,6,1,1,1,1,1,1,217474530,0,2->2153;3->2153;5->2153;7->2153;13->2153;37->2153,2153:101010,2153,2153
prime_hypotenuse_pythagorean_square,m=37;n=30;p=2269,219961,4928400,5148361,2269^2,2269:2269,2;3;5;7;37;67,1,6,1,1,1,1,1,1,1181218710,0,2->2269;3->2269;5->2269;7->2269;37->2269;67->2269,2269:520590,2269,2269
prime_hypotenuse_pythagorean_square,m=37;n=32;p=2393,119025,5607424,5726449,2393^2,2393:2393,2;3;5;23;37,1,5,1,1,1,1,1,1,61093290,0,2->2393;3->2393;5->2393;23->2393;37->2393,2393:25530,2393,2393
prime_hypotenuse_pythagorean_square,m=38;n=3;p=1453,51984,2059225,2111209,1453^2,1453:1453,2;3;5;7;19;41,1,6,1,1,1,1,1,1,237696270,0,2->1453;3->1453;5->1453;7->1453;19->1453;41->1453,1453:163590,1453,1453
prime_hypotenuse_pythagorean_square,m=38;n=7;p=1493,283024,1946025,2229049,1493^2,1493:1493,2;3;5;7;19;31,1,6,1,1,1,1,1,1,184669170,0,2->1493;3->1493;5->1493;7->1493;19->1493;31->1493,1493:123690,1493,1493
prime_hypotenuse_pythagorean_square,m=38;n=13;p=1613,976144,1625625,2601769,1613^2,1613:1613,2;3;5;13;17;19,1,6,1,1,1,1,1,1,203189610,0,2->1613;3->1613;5->1613;13->1613;17->1613;19->1613,1613:125970,1613,1613
prime_hypotenuse_pythagorean_square,m=38;n=15;p=1669,1299600,1485961,2785561,1669^2,1669:1669,2;3;5;19;23;53,1,6,1,1,1,1,1,1,1159671270,0,2->1669;3->1669;5->1669;19->1669;23->1669;53->1669,1669:694830,1669,1669
prime_hypotenuse_pythagorean_square,m=38;n=17;p=1733,1334025,1669264,3003289,1733^2,1733:1733,2;3;5;7;11;17;19,1,7,1,1,1,1,1,1,1293043290,0,2->1733;3->1733;5->1733;7->1733;11->1733;17->1733;19->1733,1733:746130,1733,1733
prime_hypotenuse_pythagorean_square,m=38;n=23;p=1973,837225,3055504,3892729,1973^2,1973:1973,2;3;5;19;23;61,1,6,1,1,1,1,1,1,1577827830,0,2->1973;3->1973;5->1973;19->1973;23->1973;61->1973,1973:799710,1973,1973
prime_hypotenuse_pythagorean_square,m=38;n=25;p=2069,670761,3610000,4280761,2069^2,2069:2069,2;3;5;7;13;19,1,6,1,1,1,1,1,1,107319030,0,2->2069;3->2069;5->2069;7->2069;13->2069;19->2069,2069:51870,2069,2069
prime_hypotenuse_pythagorean_square,m=39;n=10;p=1621,608400,2019241,2627641,1621^2,1621:1621,2;3;5;7;13;29,1,6,1,1,1,1,1,1,128334570,0,2->1621;3->1621;5->1621;7->1621;13->1621;29->1621,1621:79170,1621,1621
prime_hypotenuse_pythagorean_square,m=39;n=16;p=1777,1557504,1600225,3157729,1777^2,1777:1777,2;3;5;11;13;23,1,6,1,1,1,1,1,1,175336590,0,2->1777;3->1777;5->1777;11->1777;13->1777;23->1777,1777:98670,1777,1777
prime_hypotenuse_pythagorean_square,m=39;n=34;p=2677,133225,7033104,7166329,2677^2,2677:2677,2;3;5;13;17;73,1,6,1,1,1,1,1,1,1295641230,0,2->2677;3->2677;5->2677;13->2677;17->2677;73->2677,2677:483990,2677,2677
prime_hypotenuse_pythagorean_square,m=40;n=1;p=1601,6400,2556801,2563201,1601^2,1601:1601,2;3;5;13;41,1,5,1,1,1,1,1,1,25599990,0,2->1601;3->1601;5->1601;13->1601;41->1601,1601:15990,1601,1601
prime_hypotenuse_pythagorean_square,m=40;n=3;p=1609,57600,2531281,2588881,1609^2,1609:1609,2;3;5;37;43,1,5,1,1,1,1,1,1,76797570,0,2->1609;3->1609;5->1609;37->1609;43->1609,1609:47730,1609,1609
prime_hypotenuse_pythagorean_square,m=40;n=11;p=1721,774400,2187441,2961841,1721^2,1721:1721,2;3;5;11;17;29,1,6,1,1,1,1,1,1,279989490,0,2->1721;3->1721;5->1721;11->1721;17->1721;29->1721,1721:162690,1721,1721
prime_hypotenuse_pythagorean_square,m=40;n=17;p=1889,1718721,1849600,3568321,1889^2,1889:1889,2;3;5;17;19;23,1,6,1,1,1,1,1,1,421001430,0,2->1889;3->1889;5->1889;17->1889;19->1889;23->1889,1889:222870,1889,1889
prime_hypotenuse_pythagorean_square,m=40;n=23;p=2129,1147041,3385600,4532641,2129^2,2129:2129,2;3;5;7;17;23,1,6,1,1,1,1,1,1,174812190,0,2->2129;3->2129;5->2129;7->2129;17->2129;23->2129,2129:82110,2129,2129
prime_hypotenuse_pythagorean_square,m=40;n=29;p=2441,576081,5382400,5958481,2441^2,2441:2441,2;3;5;11;23;29,1,6,1,1,1,1,1,1,537288510,0,2->2441;3->2441;5->2441;11->2441;23->2441;29->2441,2441:220110,2441,2441
prime_hypotenuse_pythagorean_square,m=40;n=33;p=2689,261121,6969600,7230721,2689^2,2689:2689,2;3;5;7;11;73,1,6,1,1,1,1,1,1,453446070,0,2->2689;3->2689;5->2689;7->2689;11->2689;73->2689,2689:168630,2689,2689
prime_hypotenuse_pythagorean_square,m=40;n=37;p=2969,53361,8761600,8814961,2969^2,2969:2969,2;3;5;7;11;37,1,6,1,1,1,1,1,1,253760430,0,2->2969;3->2969;5->2969;7->2969;11->2969;37->2969,2969:85470,2969,2969
prime_hypotenuse_pythagorean_square,m=40;n=39;p=3121,6241,9734400,9740641,3121^2,3121:3121,2;3;5;13;79,1,5,1,1,1,1,1,1,96158010,0,2->3121;3->3121;5->3121;13->3121;79->3121,3121:30810,3121,3121
prime_hypotenuse_pythagorean_square,m=41;n=4;p=1697,107584,2772225,2879809,1697^2,1697:1697,2;3;5;37;41,1,5,1,1,1,1,1,1,77230470,0,2->1697;3->1697;5->1697;37->1697;41->1697,1697:45510,1697,1697
prime_hypotenuse_pythagorean_square,m=41;n=14;p=1877,1317904,2205225,3523129,1877^2,1877:1877,2;3;5;7;11;41,1,6,1,1,1,1,1,1,177770670,0,2->1877;3->1877;5->1877;7->1877;11->1877;41->1877,1877:94710,1877,1877
prime_hypotenuse_pythagorean_square,m=41;n=20;p=2081,1640961,2689600,4330561,2081^2,2081:2081,2;3;5;7;41;61,1,6,1,1,1,1,1,1,1092962010,0,2->2081;3->2081;5->2081;7->2081;41->2081;61->2081,2081:525210,2081,2081
prime_hypotenuse_pythagorean_square,m=41;n=26;p=2357,1010025,4545424,5555449,2357^2,2357:2357,2;3;5;13;41;67,1,6,1,1,1,1,1,1,2525124810,0,2->2357;3->2357;5->2357;13->2357;41->2357;67->2357,2357:1071330,2357,2357
prime_hypotenuse_pythagorean_square,m=41;n=34;p=2837,275625,7772944,8048569,2837^2,2837:2837,2;3;5;7;17;41,1,6,1,1,1,1,1,1,415251690,0,2->2837;3->2837;5->2837;7->2837;17->2837;41->2837,2837:146370,2837,2837
prime_hypotenuse_pythagorean_square,m=42;n=5;p=1789,176400,3024121,3200521,1789^2,1789:1789,2;3;5;7;37;47,1,6,1,1,1,1,1,1,653324910,0,2->1789;3->1789;5->1789;7->1789;37->1789;47->1789,1789:365190,1789,1789
prime_hypotenuse_pythagorean_square,m=42;n=13;p=1933,1192464,2544025,3736489,1933^2,1933:1933,2;3;5;7;11;13;29,1,7,1,1,1,1,1,1,1683391710,0,2->1933;3->1933;5->1933;7->1933;11->1933;13->1933;29->1933,1933:870870,1933,1933
prime_hypotenuse_pythagorean_square,m=42;n=17;p=2053,2039184,2175625,4214809,2053^2,2053:2053,2;3;5;7;17;59,1,6,1,1,1,1,1,1,432423390,0,2->2053;3->2053;5->2053;7->2053;17->2053;59->2053,2053:210630,2053,2053
prime_hypotenuse_pythagorean_square,m=42;n=23;p=2293,1525225,3732624,5257849,2293^2,2293:2293,2;3;5;7;13;19;23,1,7,1,1,1,1,1,1,2735571930,0,2->2293;3->2293;5->2293;7->2293;13->2293;19->2293;23->2293,2293:1193010,2293,2293
prime_hypotenuse_pythagorean_square,m=42;n=25;p=2389,1297321,4410000,5707321,2389^2,2389:2389,2;3;5;7;17;67,1,6,1,1,1,1,1,1,571424910,0,2->2389;3->2389;5->2389;7->2389;17->2389;67->2389,2389:239190,2389,2389
prime_hypotenuse_pythagorean_square,m=43;n=8;p=1913,473344,3186225,3659569,1913^2,1913:1913,2;3;5;7;17;43,1,6,1,1,1,1,1,1,293664630,0,2->1913;3->1913;5->1913;7->1913;17->1913;43->1913,1913:153510,1913,1913
prime_hypotenuse_pythagorean_square,m=43;n=10;p=1949,739600,3059001,3798601,1949^2,1949:1949,2;3;5;11;43;53,1,6,1,1,1,1,1,1,1465784430,0,2->1949;3->1949;5->1949;11->1949;43->1949;53->1949,1949:752070,1949,1949
prime_hypotenuse_pythagorean_square,m=43;n=12;p=1993,1065024,2907025,3972049,1993^2,1993:1993,2;3;5;11;31;43,1,6,1,1,1,1,1,1,876700770,0,2->1993;3->1993;5->1993;11->1993;31->1993;43->1993,1993:439890,1993,1993
prime_hypotenuse_pythagorean_square,m=43;n=22;p=2333,1863225,3579664,5442889,2333^2,2333:2333,2;3;5;7;11;13;43,1,7,1,1,1,1,1,1,3012579570,0,2->2333;3->2333;5->2333;7->2333;11->2333;13->2333;43->2333,2333:1291290,2333,2333
prime_hypotenuse_pythagorean_square,m=43;n=28;p=2633,1134225,5798464,6932689,2633^2,2633:2633,2;3;5;7;43;71,1,6,1,1,1,1,1,1,1688095290,0,2->2633;3->2633;5->2633;7->2633;43->2633;71->2633,2633:641130,2633,2633
prime_hypotenuse_pythagorean_square,m=43;n=30;p=2749,900601,6656400,7557001,2749^2,2749:2749,2;3;5;13;43;73,1,6,1,1,1,1,1,1,3365353290,0,2->2749;3->2749;5->2749;13->2749;43->2749;73->2749,2749:1224210,2749,2749
prime_hypotenuse_pythagorean_square,m=43;n=40;p=3449,62001,11833600,11895601,3449^2,3449:3449,2;3;5;43;83,1,5,1,1,1,1,1,1,369284430,0,2->3449;3->3449;5->3449;43->3449;83->3449,3449:107070,3449,3449
prime_hypotenuse_pythagorean_square,m=43;n=42;p=3613,7225,13046544,13053769,3613^2,3613:3613,2;3;5;7;17;43,1,6,1,1,1,1,1,1,554631630,0,2->3613;3->3613;5->3613;7->3613;17->3613;43->3613,3613:153510,3613,3613
prime_hypotenuse_pythagorean_square,m=44;n=9;p=2017,627264,3441025,4068289,2017^2,2017:2017,2;3;5;7;11;53,1,6,1,1,1,1,1,1,246941310,0,2->2017;3->2017;5->2017;7->2017;11->2017;53->2017,2017:122430,2017,2017
prime_hypotenuse_pythagorean_square,m=44;n=15;p=2161,1742400,2927521,4669921,2161^2,2161:2161,2;3;5;11;29;59,1,6,1,1,1,1,1,1,1220165430,0,2->2161;3->2161;5->2161;11->2161;29->2161;59->2161,2161:564630,2161,2161
prime_hypotenuse_pythagorean_square,m=44;n=19;p=2297,2480625,2795584,5276209,2297^2,2297:2297,2;3;5;7;11;19,1,6,1,1,1,1,1,1,100815330,0,2->2297;3->2297;5->2297;7->2297;11->2297;19->2297,2297:43890,2297,2297
prime_hypotenuse_pythagorean_square,m=44;n=21;p=2377,2235025,3415104,5650129,2377^2,2377:2377,2;3;5;7;11;13;23,1,7,1,1,1,1,1,1,1641770130,0,2->2377;3->2377;5->2377;7->2377;11->2377;13->2377;23->2377,2377:690690,2377,2377
prime_hypotenuse_pythagorean_square,m=44;n=29;p=2777,1199025,6512704,7711729,2777^2,2777:2777,2;3;5;11;29;73,1,6,1,1,1,1,1,1,1940039970,0,2->2777;3->2777;5->2777;11->2777;29->2777;73->2777,2777:698610,2777,2777
prime_hypotenuse_pythagorean_square,m=44;n=31;p=2897,950625,7441984,8392609,2897^2,2897:2897,2;3;5;11;13;31,1,6,1,1,1,1,1,1,385272030,0,2->2897;3->2897;5->2897;11->2897;13->2897;31->2897,2897:132990,2897,2897
prime_hypotenuse_pythagorean_square,m=44;n=39;p=3457,172225,11778624,11950849,3457^2,3457:3457,2;3;5;11;13;83,1,6,1,1,1,1,1,1,1230933990,0,2->3457;3->3457;5->3457;11->3457;13->3457;83->3457,3457:356070,3457,3457
prime_hypotenuse_pythagorean_square,m=44;n=41;p=3617,65025,13017664,13082689,3617^2,3617:3617,2;3;5;11;17;41,1,6,1,1,1,1,1,1,831946170,0,2->3617;3->3617;5->3617;11->3617;17->3617;41->3617,3617:230010,3617,3617
prime_hypotenuse_pythagorean_square,m=45;n=2;p=2029,32400,4084441,4116841,2029^2,2029:2029,2;3;5;43;47,1,5,1,1,1,1,1,1,123018270,0,2->2029;3->2029;5->2029;43->2029;47->2029,2029:60630,2029,2029
prime_hypotenuse_pythagorean_square,m=45;n=8;p=2089,518400,3845521,4363921,2089^2,2089:2089,2;3;5;37;53,1,5,1,1,1,1,1,1,122895870,0,2->2089;3->2089;5->2089;37->2089;53->2089,2089:58830,2089,2089
prime_hypotenuse_pythagorean_square,m=45;n=14;p=2221,1587600,3345241,4932841,2221^2,2221:2221,2;3;5;7;31;59,1,6,1,1,1,1,1,1,853063890,0,2->2221;3->2221;5->2221;7->2221;31->2221;59->2221,2221:384090,2221,2221
prime_hypotenuse_pythagorean_square,m=45;n=16;p=2281,2073600,3129361,5202961,2281^2,2281:2281,2;3;5;29;61,1,5,1,1,1,1,1,1,121052670,0,2->2281;3->2281;5->2281;29->2281;61->2281,2281:53070,2281,2281
prime_hypotenuse_pythagorean_square,m=45;n=32;p=3049,1002001,8294400,9296401,3049^2,3049:3049,2;3;5;7;11;13,1,6,1,1,1,1,1,1,91561470,0,2->3049;3->3049;5->3049;7->3049;11->3049;13->3049,3049:30030,3049,3049
prime_hypotenuse_pythagorean_square,m=45;n=34;p=3181,755161,9363600,10118761,3181^2,3181:3181,2;3;5;11;17;79,1,6,1,1,1,1,1,1,1409787390,0,2->3181;3->3181;5->3181;11->3181;17->3181;79->3181,3181:443190,3181,3181
prime_hypotenuse_pythagorean_square,m=45;n=38;p=3469,337561,11696400,12033961,3469^2,3469:3469,2;3;5;7;19;83,1,6,1,1,1,1,1,1,1148828730,0,2->3469;3->3469;5->3469;7->3469;19->3469;83->3469,3469:331170,3469,3469
prime_hypotenuse_pythagorean_square,m=46;n=5;p=2141,211600,4372281,4583881,2141^2,2141:2141,2;3;5;17;23;41,1,6,1,1,1,1,1,1,1029671130,0,2->2141;3->2141;5->2141;17->2141;23->2141;41->2141,2141:480930,2141,2141
prime_hypotenuse_pythagorean_square,m=46;n=11;p=2237,1024144,3980025,5004169,2237^2,2237:2237,2;3;5;7;11;19;23,1,7,1,1,1,1,1,1,2258184390,0,2->2237;3->2237;5->2237;7->2237;11->2237;19->2237;23->2237,2237:1009470,2237,2237
prime_hypotenuse_pythagorean_square,m=46;n=15;p=2341,1904400,3575881,5480281,2341^2,2341:2341,2;3;5;23;31;61,1,6,1,1,1,1,1,1,3054513390,0,2->2341;3->2341;5->2341;23->2341;31->2341;61->2341,2341:1304790,2341,2341
prime_hypotenuse_pythagorean_square,m=46;n=19;p=2477,3055504,3080025,6135529,2477^2,2477:2477,2;3;5;13;19;23,1,6,1,1,1,1,1,1,422155110,0,2->2477;3->2477;5->2477;13->2477;19->2477;23->2477,2477:170430,2477,2477
prime_hypotenuse_pythagorean_square,m=46;n=21;p=2557,2805625,3732624,6538249,2557^2,2557:2557,2;3;5;7;23;67,1,6,1,1,1,1,1,1,827470770,0,2->2557;3->2557;5->2557;7->2557;23->2557;67->2557,2557:323610,2557,2557
prime_hypotenuse_pythagorean_square,m=46;n=25;p=2741,2223081,5290000,7513081,2741^2,2741:2741,2;3;5;7;23;71,1,6,1,1,1,1,1,1,939971130,0,2->2741;3->2741;5->2741;7->2741;23->2741;71->2741,2741:342930,2741,2741
prime_hypotenuse_pythagorean_square,m=46;n=29;p=2957,1625625,7118224,8743849,2957^2,2957:2957,2;3;5;17;23;29,1,6,1,1,1,1,1,1,1005882690,0,2->2957;3->2957;5->2957;17->2957;23->2957;29->2957,2957:340170,2957,2957
prime_hypotenuse_pythagorean_square,m=46;n=39;p=3637,354025,12873744,13227769,3637^2,3637:3637,2;3;5;7;13;17;23,1,7,1,1,1,1,1,1,3882242910,0,2->3637;3->3637;5->3637;7->3637;13->3637;17->3637;23->3637,3637:1067430,3637,3637
prime_hypotenuse_pythagorean_square,m=46;n=41;p=3797,189225,14227984,14417209,3797^2,3797:3797,2;3;5;23;29;41,1,6,1,1,1,1,1,1,3115096770,0,2->3797;3->3797;5->3797;23->3797;29->3797;41->3797,3797:820410,3797,3797
prime_hypotenuse_pythagorean_square,m=47;n=2;p=2213,35344,4862025,4897369,2213^2,2213:2213,2;3;5;7;47,1,5,1,1,1,1,1,1,21842310,0,2->2213;3->2213;5->2213;7->2213;47->2213,2213:9870,2213,2213
prime_hypotenuse_pythagorean_square,m=47;n=8;p=2273,565504,4601025,5166529,2273^2,2273:2273,2;3;5;11;13;47,1,6,1,1,1,1,1,1,458304990,0,2->2273;3->2273;5->2273;11->2273;13->2273;47->2273,2273:201630,2273,2273
prime_hypotenuse_pythagorean_square,m=47;n=10;p=2309,883600,4447881,5331481,2309^2,2309:2309,2;3;5;19;37;47,1,6,1,1,1,1,1,1,2288750070,0,2->2309;3->2309;5->2309;19->2309;37->2309;47->2309,2309:991230,2309,2309
prime_hypotenuse_pythagorean_square,m=47;n=20;p=2609,3272481,3534400,6806881,2609^2,2609:2609,2;3;5;47;67,1,5,1,1,1,1,1,1,246472230,0,2->2609;3->2609;5->2609;47->2609;67->2609,2609:94470,2609,2609
prime_hypotenuse_pythagorean_square,m=47;n=22;p=2693,2975625,4276624,7252249,2693^2,2693:2693,2;3;5;11;23;47,1,6,1,1,1,1,1,1,960673890,0,2->2693;3->2693;5->2693;11->2693;23->2693;47->2693,2693:356730,2693,2693
prime_hypotenuse_pythagorean_square,m=47;n=30;p=3109,1713481,7952400,9665881,3109^2,3109:3109,2;3;5;7;11;17;47,1,7,1,1,1,1,1,1,5738250210,0,2->3109;3->3109;5->3109;7->3109;11->3109;17->3109;47->3109,3109:1845690,3109,3109
prime_hypotenuse_pythagorean_square,m=48;n=13;p=2473,1557504,4558225,6115729,2473^2,2473:2473,2;3;5;7;13;61,1,6,1,1,1,1,1,1,411828690,0,2->2473;3->2473;5->2473;7->2473;13->2473;61->2473,2473:166530,2473,2473
prime_hypotenuse_pythagorean_square,m=48;n=17;p=2593,2663424,4060225,6723649,2593^2,2593:2593,2;3;5;13;17;31,1,6,1,1,1,1,1,1,532939290,0,2->2593;3->2593;5->2593;13->2593;17->2593;31->2593,2593:205530,2593,2593
prime_hypotenuse_pythagorean_square,m=48;n=23;p=2833,3150625,4875264,8025889,2833^2,2833:2833,2;3;5;23;71,1,5,1,1,1,1,1,1,138788670,0,2->2833;3->2833;5->2833;23->2833;71->2833,2833:48990,2833,2833
prime_hypotenuse_pythagorean_square,m=48;n=35;p=3529,1164241,11289600,12453841,3529^2,3529:3529,2;3;5;7;13;83,1,6,1,1,1,1,1,1,799636110,0,2->3529;3->3529;5->3529;7->3529;13->3529;83->3529,3529:226590,3529,3529
prime_hypotenuse_pythagorean_square,m=48;n=37;p=3673,874225,12616704,13490929,3673^2,3673:3673,2;3;5;11;17;37,1,6,1,1,1,1,1,1,762404610,0,2->3673;3->3673;5->3673;11->3673;17->3673;37->3673,3673:207570,3673,3673
prime_hypotenuse_pythagorean_square,m=48;n=43;p=4153,207025,17040384,17247409,4153^2,4153:4153,2;3;5;7;13;43,1,6,1,1,1,1,1,1,487520670,0,2->4153;3->4153;5->4153;7->4153;13->4153;43->4153,4153:117390,4153,4153
prime_hypotenuse_pythagorean_square,m=48;n=47;p=4513,9025,20358144,20367169,4513^2,4513:4513,2;3;5;19;47,1,5,1,1,1,1,1,1,120903270,0,2->4513;3->4513;5->4513;19->4513;47->4513,4513:26790,4513,4513
prime_hypotenuse_pythagorean_square,m=49;n=4;p=2417,153664,5688225,5841889,2417^2,2417:2417,2;3;5;7;53,1,5,1,1,1,1,1,1,26901210,0,2->2417;3->2417;5->2417;7->2417;53->2417,2417:11130,2417,2417
prime_hypotenuse_pythagorean_square,m=49;n=6;p=2437,345744,5593225,5938969,2437^2,2437:2437,2;3;5;7;11;43,1,6,1,1,1,1,1,1,242067210,0,2->2437;3->2437;5->2437;7->2437;11->2437;43->2437,2437:99330,2437,2437
prime_hypotenuse_pythagorean_square,m=49;n=16;p=2657,2458624,4601025,7059649,2657^2,2657:2657,2;3;5;7;11;13,1,6,1,1,1,1,1,1,79789710,0,2->2657;3->2657;5->2657;7->2657;11->2657;13->2657,2657:30030,2657,2657
prime_hypotenuse_pythagorean_square,m=49;n=20;p=2801,3841600,4004001,7845601,2801^2,2801:2801,2;3;5;7;23;29,1,6,1,1,1,1,1,1,392336070,0,2->2801;3->2801;5->2801;7->2801;23->2801;29->2801,2801:140070,2801,2801
prime_hypotenuse_pythagorean_square,m=49;n=30;p=3301,2253001,8643600,10896601,3301^2,3301:3301,2;3;5;7;19;79,1,6,1,1,1,1,1,1,1040508210,0,2->3301;3->3301;5->3301;7->3301;19->3301;79->3301,3301:315210,3301,3301
prime_hypotenuse_pythagorean_square,m=49;n=34;p=3557,1550025,11102224,12652249,3557^2,3557:3557,2;3;5;7;17;83,1,6,1,1,1,1,1,1,1053974670,0,2->3557;3->3557;5->3557;7->3557;17->3557;83->3557,3557:296310,3557,3557
prime_hypotenuse_pythagorean_square,m=49;n=36;p=3697,1221025,12446784,13667809,3697^2,3697:3697,2;3;5;7;13;17,1,6,1,1,1,1,1,1,171577770,0,2->3697;3->3697;5->3697;7->3697;13->3697;17->3697,3697:46410,3697,3697
prime_hypotenuse_pythagorean_square,m=49;n=40;p=4001,641601,15366400,16008001,4001^2,4001:4001,2;3;5;7;89,1,5,1,1,1,1,1,1,74778690,0,2->4001;3->4001;5->4001;7->4001;89->4001,4001:18690,4001,4001
prime_hypotenuse_pythagorean_square,m=49;n=44;p=4337,216225,18593344,18809569,4337^2,4337:4337,2;3;5;7;11;31,1,6,1,1,1,1,1,1,310572570,0,2->4337;3->4337;5->4337;7->4337;11->4337;31->4337,4337:71610,4337,4337
prime_hypotenuse_pythagorean_square,m=49;n=46;p=4517,81225,20322064,20403289,4517^2,4517:4517,2;3;5;7;19;23,1,6,1,1,1,1,1,1,414525090,0,2->4517;3->4517;5->4517;7->4517;19->4517;23->4517,4517:91770,4517,4517
prime_hypotenuse_pythagorean_square,m=50;n=7;p=2549,490000,6007401,6497401,2549^2,2549:2549,2;3;5;7;19;43,1,6,1,1,1,1,1,1,437331930,0,2->2549;3->2549;5->2549;7->2549;19->2549;43->2549,2549:171570,2549,2549
prime_hypotenuse_pythagorean_square,m=50;n=11;p=2621,1210000,5659641,6869641,2621^2,2621:2621,2;3;5;11;13;61,1,6,1,1,1,1,1,1,685889490,0,2->2621;3->2621;5->2621;11->2621;13->2621;61->2621,2621:261690,2621,2621
prime_hypotenuse_pythagorean_square,m=50;n=17;p=2789,2890000,4888521,7778521,2789^2,2789:2789,2;3;5;11;17;67,1,6,1,1,1,1,1,1,1048301430,0,2->2789;3->2789;5->2789;11->2789;17->2789;67->2789,2789:375870,2789,2789
prime_hypotenuse_pythagorean_square,m=50;n=19;p=2861,3610000,4575321,8185321,2861^2,2861:2861,2;3;5;19;23;31,1,6,1,1,1,1,1,1,1162739010,0,2->2861;3->2861;5->2861;19->2861;23->2861;31->2861,2861:406410,2861,2861
prime_hypotenuse_pythagorean_square,m=50;n=27;p=3229,3136441,7290000,10426441,3229^2,3229:3229,2;3;5;7;11;23,1,6,1,1,1,1,1,1,171556770,0,2->3229;3->3229;5->3229;7->3229;11->3229;23->3229,3229:53130,3229,3229
prime_hypotenuse_pythagorean_square,m=50;n=31;p=3461,2368521,9610000,11978521,3461^2,3461:3461,2;3;5;19;31,1,5,1,1,1,1,1,1,61155870,0,2->3461;3->3461;5->3461;19->3461;31->3461,3461:17670,3461,3461
prime_hypotenuse_pythagorean_square,m=50;n=39;p=4021,958441,15210000,16168441,4021^2,4021:4021,2;3;5;11;13;89,1,6,1,1,1,1,1,1,1535258010,0,2->4021;3->4021;5->4021;11->4021;13->4021;89->4021,4021:381810,4021,4021
prime_hypotenuse_pythagorean_square,m=50;n=43;p=4349,423801,18490000,18913801,4349^2,4349:4349,2;3;5;7;31;43,1,6,1,1,1,1,1,1,1217415570,0,2->4349;3->4349;5->4349;7->4349;31->4349;43->4349,4349:279930,4349,4349
prime_hypotenuse_pythagorean_square,m=51;n=4;p=2617,166464,6682225,6848689,2617^2,2617:2617,2;3;5;11;17;47,1,6,1,1,1,1,1,1,690024390,0,2->2617;3->2617;5->2617;11->2617;17->2617;47->2617,2617:263670,2617,2617
prime_hypotenuse_pythagorean_square,m=51;n=14;p=2797,2039184,5784025,7823209,2797^2,2797:2797,2;3;5;7;13;17;37,1,7,1,1,1,1,1,1,4802924490,0,2->2797;3->2797;5->2797;7->2797;13->2797;17->2797;37->2797,2797:1717170,2797,2797
prime_hypotenuse_pythagorean_square,m=51;n=16;p=2857,2663424,5499025,8162449,2857^2,2857:2857,2;3;5;7;17;67,1,6,1,1,1,1,1,1,683365830,0,2->2857;3->2857;5->2857;7->2857;17->2857;67->2857,2857:239190,2857,2857
prime_hypotenuse_pythagorean_square,m=51;n=20;p=3001,4161600,4844401,9006001,3001^2,3001:3001,2;3;5;17;31;71,1,6,1,1,1,1,1,1,3368652510,0,2->3001;3->3001;5->3001;17->3001;31->3001;71->3001,3001:1122510,3001,3001
prime_hypotenuse_pythagorean_square,m=51;n=40;p=4201,1002001,16646400,17648401,4201^2,4201:4201,2;3;5;7;11;13;17,1,7,1,1,1,1,1,1,2144652510,0,2->4201;3->4201;5->4201;7->4201;11->4201;13->4201;17->4201,4201:510510,4201,4201
prime_hypotenuse_pythagorean_square,m=52;n=3;p=2713,97344,7263025,7360369,2713^2,2713:2713,2;3;5;7;11;13,1,6,1,1,1,1,1,1,81471390,0,2->2713;3->2713;5->2713;7->2713;11->2713;13->2713,2713:30030,2713,2713
prime_hypotenuse_pythagorean_square,m=52;n=5;p=2729,270400,7177041,7447441,2729^2,2729:2729,2;3;5;13;19;47,1,6,1,1,1,1,1,1,950428830,0,2->2729;3->2729;5->2729;13->2729;19->2729;47->2729,2729:348270,2729,2729
prime_hypotenuse_pythagorean_square,m=52;n=7;p=2753,529984,7049025,7579009,2753^2,2753:2753,2;3;5;7;13;59,1,6,1,1,1,1,1,1,443425710,0,2->2753;3->2753;5->2753;7->2753;13->2753;59->2753,2753:161070,2753,2753
prime_hypotenuse_pythagorean_square,m=52;n=25;p=3329,4322241,6760000,11082241,3329^2,3329:3329,2;3;5;7;11;13,1,6,1,1,1,1,1,1,99969870,0,2->3329;3->3329;5->3329;7->3329;11->3329;13->3329,3329:30030,3329,3329
prime_hypotenuse_pythagorean_square,m=52;n=27;p=3433,3900625,7884864,11785489,3433^2,3433:3433,2;3;5;13;79,1,5,1,1,1,1,1,1,105770730,0,2->3433;3->3433;5->3433;13->3433;79->3433,3433:30810,3433,3433
prime_hypotenuse_pythagorean_square,m=52;n=33;p=3793,2608225,11778624,14386849,3793^2,3793:3793,2;3;5;11;13;17;19,1,7,1,1,1,1,1,1,5255846310,0,2->3793;3->3793;5->3793;11->3793;13->3793;17->3793;19->3793,3793:1385670,3793,3793
prime_hypotenuse_pythagorean_square,m=52;n=35;p=3929,2187441,13249600,15437041,3929^2,3929:3929,2;3;5;7;13;17;29,1,7,1,1,1,1,1,1,5288001810,0,2->3929;3->3929;5->3929;7->3929;13->3929;17->3929;29->3929,3929:1345890,3929,3929
prime_hypotenuse_pythagorean_square,m=52;n=37;p=4073,1782225,14807104,16589329,4073^2,4073:4073,2;3;5;13;37;89,1,6,1,1,1,1,1,1,5230831710,0,2->4073;3->4073;5->4073;13->4073;37->4073;89->4073,4073:1284270,4073,4073
prime_hypotenuse_pythagorean_square,m=52;n=45;p=4729,461041,21902400,22363441,4729^2,4729:4729,2;3;5;7;13;97,1,6,1,1,1,1,1,1,1252286490,0,2->4729;3->4729;5->4729;7->4729;13->4729;97->4729,4729:264810,4729,4729
prime_hypotenuse_pythagorean_square,m=53;n=10;p=2909,1123600,7338681,8462281,2909^2,2909:2909,2;3;5;7;43;53,1,6,1,1,1,1,1,1,1392218310,0,2->2909;3->2909;5->2909;7->2909;43->2909;53->2909,2909:478590,2909,2909
prime_hypotenuse_pythagorean_square,m=53;n=12;p=2953,1617984,7102225,8720209,2953^2,2953:2953,2;3;5;13;41;53,1,6,1,1,1,1,1,1,2502578910,0,2->2953;3->2953;5->2953;13->2953;41->2953;53->2953,2953:847470,2953,2953
prime_hypotenuse_pythagorean_square,m=53;n=20;p=3209,4494400,5803281,10297681,3209^2,3209:3209,2;3;5;11;53;73,1,6,1,1,1,1,1,1,4097154930,0,2->3209;3->3209;5->3209;11->3209;53->3209;73->3209,3209:1276770,3209,3209
prime_hypotenuse_pythagorean_square,m=53;n=28;p=3593,4100625,8809024,12909649,3593^2,3593:3593,2;3;5;7;53,1,5,1,1,1,1,1,1,39990090,0,2->3593;3->3593;5->3593;7->3593;53->3593,3593:11130,3593,3593
prime_hypotenuse_pythagorean_square,m=53;n=30;p=3709,3644281,10112400,13756681,3709^2,3709:3709,2;3;5;23;53;83,1,6,1,1,1,1,1,1,11257964790,0,2->3709;3->3709;5->3709;23->3709;53->3709;83->3709,3709:3035310,3709,3709
prime_hypotenuse_pythagorean_square,m=53;n=32;p=3833,3186225,11505664,14691889,3833^2,3833:3833,2;3;5;7;17;53,1,6,1,1,1,1,1,1,725241930,0,2->3833;3->3833;5->3833;7->3833;17->3833;53->3833,3833:189210,3833,3833
prime_hypotenuse_pythagorean_square,m=53;n=38;p=4253,1863225,16224784,18088009,4253^2,4253:4253,2;3;5;7;13;19;53,1,7,1,1,1,1,1,1,11691964830,0,2->4253;3->4253;5->4253;7->4253;13->4253;19->4253;53->4253,4253:2749110,4253,4253
prime_hypotenuse_pythagorean_square,m=53;n=40;p=4409,1461681,17977600,19439281,4409^2,4409:4409,2;3;5;13;31;53,1,6,1,1,1,1,1,1,2825154930,0,2->4409;3->4409;5->4409;13->4409;31->4409;53->4409,4409:640770,4409,4409
prime_hypotenuse_pythagorean_square,m=54;n=1;p=2917,11664,8497225,8508889,2917^2,2917:2917,2;3;5;11;53,1,5,1,1,1,1,1,1,51018330,0,2->2917;3->2917;5->2917;11->2917;53->2917,2917:17490,2917,2917
prime_hypotenuse_pythagorean_square,m=54;n=11;p=3037,1411344,7812025,9223369,3037^2,3037:3037,2;3;5;11;13;43,1,6,1,1,1,1,1,1,560235390,0,2->3037;3->3037;5->3037;11->3037;13->3037;43->3037,3037:184470,3037,3037
prime_hypotenuse_pythagorean_square,m=54;n=25;p=3541,5248681,7290000,12538681,3541^2,3541:3541,2;3;5;29;79,1,5,1,1,1,1,1,1,243372930,0,2->3541;3->3541;5->3541;29->3541;79->3541,3541:68730,3541,3541
prime_hypotenuse_pythagorean_square,m=54;n=31;p=3877,3822025,11209104,15031129,3877^2,3877:3877,2;3;5;17;23;31,1,6,1,1,1,1,1,1,1409793510,0,2->3877;3->3877;5->3877;17->3877;23->3877;31->3877,3877:363630,3877,3877
prime_hypotenuse_pythagorean_square,m=54;n=41;p=4597,1525225,19607184,21132409,4597^2,4597:4597,2;3;5;13;19;41,1,6,1,1,1,1,1,1,1396614570,0,2->4597;3->4597;5->4597;13->4597;19->4597;41->4597,4597:303810,4597,4597
prime_hypotenuse_pythagorean_square,m=55;n=4;p=3041,193600,9054081,9247681,3041^2,3041:3041,2;3;5;11;17;59,1,6,1,1,1,1,1,1,1006540590,0,2->3041;3->3041;5->3041;11->3041;17->3041;59->3041,3041:330990,3041,3041
prime_hypotenuse_pythagorean_square,m=55;n=6;p=3061,435600,8934121,9369721,3061^2,3061:3061,2;3;5;7;11;61,1,6,1,1,1,1,1,1,431325510,0,2->3061;3->3061;5->3061;7->3061;11->3061;61->3061,3061:140910,3061,3061
prime_hypotenuse_pythagorean_square,m=55;n=8;p=3089,774400,8767521,9541921,3089^2,3089:3089,2;3;5;7;11;47,1,6,1,1,1,1,1,1,335372730,0,2->3089;3->3089;5->3089;7->3089;11->3089;47->3089,3089:108570,3089,3089
prime_hypotenuse_pythagorean_square,m=55;n=12;p=3169,1742400,8300161,10042561,3169^2,3169:3169,2;3;5;11;43;67,1,6,1,1,1,1,1,1,3012863370,0,2->3169;3->3169;5->3169;11->3169;43->3169;67->3169,3169:950730,3169,3169
prime_hypotenuse_pythagorean_square,m=55;n=14;p=3221,2371600,8003241,10374841,3221^2,3221:3221,2;3;5;7;11;23;41,1,7,1,1,1,1,1,1,7016400930,0,2->3221;3->3221;5->3221;7->3221;11->3221;23->3221;41->3221,3221:2178330,3221,3221
prime_hypotenuse_pythagorean_square,m=55;n=26;p=3701,5517801,8179600,13697401,3701^2,3701:3701,2;3;5;11;13;29,1,6,1,1,1,1,1,1,460441410,0,2->3701;3->3701;5->3701;11->3701;13->3701;29->3701,3701:124410,3701,3701
prime_hypotenuse_pythagorean_square,m=55;n=32;p=4049,4004001,12390400,16394401,4049^2,4049:4049,2;3;5;11;23;29,1,6,1,1,1,1,1,1,891225390,0,2->4049;3->4049;5->4049;11->4049;23->4049;29->4049,4049:220110,4049,4049
prime_hypotenuse_pythagorean_square,m=55;n=42;p=4789,1590121,21344400,22934521,4789^2,4789:4789,2;3;5;7;11;13;97,1,7,1,1,1,1,1,1,13949925990,0,2->4789;3->4789;5->4789;7->4789;11->4789;13->4789;97->4789,4789:2912910,4789,4789
prime_hypotenuse_pythagorean_square,m=56;n=1;p=3137,12544,9828225,9840769,3137^2,3137:3137,2;3;5;7;11;19,1,6,1,1,1,1,1,1,137682930,0,2->3137;3->3137;5->3137;7->3137;11->3137;19->3137,3137:43890,3137,3137
prime_hypotenuse_pythagorean_square,m=56;n=9;p=3217,1016064,9333025,10349089,3217^2,3217:3217,2;3;5;7;13;47,1,6,1,1,1,1,1,1,412773270,0,2->3217;3->3217;5->3217;7->3217;13->3217;47->3217,3217:128310,3217,3217
prime_hypotenuse_pythagorean_square,m=56;n=11;p=3257,1517824,9090225,10608049,3257^2,3257:3257,2;3;5;7;11;67,1,6,1,1,1,1,1,1,504085890,0,2->3257;3->3257;5->3257;7->3257;11->3257;67->3257,3257:154770,3257,3257
prime_hypotenuse_pythagorean_square,m=56;n=15;p=3361,2822400,8473921,11296321,3361^2,3361:3361,2;3;5;7;41;71,1,6,1,1,1,1,1,1,2054612910,0,2->3361;3->3361;5->3361;7->3361;41->3361;71->3361,3361:611310,3361,3361
prime_hypotenuse_pythagorean_square,m=56;n=25;p=3761,6305121,7840000,14145121,3761^2,3761:3761,2;3;5;7;31,1,5,1,1,1,1,1,1,24484110,0,2->3761;3->3761;5->3761;7->3761;31->3761,3761:6510,3761,3761
prime_hypotenuse_pythagorean_square,m=56;n=39;p=4657,2608225,19079424,21687649,4657^2,4657:4657,2;3;5;7;13;17;19,1,7,1,1,1,1,1,1,4106496030,0,2->4657;3->4657;5->4657;7->4657;13->4657;17->4657;19->4657,4657:881790,4657,4657
prime_hypotenuse_pythagorean_square,m=56;n=41;p=4817,2117025,21086464,23203489,4817^2,4817:4817,2;3;5;7;41;97,1,6,1,1,1,1,1,1,4023013890,0,2->4817;3->4817;5->4817;7->4817;41->4817;97->4817,4817:835170,4817,4817
prime_hypotenuse_pythagorean_square,m=57;n=2;p=3253,51984,10530025,10582009,3253^2,3253:3253,2;3;5;11;19;59,1,6,1,1,1,1,1,1,1203382290,0,2->3253;3->3253;5->3253;11->3253;19->3253;59->3253,3253:369930,3253,3253
prime_hypotenuse_pythagorean_square,m=57;n=8;p=3313,831744,10144225,10975969,3313^2,3313:3313,2;3;5;7;13;19,1,6,1,1,1,1,1,1,171845310,0,2->3313;3->3313;5->3313;7->3313;13->3313;19->3313,3313:51870,3313,3313
prime_hypotenuse_pythagorean_square,m=57;n=22;p=3733,6290064,7645225,13935289,3733^2,3733:3733,2;3;5;7;11;19;79,1,7,1,1,1,1,1,1,12943468230,0,2->3733;3->3733;5->3733;7->3733;11->3733;19->3733;79->3733,3733:3467310,3733,3733
prime_hypotenuse_pythagorean_square,m=57;n=32;p=4273,4950625,13307904,18258529,4273^2,4273:4273,2;3;5;19;89,1,5,1,1,1,1,1,1,216769290,0,2->4273;3->4273;5->4273;19->4273;89->4273,4273:50730,4273,4273
prime_hypotenuse_pythagorean_square,m=58;n=3;p=3373,121104,11256025,11377129,3373^2,3373:3373,2;3;5;11;29;61,1,6,1,1,1,1,1,1,1969056210,0,2->3373;3->3373;5->3373;11->3373;29->3373;61->3373,3373:583770,3373,3373
prime_hypotenuse_pythagorean_square,m=58;n=5;p=3389,336400,11148921,11485321,3389^2,3389:3389,2;3;5;7;29;53,1,6,1,1,1,1,1,1,1093867530,0,2->3389;3->3389;5->3389;7->3389;29->3389;53->3389,3389:322770,3389,3389
prime_hypotenuse_pythagorean_square,m=58;n=7;p=3413,659344,10989225,11648569,3413^2,3413:3413,2;3;5;7;13;17;29,1,7,1,1,1,1,1,1,4593522570,0,2->3413;3->3413;5->3413;7->3413;13->3413;17->3413;29->3413,3413:1345890,3413,3413
prime_hypotenuse_pythagorean_square,m=58;n=13;p=3533,2274064,10208025,12482089,3533^2,3533:3533,2;3;5;13;29;71,1,6,1,1,1,1,1,1,2837034330,0,2->3533;3->3533;5->3533;13->3533;29->3533;71->3533,3533:803010,3533,3533
prime_hypotenuse_pythagorean_square,m=58;n=25;p=3989,7502121,8410000,15912121,3989^2,3989:3989,2;3;5;11;29;83,1,6,1,1,1,1,1,1,3168502590,0,2->3989;3->3989;5->3989;11->3989;29->3989;83->3989,3989:794310,3989,3989
prime_hypotenuse_pythagorean_square,m=58;n=27;p=4093,6943225,9809424,16752649,4093^2,4093:4093,2;3;5;17;29;31,1,6,1,1,1,1,1,1,1876599570,0,2->4093;3->4093;5->4093;17->4093;29->4093;31->4093,4093:458490,4093,4093
prime_hypotenuse_pythagorean_square,m=58;n=37;p=4733,3980025,18421264,22401289,4733^2,4733:4733,2;3;5;7;19;29;37,1,7,1,1,1,1,1,1,20263250910,0,2->4733;3->4733;5->4733;7->4733;19->4733;29->4733;37->4733,4733:4281270,4733,4733
prime_hypotenuse_pythagorean_square,m=59;n=6;p=3517,501264,11868025,12369289,3517^2,3517:3517,2;3;5;13;53;59,1,6,1,1,1,1,1,1,4289087010,0,2->3517;3->3517;5->3517;13->3517;53->3517;59->3517,3517:1219530,3517,3517
prime_hypotenuse_pythagorean_square,m=59;n=10;p=3581,1392400,11431161,12823561,3581^2,3581:3581,2;3;5;7;23;59,1,6,1,1,1,1,1,1,1020477570,0,2->3581;3->3581;5->3581;7->3581;23->3581;59->3581,3581:284970,3581,3581
prime_hypotenuse_pythagorean_square,m=59;n=14;p=3677,2729104,10791225,13520329,3677^2,3677:3677,2;3;5;7;59;73,1,6,1,1,1,1,1,1,3325736190,0,2->3677;3->3677;5->3677;7->3677;59->3677;73->3677,3677:904470,3677,3677
prime_hypotenuse_pythagorean_square,m=59;n=20;p=3881,5569600,9492561,15062161,3881^2,3881:3881,2;3;5;13;59;79,1,6,1,1,1,1,1,1,7054842990,0,2->3881;3->3881;5->3881;13->3881;59->3881;79->3881,3881:1817790,3881,3881
prime_hypotenuse_pythagorean_square,m=59;n=24;p=4057,8020224,8439025,16459249,4057^2,4057:4057,2;3;5;7;59;83,1,6,1,1,1,1,1,1,4172097090,0,2->4057;3->4057;5->4057;7->4057;59->4057;83->4057,4057:1028370,4057,4057
prime_hypotenuse_pythagorean_square,m=59;n=26;p=4157,7868025,9412624,17280649,4157^2,4157:4157,2;3;5;11;13;17;59,1,7,1,1,1,1,1,1,17887030590,0,2->4157;3->4157;5->4157;11->4157;13->4157;17->4157;59->4157,4157:4302870,4157,4157
prime_hypotenuse_pythagorean_square,m=59;n=34;p=4637,5405625,16096144,21501769,4637^2,4637:4637,2;3;5;17;31;59,1,6,1,1,1,1,1,1,4325347230,0,2->4637;3->4637;5->4637;17->4637;31->4637;59->4637,4637:932790,4637,4637
prime_hypotenuse_pythagorean_square,m=60;n=13;p=3769,2433600,11771761,14205361,3769^2,3769:3769,2;3;5;13;47;73,1,6,1,1,1,1,1,1,5043261210,0,2->3769;3->3769;5->3769;13->3769;47->3769;73->3769,3769:1338090,3769,3769
prime_hypotenuse_pythagorean_square,m=60;n=17;p=3889,4161600,10962721,15124321,3889^2,3889:3889,2;3;5;7;11;17;43,1,7,1,1,1,1,1,1,6567004290,0,2->3889;3->3889;5->3889;7->3889;11->3889;17->3889;43->3889,3889:1688610,3889,3889
prime_hypotenuse_pythagorean_square,m=60;n=23;p=4129,7617600,9431041,17048641,4129^2,4129:4129,2;3;5;23;37;83,1,6,1,1,1,1,1,1,8749309710,0,2->4129;3->4129;5->4129;23->4129;37->4129;83->4129,4129:2118990,4129,4129
prime_hypotenuse_pythagorean_square,m=60;n=29;p=4441,7612081,12110400,19722481,4441^2,4441:4441,2;3;5;29;31;89,1,6,1,1,1,1,1,1,10659865530,0,2->4441;3->4441;5->4441;29->4441;31->4441;89->4441,4441:2400330,4441,4441
prime_hypotenuse_pythagorean_square,m=60;n=31;p=4561,6964321,13838400,20802721,4561^2,4561:4561,2;3;5;7;13;29;31,1,7,1,1,1,1,1,1,11193925470,0,2->4561;3->4561;5->4561;7->4561;13->4561;29->4561;31->4561,4561:2454270,4561,4561
prime_hypotenuse_pythagorean_square,m=60;n=37;p=4969,4977361,19713600,24690961,4969^2,4969:4969,2;3;5;23;37;97,1,6,1,1,1,1,1,1,12305281290,0,2->4969;3->4969;5->4969;23->4969;37->4969;97->4969,4969:2476410,4969,4969
prime_hypotenuse_pythagorean_square,m=61;n=10;p=3821,1488400,13111641,14600041,3821^2,3821:3821,2;3;5;17;61;71,1,6,1,1,1,1,1,1,8439863010,0,2->3821;3->3821;5->3821;17->3821;61->3821;71->3821,3821:2208810,3821,3821
prime_hypotenuse_pythagorean_square,m=61;n=14;p=3917,2917264,12425625,15342889,3917^2,3917:3917,2;3;5;7;47;61,1,6,1,1,1,1,1,1,2358308190,0,2->3917;3->3917;5->3917;7->3917;47->3917;61->3917,3917:602070,3917,3917
prime_hypotenuse_pythagorean_square,m=61;n=24;p=4297,8573184,9891025,18464209,4297^2,4297:4297,2;3;5;17;37;61,1,6,1,1,1,1,1,1,4946147790,0,2->4297;3->4297;5->4297;17->4297;37->4297;61->4297,4297:1151070,4297,4297
prime_hypotenuse_pythagorean_square,m=61;n=26;p=4397,9272025,10061584,19333609,4397^2,4397:4397,2;3;5;7;13;29;61,1,7,1,1,1,1,1,1,21234739890,0,2->4397;3->4397;5->4397;7->4397;13->4397;29->4397;61->4397,4397:4829370,4397,4397
prime_hypotenuse_pythagorean_square,m=61;n=30;p=4621,7958041,13395600,21353641,4621^2,4621:4621,2;3;5;7;13;31;61,1,7,1,1,1,1,1,1,23855589030,0,2->4621;3->4621;5->4621;7->4621;13->4621;31->4621;61->4621,4621:5162430,4621,4621
prime_hypotenuse_pythagorean_square,m=61;n=34;p=4877,6579225,17205904,23785129,4877^2,4877:4877,2;3;5;17;19;61,1,6,1,1,1,1,1,1,2882745930,0,2->4877;3->4877;5->4877;17->4877;19->4877;61->4877,4877:591090,4877,4877
prime_hypotenuse_pythagorean_square,m=62;n=3;p=3853,138384,14707225,14845609,3853^2,3853:3853,2;3;5;13;31;59,1,6,1,1,1,1,1,1,2748383430,0,2->3853;3->3853;5->3853;13->3853;31->3853;59->3853,3853:713310,3853,3853
prime_hypotenuse_pythagorean_square,m=62;n=13;p=4013,2598544,13505625,16104169,4013^2,4013:4013,2;3;5;7;13;31,1,6,1,1,1,1,1,1,339620190,0,2->4013;3->4013;5->4013;7->4013;13->4013;31->4013,4013:84630,4013,4013
prime_hypotenuse_pythagorean_square,m=62;n=17;p=4133,4443664,12638025,17081689,4133^2,4133:4133,2;3;5;17;31;79,1,6,1,1,1,1,1,1,5162075670,0,2->4133;3->4133;5->4133;17->4133;31->4133;79->4133,4133:1248990,4133,4133
prime_hypotenuse_pythagorean_square,m=62;n=23;p=4373,8133904,10989225,19123129,4373^2,4373:4373,2;3;5;13;17;23;31,1,7,1,1,1,1,1,1,20672001870,0,2->4373;3->4373;5->4373;13->4373;17->4373;23->4373;31->4373,4373:4727190,4373,4373
prime_hypotenuse_pythagorean_square,m=62;n=33;p=4933,7590025,16744464,24334489,4933^2,4933:4933,2;3;5;11;19;29;31,1,7,1,1,1,1,1,1,27805989090,0,2->4933;3->4933;5->4933;11->4933;19->4933;29->4933;31->4933,4933:5636730,4933,4933
prime_hypotenuse_pythagorean_square,m=63;n=32;p=4993,8673025,16257024,24930049,4993^2,4993:4993,2;3;5;7;19;31,1,6,1,1,1,1,1,1,617584170,0,2->4993;3->4993;5->4993;7->4993;19->4993;31->4993,4993:123690,4993,4993
prime_hypotenuse_pythagorean_square,m=64;n=9;p=4177,1327104,16120225,17447329,4177^2,4177:4177,2;3;5;11;73,1,5,1,1,1,1,1,1,100623930,0,2->4177;3->4177;5->4177;11->4177;73->4177,4177:24090,4177,4177
prime_hypotenuse_pythagorean_square,m=64;n=11;p=4217,1982464,15800625,17783089,4217^2,4217:4217,2;3;5;11;53,1,5,1,1,1,1,1,1,73755330,0,2->4217;3->4217;5->4217;11->4217;53->4217,4217:17490,4217,4217
prime_hypotenuse_pythagorean_square,m=64;n=19;p=4457,5914624,13950225,19864849,4457^2,4457:4457,2;3;5;19;83,1,5,1,1,1,1,1,1,210860670,0,2->4457;3->4457;5->4457;19->4457;83->4457,4457:47310,4457,4457
prime_hypotenuse_pythagorean_square,m=64;n=25;p=4721,10240000,12047841,22287841,4721^2,4721:4721,2;3;5;13;89,1,5,1,1,1,1,1,1,163865910,0,2->4721;3->4721;5->4721;13->4721;89->4721,4721:34710,4721,4721
prime_hypotenuse_pythagorean_square,m=64;n=29;p=4937,10595025,13778944,24373969,4937^2,4937:4937,2;3;5;7;29;31,1,6,1,1,1,1,1,1,932056230,0,2->4937;3->4937;5->4937;7->4937;29->4937;31->4937,4937:188790,4937,4937
prime_hypotenuse_pythagorean_square,m=65;n=2;p=4229,67600,17816841,17884441,4229^2,4229:4229,2;3;5;7;13;67,1,6,1,1,1,1,1,1,773526390,0,2->4229;3->4229;5->4229;7->4229;13->4229;67->4229,4229:182910,4229,4229
prime_hypotenuse_pythagorean_square,m=65;n=4;p=4241,270400,17715681,17986081,4241^2,4241:4241,2;3;5;13;23;61,1,6,1,1,1,1,1,1,2320547970,0,2->4241;3->4241;5->4241;13->4241;23->4241;61->4241,4241:547170,4241,4241
prime_hypotenuse_pythagorean_square,m=65;n=6;p=4261,608400,17547721,18156121,4261^2,4261:4261,2;3;5;13;59;71,1,6,1,1,1,1,1,1,6961238310,0,2->4261;3->4261;5->4261;13->4261;59->4261;71->4261,4261:1633710,4261,4261
prime_hypotenuse_pythagorean_square,m=65;n=8;p=4289,1081600,17313921,18395521,4289^2,4289:4289,2;3;5;13;19;73,1,6,1,1,1,1,1,1,2320048770,0,2->4289;3->4289;5->4289;13->4289;19->4289;73->4289,4289:540930,4289,4289
prime_hypotenuse_pythagorean_square,m=65;n=14;p=4421,3312400,16232841,19545241,4421^2,4421:4421,2;3;5;7;13;17;79,1,7,1,1,1,1,1,1,16209110190,0,2->4421;3->4421;5->4421;7->4421;13->4421;17->4421;79->4421,4421:3666390,4421,4421
prime_hypotenuse_pythagorean_square,m=65;n=16;p=4481,4326400,15752961,20079361,4481^2,4481:4481,2;3;5;7;13,1,5,4481,2730,4481,2730,1,1,12233130,3,2->4481;3->4481;5->4481;7->4481;13->4481,4481:2730,2730,4481
prime_hypotenuse_pythagorean_square,m=65;n=18;p=4549,5475600,15217801,20693401,4549^2,4549:4549,2;3;5;13;47;83,1,6,1,1,1,1,1,1,6920803110,0,2->4549;3->4549;5->4549;13->4549;47->4549;83->4549,4549:1521390,4549,4549
prime_hypotenuse_pythagorean_square,m=65;n=24;p=4801,9734400,13315201,23049601,4801^2,4801:4801,2;3;5;13;41;89,1,6,1,1,1,1,1,1,6832351110,0,2->4801;3->4801;5->4801;13->4801;41->4801;89->4801,4801:1423110,4801,4801
prime_hypotenuse_pythagorean_square,m=66;n=1;p=4357,17424,18966025,18983449,4357^2,4357:4357,2;3;5;11;13;67,1,6,1,1,1,1,1,1,1252332510,0,2->4357;3->4357;5->4357;11->4357;13->4357;67->4357,4357:287430,4357,4357
prime_hypotenuse_pythagorean_square,m=67;n=2;p=4493,71824,20115225,20187049,4493^2,4493:4493,2;3;5;13;23;67,1,6,1,1,1,1,1,1,2700248070,0,2->4493;3->4493;5->4493;13->4493;23->4493;67->4493,4493:600990,4493,4493
prime_hypotenuse_pythagorean_square,m=67;n=18;p=4813,5817744,17347225,23164969,4813^2,4813:4813,2;3;5;7;17;67,1,6,1,1,1,1,1,1,1151221470,0,2->4813;3->4813;5->4813;7->4813;17->4813;67->4813,4813:239190,4813,4813
prime_hypotenuse_pythagorean_square,m=67;n=20;p=4889,7182400,16719921,23902321,4889^2,4889:4889,2;3;5;29;47;67,1,6,1,1,1,1,1,1,13394051070,0,2->4889;3->4889;5->4889;29->4889;47->4889;67->4889,4889:2739630,4889,4889
prime_hypotenuse_pythagorean_square,m=67;n=22;p=4973,8690704,16040025,24730729,4973^2,4973:4973,2;3;5;11;67;89,1,6,1,1,1,1,1,1,9785819670,0,2->4973;3->4973;5->4973;11->4973;67->4973;89->4973,4973:1967790,4973,4973
prime_hypotenuse_pythagorean_square,m=68;n=5;p=4649,462400,21150801,21613201,4649^2,4649:4649,2;3;5;7;17;73,1,6,1,1,1,1,1,1,1211575890,0,2->4649;3->4649;5->4649;7->4649;17->4649;73->4649,4649:260610,4649,4649
prime_hypotenuse_pythagorean_square,m=68;n=7;p=4673,906304,20930625,21836929,4673^2,4673:4673,2;3;5;7;17;61,1,6,1,1,1,1,1,1,1017639210,0,2->4673;3->4673;5->4673;7->4673;17->4673;61->4673,4673:217770,4673,4673
prime_hypotenuse_pythagorean_square,m=68;n=13;p=4793,3125824,19847025,22972849,4793^2,4793:4793,2;3;5;11;13;17,1,6,1,1,1,1,1,1,349553490,0,2->4793;3->4793;5->4793;11->4793;13->4793;17->4793,4793:72930,4793,4793
prime_hypotenuse_pythagorean_square,m=69;n=10;p=4861,1904400,21724921,23629321,4861^2,4861:4861,2;3;5;23;59;79,1,6,1,1,1,1,1,1,15633413490,0,2->4861;3->4861;5->4861;23->4861;59->4861;79->4861,4861:3216090,4861,4861
prime_hypotenuse_pythagorean_square,m=69;n=14;p=4957,3732624,20839225,24571849,4957^2,4957:4957,2;3;5;7;11;23;83,1,7,1,1,1,1,1,1,21859329030,0,2->4957;3->4957;5->4957;7->4957;11->4957;23->4957;83->4957,4957:4409790,4957,4957
prime_hypotenuse_pythagorean_square,m=70;n=3;p=4909,176400,23921881,24098281,4909^2,4909:4909,2;3;5;7;67;73,1,6,1,1,1,1,1,1,5042082990,0,2->4909;3->4909;5->4909;7->4909;67->4909;73->4909,4909:1027110,4909,4909
smooth_power_unit_endpoint,base=6;exponent=2,1,35,36,2^2;3^2,2:2;3:3,5;7,2,2,1,1,1,1,1,1,210,0,5->2;7->3,2:5;3:7,6,6
smooth_power_unit_endpoint,base=6;exponent=3,1,215,216,2^3;3^3,2:4;3:9,5;43,2,2,1,1,1,1,1,1,1290,0,5->2;43->3,2:5;3:43,36,36
smooth_power_unit_endpoint,base=6;exponent=4,1,1295,1296,2^4;3^4,2:8;3:27,5;7;37,2,3,1,1,1,1,1,1,7770,0,5->2;7->2;37->3,2:35;3:37,216,216
smooth_power_unit_endpoint,base=6;exponent=5,1,7775,7776,2^5;3^5,2:16;3:81,5;311,2,2,16,5,1,1,16,5,9330,15,5->2;311->3,2:5;3:311,405,1296
smooth_power_unit_endpoint,base=6;exponent=6,1,46655,46656,2^6;3^6,2:32;3:243,5;7;31;43,2,4,1,1,1,1,1,1,279930,0,5->2;7->2;31->3;43->3,2:35;3:1333,7776,7776
smooth_power_unit_endpoint,base=6;exponent=7,1,279935,279936,2^7;3^7,2:64;3:729,5;55987,2,2,64,5,1,1,64,5,1679610,21,5->2;55987->3,2:5;3:55987,3645,46656
smooth_power_unit_endpoint,base=6;exponent=8,1,1679615,1679616,2^8;3^8,2:128;3:2187,5;7;37;1297,2,4,1,1,1,1,1,1,10077690,0,5->2;7->3;37->2;1297->3,2:185;3:9079,279936,279936
smooth_power_unit_endpoint,base=10;exponent=2,1,99,100,2^2;5^2,2:2;5:5,3;11,2,2,1,1,1,1,1,1,330,0,3->2;11->5,2:3;5:11,10,10
smooth_power_unit_endpoint,base=10;exponent=3,1,999,1000,2^3;5^3,2:4;5:25,3;37,2,2,4,3,1,1,4,3,1110,4,3->2;37->5,2:3;5:37,75,100
smooth_power_unit_endpoint,base=10;exponent=4,1,9999,10000,2^4;5^4,2:8;5:125,3;11;101,2,3,1,1,1,1,1,1,33330,0,3->5;11->2;101->5,2:11;5:303,1000,1000
smooth_power_unit_endpoint,base=10;exponent=5,1,99999,100000,2^5;5^5,2:16;5:625,3;41;271,2,3,1,1,1,1,1,1,333330,0,3->5;41->2;271->5,2:41;5:813,10000,10000
smooth_power_unit_endpoint,base=10;exponent=6,1,999999,1000000,2^6;5^6,2:32;5:3125,3;7;11;13;37,2,5,1,1,1,1,1,1,1111110,0,3->2;7->5;11->2;13->5;37->5,2:33;5:3367,100000,100000
smooth_power_unit_endpoint,base=10;exponent=7,1,9999999,10000000,2^7;5^7,2:64;5:15625,3;239;4649,2,3,15625,13947,1,1,15625,13947,33333330,0,3->5;239->2;4649->5,2:239;5:13947,892608,1000000
smooth_power_unit_endpoint,base=10;exponent=8,1,99999999,100000000,2^8;5^8,2:128;5:78125,3;11;73;101;137,2,5,1,1,1,1,1,1,333333330,0,3->unused;11->5;73->5;101->5;137->2,2:137;5:81103,10000000,10000000
smooth_power_unit_endpoint,base=12;exponent=2,1,143,144,2^4;3^2,2:8;3:3,11;13,2,2,1,1,1,1,1,1,858,0,11->2;13->3,2:11;3:13,24,24
smooth_power_unit_endpoint,base=12;exponent=3,1,1727,1728,2^6;3^3,2:32;3:9,11;157,2,2,1,1,1,1,1,1,10362,0,11->3;157->2,2:157;3:11,288,288
smooth_power_unit_endpoint,base=12;exponent=4,1,20735,20736,2^8;3^4,2:128;3:27,5;11;13;29,2,4,1,1,1,1,1,1,124410,0,5->unused;11->2;13->2;29->3,2:143;3:29,3456,3456
smooth_power_unit_endpoint,base=12;exponent=5,1,248831,248832,2^10;3^5,2:512;3:81,11;22621,2,2,81,11,1,1,81,11,1492986,16,11->3;22621->2,2:22621;3:11,5632,41472
smooth_power_unit_endpoint,base=12;exponent=6,1,2985983,2985984,2^12;3^6,2:2048;3:243,7;11;13;19;157,2,5,1,1,1,1,1,1,17915898,0,7->2;11->2;13->3;19->3;157->2,2:12089;3:247,497664,497664
smooth_power_unit_endpoint,base=12;exponent=7,1,35831807,35831808,2^14;3^7,2:8192;3:729,11;659;4943,2,3,729,659,1,1,729,659,214990842,0,11->2;659->3;4943->2,2:54373;3:659,5398528,5971968
smooth_power_unit_endpoint,base=12;exponent=8,1,429981695,429981696,2^16;3^8,2:32768;3:2187,5;11;13;29;89;233,2,6,1,1,1,1,1,1,2579890170,0,5->unused;11->2;13->2;29->3;89->3;233->2,2:33319;3:2581,71663616,71663616
smooth_power_unit_endpoint,base=18;exponent=2,1,323,324,2^2;3^4,2:2;3:27,17;19,2,2,27,19,1,1,27,19,1938,5,17->2;19->3,2:17;3:19,38,54
smooth_power_unit_endpoint,base=18;exponent=3,1,5831,5832,2^3;3^6,2:4;3:243,7;17,2,2,972,119,972,119,1,1,714,38,7->3;17->3,2:1;3:119,119,972
smooth_power_unit_endpoint,base=18;exponent=4,1,104975,104976,2^4;3^8,2:8;3:2187,5;13;17;19,2,4,2187,1615,1,1,2187,1615,125970,3,5->3;13->2;17->3;19->3,2:13;3:1615,12920,17496
smooth_power_unit_endpoint,base=18;exponent=5,1,1889567,1889568,2^5;3^10,2:16;3:19683,17;41;2711,2,3,1,1,1,1,1,1,11337402,0,17->2;41->3;2711->3,2:17;3:111151,314928,314928
smooth_power_unit_endpoint,base=18;exponent=6,1,34012223,34012224,2^6;3^12,2:32;3:177147,7;17;19;307,2,4,5668704,694127,5668704,694127,1,1,4164762,16,7->2;17->3;19->3;307->3,2:7;3:99161,694127,5668704
smooth_power_unit_endpoint,base=18;exponent=7,1,612220031,612220032,2^7;3^14,2:64;3:1594323,17;449;80207,2,3,1594323,1363519,1,1,1594323,1363519,3673320186,0,17->3;449->2;80207->3,2:449;3:1363519,87265216,102036672
smooth_power_unit_endpoint,base=18;exponent=8,1,11019960575,11019960576,2^8;3^16,2:128;3:14348907,5;13;17;19;113;929,2,6,128,113,1,1,128,113,13223952690,0,5->3;13->3;17->3;19->3;113->2;929->3,2:113;3:19504355,1621426491,1836660096
smooth_power_unit_endpoint,base=30;exponent=2,1,899,900,2^2;3^2;5^2,2:2;3:3;5:5,29;31,3,2,2,1,1,1,2,1,26970,8,29->3;31->5,2:1;3:29;5:31,15,30
smooth_power_unit_endpoint,base=30;exponent=3,1,26999,27000,2^3;3^3;5^3,2:4;3:9;5:25,7;19;29,3,3,1,1,1,1,1,1,115710,0,7->2;19->3;29->5,2:7;3:19;5:29,900,900
smooth_power_unit_endpoint,base=30;exponent=4,1,809999,810000,2^4;3^4;5^4,2:8;3:27;5:125,17;29;31;53,3,4,1,1,1,1,1,1,24299970,0,17->2;29->3;31->5;53->5,2:17;3:29;5:1643,27000,27000
smooth_power_unit_endpoint,base=30;exponent=5,1,24299999,24300000,2^5;3^5;5^5,2:16;3:81;5:625,29;837931,3,2,1296,29,1,1,1296,29,728999970,22,29->3;837931->5,2:1;3:29;5:837931,18125,810000
smooth_power_unit_endpoint,base=30;exponent=6,1,728999999,729000000,2^6;3^6;5^6,2:32;3:243;5:3125,7;13;19;29;31;67,3,6,1,1,1,1,1,1,3124285710,0,7->5;13->3;19->3;29->5;31->5;67->2,2:67;3:247;5:6293,24300000,24300000
smooth_power_unit_endpoint,base=30;exponent=7,1,21869999999,21870000000,2^7;3^7;5^7,2:64;3:729;5:15625,29;71;113;93997,3,4,1,1,1,1,1,1,656099999970,0,29->3;71->2;113->3;93997->5,2:71;3:3277;5:93997,729000000,729000000
smooth_power_unit_endpoint,base=30;exponent=8,1,656099999999,656100000000,2^8;3^8;5^8,2:128;3:2187;5:78125,17;29;31;53;241;3361,3,6,1,1,1,1,1,1,19682999999970,0,17->2;29->2;31->3;53->5;241->3;3361->5,2:493;3:7471;5:178133,21870000000,21870000000
prime_predecessor_square_primorial_sanity,k=2;M=6;multiplier=2;prime=71,1,71,72,2^3;3^2,2:4;3:3,71,2,1,3,1,1,1,3,1,426,21,71->2,2:71;3:1,4,12
prime_predecessor_square_primorial_sanity,k=3;M=30;multiplier=3;prime=2699,1,2699,2700,2^2;3^3;5^2,2:2;3:9;5:5,2699,3,1,10,1,1,1,10,1,80970,24,2699->3,2:1;3:2699;5:1,9,90
prime_predecessor_square_primorial_sanity,k=4;M=210;multiplier=3;prime=132299,1,132299,132300,2^2;3^3;5^2;7^2,2:2;3:9;5:5;7:7,132299,4,1,70,1,1,1,70,1,27782790,29,132299->3,2:1;3:132299;5:1;7:1,9,630
prime_predecessor_square_primorial_sanity,k=5;M=2310;multiplier=6;prime=32016599,1,32016599,32016600,2^3;3^3;5^2;7^2;11^2,2:4;3:9;5:5;7:7;11:11,32016599,5,1,1260,1,1,1,1260,1,73958343690,34,32016599->11,2:1;3:1;5:1;7:1;11:32016599,11,13860
prime_predecessor_square_primorial_sanity,k=6;M=30030;multiplier=2;prime=1803601799,1,1803601799,1803601800,2^3;3^2;5^2;7^2;11^2;13^2,2:4;3:3;5:5;7:7;11:11;13:13,1803601799,6,1,4620,1,1,1,4620,1,54162162023970,32,1803601799->13,2:1;3:1;5:1;7:1;11:1;13:1803601799,13,60060
